Date,AAPL,ABBV,ABT,ACN,ADBE,ADI,AIG,AMD,AMGN,AMZN,ANET,AON,APD,AVGO,AXP,BAC,BDX,BKNG,BLK,BRK-B,BSX,CAT,CB,CDNS,CI,CME,COST,CRM,CSCO,CTAS,CVX,DE,DUK,ECL,EMR,EOG,ETN,FCX,FDX,GE,GILD,GOOG,GOOGL,GS,HCA,HD,IBM,ICE,INTU,ISRG,ITW,JNJ,JPM,KLAC,KO,LIN,LLY,LRCX,MA,MCD,MCHP,MCO,MDLZ,META,MMC,MO,MRK,MSFT,MSI,NFLX,NOC,NOW,NSC,NVDA,ORLY,PANW,PEP,PG,PH,PLD,QCOM,REGN,RTX,SCHW,SLB,SNPS,SO,SPGI,SPY,SYK,TGT,TMO,TSLA,TXN,UNH,V,VRTX,WM,WMT,XOM,ZTS
2024-02-06,187.35369873046875,161.77244567871094,109.66545104980469,355.169921875,607.1400146484375,182.9462127685547,65.53338623046875,167.8800048828125,295.08349609375,169.14999389648438,66.22250366210938,297.1453857421875,205.5907745361328,119.30941009521484,200.6190948486328,31.31371307373047,179.45738220214844,143.12388610839844,749.9680786132812,393.739990234375,64.79000091552734,313.6164245605469,242.1094207763672,292.79998779296875,314.06256103515625,185.68707275390625,703.067626953125,282.39874267578125,47.04668426513672,151.64398193359375,138.234619140625,376.8563232421875,87.3984146118164,195.47238159179688,90.61740112304688,104.90747833251953,264.3109436035156,39.11613082885742,230.0675506591797,108.30493927001953,72.22775268554688,144.22592163085938,142.9187774658203,366.4383544921875,301.72650146484375,337.0210266113281,171.57449340820312,122.99308013916016,627.169189453125,389.69000244140625,242.27391052246094,147.87286376953125,167.74708557128906,590.4973754882812,56.110939025878906,403.7418212890625,694.1139526367188,81.77375030517578,455.2696228027344,270.0718994140625,78.4482650756836,391.0677185058594,70.4094467163086,451.17938232421875,,34.31305694580078,118.1587142944336,398.6231994628906,317.8168029785156,55.5880012512207,431.8506774902344,155.49000549316406,241.4207763671875,68.18132019042969,70.1240005493164,170.7449951171875,158.30406188964844,150.98878479003906,500.1580810546875,121.06319427490234,137.33749389648438,931.5169067382812,88.21973419189453,60.04602813720703,45.38412094116211,542.4299926757812,62.41249465942383,445.4509582519531,480.74993896484375,332.6792297363281,132.98931884765625,556.2408447265625,185.10000610351562,149.34278869628906,486.9276428222656,272.1623840332031,416.1300048828125,183.07138061523438,55.28913116455078,94.74520111083984,191.28726196289062
2024-02-07,187.4625701904297,163.37815856933594,109.0016860961914,357.06890869140625,615.8499755859375,185.12562561035156,66.52445983886719,170.94000244140625,276.22479248046875,170.52999877929688,66.76249694824219,298.18255615234375,203.07334899902344,122.66722869873047,203.96522521972656,31.44639778137207,180.05889892578125,145.63612365722656,756.3640747070312,397.6600036621094,65.2300033569336,314.4618835449219,241.34695434570312,300.7300109863281,316.9100036621094,188.14117431640625,711.9599609375,285.37261962890625,46.84900665283203,152.5594024658203,138.03501892089844,373.99774169921875,87.80297088623047,198.45408630371094,100.0675277709961,105.5075912475586,265.99749755859375,38.17158126831055,230.8397674560547,109.0291519165039,69.16095733642578,145.4855499267578,144.3469696044922,368.02789306640625,302.1788330078125,343.11346435546875,171.88319396972656,124.69685363769531,634.9385375976562,391.3800048828125,240.7578582763672,147.7980194091797,168.06320190429688,597.6428833007812,56.15774154663086,404.9757080078125,714.1488647460938,83.13761138916016,456.66357421875,272.6146545410156,78.50479888916016,397.7484130859375,69.8199691772461,465.9335632324219,,34.02570343017578,118.7081527709961,407.0382385253906,320.3075256347656,55.93000030517578,437.37188720703125,158.0780029296875,240.16510009765625,70.0561752319336,71.1346664428711,182.25,158.35023498535156,151.1407470703125,502.7686462402344,119.75515747070312,139.04348754882812,932.1923828125,87.88513946533203,60.569950103759766,44.85475158691406,554.280029296875,61.995784759521484,451.7698059082031,484.7596130371094,335.5676574707031,135.10714721679688,548.3281860351562,187.5800018310547,149.72000122070312,495.2421569824219,274.74859619140625,419.0799865722656,183.81640625,55.14912414550781,94.71739196777344,192.21376037597656
2024-02-08,186.38375854492188,163.1727752685547,108.15513610839844,358.85113525390625,615.8599853515625,187.14109802246094,65.19033813476562,169.35000610351562,275.2724914550781,169.83999633789062,68.97250366210938,303.4176330566406,207.34451293945312,124.39442443847656,206.04310607910156,31.389528274536133,180.9837188720703,150.7918243408203,754.936279296875,397.489990234375,65.0199966430664,312.916748046875,238.8542022705078,307.3599853515625,318.57818603515625,186.8042449951172,716.292236328125,288.4453125,47.01844024658203,151.4647979736328,139.78616333007812,373.88140869140625,85.18266296386719,198.34654235839844,98.4236068725586,106.01395416259766,266.348388671875,37.119911193847656,230.47750854492188,109.46212768554688,68.58477783203125,146.0211639404297,144.7139434814453,366.4859924316406,300.38909912109375,344.0878601074219,174.03550720214844,130.57728576660156,644.7117919921875,386.94000244140625,241.1558074951172,146.31983947753906,167.4596710205078,607.0554809570312,56.00796127319336,402.2261962890625,724.289306640625,84.6875991821289,453.0550842285156,276.97906494140625,79.48482513427734,391.0185852050781,69.95097351074219,466.3404235839844,,33.88202667236328,117.90726470947266,407.0971984863281,320.71783447265625,55.85300064086914,434.78955078125,159.8820037841797,243.52003479003906,69.59845733642578,68.05533599853516,183.50999450683594,160.5481414794922,150.68484497070312,505.4847412109375,122.13932037353516,141.22598266601562,940.0791015625,87.03430938720703,60.852439880371094,45.1761589050293,570.6900024414062,61.98653793334961,429.0791015625,484.9737243652344,331.95465087890625,135.72406005859375,546.9185180664062,189.55999755859375,151.07791137695312,495.9097595214844,271.70428466796875,423.05999755859375,183.34226989746094,55.145870208740234,96.33895874023438,190.90692138671875
2024-02-09,187.14682006835938,162.50997924804688,107.55870819091797,361.9577941894531,627.2100219726562,188.06687927246094,65.86693572998047,172.47999572753906,271.7901611328125,174.4499969482422,70.61250305175781,308.73175048828125,207.27850341796875,125.24144744873047,207.2722930908203,31.342140197753906,183.26943969726562,147.57041931152344,758.7528076171875,398.3599853515625,65.5,308.2132263183594,241.65977478027344,311.94000244140625,321.1092529296875,187.8023681640625,715.5405883789062,287.8031311035156,47.18787384033203,151.72494506835938,137.0459747314453,369.4820251464844,84.300048828125,198.18035888671875,99.21192932128906,104.12921905517578,270.9791564941406,36.379852294921875,231.30694580078125,109.64320373535156,68.46395111083984,148.99676513671875,147.7786102294922,365.7435302734375,301.23480224609375,343.5486145019531,175.90463256835938,131.91111755371094,649.7366943359375,388.2200012207031,242.3307647705078,146.65664672851562,167.6608428955078,637.7865600585938,55.75520324707031,407.4920349121094,728.699951171875,89.31409454345703,452.679443359375,274.64508056640625,80.5119400024414,398.0628967285156,68.46324157714844,464.4651184082031,,33.89893341064453,116.8270034790039,413.4281005859375,323.19879150390625,56.13199996948242,438.3548583984375,162.58799743652344,244.2677001953125,72.08895874023438,68.38800048828125,188.4499969482422,154.8410186767578,149.5260009765625,511.2406005859375,122.90000915527344,143.9136962890625,947.022216796875,86.52761840820312,61.72913360595703,44.5049934387207,575.2999877929688,61.9587516784668,430.31732177734375,487.776611328125,334.82354736328125,134.92298889160156,546.7794799804688,193.57000732421875,153.14306640625,494.1265869140625,272.3447265625,422.9100036621094,182.73272705078125,55.1165657043457,94.30042266845703,192.4381103515625
2024-02-12,185.46214294433594,161.56710815429688,108.2513427734375,357.82855224609375,611.8400268554688,187.13143920898438,66.4482192993164,171.91000366210938,274.88031005859375,172.33999633789062,70.22000122070312,306.2327575683594,209.87135314941406,123.44203186035156,207.06741333007812,31.8634033203125,182.98367309570312,148.8289031982422,763.0833740234375,397.7099914550781,64.98999786376953,312.5571594238281,242.44178771972656,306.5799865722656,323.33349609375,189.3865203857422,714.561279296875,283.8709411621094,47.056095123291016,150.61322021484375,137.98960876464844,377.3311767578125,85.18266296386719,198.43453979492188,100.25020599365234,105.8170394897461,267.1673583984375,36.701194763183594,233.0420684814453,110.34381866455078,69.18883514404297,147.51889038085938,146.32064819335938,373.71978759765625,305.01104736328125,345.7244873046875,175.73472595214844,131.88192749023438,648.5816650390625,382.1300048828125,242.96559143066406,147.6764373779297,168.4080810546875,636.0690307617188,55.886260986328125,407.6766357421875,725.844970703125,88.96334075927734,453.4999694824219,274.6166076660156,79.10789489746094,394.0543518066406,68.77201080322266,465.2489318847656,,34.27079772949219,116.72456359863281,408.2277526855469,312.6497802734375,55.78499984741211,435.03045654296875,157.47000122070312,243.39541625976562,72.20386505126953,68.4260025024414,185.98500061035156,157.55606079101562,149.23155212402344,508.1225280761719,122.50112915039062,145.91514587402344,940.7048950195312,87.12991333007812,62.82986831665039,45.507015228271484,568.9299926757812,63.25515365600586,422.1018371582031,487.5624694824219,333.9717102050781,137.5656280517578,542.9175415039062,188.1300048828125,151.8983154296875,493.57354736328125,271.0047607421875,418.5299987792969,182.15220642089844,55.448673248291016,95.59766387939453,191.82366943359375
2024-02-13,183.37115478515625,161.77244567871094,107.10658264160156,353.32928466796875,601.8900146484375,178.10519409179688,66.79126739501953,171.5399932861328,271.192626953125,168.63999938964844,66.37750244140625,308.7120361328125,205.17593383789062,122.13929748535156,204.540771484375,31.038860321044922,179.75062561035156,147.1553497314453,740.5363159179688,394.79998779296875,64.97000122070312,304.01507568359375,241.2785186767578,294.3299865722656,323.49652099609375,189.9451141357422,706.4899291992188,277.77496337890625,46.72663497924805,148.71607971191406,136.646728515625,367.52459716796875,84.22650146484375,216.22695922851562,100.63473510742188,104.11046600341797,265.539306640625,35.698219299316406,225.36744689941406,111.60335540771484,68.33385467529297,145.17808532714844,143.9502410888672,360.49908447265625,299.4843444824219,338.2887268066406,173.41249084472656,130.85964965820312,630.1209106445312,378.8900146484375,238.51219177246094,146.38534545898438,166.9423370361328,629.218017578125,55.55862808227539,404.4122009277344,731.4664916992188,87.4535140991211,455.23004150390625,272.40594482421875,76.01707458496094,362.7532653808594,67.34980010986328,456.5373229980469,,34.00035095214844,116.80836486816406,399.4391174316406,311.79998779296875,55.45199966430664,429.9234313964844,154.7519989013672,239.89669799804688,72.08395385742188,69.28399658203125,184.1300048828125,155.9584197998047,148.43365478515625,501.6802673339844,121.41571807861328,142.9987335205078,934.1690063476562,86.6041030883789,61.08622360229492,44.977638244628906,548.530029296875,62.514347076416016,415.1737976074219,480.8472595214844,332.7085876464844,134.53623962402344,534.7171020507812,184.02000427246094,147.90943908691406,492.82025146484375,271.7338562011719,416.0400085449219,193.01788330078125,55.07098388671875,94.77466583251953,178.9502716064453
2024-02-14,182.4891815185547,162.8273468017578,107.7992172241211,361.28582763671875,604.6599731445312,179.67706298828125,65.91456604003906,178.6999969482422,270.8098449707031,170.97999572753906,66.4175033569336,304.69189453125,204.61021423339844,123.17074584960938,205.74069213867188,31.39900779724121,179.40476989746094,146.79019165039062,747.5125732421875,398.67999267578125,65.94999694824219,307.7759094238281,242.54933166503906,300.739990234375,324.6373596191406,197.04183959960938,714.3338623046875,285.6788635253906,47.32907485961914,150.69859313964844,137.0187530517578,372.8639221191406,83.97824096679688,212.1112518310547,102.13443756103516,104.09170532226562,268.6979064941406,36.22405242919922,225.7869110107422,115.32687377929688,67.87847900390625,145.9418182373047,144.74368286132812,359.8233337402344,300.35955810546875,338.8941650390625,173.2897491455078,133.05023193359375,648.7199096679688,381.760009765625,240.78628540039062,145.702392578125,168.6380157470703,641.7518920898438,55.5024528503418,406.5010986328125,746.8912353515625,89.71775817871094,459.9064025878906,273.4116516113281,75.93225860595703,360.0514831542969,66.81645965576172,469.5948791503906,,34.14402770996094,117.17156982421875,403.2998352050781,311.9660949707031,57.93299865722656,430.1161193847656,158.39999389648438,241.80422973632812,73.85486602783203,69.95333099365234,184.1649932861328,154.7024688720703,147.82577514648438,511.76031494140625,121.06319427490234,146.71571350097656,941.4598388671875,87.36888885498047,61.3979377746582,45.138343811035156,562.72998046875,62.792152404785156,413.92572021484375,485.217041015625,342.12786865234375,133.54177856445312,544.3173217773438,188.7100067138672,148.8712921142578,492.9061584472656,273.4579772949219,417.8800048828125,192.6985626220703,54.8951530456543,94.30706787109375,179.52565002441406
2024-02-15,182.20181274414062,164.85313415527344,109.31913757324219,361.80194091796875,590.4400024414062,180.8535614013672,66.99139404296875,176.75999450683594,271.9859924316406,169.8000030517578,66.625,310.5195617675781,213.9822235107422,123.44886779785156,207.33082580566406,32.289894104003906,180.41981506347656,147.27511596679688,759.5524291992188,403.45001220703125,66.08999633789062,313.9565124511719,245.42332458496094,295.6700134277344,325.2030334472656,193.2324981689453,716.6385498046875,288.4354553222656,46.18067932128906,152.75244140625,141.6783905029297,353.3670654296875,85.8797607421875,211.6224365234375,102.12962341308594,107.1297836303711,268.8636779785156,37.24650192260742,225.49134826660156,116.79895782470703,68.18516540527344,142.76788330078125,141.59970092773438,366.84771728515625,302.55255126953125,341.5903015136719,176.4049530029297,133.2741241455078,655.7783813476562,380.1700134277344,243.3540802001953,147.74188232421875,172.31675720214844,641.7421264648438,55.605430603027344,416.4984436035156,747.3549194335938,89.5296401977539,465.9272155761719,276.91265869140625,77.7509536743164,366.69293212890625,67.00357818603516,480.2611389160156,,33.949642181396484,117.84207916259766,400.4141845703125,316.3712463378906,59.34600067138672,433.6139831542969,156.0,243.7980194091797,72.61360931396484,69.86000061035156,183.44000244140625,155.01644897460938,149.13656616210938,511.7210693359375,123.4751968383789,148.65997314453125,948.3233642578125,87.75130462646484,62.95650863647461,45.92294692993164,557.8300170898438,61.884674072265625,417.1489562988281,488.56488037109375,341.510986328125,134.73883056640625,544.6151733398438,200.4499969482422,151.54942321777344,496.66290283203125,276.82745361328125,426.2900085449219,192.65017700195312,55.11981964111328,97.00984954833984,184.9578399658203
2024-02-16,180.66578674316406,165.69332885742188,109.67506408691406,359.8249816894531,546.6599731445312,181.52862548828125,66.7436294555664,173.8699951171875,266.9333190917969,169.50999450683594,65.4375,307.4279479980469,213.88796997070312,121.53721618652344,207.36009216308594,32.30885314941406,181.0213165283203,145.94712829589844,755.69775390625,405.989990234375,65.81999969482422,312.8292541503906,245.2669219970703,290.29998779296875,327.0151062011719,194.3679656982422,716.1241455078125,286.2420654296875,45.5970573425293,151.18807983398438,141.83428955078125,349.5102844238281,85.43344116210938,210.55685424804688,102.55471801757812,106.4827880859375,270.5502014160156,37.81129455566406,226.51148986816406,117.42085266113281,66.52165985107422,140.6056365966797,139.36813354492188,365.91485595703125,303.4277648925781,342.7918395996094,177.1318359375,133.498046875,647.34765625,378.6300048828125,240.59678649902344,147.5722198486328,171.51205444335938,650.5658569335938,55.5960693359375,419.3548278808594,771.3009033203125,90.7298583984375,462.81298828125,277.06439208984375,76.90284729003906,364.25640869140625,67.34980010986328,469.634521484375,,33.95809555053711,119.00615692138672,397.95196533203125,313.0404968261719,58.39500045776367,434.5390319824219,153.0,241.59335327148438,72.5686264038086,70.06999969482422,183.2050018310547,153.5942840576172,149.6114959716797,509.9463195800781,123.74423217773438,145.52438354492188,941.688232421875,87.00562286376953,62.73246765136719,45.91349411010742,552.9099731445312,62.21220779418945,416.24493408203125,486.13189697265625,342.0103759765625,137.75900268554688,543.8905029296875,199.9499969482422,151.23822021484375,497.3017883300781,274.4431457519531,422.20001220703125,195.00132751464844,55.46820831298828,97.00984954833984,183.72903442382812
2024-02-20,179.9225616455078,164.06895446777344,112.205078125,353.46563720703125,541.9099731445312,182.6472625732422,64.92350769042969,165.69000244140625,266.75457763671875,167.0800018310547,64.90249633789062,311.6357421875,215.05709838867188,119.68997955322266,207.29180908203125,32.18564224243164,180.9461212158203,145.31964111328125,759.6094970703125,407.1499938964844,66.22000122070312,304.8896484375,244.8856658935547,292.07000732421875,327.2642822265625,193.2050323486328,717.8057250976562,282.95208740234375,45.44645309448242,151.18316650390625,141.25643920898438,346.3125305175781,85.48921966552734,211.54421997070312,101.25043487548828,106.07958984375,269.1560974121094,37.13938522338867,228.37054443359375,116.99577331542969,66.94915008544922,141.04205322265625,139.96319580078125,365.9909973144531,303.457275390625,342.99993896484375,173.1670379638672,132.82627868652344,637.6434936523438,377.6400146484375,242.18862915039062,148.8070831298828,172.18264770507812,641.1421508789062,56.82238006591797,423.5616760253906,745.2639770507812,88.2226333618164,446.6190490722656,277.6622009277344,77.64728546142578,368.7364196777344,68.48194885253906,468.0767822265625,,34.01725387573242,118.61502838134766,396.7011413574219,315.53125,57.51300048828125,437.3816223144531,150.5679931640625,243.27078247070312,69.40957641601562,69.04199981689453,183.0449981689453,155.7460174560547,150.5613555908203,509.4266052246094,123.7071304321289,144.82864379882812,940.5161743164062,86.97693634033203,61.933692932128906,45.86622619628906,547.97998046875,62.73625564575195,418.6427307128906,483.45550537109375,340.8060607910156,139.0391082763672,544.1882934570312,193.75999450683594,153.4636993408203,496.8345031738281,271.0835876464844,420.6400146484375,195.2432098388672,57.25897216796875,96.09333038330078,181.93455505371094
2024-02-21,180.67568969726562,163.49949645996094,113.38829803466797,351.4789123535156,538.52001953125,186.81324768066406,65.4476318359375,164.2899932861328,266.70751953125,168.58999633789062,63.622501373291016,307.4674072265625,215.0665283203125,119.77780151367188,205.73095703125,31.93922996520996,184.4498748779297,146.90089416503906,766.5953369140625,409.25,65.75,308.1938171386719,246.30313110351562,290.760009765625,329.2105712890625,196.8769989013672,715.1647338867188,280.1461181640625,45.63471984863281,152.1719512939453,142.57730102539062,346.22528076171875,86.4655532836914,212.07211303710938,101.40501403808594,109.10828399658203,270.1992492675781,37.84049606323242,230.15335083007812,117.35001373291016,68.02716827392578,142.66868591308594,141.3814697265625,369.5603332519531,306.44683837890625,344.4757080078125,169.636474609375,133.0793914794922,630.101318359375,380.2300109863281,244.5100555419922,149.58006286621094,173.3035125732422,641.2896118164062,57.32788848876953,426.962158203125,735.648193359375,88.36861419677734,453.83612060546875,278.8576965332031,78.66499328613281,369.2669982910156,69.05271911621094,464.87847900390625,,34.20318603515625,119.3134536743164,396.1003723144531,317.2698669433594,57.334999084472656,443.2498779296875,149.58799743652344,246.94204711914062,67.4307861328125,69.31800079345703,130.98500061035156,155.91224670410156,152.35655212402344,513.525390625,123.77204895019531,144.87628173828125,946.4461059570312,86.24082946777344,62.469451904296875,46.51848602294922,543.5700073242188,63.381954193115234,416.99176025390625,483.8934631347656,340.30670166015625,138.0187225341797,548.8642578125,194.77000427246094,154.72732543945312,497.7021484375,272.66986083984375,419.6300048828125,197.6040802001953,56.555686950683594,98.05728149414062,183.7192840576172
2024-02-22,182.7071990966797,165.0024871826172,114.49457550048828,361.607177734375,537.5700073242188,185.06776428222656,67.54408264160156,181.86000061035156,268.32586669921875,174.5800018310547,67.19000244140625,311.4974670410156,218.2722625732422,127.3355941772461,208.7550811767578,31.85392951965332,183.1716766357422,153.21731567382812,774.199951171875,415.1600036621094,66.73999786376953,313.004150390625,249.70498657226562,305.57000732421875,328.0408630371094,199.62413024902344,726.4210815429688,290.1248779296875,45.71942901611328,154.2479705810547,142.56813049316406,345.7310485839844,85.6658935546875,214.79966735839844,101.72383880615234,109.14579772949219,277.4328918457031,37.655479431152344,232.77513122558594,119.39678192138672,67.63684844970703,144.1366729736328,142.9088592529297,371.654296875,307.6465759277344,351.2965393066406,173.8939208984375,135.6107177734375,649.4996337890625,389.0799865722656,245.0975341796875,151.24856567382812,175.38238525390625,672.6201782226562,57.24363708496094,434.3168029785156,759.0516357421875,92.52578735351562,466.2039794921875,280.7647705078125,79.4892578125,376.0513916015625,69.36148834228516,482.85662841796875,,34.56660461425781,120.37510681152344,405.42724609375,323.34527587890625,58.84700012207031,440.4072570800781,153.8419952392578,245.57131958007812,78.49002838134766,70.32066345214844,133.91000366210938,155.37660217285156,152.50852966308594,519.6929931640625,123.79060363769531,147.48770141601562,958.415283203125,86.15421295166016,62.95650863647461,46.56575012207031,580.9000244140625,62.96083450317383,427.6934509277344,493.9078063964844,345.7799987792969,139.45652770996094,556.44921875,197.41000366210938,156.00033569335938,502.02166748046875,279.55645751953125,426.7799987792969,200.51641845703125,57.112457275390625,97.97311401367188,191.79440307617188
2024-02-23,180.87391662597656,166.25341796875,114.9178466796875,367.46014404296875,553.4400024414062,183.33192443847656,67.96337890625,176.52000427246094,272.0894470214844,174.99000549316406,66.91500091552734,311.4579772949219,219.4885711669922,126.50318145751953,209.3111572265625,32.147735595703125,185.11148071289062,137.66659545898438,774.3427734375,417.2200012207031,67.0,314.7436828613281,250.26219177246094,303.5299987792969,330.0350341796875,199.5875244140625,729.9126586914062,289.2850646972656,45.99241638183594,155.7237548828125,141.86184692382812,353.3670654296875,86.22381591796875,217.36099243164062,102.32284545898438,104.88874053955078,277.77410888671875,37.93787384033203,232.10777282714844,120.70354461669922,68.3524398803711,144.1068878173828,142.7799072265625,372.2063293457031,310.12469482421875,351.8830871582031,175.31935119628906,134.72479248046875,651.3656005859375,389.7699890136719,246.48094177246094,152.558837890625,176.2637481689453,657.9141235351562,57.290443420410156,434.8317565917969,758.9530639648438,90.97187805175781,468.04290771484375,282.50103759765625,78.4849853515625,379.6061096191406,69.22114562988281,480.7707214355469,,34.760990142822266,120.55204010009766,404.1369934082031,322.5931396484375,58.35599899291992,446.1351623535156,154.19400024414062,247.31590270996094,78.76884460449219,70.53466796875,141.0449981689453,156.62332153320312,152.95497131347656,520.7421264648438,123.57723236083984,147.6401824951172,974.6157836914062,86.6161117553711,62.771427154541016,46.14982223510742,575.6500244140625,63.34452438354492,430.6907043457031,494.24847412109375,347.6207580566406,140.51400756835938,560.6388549804688,191.97000122070312,154.35952758789062,502.7272644042969,279.4087219238281,430.1099853515625,201.3001251220703,57.16129684448242,97.11271667480469,192.33082580566406
2024-02-26,179.5261688232422,166.92556762695312,114.1771240234375,367.615966796875,560.47998046875,182.27114868164062,67.96337890625,176.00999450683594,269.445556640625,174.72999572753906,68.43499755859375,310.578857421875,216.25453186035156,127.74832153320312,211.65245056152344,31.85392951965332,181.74313354492188,137.4227752685547,767.1475219726562,409.1400146484375,66.66999816894531,316.20135498046875,249.11842346191406,303.69000244140625,328.1846923828125,200.94273376464844,737.2520751953125,296.7840270996094,45.559410095214844,155.93040466308594,141.66921997070312,351.9619445800781,84.28974914550781,215.3470916748047,102.5933609008789,105.06689453125,277.1598815917969,37.03227233886719,229.87689208984375,121.8371353149414,67.79483795166016,137.62014770507812,136.44229125976562,371.4163818359375,308.0005798339844,351.54254150390625,173.8184051513672,134.2672119140625,655.3441162109375,388.2699890136719,246.1208953857422,151.56903076171875,175.6602325439453,672.66943359375,56.83174514770508,432.28631591796875,761.30029296875,91.97710418701172,469.1205139160156,281.90325927734375,78.54183197021484,374.2986755371094,68.57551574707031,478.49609375,,34.40602111816406,119.98397064208984,401.3793640136719,320.91314697265625,58.76499938964844,444.4322814941406,155.9320068359375,243.99928283691406,79.04369354248047,70.8046646118164,151.38999938964844,155.38583374023438,152.1855926513672,520.4872436523438,122.9742431640625,149.6606903076172,982.6416015625,86.625732421875,62.73246765136719,45.90403747558594,575.7000122070312,61.99697494506836,426.80096435546875,492.438232421875,345.1044006347656,139.28028869628906,559.417724609375,199.39999389648438,154.93478393554688,500.89654541015625,279.95062255859375,433.4800109863281,200.72927856445312,58.216209411621094,97.49615478515625,192.1649932861328
2024-02-27,180.98291015625,167.0936279296875,114.8601303100586,368.0346984863281,552.489990234375,182.32901000976562,68.56371307373047,178.0,262.03125,173.5399932861328,67.97750091552734,311.527099609375,218.48912048339844,126.48954010009766,212.64749145507812,32.488922119140625,181.3822021484375,136.57345581054688,761.9223022460938,408.9100036621094,66.43000030517578,318.38787841796875,249.1477813720703,300.010009765625,326.6794738769531,200.95188903808594,736.6190795898438,295.9046630859375,45.474693298339844,154.50621032714844,139.5687255859375,349.49090576171875,84.4757080078125,217.11659240722656,102.535400390625,106.83911895751953,276.4482421875,37.15886306762695,230.143798828125,121.22311401367188,67.85987854003906,138.9591827392578,137.7415771484375,371.9779052734375,308.7872619628906,355.2887268066406,174.5169677734375,134.9681854248047,660.7933959960938,386.4599914550781,247.78855895996094,151.7481689453125,175.7464141845703,666.5311279296875,56.48537826538086,432.1502990722656,754.4755249023438,91.19035339355469,469.3577880859375,278.71539306640625,78.5797348022461,371.8861999511719,68.4258041381836,483.7704162597656,,34.56660461425781,120.16094207763672,401.32025146484375,321.0401306152344,60.16699981689453,443.4840393066406,153.42799377441406,242.0150909423828,78.65290832519531,72.11666870117188,157.375,155.29351806640625,151.31173706054688,521.154052734375,122.90929412841797,150.87109375,986.6842041015625,87.01065063476562,63.65786361694336,45.80950927734375,574.0,62.193477630615234,421.31585693359375,493.35308837890625,344.8596496582031,140.98707580566406,562.0883178710938,199.72999572753906,155.53831481933594,489.5497131347656,278.9850769042969,430.9200134277344,201.0388946533203,58.20645523071289,97.29039764404297,194.07650756835938
2024-02-28,179.7838134765625,166.16941833496094,115.48541259765625,368.1515808105469,551.8200073242188,181.0657196044922,69.02113342285156,176.5399932861328,261.0621337890625,173.16000366210938,68.2925033569336,313.76934814453125,219.13027954101562,125.82500457763672,212.6962890625,32.517356872558594,179.810791015625,137.26100158691406,770.602294921875,412.1400146484375,66.98999786376953,320.263427734375,247.88671875,300.5799865722656,321.3009948730469,202.2247314453125,739.8336791992188,296.17144775390625,45.23937225341797,155.1383514404297,139.73379516601562,353.5124206542969,84.37342071533203,219.97119140625,101.98469543457031,107.05476379394531,279.7530822753906,36.42854309082031,232.97532653808594,122.4983901977539,67.5625,136.3108673095703,135.26205444335938,376.8857421875,306.8794860839844,357.22808837890625,174.92286682128906,135.17262268066406,650.723876953125,386.5899963378906,248.88768005371094,152.28546142578125,176.6373748779297,662.0258178710938,56.541542053222656,438.36822509765625,747.216796875,90.4006576538086,473.41119384765625,280.0721130371094,77.85969543457031,374.04266357421875,68.48194885253906,480.7607727050781,,34.64266586303711,119.378662109375,401.5566711425781,323.5504150390625,59.64799880981445,444.054931640625,151.95799255371094,243.04074096679688,77.61556243896484,72.86399841308594,158.0749969482422,154.2499542236328,152.02413940429688,520.7716064453125,124.30083465576172,149.29054260253906,980.9827270507812,86.52951049804688,63.9500846862793,45.52592086791992,570.280029296875,62.52101516723633,422.8422546386719,492.7010192871094,344.4581604003906,140.4768829345703,567.9060668945312,202.0399932861328,153.74658203125,475.1136474609375,281.40875244140625,426.9700012207031,200.53579711914062,58.235755920410156,97.56163024902344,194.99325561523438
2024-02-29,179.119873046875,164.34901428222656,114.12901306152344,364.98651123046875,560.280029296875,184.9810028076172,69.4594955444336,192.52999877929688,257.6466369628906,176.75999450683594,69.38500213623047,312.1197509765625,220.66709899902344,126.90523529052734,214.05226135253906,32.94684982299805,177.1040496826172,136.20867919921875,772.2012939453125,409.3999938964844,66.20999908447266,324.53936767578125,246.0196533203125,304.3800048828125,322.2693176269531,201.77606201171875,735.8080444335938,305.1128234863281,45.53116226196289,154.61936950683594,139.4311065673828,353.74493408203125,85.38694763183594,219.8049774169922,103.23099517822266,107.32669830322266,281.7418518066406,36.81804656982422,237.36083984375,123.50603485107422,67.0049057006836,138.64173889160156,137.32501220703125,372.9269104003906,306.5254821777344,360.066162109375,174.66798400878906,134.7637176513672,654.4061889648438,385.6000061035156,248.39495849609375,152.125244140625,178.246826171875,671.17431640625,56.185821533203125,436.0559997558594,743.311279296875,91.9271469116211,469.36767578125,278.888916015625,79.71663665771484,373.60943603515625,68.36968231201172,486.8296813964844,,34.57505416870117,118.41016387939453,407.38714599609375,322.7103576660156,60.29199981689453,446.0577392578125,154.26800537109375,242.8778076171875,79.06366729736328,72.49466705322266,155.27499389648438,153.8544921875,150.9697723388672,525.0369873046875,123.63288879394531,151.14889526367188,959.607177734375,86.28893280029297,65.05083465576172,45.686622619628906,573.72998046875,62.932762145996094,421.8476257324219,494.4722900390625,341.78515625,141.84976196289062,566.0694580078125,201.8800048828125,157.7920379638672,470.6512756347656,278.462890625,420.739990234375,198.97799682617188,57.249202728271484,97.7486572265625,193.42311096191406
2024-03-01,178.03970336914062,167.01893615722656,114.10978698730469,371.0341796875,570.9299926757812,189.166259765625,69.41183471679688,202.63999938964844,263.7625427246094,178.22000122070312,71.93499755859375,310.38134765625,222.51513671875,136.53468322753906,214.286376953125,32.78459548950195,176.923583984375,137.42198181152344,775.5230102539062,407.1099853515625,67.12999725341797,327.20208740234375,244.99319458007812,315.239990234375,319.22052001953125,200.73216247558594,741.297607421875,313.0760192871094,45.559410095214844,154.557861328125,140.1649169921875,356.458251953125,84.48501586914062,220.45999145507812,104.47731018066406,108.8644790649414,286.3238220214844,36.93490219116211,235.1013641357422,124.89153289794922,67.20005798339844,136.95559692382812,136.01583862304688,372.01629638671875,306.80078125,363.6989440917969,177.6604766845703,134.90977478027344,657.98974609375,397.8999938964844,246.5377960205078,152.82278442382812,177.5091552734375,705.8690795898438,55.72712326049805,436.43487548828125,771.3599853515625,96.1676025390625,471.2164306640625,277.40997314453125,82.42627716064453,376.1893005371094,67.7146987915039,498.9177551269531,,34.532798767089844,118.23321533203125,409.21905517578125,327.7602233886719,61.933998107910156,440.1363525390625,154.7259979248047,246.81741333007812,82.2287368774414,72.36333465576172,151.1999969482422,153.1565704345703,150.88430786132812,527.3412475585938,124.86672973632812,156.22584533691406,976.2249145507812,86.41403198242188,64.74886322021484,46.65082931518555,591.3499755859375,62.56781768798828,422.468017578125,499.114501953125,345.8485412597656,144.04818725585938,572.175048828125,202.63999938964844,161.30003356933594,466.7704772949219,278.9752502441406,432.760009765625,199.1134490966797,57.39571762084961,98.98314666748047,186.09889221191406
2024-03-04,173.5208282470703,165.28256225585938,115.4758071899414,373.68316650390625,567.9400024414062,188.60427856445312,69.72631072998047,205.36000061035156,262.87811279296875,177.5800018310547,71.98500061035156,312.1395263671875,224.78746032714844,136.83621215820312,213.55474853515625,33.54813766479492,177.17922973632812,135.91690063476562,794.2155151367188,403.3900146484375,67.43000030517578,329.0970458984375,242.6861572265625,317.30999755859375,322.902099609375,202.69175720214844,750.931884765625,310.8629455566406,46.2465705871582,154.77432250976562,136.56015014648438,353.13446044921875,85.93553924560547,220.84124755859375,105.8009033203125,108.61131286621094,289.1315002441406,37.314666748046875,235.263427734375,126.74935913085938,67.14430236816406,133.10720825195312,132.2569122314453,375.9942932128906,308.8659362792969,359.8391418457031,182.248291015625,134.4229736328125,659.8555908203125,400.5899963378906,245.47654724121094,150.67352294921875,178.84078979492188,706.1051635742188,55.98924255371094,442.6431579589844,781.3801879882812,95.77471923828125,463.16888427734375,277.6103210449219,82.35049438476562,376.6422424316406,66.9100341796875,494.83538818359375,,33.57777786254883,115.52323150634766,408.6478271484375,327.96533203125,61.58300018310547,445.14825439453125,155.21800231933594,248.42782592773438,85.1849365234375,71.8653335571289,149.72000122070312,153.8823699951172,151.5586700439453,525.0958251953125,123.94830322265625,159.54978942871094,964.6729125976562,86.5198974609375,65.88856506347656,46.717002868652344,594.3200073242188,63.821781158447266,418.95245361328125,498.5793151855469,348.4236755371094,139.59567260742188,577.4467163085938,188.13999938964844,162.6107940673828,459.4665832519531,276.3841247558594,424.0299987792969,200.0906982421875,57.92318344116211,97.59902954101562,183.21214294433594
2024-03-05,168.58572387695312,167.2523193359375,113.97511291503906,367.0316162109375,544.8400268554688,183.8954620361328,70.44100952148438,205.1300048828125,260.29998779296875,174.1199951171875,70.11750030517578,311.3394470214844,225.8905792236328,131.02906799316406,211.88658142089844,33.777198791503906,175.52511596679688,134.6937713623047,787.048828125,400.739990234375,67.0199966430664,324.1214599609375,243.761474609375,307.70001220703125,320.3315734863281,201.36398315429688,751.6935424804688,295.16363525390625,46.07713317871094,153.82733154296875,137.21136474609375,355.3729553222656,86.18661499023438,218.4070281982422,105.32750701904297,108.958251953125,284.59832763671875,36.146148681640625,237.1225128173828,124.26962280273438,67.83201599121094,132.69061279296875,131.58245849609375,374.7098388671875,310.3016662597656,358.02276611328125,181.20046997070312,135.7373046875,631.5426025390625,387.32000732421875,244.3489990234375,150.79608154296875,180.6322479248047,694.3599853515625,55.7177619934082,447.8506774902344,766.892333984375,94.36187744140625,462.2099304199219,279.13702392578125,81.13778686523438,376.6422424316406,66.28311157226562,486.91900634765625,,33.75525665283203,114.38709259033203,396.5632629394531,324.097412109375,59.849998474121094,443.3872985839844,148.02999877929688,246.68324279785156,85.91551971435547,71.97799682617188,145.56500244140625,150.7837371826172,151.3307342529297,517.7318725585938,122.86292266845703,154.65484619140625,958.7330322265625,86.66423034667969,66.3366470336914,46.943870544433594,565.260009765625,63.615901947021484,415.8702087402344,493.5964050292969,345.035888671875,156.37606811523438,580.3953247070312,180.74000549316406,160.91339111328125,451.15203857421875,275.2511291503906,415.44000244140625,200.15843200683594,58.6460075378418,98.79610443115234,180.64718627929688
2024-03-06,167.5947265625,169.0260467529297,114.80239868164062,370.87841796875,543.0900268554688,185.73635864257812,71.3272476196289,210.6300048828125,260.2435607910156,173.50999450683594,71.125,313.206298828125,229.20944213867188,131.73654174804688,213.1060028076172,33.80582809448242,177.14163208007812,134.60659790039062,795.2463989257812,403.9599914550781,67.41999816894531,326.1622314453125,244.92477416992188,312.6499938964844,327.1573791503906,201.1716766357422,764.8390502929688,300.1234130859375,46.284217834472656,153.92819213867188,136.0556640625,355.27606201171875,87.46977996826172,218.53407287597656,106.08110046386719,109.23018646240234,289.2874755859375,37.13938522338867,236.81739807128906,125.56066131591797,67.4974594116211,131.48056030273438,130.32289123535156,373.4254150390625,318.03125,359.202880859375,185.17469787597656,135.7470245361328,641.9575805664062,388.1600036621094,246.60411071777344,150.2022247314453,181.5711212158203,703.7935791015625,55.74584197998047,450.4253234863281,769.0422973632812,96.1999282836914,466.2435607910156,279.5091857910156,83.1937026977539,383.0722351074219,67.012939453125,492.74951171875,,35.031429290771484,115.24385833740234,396.01171875,329.6844177246094,59.76900100708008,446.10614013671875,148.21200561523438,243.84593200683594,88.64996337890625,72.11000061035156,139.42999267578125,151.67703247070312,151.5681915283203,520.8990478515625,123.45664978027344,160.8238067626953,965.5767822265625,86.85669708251953,66.3366470336914,47.29364013671875,575.969970703125,64.17739868164062,419.64178466796875,496.0975646972656,347.59136962890625,160.9770050048828,587.2356567382812,176.5399932861328,162.07327270507812,450.6275939941406,276.2855529785156,411.8500061035156,201.1743621826172,59.163692474365234,99.85289001464844,178.9892578125
2024-03-07,167.47584533691406,168.56861877441406,116.32233428955078,376.7995300292969,556.0399780273438,192.07293701171875,71.20336151123047,211.3800048828125,256.7339782714844,176.82000732421875,71.62000274658203,312.8111572265625,231.16116333007812,137.2997589111328,217.95440673828125,34.006263732910156,179.3837432861328,136.9087677001953,796.4912719726562,402.3900146484375,67.81999969482422,330.6227722167969,243.23361206054688,318.0400085449219,329.96856689453125,196.55984497070312,777.0548706054688,298.7896423339844,46.03007125854492,154.56277465820312,137.0095672607422,363.6969299316406,87.85102844238281,219.54107666015625,106.54483795166016,110.50543212890625,293.5672607421875,38.76557540893555,238.57164001464844,131.07115173339844,68.45466613769531,134.13873291015625,133.2784423828125,372.33258056640625,319.27032470703125,358.35589599609375,185.5334014892578,135.182373046875,641.0296020507812,392.67999267578125,247.7601318359375,149.7591552734375,179.9808349609375,711.46630859375,55.64287185668945,452.05755615234375,769.427001953125,97.44522857666016,462.2297058105469,277.7725524902344,88.4329833984375,385.5831604003906,66.43283081054688,508.7410583496094,,35.115943908691406,115.46735382080078,402.9552307128906,326.4318542480469,60.85100173950195,441.5876770019531,153.61599731445312,244.7757568359375,92.61672973632812,72.62866973876953,143.2449951171875,151.77938842773438,152.56553649902344,528.9886474609375,123.1412124633789,168.3242645263672,966.7786865234375,87.13575744628906,66.42431640625,48.00261688232422,583.3499755859375,64.80436706542969,420.1636962890625,501.0220642089844,350.15667724609375,159.12181091308594,593.3512573242188,178.64999389648438,165.2794952392578,456.5202331542969,274.147705078125,410.5400085449219,200.53579711914062,58.95856857299805,100.41402435302734,177.0192413330078
2024-03-08,169.1902313232422,166.9629364013672,116.36080932617188,368.2879333496094,551.6900024414062,189.84446716308594,70.90796661376953,207.38999938964844,257.5714111328125,175.35000610351562,68.27749633789062,312.87042236328125,227.80459594726562,127.70834350585938,217.9056396484375,33.977630615234375,181.10496520996094,137.22134399414062,800.7240600585938,403.1499938964844,67.66000366210938,329.621826171875,243.2238311767578,308.6000061035156,329.0539855957031,196.0535430908203,717.6771240234375,301.61529541015625,46.5948486328125,153.82244873046875,137.4773712158203,362.51470947265625,88.27875518798828,218.45591735839844,106.41925048828125,111.32119750976562,290.9267883300781,38.804527282714844,237.3259735107422,132.2205047607422,69.81149291992188,135.18016052246094,134.30001831054688,370.9522705078125,319.9685363769531,355.31048583984375,184.97647094726562,134.9973907470703,643.3889770507812,391.8500061035156,247.47581481933594,150.37191772460938,180.3161163330078,687.8085327148438,55.7177619934082,449.3954162597656,751.6549072265625,93.72993469238281,463.9301452636719,279.14654541015625,84.16954803466797,381.08319091796875,67.22814178466797,502.5431823730469,,35.38639450073242,115.01103973388672,400.07928466796875,327.6137390136719,60.481998443603516,444.5870666503906,151.53599548339844,248.78248596191406,87.47863006591797,72.27999877929688,140.10000610351562,151.7235870361328,152.30908203125,526.9000244140625,125.302734375,163.39100646972656,962.3287963867188,87.45330810546875,65.43073272705078,47.643402099609375,571.2899780273438,64.57978820800781,421.6999206542969,498.01483154296875,350.4014892578125,157.43356323242188,593.3017578125,175.33999633789062,162.47879028320312,456.204345703125,275.9013671875,413.5899963378906,201.0098876953125,58.724143981933594,101.35858917236328,177.6531524658203
2024-03-11,171.1920166015625,167.6911163330078,115.62008666992188,363.46722412109375,560.4199829101562,192.04385375976562,71.3844223022461,198.38999938964844,259.08624267578125,171.9600067138672,67.75499725341797,314.07550048828125,233.77288818359375,126.18605041503906,214.80343627929688,34.25441360473633,180.80299377441406,137.8921356201172,790.2281494140625,404.760009765625,66.12000274658203,325.5208435058594,249.27487182617188,305.739990234375,329.5160827636719,199.54234313964844,706.3218383789062,302.3266296386719,47.27259826660156,153.5961151123047,139.42193603515625,363.4352722167969,89.1156005859375,218.88604736328125,105.9361572265625,113.29032897949219,286.2424621582031,39.35957336425781,242.1361083984375,131.11839294433594,69.99735260009766,137.80860900878906,136.54150390625,370.1567077636719,315.9169616699219,353.5688781738281,180.99276733398438,133.35203552246094,642.5400390625,378.8999938964844,248.04434204101562,151.9838104248047,180.38316345214844,674.2041015625,56.39176940917969,456.12841796875,724.2669677734375,91.23641204833984,463.8312683105469,281.31256103515625,85.80860900878906,378.95623779296875,67.7427749633789,480.3337097167969,,36.07096862792969,114.33122253417969,398.40496826171875,330.1728210449219,60.09299850463867,444.3451843261719,151.34800720214844,247.5555419921875,85.72563171386719,72.4086685180664,141.6649932861328,153.28683471679688,153.44891357421875,525.615478515625,124.42142486572266,163.9178466796875,957.96826171875,87.95370483398438,65.21643829345703,48.71159744262695,565.3200073242188,65.30035400390625,420.17352294921875,497.58660888671875,348.1690673828125,155.90301513671875,595.1084594726562,177.77000427246094,164.2610321044922,468.246826171875,276.4136657714844,414.4700012207031,202.490234375,59.25161361694336,101.95711517333984,178.9502716064453
2024-03-12,171.66766357421875,168.8953399658203,116.16841888427734,370.53759765625,579.1400146484375,193.00302124023438,72.31830596923828,202.75999450683594,260.1965026855469,175.38999938964844,70.46499633789062,316.66339111328125,230.87831115722656,126.06504821777344,217.2032470703125,34.321224212646484,179.53469848632812,137.78427124023438,794.470703125,404.9800109863281,67.48999786376953,327.726806640625,251.96311950683594,311.2799987792969,331.1238098144531,200.4444580078125,728.8741455078125,302.9391784667969,47.13139724731445,154.14955139160156,139.321044921875,361.109619140625,88.34383392333984,218.5536651611328,106.85399627685547,113.30908203125,291.1712646484375,39.3011474609375,243.5925750732422,131.82688903808594,69.7743148803711,138.48304748535156,137.3647003173828,372.0929260253906,318.1787109375,356.4430236816406,186.70394897460938,133.37149047851562,654.159423828125,389.3999938964844,249.0866241455078,153.40725708007812,181.8680877685547,687.01171875,56.635162353515625,458.06182861328125,744.5638427734375,93.36021423339844,467.4991760253906,280.8259582519531,87.13500213623047,382.9737548828125,67.1252212524414,496.3848876953125,,36.38367462158203,114.22877502441406,409.0023193359375,332.5072937011719,61.108001708984375,443.948486328125,157.91200256347656,249.99021911621094,91.86116027832031,72.97333526611328,142.36500549316406,153.11004638671875,153.80984497070312,527.81201171875,124.8388900756836,165.7953643798828,964.0570678710938,86.5583724975586,64.77808380126953,48.74940872192383,576.719970703125,64.89794921875,422.0741271972656,502.93939208984375,350.9106750488281,155.439208984375,592.9442138671875,177.5399932861328,164.83627319335938,468.438232421875,279.7239990234375,412.45001220703125,202.98370361328125,59.98419189453125,101.30247497558594,176.8632049560547
2024-03-13,169.58663940429688,167.9058074951172,115.59123229980469,368.8235778808594,573.5499877929688,192.42172241210938,72.27999114990234,194.7899932861328,259.67901611328125,176.55999755859375,70.17749786376953,316.35723876953125,233.16001892089844,122.74626922607422,217.35931396484375,34.435752868652344,180.27455139160156,137.78427124023438,791.0230102539062,408.1300048828125,66.04000091552734,331.8860168457031,254.36785888671875,306.2099914550781,335.7257385253906,201.92649841308594,726.22314453125,301.41571044921875,47.16905212402344,153.30836486816406,141.15554809570312,367.1175537109375,88.7994613647461,220.13739013671875,106.61245727539062,114.9312515258789,293.6161193847656,42.27112579345703,244.55076599121094,133.95237731933594,70.57355499267578,139.62371826171875,138.64410400390625,376.0517883300781,316.5561218261719,360.6780090332031,185.68443298339844,133.83880615234375,646.686279296875,382.989990234375,248.88768005371094,151.8612823486328,183.34344482421875,677.4796752929688,57.215553283691406,462.74884033203125,747.4140625,90.99192810058594,470.2079772949219,269.9005432128906,85.78019714355469,383.0624084472656,66.89130401611328,492.23309326171875,,36.6372184753418,113.7631607055664,408.8250732421875,335.6914978027344,60.94499969482422,443.3583068847656,155.37600708007812,252.22366333007812,90.83673095703125,73.42666625976562,145.05999755859375,153.8172607421875,154.16128540039062,529.0670776367188,123.68856048583984,162.12657165527344,958.9913330078125,87.14537811279297,65.39177703857422,49.6947135925293,561.2000122070312,65.45008850097656,421.50299072265625,502.1509704589844,349.44195556640625,154.6043701171875,589.0426635742188,169.47999572753906,162.83709716796875,467.1459045410156,280.92596435546875,413.20001220703125,204.15443420410156,59.85721206665039,102.43408966064453,171.869873046875
2024-03-14,171.43975830078125,169.15673828125,114.3310317993164,368.32684326171875,570.4500122070312,188.3814239501953,72.62467956542969,187.05999755859375,255.4920196533203,178.75,71.00499725341797,316.5547790527344,231.1328582763672,123.17562103271484,215.0765838623047,34.06352233886719,179.0440216064453,138.23936462402344,774.5606689453125,406.7300109863281,66.86000061035156,332.2748107910156,252.68093872070312,306.239990234375,336.48626708984375,201.97251892089844,723.9977416992188,300.0703125,46.867835998535156,154.8874969482422,142.81578063964844,368.4548645019531,88.38103485107422,219.7952423095703,106.6704330444336,116.07523345947266,293.6650085449219,42.18349075317383,244.84779357910156,131.26797485351562,69.67224884033203,143.1646270751953,141.92698669433594,372.505126953125,320.0445251464844,357.1377258300781,182.59754943847656,132.30523681640625,641.7205810546875,384.30999755859375,251.0196533203125,150.07968139648438,180.07664489746094,681.040771484375,57.088165283203125,461.8231506347656,750.2642822265625,90.89079284667969,474.0340881347656,268.82232666015625,84.30220031738281,377.538330078125,66.39539337158203,488.5181884765625,,37.42319869995117,112.93843078613281,418.7921142578125,335.6816711425781,61.30099868774414,445.9029541015625,155.8979949951172,247.7664031982422,87.8943862915039,74.45999908447266,143.7899932861328,153.3333740234375,153.40139770507812,525.8214111328125,121.29512786865234,161.36024475097656,952.6044921875,88.30012512207031,64.87549591064453,50.31861114501953,559.3099975585938,64.926025390625,417.0125427246094,501.1583251953125,348.2180480957031,152.4152069091797,581.0751342773438,162.5,161.38490295410156,468.1031799316406,282.17718505859375,408.7699890136719,204.21270751953125,59.80624771118164,104.24839782714844,169.57803344726562
2024-03-15,171.0631866455078,166.05738830566406,111.09879302978516,364.8111877441406,492.4599914550781,189.1274871826172,73.02681732177734,191.05999755859375,252.9798126220703,174.4199981689453,69.43250274658203,315.0829772949219,230.6520233154297,120.56334686279297,213.11575317382812,33.796287536621094,178.69677734375,134.39793395996094,768.5465698242188,408.1300048828125,66.2300033569336,337.18231201171875,251.36666870117188,298.44000244140625,338.9316101074219,200.21432495117188,717.746337890625,291.17657470703125,46.05830764770508,154.31683349609375,142.67819213867188,371.51702880859375,88.06488037109375,221.62332153320312,106.84432983398438,115.13755798339844,291.3277282714844,43.43964767456055,242.7014617919922,132.95262145996094,69.18405151367188,141.01226806640625,140.022705078125,371.1631164550781,317.2754821777344,355.1963195800781,180.36973571777344,131.51406860351562,617.5145263671875,396.2799987792969,252.91470336914062,149.10873413085938,182.30877685546875,672.7481079101562,56.50313949584961,456.2590637207031,743.7944946289062,89.36004638671875,470.42547607421875,266.3509521484375,83.98006439208984,378.2768249511719,66.19892120361328,480.84027099609375,,37.076690673828125,113.88497161865234,410.1251525878906,337.1510009765625,60.5880012512207,446.7640380859375,148.78199768066406,245.2262420654297,87.78746032714844,74.21199798583984,141.0800018310547,153.2217254638672,153.28744506835938,525.007568359375,120.5755386352539,160.16282653808594,957.998046875,89.426025390625,65.30411529541016,49.97829818725586,550.030029296875,64.65464782714844,416.362548828125,497.717041015625,344.87921142578125,152.3317108154297,580.3201293945312,163.57000732421875,162.6862335205078,469.8454284667969,278.8570251464844,407.69000244140625,204.42633056640625,59.4730110168457,104.06135559082031,168.30043029785156
2024-03-18,172.15325927734375,166.62686157226562,108.16477966308594,362.931640625,513.8599853515625,185.2713165283203,72.1363754272461,190.64999389648438,254.88983154296875,174.47999572753906,72.33000183105469,315.8633117675781,231.5760498046875,120.7331314086914,215.56434631347656,34.36894226074219,179.459228515625,135.8525390625,766.3727416992188,408.4100036621094,67.23999786376953,341.9732360839844,252.6907501220703,300.92999267578125,339.4900207519531,201.4938507080078,723.592041015625,297.2904357910156,46.37834930419922,153.72157287597656,142.54977416992188,373.3775634765625,88.27875518798828,223.5736846923828,107.29840850830078,115.86894226074219,292.15899658203125,43.313053131103516,242.5960235595703,133.7555694580078,68.78034973144531,147.27088928222656,146.46942138671875,368.4408264160156,322.3997497558594,353.9400634765625,180.95501708984375,131.2796173095703,622.3221435546875,392.6199951171875,250.96278381347656,147.77015686035156,184.56967163085938,679.4371948242188,56.73903274536133,454.1932678222656,752.1677856445312,90.85150909423828,473.45074462890625,265.81658935546875,83.44950866699219,378.1980285644531,66.72288513183594,493.6335144042969,,37.617591857910156,113.81000518798828,411.01153564453125,333.0760498046875,61.8390007019043,447.3832702636719,151.16000366210938,245.60008239746094,88.40511322021484,74.25533294677734,142.6199951171875,159.36325073242188,153.12596130371094,525.8313598632812,119.75311279296875,159.89462280273438,953.4784545898438,89.93603515625,65.65479278564453,50.50767517089844,560.6300048828125,64.96346282958984,415.3187561035156,500.6750793457031,346.6905822753906,155.457763671875,576.2470092773438,173.8000030517578,159.5648956298828,466.23651123046875,280.8372802734375,411.3800048828125,205.53326416015625,59.64942932128906,105.02462768554688,166.46693420410156
2024-03-19,174.4919891357422,167.71908569335938,108.85739135742188,368.2002868652344,521.1900024414062,184.61244201660156,72.27999114990234,181.4199981689453,255.6707763671875,175.89999389648438,71.7300033569336,318.8166809082031,228.00259399414062,120.80827331542969,216.2667236328125,34.388031005859375,181.36163330078125,138.0196990966797,768.3358154296875,411.760009765625,67.79000091552734,343.9168395996094,253.51461791992188,311.8500061035156,339.2397155761719,199.1649627685547,724.2152709960938,298.2203674316406,46.255977630615234,154.3881378173828,143.65963745117188,379.3855895996094,88.4646987915039,222.80923461914062,107.52062225341797,116.87225341796875,296.276123046875,43.166996002197266,245.89224243164062,136.5501708984375,68.9211654663086,146.71548461914062,145.8247528076172,372.5530700683594,325.66143798828125,361.07769775390625,182.51260375976562,132.35409545898438,626.4288940429688,390.5299987792969,252.35560607910156,147.25172424316406,185.65220642089844,669.9544677734375,56.83339309692383,454.7974548339844,762.1486206054688,91.4180679321289,478.5027160644531,269.9100646972656,82.69156646728516,381.27032470703125,67.60242462158203,492.89849853515625,,37.71900939941406,114.52224731445312,415.0396423339844,338.72808837890625,62.07400131225586,452.30810546875,151.38800048828125,245.96432495117188,89.34757995605469,75.64199829101562,140.2899932861328,159.86573791503906,153.71487426757812,528.3611450195312,119.48210906982422,157.1933135986328,957.1934814453125,91.28323364257812,66.5801773071289,51.50025177001953,584.7100219726562,65.70275115966797,417.5049133300781,503.45733642578125,349.44195556640625,156.03289794921875,578.8994140625,171.32000732421875,157.25454711914062,472.23858642578125,283.103271484375,415.20001220703125,205.931396484375,59.65922546386719,105.7634506225586,168.6807861328125
2024-03-20,177.05860900878906,164.5543975830078,107.26051330566406,370.49859619140625,519.1400146484375,188.27487182617188,73.47683715820312,179.72999572753906,256.9127502441406,178.14999389648438,74.1449966430664,322.0763244628906,225.2965850830078,125.04570770263672,222.33457946777344,35.075218200683594,179.5724639892578,140.87420654296875,783.2659912109375,416.1099853515625,67.44000244140625,346.3949279785156,253.54403686523438,316.8599853515625,340.64532470703125,196.64268493652344,732.67236328125,302.8006896972656,46.64191436767578,156.1886444091797,141.76095581054688,381.84686279296875,88.71577453613281,224.05392456054688,108.22590637207031,117.86620330810547,302.9749755859375,44.802921295166016,249.121337890625,136.92013549804688,69.45631408691406,148.4611358642578,147.520751953125,380.0393981933594,324.0650329589844,365.8360900878906,183.09791564941406,132.94017028808594,631.4636840820312,390.3699951171875,254.64866638183594,146.8275146484375,188.0855712890625,684.6016235351562,57.32406234741211,454.85589599609375,762.2274169921875,93.18838500976562,482.4967956542969,271.4176940917969,83.69583892822266,384.2341613769531,67.24687194824219,502.1159973144531,,37.85422897338867,116.06858825683594,418.80194091796875,338.953369140625,62.76900100708008,455.47198486328125,153.51199340820312,250.40245056152344,90.32102966308594,76.35266876220703,141.02499389648438,159.92156982421875,153.86683654785156,535.8329467773438,120.2764663696289,160.61306762695312,960.4713745117188,91.27362060546875,67.86601257324219,51.424625396728516,589.780029296875,65.72146606445312,419.53350830078125,508.1139831542969,345.8191833496094,158.12001037597656,576.2470092773438,175.66000366210938,160.291015625,473.1097106933594,285.0047912597656,412.1099853515625,205.71774291992188,60.03166961669922,105.66992950439453,166.759521484375
2024-03-21,169.824462890625,165.7026824951172,107.27013397216797,336.013916015625,511.25,189.0790252685547,74.11837005615234,178.67999267578125,260.5823059082031,178.14999389648438,76.1500015258789,322.520751953125,222.03427124023438,132.10159301757812,223.51495361328125,35.80058670043945,182.40341186523438,143.60313415527344,806.4127197265625,413.7799987792969,67.55999755859375,354.2761535644531,251.38629150390625,322.79998779296875,340.5393981933594,198.91639709472656,734.4923095703125,305.0859680175781,46.952552795410156,157.95225524902344,142.04530334472656,385.3257141113281,88.2973403930664,224.25975036621094,108.7862548828125,118.22252655029297,308.5589904785156,45.026885986328125,253.7781982421875,139.0535125732422,68.62073516845703,147.52880859375,146.3900909423828,396.56488037109375,324.0552062988281,376.1048278808594,181.15325927734375,134.8937530517578,642.9546508789062,391.9599914550781,256.145751953125,146.81809997558594,190.70094299316406,701.5015258789062,57.05985641479492,454.37841796875,759.6632080078125,96.4767074584961,483.09002685546875,270.53985595703125,84.19798278808594,389.5613708496094,67.56497955322266,504.3409729003906,,37.98945236206055,115.85303497314453,422.87933349609375,342.0291748046875,62.270999908447266,452.3177185058594,154.63600158691406,247.10499572753906,91.3834228515625,77.52933502197266,143.81500244140625,160.4705810546875,153.7433624267578,549.7371215820312,121.38858795166016,163.65921020507812,961.5142822265625,90.70587158203125,69.98956298828125,51.462432861328125,602.010009765625,65.41263580322266,422.0150146484375,509.793212890625,346.13250732421875,157.85098266601562,580.30029296875,172.82000732421875,162.75221252441406,470.6781921386719,286.0786437988281,415.7099914550781,206.27120971679688,60.22769546508789,106.13754272460938,164.15557861328125
2024-03-22,170.72622680664062,166.58950805664062,106.3658676147461,328.6806945800781,499.5199890136719,187.4900360107422,73.13214111328125,179.64999389648438,259.848388671875,178.8699951171875,76.6050033569336,322.7875061035156,223.18458557128906,132.63763427734375,220.43228149414062,35.36155319213867,185.89869689941406,142.69451904296875,789.912109375,411.6000061035156,67.62000274658203,348.0080871582031,250.60166931152344,322.739990234375,338.6717224121094,197.4527587890625,726.816650390625,304.4726257324219,46.858421325683594,157.27093505859375,141.86184692382812,386.5079040527344,87.97189331054688,224.70079040527344,108.6413345336914,117.05979919433594,309.59564208984375,43.91679382324219,272.43426513671875,137.8805694580078,68.17008209228516,150.53411865234375,149.53411865234375,389.96051025390625,325.1292419433594,371.4224853515625,180.15261840820312,133.06715393066406,635.5012817382812,394.07000732421875,254.56332397460938,146.327880859375,188.36337280273438,698.973388671875,57.0787353515625,456.268798828125,760.0084228515625,96.01815795898438,476.1992492675781,269.68109130859375,83.41162872314453,381.70355224609375,67.7427749633789,506.148681640625,,37.13410949707031,116.06858825683594,422.2588806152344,341.4316101074219,62.80099868774414,453.5368347167969,154.8300018310547,243.5871124267578,94.2358169555664,77.83533477783203,143.38999938964844,160.07044982910156,153.5533905029297,544.0989990234375,120.20170593261719,162.94078063964844,960.74951171875,91.93761444091797,69.74603271484375,51.037044525146484,594.2000122070312,65.31907653808594,412.73870849609375,508.8267517089844,345.2610778808594,156.4224853515625,579.26708984375,170.8300018310547,162.6485137939453,469.12744140625,279.0738220214844,415.6600036621094,205.64007568359375,59.65922546386719,106.13754272460938,164.7212371826172
2024-03-25,169.30914306640625,166.6641845703125,105.82715606689453,325.09686279296875,507.2300109863281,184.69964599609375,73.33321380615234,178.6300048828125,264.22357177734375,179.7100067138672,76.375,323.56781005859375,223.98599243164062,132.4524383544922,220.50054931640625,35.180213928222656,182.44117736816406,142.7815399169922,781.656982421875,409.9200134277344,67.29000091552734,345.90899658203125,250.69972229003906,316.2099914550781,342.3012390136719,198.0879364013672,723.0184326171875,302.7809143066406,46.764286041259766,156.3534698486328,143.52206420898438,385.7036437988281,88.18576049804688,222.54461669921875,107.94572448730469,119.3196029663086,304.99932861328125,44.16022872924805,270.7574157714844,136.5738067626953,68.14191436767578,149.91915893554688,148.83985900878906,388.15838623046875,322.5474853515625,364.9795837402344,178.21742248535156,132.65692138671875,630.9108276367188,391.7099914550781,251.91026306152344,146.3184814453125,186.63897705078125,688.3199462890625,56.99380111694336,454.9631042480469,762.5036010742188,95.38584899902344,470.63311767578125,265.8547668457031,83.0421142578125,380.64990234375,66.29247283935547,499.63287353515625,,37.37602615356445,117.43685150146484,416.4677429199219,340.8046875,62.74599838256836,454.0883483886719,154.92799377441406,237.7495574951172,94.94841003417969,75.8046646118164,142.53500366210938,160.6101531982422,152.15711975097656,539.82373046875,118.80921936035156,160.46939086914062,954.6406860351562,92.02421569824219,69.48301696777344,51.33955383300781,584.3200073242188,65.28164672851562,412.0986022949219,507.4208984375,343.7042541503906,160.1607208251953,569.7994995117188,172.6300048828125,161.11141967773438,465.1165466308594,277.0540771484375,416.0299987792969,205.63037109375,59.365196228027344,107.2223892211914,163.65818786621094
2024-03-26,168.17942810058594,167.2803192138672,107.26051330566406,327.5997009277344,507.6000061035156,183.08163452148438,74.09920501708984,177.8699951171875,265.11737060546875,178.3000030517578,74.4574966430664,325.879150390625,224.24058532714844,130.48362731933594,218.96897888183594,35.39972686767578,182.59970092773438,144.12551879882812,785.4781494140625,411.57000732421875,67.94000244140625,346.3366394042969,251.16070556640625,316.010009765625,344.4000244140625,195.96148681640625,723.0381469726562,302.5533447265625,46.64191436767578,155.7975616455078,142.42135620117188,386.1784973144531,87.09783172607422,223.6814727783203,108.15827178955078,117.94122314453125,305.1949157714844,43.55650329589844,276.9090270996094,136.62103271484375,67.98230743408203,150.46469116210938,149.43492126464844,389.3469543457031,322.9317932128906,361.57257080078125,177.94366455078125,133.93649291992188,631.8583984375,397.6300048828125,251.55967712402344,146.8369598388672,187.5107421875,677.1944580078125,57.12591552734375,455.59649658203125,764.2393798828125,94.97049713134766,471.3844909667969,265.8547668457031,81.70623779296875,384.933349609375,65.53458404541016,492.5508728027344,,37.25506591796875,117.6336669921875,415.2760314941406,340.5010681152344,62.92399978637695,454.6592712402344,155.71400451660156,236.97311401367188,92.50879669189453,75.6520004272461,143.34500122070312,160.73110961914062,152.49905395507812,538.4803466796875,116.94947814941406,160.03834533691406,957.0841674804688,92.43800354003906,69.16156768798828,51.112674713134766,584.3200073242188,64.82308959960938,413.0932312011719,506.4836730957031,343.06781005859375,160.1421661376953,565.0906982421875,177.6699981689453,158.3389892578125,471.2717590332031,276.45306396484375,418.4599914550781,205.63037109375,59.306392669677734,106.41810607910156,161.5711212158203
2024-03-27,171.74693298339844,168.36326599121094,109.16522979736328,332.03076171875,504.3999938964844,187.31568908691406,75.00880432128906,179.58999633789062,269.37969970703125,179.8300018310547,72.10250091552734,329.7017822265625,229.20944213867188,129.23318481445312,222.17849731445312,36.086917877197266,186.11009216308594,144.61444091796875,799.7665405273438,416.92999267578125,68.62000274658203,354.36358642578125,253.53421020507812,311.3399963378906,349.8009338378906,198.46533203125,724.126220703125,298.15106201171875,46.84900665283203,168.64706420898438,143.41197204589844,397.93743896484375,89.34806060791016,227.14114379882812,109.60746002197266,118.51319885253906,307.4637145996094,44.676326751708984,275.8454284667969,141.79299926757812,68.54562377929688,150.7027587890625,149.63327026367188,398.0411071777344,326.8537902832031,367.24462890625,180.11483764648438,133.79971313476562,640.437255859375,400.1000061035156,255.48422241210938,148.90135192871094,191.14161682128906,685.5066528320312,57.58827590942383,454.31024169921875,767.4742431640625,94.81732940673828,472.521484375,269.0989990234375,84.50115966796875,384.2637023925781,65.99114990234375,490.5345153808594,,37.721622467041016,123.47223663330078,415.0593566894531,346.1824951171875,61.35300064086914,461.867431640625,151.8000030517578,241.28660583496094,90.1990966796875,75.70133209228516,141.1300048828125,161.5127716064453,154.4557647705078,547.1974487304688,120.42599487304688,162.0115966796875,959.8157348632812,93.77558135986328,70.50582885742188,51.89727783203125,573.3499755859375,66.48881530761719,416.362548828125,510.74005126953125,352.0277404785156,162.02520751953125,575.571533203125,179.8300018310547,163.0162811279297,472.0279846191406,274.89642333984375,417.32000732421875,207.76658630371094,59.51222229003906,107.52165222167969,164.3408660888672
2024-03-28,169.9334716796875,169.99691772460938,109.33837890625,337.5526123046875,504.6000061035156,191.63690185546875,74.84603118896484,180.49000549316406,267.5167236328125,180.3800048828125,72.49500274658203,329.63262939453125,230.1022186279297,129.88778686523438,222.1199493408203,36.191898345947266,186.80458068847656,142.8185272216797,798.4066772460938,420.5199890136719,68.48999786376953,356.0933837890625,254.15213012695312,311.2799987792969,349.65655517578125,198.17996215820312,724.6702270507812,297.95318603515625,46.98078918457031,168.98895263671875,144.6869659423828,399.49359130859375,89.924560546875,226.29827880859375,109.57848358154297,119.8728256225586,305.78167724609375,45.78642272949219,277.627685546875,138.1796875,68.77094268798828,151.02012634277344,149.6927947998047,400.3800048828125,328.6669616699219,365.06524658203125,180.2659149169922,134.23928833007812,641.68115234375,399.0899963378906,255.59854125976562,149.1181640625,191.88885498046875,687.1788940429688,57.72981643676758,452.4490661621094,767.2572021484375,95.39663696289062,476.100341796875,269.0322265625,84.99382019042969,387.0109558105469,65.89701843261719,482.3102722167969,,37.68705368041992,123.65966796875,414.360107421875,347.7203369140625,60.733001708984375,463.1252746582031,152.47999572753906,244.30604553222656,90.3050308227539,75.2586669921875,142.06500244140625,162.85272216796875,154.11378479003906,544.9814453125,121.69698333740234,162.17445373535156,956.0313720703125,93.85256958007812,70.46686553955078,51.812198638916016,571.5,67.134521484375,418.96234130859375,510.6424865722656,351.2033386230469,164.38134765625,577.3995361328125,175.7899932861328,164.2799072265625,473.55963134765625,274.9555358886719,418.010009765625,206.97035217285156,58.97315216064453,108.70938110351562,165.02354431152344
2024-04-01,168.49655151367188,168.74598693847656,107.82807159423828,330.3070373535156,502.0899963378906,190.5032958984375,74.33857727050781,183.33999633789062,266.3123779296875,180.97000122070312,74.9375,325.5531921386719,231.19447326660156,132.32305908203125,222.0419158935547,35.81013870239258,184.2378692626953,140.49549865722656,791.7700805664062,420.20001220703125,68.0999984741211,353.479248046875,252.455322265625,312.1300048828125,350.5133361816406,195.1698455810547,713.404052734375,299.0216369628906,47.10316467285156,167.392578125,145.9160614013672,393.0743103027344,89.32945251464844,223.38748168945312,109.69441986083984,121.67318725585938,305.1460266113281,46.08829116821289,268.41949462890625,138.04588317871094,68.42356872558594,155.22560119628906,154.21542358398438,396.3732604980469,325.29681396484375,350.2475891113281,179.19918823242188,133.8485870361328,631.6511840820312,394.8699951171875,252.64559936523438,148.731689453125,190.58595275878906,699.2881469726562,57.25801086425781,451.55255126953125,750.0867309570312,96.40013122558594,472.9663391113281,267.3814392089844,85.02224731445312,387.8577880859375,65.67108154296875,488.04144287109375,,37.341468811035156,122.7599868774414,418.15191650390625,346.3587341308594,61.430999755859375,456.052490234375,153.6739959716797,241.5549774169922,90.31202697753906,75.35199737548828,139.7100067138672,160.96376037597656,152.5275421142578,540.29443359375,119.5475082397461,164.49258422851562,962.8055419921875,94.07390594482422,70.49609375,52.19977569580078,576.8900146484375,66.53561401367188,420.5772705078125,509.7541198730469,348.06298828125,164.9471893310547,573.6641235351562,175.22000122070312,163.29917907714844,468.7732849121094,274.1673278808594,420.4800109863281,206.73731994628906,58.80653762817383,109.41079711914062,162.8877410888672
2024-04-02,167.3172607421875,168.6806182861328,107.76072692871094,327.6678771972656,499.2099914550781,188.8174285888672,74.70240020751953,178.6999969482422,259.8860168457031,180.69000244140625,72.7125015258789,325.60260009765625,227.79428100585938,131.1960906982422,220.01278686523438,35.600154876708984,181.950439453125,140.3860626220703,782.0209350585938,418.9200134277344,67.44999694824219,354.5384521484375,251.4156951904297,306.3599853515625,349.5602722167969,197.72889709472656,703.5719604492188,300.7430419921875,46.463069915771484,166.21194458007812,146.55813598632812,392.9381103515625,89.76648712158203,222.9170379638672,109.43356323242188,123.99861907958984,307.80596923828125,47.110740661621094,263.78179931640625,134.61119079589844,67.68187713623047,154.60072326660156,153.2930450439453,393.1524963378906,324.5478820800781,345.46063232421875,178.3024139404297,134.3076934814453,618.57080078125,382.3599853515625,251.40728759765625,148.68453979492188,190.50930786132812,682.6145629882812,56.75790786743164,449.5452575683594,753.449951171875,94.98033142089844,473.984619140625,265.01513671875,83.35477447509766,385.20904541015625,65.20037841796875,494.0208740234375,,37.09091567993164,122.16019439697266,415.0692443847656,344.8698425292969,61.42100143432617,451.22442626953125,151.39999389648438,240.3663787841797,89.40155029296875,76.01399993896484,136.6999969482422,159.53074645996094,152.51806640625,536.7938232421875,117.36068725585938,163.84121704101562,948.2737426757812,94.83411407470703,69.60964965820312,51.68930435180664,569.8200073242188,66.76020812988281,419.61224365234375,506.5130310058594,342.8715515136719,163.4815673828125,567.8126831054688,166.6300048828125,160.6493682861328,438.56195068359375,274.3249816894531,409.4200134277344,204.989501953125,57.983245849609375,111.55243682861328,160.92745971679688
2024-04-03,168.11996459960938,165.5439453125,107.04887390136719,323.59710693359375,497.010009765625,189.28250122070312,74.49177551269531,180.77000427246094,258.2017822265625,182.41000366210938,74.69750213623047,320.495849609375,227.5663299560547,133.59214782714844,221.08590698242188,35.73377227783203,183.89059448242188,142.9956817626953,780.3067626953125,420.239990234375,68.12999725341797,365.1893615722656,249.89549255371094,310.5799865722656,347.6155700683594,195.17906188964844,698.02294921875,301.4750671386719,46.25428771972656,166.9768829345703,147.16354370117188,394.9125671386719,89.2364730834961,223.7108917236328,109.69441986083984,125.4426498413086,313.85943603515625,48.308467864990234,266.8480224609375,143.6365509033203,66.55525970458984,155.09664916992188,153.6501007080078,396.8429260253906,327.35638427734375,342.5103759765625,180.20924377441406,134.20022583007812,615.0266723632812,383.4200134277344,251.6740264892578,145.41351318359375,189.9728240966797,686.1558227539062,56.455955505371094,450.6463623046875,765.3143310546875,96.06432342529297,471.99749755859375,262.9159240722656,83.50636291503906,386.4300231933594,63.986000061035156,503.3277587890625,,36.391082763671875,121.73847198486328,414.0942077636719,343.18505859375,63.007999420166016,442.17791748046875,151.83200073242188,241.39205932617188,88.91382598876953,75.52999877929688,134.77000427246094,157.8930206298828,148.3197021484375,547.7073974609375,117.83729553222656,166.5904541015625,944.5687255859375,93.87181854248047,69.57069396972656,51.85946273803711,578.8699951171875,66.42332458496094,419.9569091796875,507.0694885253906,344.4613342285156,162.78585815429688,572.2235717773438,168.3800048828125,160.63046264648438,440.09356689453125,272.86688232421875,408.80999755859375,204.3195037841797,58.24787521362305,111.57115173339844,158.93792724609375
2024-04-04,167.29745483398438,156.74070739746094,105.9233627319336,321.83441162109375,487.1099853515625,185.9785919189453,73.36194610595703,165.8300018310547,252.24591064453125,180.0,72.19249725341797,310.9147033691406,225.20138549804688,129.11265563964844,214.8817901611328,35.23747634887695,183.4829559326172,138.64759826660156,758.5582275390625,415.32000732421875,67.75,359.3586120605469,247.38465881347656,306.4800109863281,346.941650390625,195.34475708007812,697.2218017578125,290.9886169433594,45.65642166137695,163.44970703125,147.39285278320312,395.96295166015625,89.3759536743164,220.10423278808594,109.21135711669922,125.67706298828125,313.0966796875,47.88975524902344,263.9925537109375,145.38246154785156,65.29720306396484,150.7027587890625,149.2960662841797,389.4140930175781,320.4288635253906,340.39764404296875,177.41502380371094,133.5262451171875,613.3287353515625,378.9200134277344,249.35928344726562,143.75445556640625,188.52743530273438,661.7799682617188,55.95584487915039,445.569580078125,757.51318359375,93.43877410888672,464.434326171875,257.7156066894531,81.72518920898438,385.5733337402344,64.21192169189453,507.4797058105469,,35.881324768066406,119.63920593261719,411.56304931640625,340.8144836425781,61.7140007019043,444.5677490234375,151.50999450683594,238.20965576171875,85.8565444946289,73.30867004394531,132.60000610351562,157.8651123046875,147.65480041503906,544.84423828125,116.52892303466797,162.61509704589844,930.7323608398438,95.56546020507812,69.50250244140625,51.301727294921875,567.1099853515625,65.55302429199219,421.88702392578125,500.880126953125,340.9087829589844,159.7526092529297,566.8687744140625,171.11000061035156,158.92364501953125,435.919921875,269.95062255859375,404.010009765625,201.08604431152344,58.31648254394531,111.96392822265625,161.42483520507812
2024-04-05,168.0505828857422,158.7011260986328,106.97190856933594,324.2982482910156,485.1199951171875,188.70115661621094,74.40560150146484,170.4199981689453,253.9959716796875,185.07000732421875,74.4000015258789,315.0829772949219,226.69252014160156,131.26173400878906,217.69027709960938,35.418819427490234,185.83828735351562,141.79579162597656,763.7965087890625,418.6199951171875,68.55999755859375,368.600341796875,248.0417938232422,308.0199890136719,348.94415283203125,194.3045654296875,705.9656982421875,298.6753845214844,46.073978424072266,165.7077178955078,148.22755432128906,401.2442932128906,89.1806869506836,223.21107482910156,110.66055297851562,127.46803283691406,323.21832275390625,48.17214584350586,262.085693359375,154.17108154296875,65.32537078857422,152.6864471435547,151.24993896484375,391.15869140625,324.0059509277344,340.57843017578125,178.54783630371094,134.6690673828125,627.6036376953125,388.3900146484375,250.46424865722656,143.65078735351562,190.26193237304688,671.7054443359375,56.15399169921875,452.8193359375,773.4212646484375,95.10307312011719,471.73052978515625,254.47137451171875,82.96632385253906,386.4595642089844,64.00482940673828,523.7891235351562,,35.98501205444336,119.94847869873047,419.0874938964844,345.09515380859375,63.61800003051758,439.7493896484375,156.6999969482422,239.6666259765625,87.95836639404297,74.50399780273438,134.5050048828125,157.39051818847656,148.272216796875,555.6497802734375,116.57565307617188,164.31057739257812,936.3742065429688,97.85572052001953,70.02851867675781,52.020164489746094,575.4500122070312,65.42201232910156,425.0086975097656,506.1127014160156,344.48101806640625,159.33514404296875,575.660888671875,164.89999389648438,157.95237731933594,436.2644958496094,273.0442199707031,406.6700134277344,200.93067932128906,58.65951156616211,113.50703430175781,161.75643920898438
2024-04-08,166.93080139160156,158.51443481445312,106.31775665283203,323.1296081542969,484.2799987792969,190.57113647460938,74.53964233398438,169.89999389648438,253.2903289794922,185.19000244140625,74.34500122070312,315.922607421875,225.6952667236328,130.93539428710938,219.30491638183594,35.79104232788086,182.47891235351562,141.76702880859375,769.312744140625,415.9700012207031,68.69000244140625,362.9348449707031,248.29681396484375,311.0899963378906,344.64068603515625,195.84182739257812,704.0764770507812,298.497314453125,45.779788970947266,166.62515258789062,147.92486572265625,399.5033264160156,89.55261993408203,222.2701873779297,110.78614044189453,127.00857543945312,318.6318054199219,48.688236236572266,264.050048828125,154.3881378173828,65.1751480102539,154.86854553222656,153.58065795898438,393.5263366699219,323.2373046875,344.5564880371094,179.1897430419922,133.70205688476562,637.0216674804688,386.92999267578125,249.60696411132812,142.89666748046875,191.25440979003906,679.5552978515625,55.92753601074219,449.8668212890625,766.5964965820312,94.97345733642578,474.0669250488281,255.30149841308594,84.46326446533203,390.00445556640625,63.6376953125,515.7535400390625,,36.252845764160156,118.6082992553711,418.1716613769531,344.8306579589844,62.840999603271484,441.5489501953125,157.1199951171875,239.8871307373047,87.08385467529297,73.81600189208984,134.2899932861328,157.7999267578125,148.21519470214844,554.92431640625,117.91204833984375,166.31263732910156,932.1824340820312,98.03854370117188,70.49609375,51.084312438964844,576.3599853515625,65.5623779296875,427.4902648925781,506.3958435058594,343.2345886230469,157.41500854492188,575.0052490234375,172.97999572753906,159.80067443847656,436.5133972167969,273.655029296875,404.2200012207031,200.7073516845703,58.590911865234375,112.74016571044922,161.59066772460938
2024-04-09,168.13978576660156,158.83181762695312,108.16477966308594,325.7104187011719,492.54998779296875,197.77000427246094,72.30872344970703,170.77999877929688,254.38177490234375,185.6699981689453,73.6875,315.4880065917969,227.62332153320312,130.7374725341797,215.12648010253906,36.010555267333984,185.56651306152344,140.99191284179688,769.8682250976562,414.69000244140625,68.66000366210938,361.4090270996094,243.26535034179688,311.4100036621094,344.1593322753906,193.10787963867188,710.7828369140625,299.13043212890625,47.45952224731445,166.69895935058594,148.59445190429688,400.2133483886719,90.49176025390625,221.2901153564453,110.38037872314453,128.5182342529297,306.9454345703125,49.95413589477539,264.8165588378906,152.38575744628906,65.6633529663086,156.85226440429688,155.31631469726562,393.68927001953125,324.0946350097656,343.95697021484375,178.70831298828125,131.92433166503906,636.7349243164062,390.9599914550781,250.12132263183594,143.5565185546875,189.97283935546875,685.4672241210938,56.35215377807617,446.2322082519531,746.8222045898438,95.57042694091797,467.4437561035156,257.0953369140625,86.85078430175781,391.79656982421875,63.88243865966797,513.4193725585938,,36.3824462890625,118.74889373779297,419.8360900878906,345.74163818359375,61.81999969482422,439.9041748046875,156.44400024414062,242.8873748779297,85.30584716796875,73.04933166503906,139.56500244140625,158.75840759277344,148.80410766601562,550.4332275390625,117.99617004394531,168.1805877685547,937.55615234375,97.76909637451172,70.40841674804688,51.20720291137695,568.989990234375,66.058349609375,428.36669921875,506.9815979003906,344.373046875,159.20529174804688,585.3370361328125,176.8800048828125,163.57266235351562,440.0744323730469,272.63043212890625,404.4800109863281,200.49374389648438,58.6007080078125,113.329345703125,163.00477600097656
2024-04-10,166.26683044433594,157.7956085205078,106.94304656982422,317.146240234375,487.2200012207031,190.22232055664062,72.11721801757812,167.13999938964844,250.70281982421875,185.9499969482422,72.05500030517578,312.129638671875,224.06167602539062,129.5898895263672,212.9833984375,34.97978210449219,181.92779541015625,141.1749725341797,750.4754028320312,409.1099853515625,68.6500015258789,361.57427978515625,243.23593139648438,304.5899963378906,344.5058898925781,195.1514434814453,714.7294921875,296.409912109375,46.70032501220703,165.03623962402344,149.20899963378906,400.68994140625,88.71577453613281,217.72267150878906,110.21612548828125,129.352783203125,307.4343566894531,49.5841064453125,259.00030517578125,154.47686767578125,63.95463943481445,156.37615966796875,154.860107421875,384.151611328125,322.9810791015625,333.6216125488281,175.62142944335938,129.85354614257812,621.1845092773438,388.4599914550781,246.98745727539062,141.58636474609375,188.35398864746094,675.9155883789062,55.59726333618164,438.97265625,751.4969482421875,94.42164611816406,464.483642578125,256.3606872558594,83.45897674560547,378.5722351074219,62.771629333496094,516.32958984375,,36.010929107666016,118.786376953125,416.8617248535156,340.3443603515625,61.858001708984375,443.0486755371094,153.83799743652344,239.3024139404297,86.98991394042969,72.87333679199219,140.5,157.21371459960938,149.35504150390625,544.5696411132812,112.72531127929688,163.66883850097656,929.917724609375,97.53815460205078,69.25897979736328,51.235565185546875,561.22998046875,65.2909927368164,417.5738525390625,501.9051513671875,340.8597106933594,159.19602966308594,569.9486083984375,171.75999450683594,159.29141235351562,430.8176574707031,270.4235534667969,397.5799865722656,202.16384887695312,59.41420364379883,114.28326416015625,159.16224670410156
2024-04-11,173.46133422851562,156.38597106933594,107.21240234375,317.9185791015625,484.2799987792969,192.46046447753906,71.01612854003906,170.5,254.0430450439453,189.0500030517578,74.1449966430664,307.1908874511719,224.3845977783203,135.47860717773438,213.52162170410156,34.69344711303711,181.64093017578125,143.21180725097656,752.6876220703125,407.6099853515625,68.83999633789062,361.48681640625,239.8325958251953,310.1000061035156,339.9232482910156,195.86026000976562,724.3932495117188,295.9449768066406,47.00399398803711,165.0780029296875,148.49354553222656,401.53607177734375,88.60419464111328,216.3505859375,109.67508697509766,128.71514892578125,310.2606506347656,49.40882873535156,260.8017578125,155.5322723388672,64.45223236083984,159.4806365966797,158.10328674316406,381.0075378417969,322.478515625,330.5857849121094,175.48927307128906,130.3809814453125,620.5419311523438,392.260009765625,245.45382690429688,140.25721740722656,188.31544494628906,689.185546875,55.71993637084961,441.41845703125,749.1399536132812,96.56605529785156,463.63226318359375,256.3129577636719,84.58643341064453,377.67620849609375,62.865753173828125,519.6372680664062,,35.7949333190918,118.22406768798828,421.4611511230469,341.6080017089844,62.87799835205078,442.97125244140625,154.26800537109375,239.37908935546875,90.56488800048828,72.19999694824219,141.92999267578125,156.66468811035156,148.02523803710938,544.9814453125,112.37952423095703,167.75909423828125,914.1443481445312,96.98002624511719,68.7914047241211,51.046504974365234,561.969970703125,65.11319732666016,416.470947265625,505.6929626464844,339.8390808105469,158.92701721191406,570.8028564453125,174.60000610351562,161.4414825439453,422.8436279296875,271.6058044433594,400.2300109863281,199.9694061279297,58.894744873046875,113.89982604980469,158.70384216308594
2024-04-12,174.95773315429688,152.90902709960938,105.48192596435547,308.3475036621094,474.0899963378906,186.28863525390625,70.54696655273438,163.27999877929688,251.48377990722656,186.1300048828125,67.80500030517578,304.22760009765625,219.90164184570312,131.71644592285156,213.52162170410156,34.15896987915039,177.5341796875,139.03614807128906,731.0827026367188,403.260009765625,68.06999969482422,355.3159484863281,241.08799743652344,305.8500061035156,336.80401611328125,192.85012817382812,723.3645629882812,291.166748046875,46.01704406738281,164.4089813232422,145.80601501464844,386.39239501953125,88.24154663085938,217.27183532714844,108.83456420898438,126.85852813720703,311.4732666015625,48.314979553222656,256.6048278808594,152.79518127441406,63.907684326171875,157.8937225341797,156.43707275390625,373.3486328125,318.1131286621094,326.30322265625,172.06256103515625,130.44937133789062,614.0172729492188,384.79998779296875,241.48167419433594,139.06007385253906,176.13558959960938,669.678955078125,54.99335861206055,435.9714050292969,741.29931640625,93.969970703125,460.73150634765625,255.1393280029297,81.13778686523438,371.3840637207031,62.78104019165039,508.45306396484375,,35.46661376953125,117.83984375,415.5222473144531,336.7787780761719,62.28300094604492,441.3070373535156,153.74200439453125,235.55447387695312,88.13626861572266,71.76599884033203,139.53500366210938,156.4227294921875,147.5408172607422,539.6177368164062,111.21134948730469,164.08070373535156,898.629150390625,96.32566833496094,68.21669006347656,49.1558952331543,557.1599731445312,64.31776428222656,411.4388122558594,498.7128601074219,335.67803955078125,154.0941619873047,561.524169921875,171.0500030517578,156.84906005859375,420.4313049316406,271.8816223144531,396.54998779296875,199.41592407226562,58.943748474121094,112.57182312011719,146.2693328857422
2024-04-15,171.132568359375,152.33425903320312,105.26924133300781,306.2651062011719,470.1000061035156,184.37022399902344,69.9437484741211,160.32000732421875,249.8184051513672,183.6199951171875,65.80000305175781,301.442138671875,219.5502166748047,128.4452667236328,213.7173309326172,34.31168746948242,177.1944580078125,137.21856689453125,730.6900024414062,400.260009765625,67.44000244140625,353.6445007324219,239.74429321289062,301.55999755859375,335.8990173339844,189.8400115966797,710.47607421875,269.9761657714844,45.779788970947266,163.50137329101562,144.54937744140625,383.0174255371094,87.52556610107422,214.6746368408203,107.9747085571289,124.97990417480469,308.3243408203125,48.852134704589844,255.58912658691406,151.87619018554688,63.60725402832031,155.05699157714844,153.590576171875,384.2666931152344,317.9259033203125,321.6019287109375,171.0996551513672,127.50923919677734,605.1299438476562,377.3599853515625,241.78651428222656,139.1260528564453,176.2319793701172,667.42626953125,54.86125564575195,433.37933349609375,740.4413452148438,92.90267181396484,455.1973571777344,254.0324249267578,81.19461822509766,367.8194580078125,62.009090423583984,496.8616638183594,,35.38021469116211,118.26155853271484,407.38714599609375,331.65570068359375,60.71500015258789,436.6435241699219,147.16200256347656,235.39151000976562,85.95248413085938,71.28466796875,136.0749969482422,155.3526611328125,147.65480041503906,532.8029174804688,108.2114486694336,162.69171142578125,892.5303955078125,96.2486801147461,69.38561248779297,48.84393310546875,543.9099731445312,63.99958419799805,403.31463623046875,492.4648742675781,332.81243896484375,153.0645294189453,554.21240234375,161.47999572753906,156.86790466308594,426.5865783691406,267.27081298828125,397.3599853515625,199.4062042236328,58.73793029785156,111.926513671875,146.0645294189453
2024-04-16,167.85240173339844,153.15402221679688,105.57860565185547,306.920166015625,476.2200012207031,185.2809600830078,70.67144012451172,163.4600067138672,249.940673828125,183.32000732421875,65.69000244140625,300.32598876953125,216.3209686279297,130.24551391601562,213.65863037109375,33.09955978393555,174.3937225341797,136.51548767089844,717.9339599609375,396.9200134277344,68.12000274658203,349.7281494140625,240.49952697753906,300.80999755859375,333.9254150390625,190.07012939453125,708.1912231445312,274.4378356933594,45.476104736328125,163.95394897460938,143.3477783203125,382.24908447265625,86.3539810180664,215.98794555664062,107.71385192871094,125.51801300048828,308.39276123046875,48.25637435913086,253.8644256591797,154.89990234375,63.19416046142578,154.7296600341797,153.1343536376953,380.4132385253906,309.3133239746094,318.6517028808594,173.45968627929688,126.88410186767578,604.5071411132812,378.54998779296875,239.29083251953125,136.16610717773438,174.21803283691406,682.0046997070312,54.785770416259766,434.383056640625,736.466796875,94.57775115966797,455.22698974609375,253.26910400390625,81.41254425048828,365.0525207519531,62.112640380859375,496.39483642578125,,35.207420349121094,117.20256042480469,408.31292724609375,333.1544189453125,61.75199890136719,435.73406982421875,148.95599365234375,232.84178161621094,87.36569213867188,72.63400268554688,137.50999450683594,155.86441040039062,148.12974548339844,533.5580444335938,107.23015594482422,161.48477172851562,888.1400146484375,97.03776550292969,71.177978515625,48.59816360473633,541.0900268554688,63.41937255859375,402.32989501953125,491.5667419433594,331.3699035644531,151.4968719482422,550.9141845703125,157.11000061035156,158.03724670410156,448.8525695800781,267.3397521972656,394.1700134277344,199.0372314453125,58.64971923828125,111.00065612792969,149.23411560058594
2024-04-17,166.48484802246094,154.76527404785156,102.37866973876953,307.5067443847656,474.45001220703125,183.53695678710938,69.49374389648438,154.02000427246094,248.4635009765625,181.27999877929688,64.81749725341797,301.0569152832031,217.50819396972656,125.69544219970703,213.00299072265625,33.624488830566406,175.29962158203125,135.57620239257812,721.8794555664062,397.739990234375,67.95999908447266,348.2121887207031,238.85179138183594,293.7099914550781,333.18408203125,191.85595703125,707.4197998046875,273.35955810546875,45.35273361206055,164.43357849121094,143.4578399658203,386.01312255859375,87.86962127685547,214.8804473876953,106.09075164794922,124.9893569946289,303.3368225097656,48.656803131103516,252.0726318359375,153.8227996826172,62.837406158447266,155.60252380371094,154.19558715820312,387.17108154296875,306.4950256347656,316.7483215332031,172.8460693359375,127.70462036132812,606.20751953125,374.1700134277344,237.70004272460938,136.4677734375,173.52426147460938,648.2344360351562,55.210391998291016,435.3672180175781,740.4413452148438,89.57310485839844,455.56365966796875,257.58203125,80.5977554321289,369.6607971191406,62.61158752441406,490.84246826171875,,35.50980758666992,117.49308776855469,405.61431884765625,333.5462951660156,61.36899948120117,437.3788757324219,147.2899932861328,229.41970825195312,83.98760223388672,72.98666381835938,138.6649932861328,157.70687866210938,149.08909606933594,530.0574951171875,99.52012634277344,157.40406799316406,895.1426391601562,96.95115661621094,70.62272644042969,48.03097915649414,527.5800170898438,65.31907653808594,405.8257141113281,488.6575012207031,329.77020263671875,152.56362915039062,543.6620483398438,155.4499969482422,156.25498962402344,458.52093505859375,268.65997314453125,393.1000061035156,200.17330932617188,58.463497161865234,110.94453430175781,148.1808319091797
2024-04-18,165.5334930419922,155.151611328125,101.76959991455078,308.9341125488281,473.17999267578125,181.74453735351562,69.88629150390625,155.0800018310547,247.2214813232422,179.22000122070312,64.29750061035156,304.9190368652344,221.3168182373047,123.37876892089844,212.8366241455078,34.13988494873047,176.00926208496094,135.0341033935547,715.6642456054688,399.8900146484375,67.41999816894531,347.8331604003906,240.6760711669922,285.8999938964844,335.7835388183594,192.9882049560547,703.5225219726562,269.0067138671875,45.65642166137695,162.94052124023438,144.5310516357422,389.6313171386719,89.19928741455078,214.84127807617188,105.60768127441406,124.38517761230469,302.12420654296875,48.988868713378906,252.36004638671875,151.125244140625,62.11448669433594,156.1777801513672,154.73114013671875,386.4042053222656,292.6695861816406,316.80548095703125,171.30734252929688,127.93904113769531,601.4326782226562,372.6300048828125,237.02374267578125,137.3821563720703,174.65167236328125,633.7151489257812,55.587833404541016,435.0164489746094,735.6876220703125,87.28140258789062,450.1581726074219,258.5648193359375,79.78295135498047,368.86322021484375,63.2328987121582,498.4210510253906,,35.68260955810547,117.36187744140625,398.15875244140625,332.5177001953125,61.055999755859375,437.8142395019531,146.27200317382812,230.31117248535156,84.62324523925781,73.40399932861328,140.57000732421875,160.30308532714844,150.36721801757812,527.6256713867188,97.83793640136719,154.64527893066406,887.9910278320312,96.91266632080078,71.04158782958984,48.15386199951172,519.7100219726562,66.03962707519531,407.0665588378906,487.6520080566406,321.35003662109375,154.52085876464844,537.9695434570312,149.92999267578125,154.3406982421875,472.10455322265625,267.3594665527344,393.4800109863281,199.12461853027344,58.08125686645508,110.84166717529297,149.7476348876953
2024-04-19,163.51190185546875,156.80055236816406,103.71277618408203,309.7944030761719,465.0199890136719,177.65579223632812,71.07357788085938,146.63999938964844,253.0362091064453,174.6300048828125,61.522499084472656,306.3907775878906,220.00611877441406,118.0594253540039,226.08633422851562,35.28519821166992,176.74154663085938,134.43101501464844,718.230712890625,405.0799865722656,67.33000183105469,345.9118347167969,245.40347290039062,280.25,339.25897216796875,196.1087646484375,701.8013916015625,267.4732971191406,45.855709075927734,162.65769958496094,146.75994873046875,389.35894775390625,91.34720611572266,213.81219482421875,104.90240478515625,125.71625518798828,296.33477783203125,48.45170593261719,255.82875061035156,146.30313110351562,62.67780303955078,154.4519500732422,152.82688903808594,387.2573547363281,300.661376953125,319.15606689453125,171.4112091064453,128.16371154785156,598.2592163085938,366.3399963378906,238.57643127441406,139.4276885986328,179.03604125976562,617.9169921875,56.77677536010742,434.8897705078125,716.3179321289062,85.4482192993164,450.8412780761719,259.528564453125,77.38595581054688,368.93212890625,64.11779022216797,477.8306579589844,,36.36516571044922,117.8773193359375,393.08660888671875,332.70379638671875,55.50400161743164,447.567138671875,142.78199768066406,231.27932739257812,76.15702819824219,72.72933197021484,138.85499572753906,162.03387451171875,151.17982482910156,524.2526245117188,96.71648406982422,150.99563598632812,890.802001953125,97.73062133789062,71.51891326904297,47.12348175048828,510.7099914550781,67.51820373535156,406.2688903808594,483.3955993652344,319.36767578125,156.1163787841797,541.2083129882812,147.0500030517578,150.578125,479.71484375,265.79296875,394.2799987792969,201.066650390625,58.345890045166016,112.11355590820312,143.28280639648438
2024-04-22,164.34432983398438,158.19508361816406,103.50975799560547,310.32232666015625,466.8900146484375,180.5140380859375,71.77253723144531,148.63999938964844,255.84011840820312,177.22999572753906,61.36750030517578,307.21063232421875,222.58950805664062,119.994873046875,228.0042724609375,36.010555267333984,176.56033325195312,136.32772827148438,727.931884765625,408.7799987792969,68.0199966430664,348.78900146484375,246.668701171875,285.0199890136719,340.0195617675781,198.35484313964844,707.6868896484375,270.87646484375,45.68488693237305,163.57022094726562,148.52105712890625,388.6683654785156,91.2356185913086,214.9392547607422,104.95072937011719,126.40538787841797,301.29296875,47.80711364746094,258.85662841796875,148.4078369140625,62.85616683959961,156.66380310058594,154.99891662597656,400.0540771484375,305.7854919433594,319.86981201171875,171.71327209472656,128.59347534179688,602.8067626953125,368.92999267578125,238.10011291503906,140.56829833984375,182.5146026611328,623.3076782226562,57.135345458984375,435.54266357421875,721.268798828125,85.23418426513672,452.1876525878906,262.9541015625,79.13871002197266,373.45184326171875,65.34159851074219,478.48626708984375,,36.779876708984375,118.96444702148438,394.8988037109375,338.1697692871094,55.459999084472656,455.6944885253906,144.38999938964844,234.47129821777344,79.47315216064453,72.76399993896484,140.83999633789062,164.20201110839844,153.47418212890625,529.2239990234375,97.26786804199219,153.43829345703125,894.1195678710938,97.73062133789062,72.337158203125,46.80207824707031,515.489990234375,68.294921875,410.57220458984375,487.8472900390625,321.5757751464844,155.01251220703125,544.78466796875,142.0500030517578,154.11436462402344,470.2379150390625,268.3052978515625,399.9200134277344,201.51329040527344,58.943748474121094,112.74949645996094,142.34388732910156
2024-04-23,165.39476013183594,159.74981689453125,104.01246643066406,309.7455139160156,472.8999938964844,184.02142333984375,71.74382019042969,152.27000427246094,257.3738098144531,179.5399932861328,62.79499816894531,308.0403137207031,221.97218322753906,122.41838836669922,233.83651733398438,36.62139129638672,176.92269897460938,139.1223602294922,734.1663208007812,408.739990234375,68.98999786376953,354.28985595703125,245.07981872558594,281.760009765625,339.50927734375,199.54234313964844,714.8283081054688,273.7156982421875,45.855709075927734,163.89736938476562,149.37411499023438,386.3341064453125,91.31001281738281,215.2823028564453,106.05210876464844,127.2550277709961,305.93817138671875,46.86953353881836,260.3897399902344,160.6903533935547,62.93128204345703,158.6177520751953,156.9626922607422,406.42852783203125,314.77252197265625,322.6202087402344,171.9870147705078,129.2576904296875,623.6756591796875,377.0799865722656,238.74786376953125,140.98306274414062,185.1452178955078,637.6400146484375,57.22026824951172,433.6814880371094,735.4312133789062,87.13410949707031,458.1970520019531,264.1944885253906,81.65886688232422,376.3172912597656,66.60306549072266,492.7594909667969,,37.0390739440918,118.90821075439453,401.408935546875,338.4831848144531,57.775001525878906,459.2743835449219,148.19000244140625,234.87388610839844,82.37651824951172,72.82333374023438,146.7449951171875,159.32603454589844,154.3919219970703,539.6963500976562,97.96878814697266,154.55908203125,901.2315673828125,97.55740356445312,73.28204345703125,46.83988952636719,527.5,68.5475845336914,406.9582214355469,493.63641357421875,328.67108154296875,154.45594787597656,570.8228149414062,144.67999267578125,156.03810119628906,465.4036865234375,270.0589599609375,404.9100036621094,202.72706604003906,57.914634704589844,113.18904876708984,146.27560424804688
2024-04-24,167.4956512451172,158.1102752685547,103.33575439453125,306.52911376953125,477.1199951171875,190.38702392578125,71.78211212158203,151.74000549316406,256.8751525878906,176.58999633789062,63.692501068115234,305.04742431640625,222.89344787597656,123.1661148071289,233.99307250976562,36.573673248291016,176.52259826660156,138.4739990234375,730.508056640625,405.95001220703125,72.91000366210938,354.5531921386719,238.34178161621094,277.6600036621094,339.1531066894531,195.69454956054688,716.0252075195312,273.23095703125,45.884185791015625,163.35621643066406,150.0345458984375,383.81494140625,92.0167007446289,216.37997436523438,105.90718078613281,128.01026916503906,311.7568664550781,47.11369705200195,254.9471893310547,157.30105590820312,62.97822570800781,159.78814697265625,157.82557678222656,405.50830078125,314.3685302734375,316.9197082519531,173.7900848388672,129.4921417236328,628.2330932617188,375.010009765625,239.81471252441406,140.01214599609375,186.05101013183594,645.8342895507812,58.078948974609375,432.9604187011719,722.1268310546875,86.88569641113281,457.8802490234375,264.07049560546875,85.91282653808594,375.37200927734375,67.13023376464844,490.1769714355469,,37.082275390625,119.02066040039062,402.8763122558594,338.05218505859375,55.512001037597656,459.16796875,149.25799560546875,226.42904663085938,79.63206481933594,72.84666442871094,146.91000366210938,165.0860137939453,155.4435272216797,535.7249755859375,96.4267807006836,156.7431182861328,900.456787109375,97.21098327636719,73.24307250976562,46.42395782470703,527.52001953125,69.16522216796875,406.9779357910156,493.4020690917969,330.5749816894531,153.3706512451172,573.6045532226562,162.1300048828125,164.84568786621094,466.475830078125,270.95556640625,400.760009765625,204.32920837402344,58.67911911010742,113.207763671875,147.56661987304688
2024-04-25,168.35781860351562,157.62973022460938,103.3067398071289,302.090576171875,473.44000244140625,191.78225708007812,71.45655822753906,153.75999450683594,253.45965576171875,173.6699981689453,66.19000244140625,302.25213623046875,223.27334594726562,126.85083770751953,232.016357421875,36.18235778808594,173.9936065673828,137.88194274902344,725.5761108398438,404.9100036621094,73.26000213623047,329.6626892089844,241.235107421875,277.0799865722656,341.29998779296875,195.64852905273438,715.1632690429688,270.2136535644531,45.64691925048828,163.63172912597656,151.60302734375,383.2702941894531,92.08177947998047,215.40969848632812,105.88785552978516,127.7836685180664,310.10418701171875,48.246612548828125,254.420166015625,159.3464813232422,61.27889633178711,156.66380310058594,154.7212371826172,402.6422424316406,309.53997802734375,315.9394226074219,159.4507598876953,128.75955200195312,619.2369995117188,373.1199951171875,236.3855438232422,138.4002227783203,186.3304443359375,661.9766845703125,58.25823211669922,432.48291015625,714.8975830078125,88.51365661621094,457.494140625,262.9731140136719,87.36239624023438,369.43438720703125,66.6501235961914,438.4079284667969,,37.617942810058594,122.5069351196289,393.00787353515625,341.8822021484375,56.47999954223633,472.22015380859375,143.25,230.8479766845703,82.58539581298828,70.27532958984375,144.39500427246094,164.40672302246094,155.395751953125,538.6961669921875,96.58565521240234,156.42698669433594,884.703125,97.87496185302734,72.95083618164062,46.735904693603516,530.1099853515625,69.59568786621094,409.16400146484375,491.5277099609375,330.8693542480469,152.5358123779297,567.9816284179688,170.17999267578125,165.2606201171875,472.7554626464844,271.09344482421875,397.70001220703125,206.5334014892578,59.012359619140625,113.4696273803711,149.99215698242188
2024-04-26,167.77310180664062,150.40264892578125,103.95446014404297,301.122802734375,477.55999755859375,195.6868896484375,71.3608169555664,157.39999389648438,254.0242156982422,179.6199951171875,66.17500305175781,281.5389404296875,224.22312927246094,131.71644592285156,230.58770751953125,36.10600280761719,174.80136108398438,138.6141357421875,730.584716796875,402.1000061035156,73.16999816894531,334.9100036621094,240.7349090576172,282.4100036621094,341.2614440917969,194.17567443847656,722.4154663085938,271.35137939453125,45.419166564941406,163.87274169921875,152.16253662109375,382.560302734375,90.85440063476562,216.69357299804688,106.16806030273438,128.10464477539062,317.14532470703125,49.32093048095703,254.72682189941406,160.42356872558594,61.41972732543945,172.27561950683594,170.5404815673828,409.8505859375,302.21832275390625,318.8991394042969,157.7704315185547,128.642333984375,629.281005859375,375.3299865722656,236.4998321533203,137.75918579101562,186.44610595703125,694.7435302734375,58.25823211669922,431.84954833984375,723.4187622070312,90.86035919189453,457.8010559082031,260.5781555175781,88.67930603027344,370.36981201171875,66.47126770019531,440.3050231933594,,37.479705810546875,122.95677947998047,400.177734375,339.3941650390625,56.12300109863281,464.857177734375,144.7100067138672,229.99485778808594,87.68553161621094,69.59532928466797,145.7100067138672,163.38314819335938,154.19117736816406,542.8733520507812,97.24918365478516,158.68765258789062,877.2734375,97.58627319335938,73.04824829101562,46.509033203125,543.6599731445312,68.5101547241211,409.4397888183594,496.1843566894531,329.3580017089844,152.81410217285156,569.8392333984375,168.2899932861328,167.363525390625,474.1818542480469,270.4629211425781,397.4800109863281,204.0087890625,58.963348388671875,110.31794738769531,154.9410400390625
2024-04-29,171.93524169921875,152.1929168701172,103.70310974121094,296.3811950683594,473.07000732421875,197.55682373046875,72.51937103271484,160.1999969482422,260.04595947265625,180.9600067138672,65.9175033569336,277.59783935546875,226.1606903076172,131.18234252929688,233.79736328125,35.83876037597656,176.2281951904297,138.36691284179688,729.0523681640625,400.9599914550781,72.5,341.171630859375,244.4324951171875,282.489990234375,343.1580810546875,192.9605712890625,719.5918579101562,272.7857666015625,45.34325408935547,163.77438354492188,152.5661163330078,389.98138427734375,91.80284118652344,217.25222778320312,106.04244995117188,128.6238555908203,319.3065490722656,51.186336517333984,254.74594116210938,162.5381622314453,61.90793991088867,166.53277587890625,164.78802490234375,412.9563293457031,306.8793640136719,320.5264892578125,158.05360412597656,127.74366760253906,631.0999755859375,374.1400146484375,237.41429138183594,138.4002227783203,186.24371337890625,702.2884521484375,58.54132080078125,433.69122314453125,727.0579833984375,91.19810485839844,452.5342102050781,261.01702880859375,88.28138732910156,368.8829040527344,67.6197509765625,429.7069091796875,,37.85985565185547,121.94464111328125,396.16937255859375,340.57940673828125,55.94900131225586,470.43988037109375,144.23199462890625,231.4326934814453,87.70751190185547,69.13600158691406,146.7050018310547,163.90423583984375,154.54490661621094,543.6576538085938,98.13700103759766,162.07867431640625,886.4911499023438,98.57743835449219,72.62937927246094,46.51848602294922,544.760009765625,69.6144027709961,408.9769592285156,497.9416198730469,332.55731201171875,151.87718200683594,573.107666015625,194.0500030517578,169.0703125,468.1319274902344,267.822509765625,396.20001220703125,205.9993438720703,59.041770935058594,111.88910675048828,156.1929168701172
2024-04-30,168.7938232421875,153.2482452392578,102.44635009765625,294.1814880371094,462.8299865722656,194.3691864013672,72.10765075683594,158.3800048828125,257.7502136230469,175.0,64.13999938964844,279.2265930175781,224.47006225585938,127.42412567138672,229.01220703125,35.323368072509766,177.1038818359375,135.89584350585938,722.6934814453125,396.7300109863281,71.87000274658203,326.31732177734375,243.86363220214844,275.6300048828125,343.7356872558594,192.97898864746094,716.193603515625,266.0586242675781,44.58404541015625,161.93206787109375,147.92486572265625,380.69293212890625,91.36580657958984,221.64295959472656,104.12950897216797,124.73448181152344,311.23858642578125,48.77400588989258,250.83651733398438,159.8998565673828,61.21318054199219,163.29931640625,161.4456329345703,409.0262145996094,305.3026428222656,318.07122802734375,156.8925018310547,125.77058410644531,618.475830078125,370.6199951171875,232.52767944335938,136.29811096191406,184.75978088378906,678.0502319335938,58.28654098510742,429.686279296875,770.3541259765625,87.82044982910156,446.69317626953125,260.5304260253906,87.14448547363281,364.65863037109375,67.72330474853516,427.2734069824219,,37.851219177246094,121.1011962890625,383.4446105957031,332.2140808105469,55.06399917602539,469.28851318359375,138.66600036621094,220.77362060546875,86.353271484375,67.55066680908203,145.44500732421875,163.6902313232422,156.01712036132812,534.3131103515625,95.37074279785156,158.8696746826172,884.6834106445312,97.69212341308594,72.03518676757812,44.88311004638672,530.5900268554688,68.78153228759766,409.4889831542969,490.0536193847656,330.2314758300781,149.32626342773438,564.9912719726562,183.27999877929688,166.36392211914062,463.0296630859375,264.6402587890625,392.80999755859375,201.98912048339844,58.169464111328125,110.60785675048828,155.7430419921875
2024-05-01,167.77310180664062,152.38137817382812,102.75569915771484,291.9818420410156,469.3900146484375,187.8582305908203,72.58638000488281,144.27000427246094,260.9774475097656,179.0,63.8025016784668,281.0088195800781,225.56231689453125,121.79806518554688,226.49732971191406,35.26610565185547,176.4395751953125,134.46328735351562,719.7630615234375,398.5799865722656,72.20999908447266,322.9036865234375,245.12884521484375,274.54998779296875,343.8704833984375,191.53378295898438,715.5199584960938,265.8113098144531,44.45118713378906,163.2234344482422,146.42056274414062,376.8899230957031,92.77915954589844,220.49627685546875,102.84454345703125,122.67649841308594,305.1460266113281,48.74470138549805,249.8304443359375,157.8050079345703,61.504234313964844,164.22174072265625,162.51681518554688,409.2562561035156,304.9281921386719,315.92987060546875,155.2216339111328,125.69243621826172,608.1748046875,371.70001220703125,230.77500915527344,142.51016235351562,184.87542724609375,655.1793212890625,58.43751907348633,431.3038330078125,766.0638427734375,85.23712158203125,437.6543273925781,261.85675048828125,84.12218475341797,367.17938232421875,66.54656982421875,436.232666015625,,37.85985565185547,120.70757293701172,388.9698181152344,329.12847900390625,55.17100143432617,470.5849914550781,137.1219940185547,221.0228271484375,82.99415588378906,67.00733184814453,143.6699981689453,162.9830322265625,156.20831298828125,532.4010009765625,95.21185302734375,157.20289611816406,897.4172973632812,97.40345001220703,72.63912963867188,44.58060836791992,522.1799926757812,69.73605346679688,409.8533630371094,488.46234130859375,322.0075988769531,145.1056365966797,571.22021484375,179.99000549316406,165.21343994140625,463.4221496582031,263.3693542480469,402.1400146484375,200.765625,57.67940139770508,108.51298522949219,155.01927185058594
2024-05-02,171.46949768066406,151.52392578125,102.39800262451172,293.6242370605469,476.57000732421875,190.37733459472656,74.77901458740234,146.16000366210938,261.9371643066406,184.72000122070312,65.46499633789062,277.3255310058594,231.45089721679688,121.37765502929688,227.51499938964844,35.19929885864258,181.44467163085938,136.71783447265625,724.95361328125,400.6000061035156,72.02999877929688,327.1658935546875,245.44268798828125,276.44000244140625,331.6629943847656,190.9906768798828,725.6452026367188,269.2144775390625,44.40373992919922,162.9036407470703,147.4295654296875,385.1182861328125,92.34213256835938,222.24075317382812,102.80590057373047,124.42295837402344,308.3145446777344,47.64108657836914,251.07606506347656,160.71011352539062,61.33524703979492,167.08822631835938,165.25416564941406,414.6433410644531,304.3369445800781,319.31787109375,155.46707153320312,123.60212707519531,607.028076171875,377.6499938964844,230.55589294433594,141.3224334716797,184.68272399902344,670.9282836914062,58.494136810302734,408.8918762207031,745.5106201171875,86.76689147949219,436.69403076171875,260.7594299316406,84.75695037841797,370.63568115234375,66.36771392822266,438.7058410644531,,37.99810028076172,120.20149993896484,391.8259582519531,329.3635559082031,56.51499938964844,459.58404541015625,139.1439971923828,225.42919921875,85.76860046386719,67.08200073242188,147.66000366210938,163.26219177246094,156.62893676757812,520.3597412109375,97.68841552734375,172.51991271972656,931.318359375,98.04817199707031,73.37945556640625,44.977638244628906,523.3800048828125,70.49405670166016,410.601806640625,493.0310974121094,320.5453186035156,146.67332458496094,567.5047607421875,180.00999450683594,165.77928161621094,471.90350341796875,263.655029296875,400.1600036621094,201.15402221679688,58.522300720214844,108.70938110351562,163.55758666992188
2024-05-03,181.72613525390625,154.33184814453125,102.37866973876953,296.91888427734375,486.17999267578125,193.419677734375,75.14286804199219,150.60000610351562,292.8927917480469,186.2100067138672,68.5999984741211,277.20672607421875,233.5214080810547,125.25248718261719,225.82212829589844,35.552433013916016,177.1642608642578,140.8305206298828,731.571044921875,400.8699951171875,72.8499984741211,328.4435729980469,243.7655487060547,281.6300048828125,328.77471923828125,191.14715576171875,736.9988403320312,270.7280578613281,44.71690368652344,165.79379272460938,146.9892578125,389.98138427734375,93.2254867553711,222.966064453125,102.93150329589844,122.74256896972656,314.3664855957031,49.2720947265625,249.7537384033203,162.16265869140625,60.818870544433594,167.61390686035156,165.86911010742188,420.0208435058594,303.27276611328125,326.2841796875,156.42994689941406,127.4701919555664,622.0841674804688,381.3599853515625,232.34671020507812,140.70973205566406,183.57455444335938,685.231201171875,58.66398239135742,412.7701110839844,724.8587036132812,89.20686340332031,439.14923095703125,257.9350280761719,86.55707550048828,374.73193359375,65.79347229003906,448.91668701171875,,37.66114044189453,119.49862670898438,400.51263427734375,346.4665222167969,57.933998107910156,453.8658447265625,143.3300018310547,227.11654663085938,88.7389144897461,67.52999877929688,148.10499572753906,163.91354370117188,157.22164916992188,525.7528076171875,98.95941162109375,172.0792694091797,950.5782470703125,97.57665252685547,74.0710678100586,45.053260803222656,536.9400024414062,70.98068237304688,418.69647216796875,499.1423645019531,322.3314514160156,146.59910583496094,568.6273193359375,181.19000244140625,168.71200561523438,471.40576171875,264.52203369140625,401.0799865722656,201.8531494140625,58.63011169433594,108.48492431640625,163.4010772705078
2024-05-06,180.0712127685547,153.3330535888672,102.12730407714844,299.21636962890625,493.5899963378906,196.994873046875,76.56950378417969,155.77999877929688,281.78076171875,188.6999969482422,69.70500183105469,282.6524353027344,235.16455078125,128.4080352783203,229.30577087402344,35.97238540649414,178.5986328125,141.6584014892578,741.8468627929688,404.9200134277344,72.55000305175781,333.66156005859375,247.20814514160156,285.19000244140625,329.6508483886719,191.46932983398438,749.4324951171875,272.677001953125,44.707420349121094,168.66180419921875,148.86962890625,390.83734130859375,93.37425231933594,224.38714599609375,102.64167022705078,123.17683410644531,320.9774475097656,49.79949188232422,249.40882873535156,165.9768524169922,61.53240203857422,168.4470672607422,166.72206115722656,425.2833251953125,305.5392150878906,325.75128173828125,159.1675262451172,128.23208618164062,627.3927612304688,383.04998779296875,233.5564422607422,140.0592803955078,185.0102996826172,706.665771484375,58.83383560180664,415.7129211425781,756.1323852539062,90.77886199951172,444.88134765625,256.9617919921875,88.8309097290039,381.76263427734375,65.83112335205078,462.5442810058594,,37.57474136352539,119.55485534667969,407.2886657714844,342.48956298828125,59.696998596191406,453.6432189941406,145.31199645996094,222.2184295654297,92.08802795410156,67.73933410644531,150.28500366210938,163.60647583007812,157.20252990722656,540.07861328125,97.81925964355469,174.19625854492188,952.2070922851562,98.06743621826172,74.86983489990234,45.33686065673828,545.5399780273438,70.62507629394531,419.267578125,504.2969665527344,319.4363708496094,146.8866729736328,569.7897338867188,184.75999450683594,171.31468200683594,473.2533264160156,268.6402587890625,402.5,204.45545959472656,58.67911911010742,109.18634796142578,162.3056640625
2024-05-07,180.7549591064453,153.1634521484375,102.63967895507812,303.7135009765625,492.2699890136719,197.2371063232422,76.8663101196289,154.42999267578125,282.5522766113281,188.75999450683594,68.49749755859375,285.5039978027344,236.16180419921875,127.70243835449219,229.62869262695312,36.11555099487305,179.02891540527344,141.93394470214844,747.8609619140625,406.1400146484375,73.43000030517578,336.49005126953125,247.11004638671875,284.0400085449219,333.7810363769531,191.7823028564453,764.1546020507812,274.2103576660156,44.868743896484375,170.40328979492188,149.20899963378906,394.4651794433594,95.08514404296875,228.2780303955078,103.76237487792969,122.96913146972656,321.163818359375,50.190147399902344,248.62307739257812,166.77725219726562,61.45729064941406,171.5714111328125,169.84620666503906,425.407958984375,309.8652038574219,324.22857666015625,158.95042419433594,130.61541748046875,633.8285522460938,388.6499938964844,235.4139404296875,140.19125366210938,184.7694091796875,702.7311401367188,59.08860778808594,419.0064697265625,767.0698852539062,89.83331298828125,448.5345458984375,255.24424743652344,87.22028350830078,387.9366149902344,66.7348403930664,465.0870666503906,,37.88577651977539,122.18829345703125,403.1521911621094,350.8451232910156,60.599998474121094,458.3746032714844,142.66600036621094,224.00216674804688,90.50292205810547,68.04733276367188,152.75999450683594,165.65367126464844,158.46444702148438,539.4805908203125,100.7070083618164,172.56777954101562,963.4611206054688,99.337646484375,73.5840072631836,45.535369873046875,549.6099853515625,72.01006317138672,422.0249328613281,504.8534240722656,325.9527282714844,148.7975311279297,569.1140747070312,177.80999755859375,173.4991912841797,479.55206298828125,272.374267578125,410.239990234375,204.39718627929688,59.41420364379883,108.64391326904297,164.75076293945312
2024-05-08,181.0919189453125,151.1847381591797,101.45059204101562,305.01373291015625,488.1000061035156,198.48696899414062,76.49290466308594,153.6199951171875,289.14801025390625,188.0,72.9175033569336,281.0088195800781,233.90135192871094,129.88389587402344,231.17481994628906,35.99147415161133,176.3338623046875,144.08299255371094,745.3806762695312,406.3699951171875,72.72000122070312,336.00238037109375,246.79620361328125,282.57000732421875,334.40679931640625,195.00416564941406,756.3278198242188,275.9811706542969,45.552024841308594,169.852294921875,149.08975219726562,394.31927490234375,95.19673919677734,228.58184814453125,108.83456420898438,122.5632095336914,324.0769958496094,48.79353713989258,247.22413635253906,166.85630798339844,60.95030212402344,169.76625061035156,167.99156188964844,428.4274597167969,304.9085693359375,322.4584045410156,160.38526916503906,130.2930908203125,625.2079467773438,380.3699951171875,235.6615753173828,140.40805053710938,188.52743530273438,705.4559326171875,59.30563735961914,416.7750549316406,764.3380126953125,89.67327117919922,450.2274169921875,256.1889343261719,87.1539535522461,389.8764343261719,66.30181884765625,469.417724609375,,38.265933990478516,121.41046905517578,404.333984375,351.6777038574219,60.946998596191406,456.3040771484375,144.20599365234375,223.82862854003906,90.36101531982422,68.02266693115234,151.5050048828125,165.0860137939453,157.80482482910156,544.1185302734375,98.95004272460938,172.9509735107422,949.3465576171875,100.02088165283203,74.42174530029297,45.2423210144043,550.489990234375,72.64640045166016,422.66497802734375,504.90216064453125,323.1459655761719,148.03688049316406,569.8790893554688,174.72000122070312,174.71495056152344,481.7059631347656,273.0934753417969,418.82000732421875,203.91171264648438,59.10056686401367,108.62521362304688,161.2982940673828
2024-05-09,182.90542602539062,151.13758850097656,101.1895751953125,299.7540283203125,482.6499938964844,198.41915893554688,76.48332214355469,152.38999938964844,294.3699645996094,189.5,74.01750183105469,284.7415771484375,238.0233612060547,127.95329284667969,234.0126495361328,36.535491943359375,177.4058380126953,148.8082275390625,755.723388671875,408.82000732421875,74.0999984741211,343.102783203125,249.15989685058594,285.2799987792969,337.8918762207031,196.6334686279297,771.8128051757812,272.221923828125,45.35273361206055,171.25680541992188,151.7589569091797,397.80126953125,95.79183197021484,228.9248809814453,111.67498016357422,123.25235748291016,326.88226318359375,49.887386322021484,251.1048126220703,165.512451171875,60.631103515625,170.1828155517578,168.56680297851562,436.6805725097656,317.19671630859375,330.65240478515625,158.51669311523438,131.8168487548828,619.7017211914062,385.45001220703125,237.88104248046875,141.2564697265625,190.3101043701172,699.0816040039062,59.33395004272461,418.87005615234375,760.9354248046875,89.10966491699219,450.9403076171875,255.67367553710938,86.6707763671875,395.38079833984375,66.08529663085938,472.21868896484375,,38.62879943847656,122.0477294921875,406.0870666503906,352.74542236328125,61.20899963378906,458.0649719238281,144.58799743652344,218.2266387939453,88.69694519042969,68.71466827392578,147.8350067138672,165.6908721923828,158.7321319580078,551.4058837890625,101.07149505615234,172.94137573242188,961.50439453125,101.75300598144531,73.72785949707031,45.82841110229492,549.8800048828125,73.22660064697266,425.6980285644531,507.8114318847656,324.6965026855469,152.42449951171875,574.140869140625,171.97000122070312,176.0161590576172,485.3627014160156,274.4234924316406,418.989990234375,204.39718627929688,59.44282913208008,110.76685333251953,164.4378204345703
2024-05-10,181.64517211914062,151.46739196777344,101.25724029541016,299.4803161621094,482.2900085449219,200.74449157714844,76.70354461669922,151.9199981689453,291.82012939453125,187.47999572753906,78.50749969482422,290.2071533203125,237.96640014648438,130.6120147705078,237.10488891601562,36.69774627685547,177.91163635253906,149.8207244873047,762.9442749023438,412.04998779296875,73.69000244140625,346.0385437011719,249.9445343017578,287.4800109863281,335.4080505371094,191.8927764892578,779.8873291015625,273.705810546875,45.608970642089844,172.24559020996094,152.09835815429688,396.7216491699219,95.46639251708984,228.86607360839844,111.6363296508789,122.81810760498047,324.2437438964844,50.38548278808594,254.62139892578125,161.44134521484375,61.92671585083008,168.90333557128906,167.26751708984375,435.8849792480469,321.8872375488281,329.69122314453125,159.3556365966797,130.87916564941406,625.08935546875,386.70001220703125,238.4525909423828,141.3130340576172,191.5338592529297,706.5577392578125,59.69252014160156,423.2842712402344,749.5443115234375,89.88337707519531,452.4154052734375,262.4006652832031,86.6897201538086,394.2189025878906,67.02667999267578,472.99346923828125,,38.792964935302734,121.8884048461914,408.47052001953125,355.42938232421875,61.08700180053711,459.3905029296875,145.95799255371094,222.04486083984375,89.82731628417969,67.95532989501953,148.73500061035156,167.30068969726562,159.5064697265625,551.8385620117188,100.45467376708984,174.4165496826172,967.2654418945312,102.3111343383789,74.38265228271484,45.847320556640625,556.7100219726562,73.12367248535156,424.989013671875,508.4654846191406,324.4217224121094,151.3206329345703,589.1419677734375,168.47000122070312,177.65931701660156,490.8957214355469,276.5909729003906,422.7799987792969,205.3584747314453,59.4821662902832,110.31794738769531,165.32781982421875
2024-05-13,184.85037231445312,151.96676635742188,101.2862319946289,300.5361633300781,483.1099853515625,201.89747619628906,75.63117980957031,150.55999755859375,290.22064208984375,186.57000732421875,77.46749877929688,285.73175048828125,237.69093322753906,131.07357788085938,233.53314208984375,36.46868133544922,178.8779754638672,147.42919921875,756.87255859375,411.2200012207031,72.80999755859375,347.8819580078125,249.65028381347656,284.4599914550781,336.1300964355469,193.23675537109375,767.958984375,274.54669189453125,46.197349548339844,169.7465057373047,150.9150848388672,396.8188781738281,95.67094421386719,227.13134765625,110.93106079101562,122.15727996826172,322.2231750488281,50.82497787475586,255.73291015625,157.6073760986328,63.41009521484375,169.50833129882812,167.75352478027344,434.7634582519531,312.5553283691406,324.4855041503906,159.74655151367188,130.6349639892578,620.0278930664062,380.8800048828125,238.41448974609375,142.54786682128906,191.4953155517578,702.5048217773438,59.994476318359375,423.66424560546875,747.2760009765625,88.741455078125,453.1876220703125,258.8892822265625,87.67504119873047,391.392822265625,67.55386352539062,464.85858154296875,,38.91392517089844,121.16678619384766,407.4659118652344,350.6785583496094,61.659000396728516,461.1805114746094,146.0240020751953,222.71014404296875,90.34801483154297,67.51667022705078,151.125,168.33360290527344,158.56959533691406,541.9058227539062,100.63225555419922,176.45693969726562,970.404296875,101.81074523925781,73.00465393066406,46.083648681640625,557.3900146484375,73.64771270751953,421.4832763671875,508.5338134765625,318.5138854980469,149.25205993652344,586.8272705078125,171.88999938964844,178.39068603515625,489.87139892578125,275.2609558105469,429.92999267578125,204.70794677734375,59.41332244873047,110.27118682861328,164.22264099121094
2024-05-14,185.99154663085938,152.25888061523438,100.55150604248047,300.0864562988281,475.95001220703125,205.34669494628906,76.06204986572266,153.16000366210938,293.00567626953125,187.07000732421875,78.41500091552734,285.0782470703125,236.07630920410156,135.240478515625,236.35140991210938,36.735931396484375,177.4058380126953,148.52554321289062,768.9679565429688,410.239990234375,73.48999786376953,349.3449401855469,248.29681396484375,283.3299865722656,333.5114440917969,194.04681396484375,770.6834106445312,273.8343811035156,46.453582763671875,169.4853057861328,150.0712127685547,401.4777526855469,95.13163757324219,227.2783660888672,110.47698211669922,122.18559265136719,324.12603759765625,52.231346130371094,248.21109008789062,158.1014404296875,63.51336669921875,170.52996826171875,168.9436798095703,439.4700012207031,315.82696533203125,324.0477294921875,159.5558624267578,131.26986694335938,628.1638793945312,384.19000244140625,237.5476531982422,142.69871520996094,194.17410278320312,719.4784545898438,59.54153823852539,421.0625915527344,753.469482421875,89.60060119628906,449.6631774902344,258.2594909667969,88.92564392089844,395.9421081542969,67.7138900756836,468.6727294921875,,39.31135940551758,120.57637023925781,410.26300048828125,353.6661682128906,61.36600112915039,458.6842041015625,144.32400512695312,221.7073974609375,91.30447387695312,67.11799621582031,150.77000427246094,167.37513732910156,158.46444702148438,540.3028564453125,101.19297790527344,181.01657104492188,978.03271484375,101.71450805664062,75.32087707519531,45.960758209228516,559.6300048828125,73.65707397460938,421.50299072265625,510.8670654296875,318.25872802734375,148.467529296875,590.900390625,177.5500030517578,181.5344696044922,491.9200134277344,273.6353454589844,428.5899963378906,203.7757568359375,58.872398376464844,110.94058227539062,165.16156005859375
2024-05-15,188.26394653320312,154.33184814453125,101.11222076416016,301.6213073730469,485.3500061035156,209.03819274902344,75.54499816894531,159.6699981689453,300.18475341796875,185.99000549316406,81.50749969482422,284.9495544433594,238.96363830566406,140.74209594726562,236.5177459716797,37.13678741455078,179.13461303710938,149.30030822753906,781.1687622070312,412.760009765625,74.44999694824219,351.15911865234375,248.11044311523438,293.1000061035156,330.4884338378906,191.70867919921875,779.7385864257812,284.4593811035156,47.13685607910156,170.6436309814453,149.55755615234375,402.68377685546875,96.09867858886719,228.3074188232422,110.93106079101562,121.8646240234375,331.4923095703125,52.358314514160156,248.4793701171875,161.5302734375,62.91250991821289,172.46408081054688,171.09588623046875,446.774169921875,322.1927185058594,331.8230285644531,160.4138946533203,134.6690673828125,647.6488647460938,399.3900146484375,237.27137756347656,143.9147186279297,194.7522735595703,748.8521728515625,59.569847106933594,419.8055114746094,777.5156860351562,93.05780029296875,453.42523193359375,261.3223876953125,90.3468017578125,403.62261962890625,67.14906311035156,478.2975158691406,,39.61375045776367,123.45347595214844,417.4360046386719,357.56475830078125,61.35200119018555,454.40765380859375,152.11399841308594,223.0765838623047,94.57662200927734,67.3586654663086,156.16000366210938,166.99363708496094,159.18145751953125,544.1087646484375,102.79106140136719,186.41920471191406,971.6458740234375,101.3777084350586,76.89431762695312,45.66771697998047,580.2000122070312,74.1998291015625,429.0560302734375,517.1930541992188,325.80548095703125,147.11322021484375,595.0927124023438,173.99000549316406,185.7135467529297,495.4330749511719,277.3397521972656,437.489990234375,202.94064331054688,58.842891693115234,111.79853820800781,169.47471618652344
2024-05-16,188.383056640625,154.85951232910156,101.3829116821289,301.1129455566406,482.8800048828125,207.45889282226562,75.39179992675781,162.6199951171875,298.2232666015625,183.6300048828125,80.02249908447266,289.1377868652344,244.1304168701172,138.38621520996094,236.14590454101562,37.43266296386719,178.62884521484375,147.0359344482422,773.5169677734375,413.1199951171875,74.55000305175781,342.0689392089844,259.7916564941406,288.92999267578125,326.6182556152344,195.82342529296875,785.7127075195312,281.6299743652344,45.87469482421875,170.3922576904297,149.25181579589844,383.6302185058594,96.58233642578125,227.99383544921875,109.49947357177734,120.7601089477539,323.8612060546875,50.82497787475586,247.96194458007812,159.2081298828125,63.710533142089844,174.00146484375,172.75218200683594,445.2692565917969,318.0046691894531,326.16998291015625,161.09078979492188,133.92674255371094,645.908935546875,396.42999267578125,237.9191436767578,145.43238830566406,195.09918212890625,738.7586669921875,59.74913787841797,418.7044372558594,761.8076171875,92.58158874511719,454.2864990234375,260.9788818359375,89.2856674194336,406.5531921386719,67.70448303222656,470.04345703125,,39.70015335083008,122.65690612792969,415.3738708496094,358.9166259765625,61.051998138427734,455.41387939453125,151.6020050048828,224.22396850585938,94.30579376220703,67.0653305053711,158.38999938964844,170.3900604248047,160.47201538085938,530.5569458007812,103.5386962890625,185.13560485839844,961.4844360351562,100.91303253173828,76.26885223388672,45.771697998046875,569.27001953125,74.2840576171875,431.34063720703125,516.1289672851562,327.7584533691406,150.04595947265625,593.2349853515625,174.83999633789062,185.18170166015625,498.99420166015625,276.21453857421875,440.6400146484375,206.0478973388672,62.95392608642578,111.129150390625,169.8953094482422
2024-05-17,188.41282653808594,156.8099822998047,100.62885284423828,296.80157470703125,483.42999267578125,207.42013549804688,77.1152572631836,164.47000122070312,296.0911865234375,184.6999969482422,79.97250366210938,289.5635070800781,249.50616455078125,136.73593139648438,237.61375427246094,37.49946975708008,178.38726806640625,145.98638916015625,777.8358764648438,416.94000244140625,74.6500015258789,347.4820251464844,269.0110778808594,288.80999755859375,326.0887451171875,196.2008514404297,788.4273071289062,282.5500183105469,45.713356018066406,170.57952880859375,150.7156982421875,386.14923095703125,97.56845092773438,229.00328063964844,109.55770874023438,122.66706085205078,323.9200134277344,52.963836669921875,246.49591064453125,157.9927520751953,63.579097747802734,175.84629821777344,174.61679077148438,448.336669921875,318.1525573730469,327.57843017578125,161.14797973632812,135.186767578125,653.6296997070312,398.82000732421875,238.70977783203125,145.77175903320312,197.33470153808594,736.9844970703125,59.475486755371094,421.4620361328125,760.7011108398438,89.5544662475586,455.6725158691406,259.900634765625,89.3709487915039,408.4280090332031,67.05492401123047,468.7323303222656,,39.812469482421875,122.94742584228516,414.60430908203125,360.27813720703125,62.11000061035156,454.95916748046875,153.00999450683594,223.1826171875,92.42684173583984,67.47066497802734,158.9250030517578,169.53396606445312,160.26170349121094,536.0838012695312,104.20223236083984,185.70077514648438,975.6984252929688,100.85494995117188,76.99205780029297,45.932403564453125,566.72998046875,75.1151123046875,435.14178466796875,516.8709106445312,328.44537353515625,149.56027221679688,591.3969116210938,177.4600067138672,185.2291717529297,502.2105712890625,276.4711608886719,445.2099914550781,204.3389434814453,63.583377838134766,112.79792022705078,170.23756408691406
2024-05-20,189.57382202148438,155.05735778808594,99.77811431884766,298.8644104003906,484.69000244140625,210.71437072753906,75.4396743774414,166.3300018310547,298.0527038574219,183.5399932861328,79.84750366210938,290.0684814453125,252.83985900878906,138.57240295410156,237.10488891601562,37.05088424682617,179.01380920410156,148.35903930664062,771.103515625,413.0,75.36000061035156,353.80224609375,259.0658874511719,292.4700012207031,320.9477233886719,194.47946166992188,785.6433715820312,283.9944152832031,44.726402282714844,171.8906707763672,149.29812622070312,380.760986328125,97.35245513916016,230.0127716064453,110.35356903076172,122.5915298461914,326.8724365234375,53.579132080078125,244.0620880126953,157.38998413085938,63.74808883666992,177.0067901611328,175.4697723388672,443.7547302246094,320.3106384277344,321.49725341796875,161.99647521972656,133.7704620361328,662.497314453125,400.0299987792969,238.7002410888672,143.7476806640625,188.45999145507812,761.7451171875,59.04142761230469,421.5498352050781,773.7219848632812,92.49715423583984,455.0685729980469,255.59730529785156,91.38895416259766,407.0959777832031,66.15119934082031,465.6830139160156,,39.65694808959961,122.7599868774414,419.6658935546875,360.8952941894531,64.08200073242188,453.720703125,154.83599853515625,222.08346557617188,94.72654724121094,66.35533142089844,161.88499450683594,167.7845458984375,159.94622802734375,538.926025390625,104.71623229980469,189.4366455078125,980.64501953125,101.66812896728516,76.8747787475586,45.59208679199219,574.3800048828125,74.78457641601562,431.0649108886719,517.4664306640625,323.5875549316406,146.36602783203125,590.1154174804688,174.9499969482422,189.19931030273438,495.1268310546875,274.93133544921875,445.8699951171875,202.4260711669922,63.121124267578125,111.88339233398438,170.56033325195312
2024-05-21,190.87379455566406,153.52151489257812,99.53642272949219,296.8504638671875,481.8500061035156,209.9005126953125,75.3343505859375,164.66000366210938,298.3464660644531,183.14999389648438,79.24749755859375,287.117919921875,251.3677215576172,137.1190948486328,237.8681640625,37.84306716918945,177.30018615722656,150.4738311767578,770.8545532226562,414.3699951171875,75.66999816894531,350.2130126953125,259.9093322753906,290.1000061035156,323.8455505371094,193.63258361816406,793.499755859375,280.71978759765625,44.546085357666016,172.5043487548828,148.21412658691406,376.15069580078125,98.02862548828125,230.3166046142578,110.35356903076172,121.68526458740234,330.2857971191406,53.05173873901367,241.7815704345703,159.089599609375,63.17538833618164,178.07798767089844,176.39210510253906,450.9151611328125,316.4378967285156,319.90789794921875,165.38095092773438,134.08303833007812,660.1939086914062,402.1099853515625,236.9761199951172,143.7191619873047,192.25657653808594,754.1947631835938,59.36225509643555,423.9176025390625,793.4705200195312,94.6533432006836,454.51422119140625,253.6889190673828,91.17192840576172,407.4709167480469,66.51832580566406,461.5013732910156,,40.028465270996094,122.54442596435547,423.3165588378906,362.178466796875,65.06099700927734,456.5846252441406,155.41000366210938,216.66464233398438,95.33219909667969,66.37266540527344,155.8300018310547,168.5010986328125,160.94046020507812,537.814697265625,103.36113739013672,192.39659118652344,987.2802124023438,102.0650634765625,77.10932922363281,45.648807525634766,571.530029296875,75.34175109863281,433.1624450683594,518.7355346679688,324.3529968261719,145.49740600585938,586.2510375976562,186.60000610351562,189.0188751220703,501.17669677734375,272.3749694824219,442.0,202.29010009765625,64.07512664794922,111.11029052734375,168.99545288085938
2024-05-22,189.43490600585938,150.39321899414062,101.33457946777344,300.2428283691406,483.92999267578125,232.68881225585938,75.55458068847656,165.52000427246094,293.1916198730469,183.1300048828125,79.125,281.84051513671875,251.35821533203125,136.43702697753906,234.9422607421875,37.94804763793945,176.99066162109375,150.5824737548828,765.759765625,413.989990234375,75.37000274658203,347.1602478027344,262.302490234375,292.8399963378906,323.93218994140625,194.67276000976562,794.4210815429688,280.7791748046875,45.0110969543457,172.95777893066406,145.99050903320312,375.4407653808594,97.14583587646484,229.04248046875,111.30474090576172,118.99478912353516,329.74639892578125,50.03388214111328,241.53245544433594,158.90184020996094,63.65420913696289,176.55052185058594,174.93417358398438,443.21795654296875,313.7674560546875,314.6165466308594,165.59068298339844,133.71182250976562,662.6158447265625,400.8999938964844,236.93801879882812,145.8667755126953,191.0906219482422,760.6707153320312,59.447181701660156,423.67401123046875,793.2136840820312,94.82716369628906,451.9599609375,253.593505859375,94.70344543457031,409.5824890136719,66.1041259765625,464.6301574707031,,40.01982116699219,122.86308288574219,424.7767639160156,363.4812927246094,64.0469970703125,459.2840576171875,154.16600036621094,222.363037109375,94.89644622802734,66.09600067138672,154.2899932861328,169.44091796875,160.42422485351562,537.028076171875,102.07144927978516,194.3890380859375,977.1983032226562,102.9169692993164,73.56170654296875,43.937801361083984,573.1300048828125,74.31239318847656,435.5553894042969,517.241943359375,329.171630859375,133.8131561279297,586.9265747070312,180.11000061035156,192.3716278076172,499.0707092285156,272.00970458984375,447.5299987792969,203.83399963378906,64.17346954345703,108.87582397460938,168.27171325683594
2024-05-23,185.44577026367188,149.12118530273438,100.76419830322266,299.0892333984375,483.30999755859375,227.2630157470703,74.2811279296875,160.42999267578125,290.4341125488281,181.0500030517578,75.3550033569336,276.5433349609375,249.7910919189453,136.5399169921875,230.41156005859375,37.38493728637695,173.89549255371094,147.7315216064453,751.3372192382812,405.8800048828125,74.37999725341797,342.0494384765625,258.0262451171875,294.69000244140625,325.2415466308594,195.21588134765625,788.9524536132812,275.58551025390625,44.22342300415039,171.54811096191406,145.4067840576172,368.8560485839844,95.59622955322266,228.4838409423828,109.17918395996094,117.08783721923828,331.9435119628906,50.00458526611328,238.86866760253906,163.29901123046875,62.12386703491211,173.6344757080078,172.1273651123047,439.16326904296875,310.7225036621094,311.09539794921875,162.7115020751953,132.25640869140625,654.6973876953125,398.3900146484375,229.99391174316406,142.25575256347656,189.75120544433594,754.1552734375,58.5885009765625,421.2476501464844,798.686767578125,94.0770034790039,446.7030029296875,246.11270141601562,93.41840362548828,401.61956787109375,64.81441497802734,462.64361572265625,,39.432308197021484,122.85370635986328,421.3037109375,355.919189453125,63.56700134277344,452.0468444824219,151.6300048828125,218.19775390625,103.74047088623047,65.05799865722656,155.72000122070312,166.81683349609375,158.2063446044922,517.850830078125,98.72576904296875,193.2682647705078,973.989990234375,102.04569244384766,70.69820404052734,43.786556243896484,586.2999877929688,72.876953125,429.627197265625,513.4638671875,323.9703063964844,134.87791442871094,581.1943359375,173.74000549316406,187.3852081298828,494.743896484375,270.6772155761719,450.79998779296875,203.41648864746094,63.77023696899414,107.01849365234375,167.14697265625
2024-05-24,188.52197265625,147.99046325683594,100.49349975585938,294.25970458984375,475.42999267578125,225.2767791748047,74.71199798583984,166.36000061035156,289.8087158203125,180.75,76.63749694824219,277.9790344238281,251.3202667236328,137.96580505371094,233.07321166992188,37.890785217285156,172.7178192138672,149.4113006591797,748.7994995117188,407.4100036621094,75.62999725341797,340.2938232421875,259.6739807128906,294.2799987792969,320.2160339355469,197.83937072753906,802.2181396484375,269.3727111816406,44.0526008605957,168.28016662597656,146.15728759765625,364.69329833984375,95.9531021118164,229.64031982421875,110.08182525634766,116.37037658691406,334.3662414550781,50.32687759399414,237.23973083496094,165.34445190429688,61.663841247558594,174.89413452148438,173.55557250976562,442.06768798828125,314.0531921386719,309.391845703125,162.92124938964844,133.1746063232422,600.0585327148438,404.8500061035156,228.67938232421875,139.6614990234375,193.40325927734375,767.9155883789062,58.503578186035156,424.4341125488281,797.6791381835938,95.29845428466797,446.67333984375,246.28445434570312,93.5040512084961,405.1520690917969,64.29666900634766,474.9998779296875,,39.30271530151367,121.35423278808594,424.4216003417969,357.1435852050781,64.67500305175781,453.290771484375,147.70199584960938,218.7376708984375,106.40895080566406,65.79733276367188,160.8000030517578,165.625732421875,158.0533905029297,521.0568237304688,97.89401245117188,201.50631713867188,978.4102172851562,102.87823486328125,70.62979888916016,43.71092987060547,587.4000244140625,73.42469024658203,431.5572509765625,516.8611450195312,329.2893371582031,135.64376831054688,580.2208251953125,179.24000549316406,189.18032836914062,486.4540100097656,270.933837890625,456.95001220703125,202.75619506835938,64.30132293701172,106.93363189697266,166.33518981933594
2024-05-28,188.5319061279297,146.36981201171875,98.56000518798828,291.0726013183594,478.42999267578125,226.17787170410156,74.07048034667969,171.61000061035156,284.4549560546875,182.14999389648438,76.87249755859375,276.50372314453125,251.33924865722656,138.4175567626953,232.1631622314453,37.528099060058594,171.2154998779297,149.2054443359375,738.7534790039062,403.8999938964844,75.16999816894531,337.9237976074219,257.5946960449219,296.2099914550781,320.793701171875,191.92959594726562,805.6261596679688,266.9391174316406,43.91974639892578,165.20443725585938,147.35244750976562,359.1590576171875,95.02334594726562,224.33811950683594,108.75213623046875,118.80596923828125,330.90374755859375,52.37785339355469,237.6708984375,166.5598907470703,60.03022766113281,176.5703887939453,174.95399475097656,440.7544250488281,314.01373291015625,312.81793212890625,161.7486114501953,130.5763397216797,593.1681518554688,401.0299987792969,226.14559936523438,137.20030212402344,192.2373046875,774.8943481445312,58.33372116088867,418.9285583496094,798.1038818359375,95.36620330810547,440.63427734375,241.923828125,94.06566619873047,400.4158020019531,63.60944747924805,476.6883850097656,,39.29407501220703,118.16783905029297,424.5794677734375,352.5299072265625,64.9000015258789,442.6686706542969,145.77200317382812,214.83265686035156,113.83676147460938,63.83399963378906,154.0050048828125,161.3359832763672,155.9310760498047,517.8212890625,98.12764739990234,204.11183166503906,966.6296997070312,102.15217590332031,69.18338775634766,43.98506546020508,587.9400024414062,73.22637939453125,424.42767333984375,517.222412109375,332.9891357421875,137.39036560058594,568.8160400390625,176.75,189.57923889160156,482.1558532714844,267.4693298339844,446.8800048828125,200.47430419921875,63.96694564819336,108.29129791259766,167.53817749023438
2024-05-29,188.82957458496094,145.8515625,97.38057708740234,287.2011413574219,477.6000061035156,221.05242919921875,74.27154541015625,165.13999938964844,280.8351135253906,182.02000427246094,77.07749938964844,273.0976867675781,247.19818115234375,136.28314208984375,230.8812713623047,36.955448150634766,169.9095001220703,147.00758361816406,724.5513916015625,404.0899963378906,74.9800033569336,329.76995849609375,256.5060119628906,291.70001220703125,320.5145263671875,189.5270233154297,799.0379028320312,268.7099304199219,43.729949951171875,163.52609252929688,145.36973571777344,354.9865417480469,94.3095932006836,221.6233673095703,107.6553955078125,115.09593963623047,326.5193786621094,51.537925720214844,234.86337280273438,161.6587371826172,59.61713790893555,175.95541381835938,174.4580841064453,438.2238464355469,320.3894348144531,310.1626892089844,159.2603302001953,128.8865203857422,591.447998046875,398.3999938964844,223.85946655273438,137.25729370117188,190.8979034423828,761.3114013671875,58.22049331665039,415.2841491699219,801.7296142578125,93.59685516357422,438.0503234863281,237.94491577148438,90.9625244140625,394.5743408203125,63.00696563720703,471.1658020019531,,39.00896072387695,117.98977661132812,423.4447937011719,349.8067626953125,65.46199798583984,433.8153381347656,146.2239990234375,211.16871643066406,114.76022338867188,63.86000061035156,153.4499969482422,159.2608642578125,154.5353240966797,514.52685546875,98.12764739990234,199.49468994140625,960.00439453125,101.23249816894531,68.92929077148438,43.14374542236328,580.2100219726562,72.90528869628906,419.365234375,513.6004638671875,334.7850341796875,137.98809814453125,563.5806274414062,176.19000244140625,185.12469482421875,464.0060729980469,265.376708984375,441.1300048828125,198.24099731445312,63.848907470703125,107.13162994384766,167.04916381835938
2024-05-30,189.82192993164062,147.28378295898438,98.35698699951172,278.4317321777344,445.8699951171875,222.84486389160156,74.92263793945312,166.75,285.222412109375,179.32000732421875,75.91500091552734,274.17694091796875,247.4166717529297,133.6774139404297,232.13381958007812,36.869544982910156,171.20042419433594,147.8079071044922,729.6078491210938,408.6099853515625,75.0,330.8818664550781,260.05645751953125,288.25,318.666015625,188.61569213867188,807.776123046875,215.67425537109375,43.767906188964844,164.9333038330078,146.6297607421875,358.2643127441406,95.13604736328125,224.14215087890625,107.635986328125,115.40748596191406,327.8042907714844,51.08866882324219,239.14654541015625,162.25157165527344,60.16167449951172,172.1466827392578,170.6991729736328,434.1832275390625,330.2140808105469,315.4525146484375,157.9065399169922,130.1465606689453,556.5411987304688,403.3900146484375,226.51708984375,138.0555419921875,192.073486328125,759.11328125,58.47526550292969,419.1136779785156,805.217041015625,93.34745025634766,437.68402099609375,240.52122497558594,91.69548034667969,390.2524719238281,63.910682678222656,463.9050598144531,,39.2595100402832,116.70585632324219,409.1382141113281,352.333984375,64.76599884033203,433.94158935546875,128.6580047607422,212.7789306640625,110.43767547607422,64.24266815185547,146.58999633789062,158.63743591308594,155.42440795898438,515.7758178710938,100.52944946289062,196.98431396484375,963.4014892578125,102.3458023071289,70.24864959716797,43.09648132324219,564.72998046875,73.73633575439453,416.0395812988281,510.1933898925781,334.17657470703125,139.97750854492188,559.0704956054688,178.7899932861328,185.85606384277344,461.0672607421875,267.7851867675781,443.04998779296875,200.27040100097656,63.81940841674805,107.47103881835938,165.7190399169922
2024-05-31,190.77455139160156,151.92909240722656,98.79203033447266,275.9778747558594,444.760009765625,227.19520568847656,75.4684066772461,166.89999389648438,289.81817626953125,176.44000244140625,74.4124984741211,278.8602600097656,253.3052978515625,130.1955108642578,234.8542022705078,38.16756820678711,175.11843872070312,148.66331481933594,739.3472290039062,414.3999938964844,75.56999969482422,330.16986083984375,265.6175842285156,286.30999755859375,331.77850341796875,186.84828186035156,802.376708984375,231.92828369140625,44.1285285949707,167.0873260498047,150.37289428710938,364.498779296875,97.26790618896484,227.57235717773438,108.8589096069336,117.57874298095703,326.4800720214844,51.498863220214844,243.3434295654297,163.18043518066406,60.340049743652344,172.5434112548828,171.0859832763672,440.2490234375,334.7962646484375,320.90521240234375,159.0696563720703,130.79124450683594,569.857421875,402.1199951171875,231.23220825195312,139.3764190673828,195.25335693359375,748.6649780273438,59.38113021850586,424.3853454589844,810.4332885742188,91.55455017089844,442.6043701171875,247.02877807617188,92.55216979980469,391.72265625,64.51317596435547,463.68658447265625,,39.9593391418457,117.65239715576172,409.5920715332031,357.4472961425781,64.16200256347656,438.0718994140625,131.38600158691406,216.7514190673828,109.57117462158203,64.21733093261719,147.4550018310547,160.8893280029297,157.29812622070312,522.7189331054688,103.2583236694336,196.26292419433594,973.5827026367188,104.36908721923828,71.61686706542969,43.380069732666016,560.7999877929688,75.68172454833984,421.88165283203125,514.8402709960938,334.7359313964844,145.85235595703125,564.2561645507812,178.0800018310547,185.2196807861328,474.2009582519531,268.9301452636719,455.3399963378906,204.6205291748047,64.675048828125,110.55403137207031,165.83639526367188
2024-06-03,192.54086303710938,150.9397430419922,99.44942474365234,275.4597473144531,439.0199890136719,224.9861297607422,74.98965454101562,163.5500030517578,291.305908203125,178.33999633789062,74.09750366210938,278.4840087890625,257.3038024902344,129.54383850097656,231.8011016845703,38.062583923339844,180.30474853515625,148.16297912597656,744.4613037109375,414.7900085449219,75.5,323.1865234375,261.5178527832031,286.1499938964844,328.7651672363281,185.716064453125,807.82568359375,234.08489990234375,44.2708740234375,166.24444580078125,145.8885955810547,358.04058837890625,97.11766052246094,228.2780303955078,105.82102966308594,112.94355773925781,318.25067138671875,50.82497787475586,238.22665405273438,159.54412841796875,59.55141067504883,172.9996795654297,171.75048828125,438.763916015625,327.84906005859375,314.331298828125,157.57284545898438,130.5470428466797,560.7427368164062,403.8599853515625,228.48887634277344,140.39320373535156,194.47283935546875,743.3618774414062,59.38113021850586,423.2257995605469,821.2212524414062,91.86775970458984,438.76318359375,249.45851135253906,91.01962280273438,396.3208312988281,63.40233612060547,474.2747497558594,,40.21853256225586,120.35144805908203,408.0035095214844,358.9067687988281,63.37900161743164,436.6724853515625,132.02200317382812,215.77757263183594,114.93514251708984,63.77399826049805,147.24000549316406,159.3353271484375,157.4032745361328,504.5841979980469,100.3705825805664,198.0519256591797,982.8402099609375,103.94314575195312,70.7275390625,41.65961837768555,561.1799926757812,75.9178237915039,423.608642578125,515.2601318359375,333.0676574707031,142.92892456054688,565.8456420898438,176.2899932861328,183.99444580078125,476.1825256347656,266.8771057128906,470.17999267578125,195.4639129638672,64.73406219482422,107.90473175048828,168.58468627929688
2024-06-04,192.8584442138672,152.777099609375,99.99079132080078,281.61883544921875,448.3699951171875,224.34413146972656,73.39067840576172,159.99000549316406,291.25848388671875,179.33999633789062,73.29499816894531,281.6920166015625,256.7243957519531,130.41796875,232.1631622314453,37.8717041015625,180.04806518554688,149.6479034423828,752.0459594726562,409.5299987792969,75.91999816894531,319.48992919921875,259.7230224609375,287.1300048828125,325.8360290527344,187.584716796875,819.71435546875,232.34375,45.001609802246094,168.19882202148438,144.6563262939453,359.25634765625,98.23524475097656,230.82620239257812,103.724609375,113.09461212158203,310.11932373046875,48.539608001708984,235.66827392578125,159.46510314941406,60.23678207397461,173.7039337158203,172.3654022216797,439.072509765625,327.15924072265625,314.5708923339844,158.07815551757812,131.63128662109375,565.5274658203125,406.6099853515625,229.25091552734375,140.45021057128906,191.90965270996094,739.8231811523438,60.334171295166016,421.4662170410156,822.5352783203125,90.60114288330078,440.3273010253906,252.310791015625,89.47757720947266,401.10650634765625,64.09896087646484,473.7781677246094,,40.460453033447266,120.62324523925781,410.5195007324219,361.6691589355469,63.1619987487793,435.7589416503906,134.39999389648438,213.77206420898438,116.37132263183594,64.6866683959961,145.0449981689453,161.810546875,159.659423828125,503.9646911621094,101.65090942382812,196.57070922851562,986.6246337890625,104.45621490478516,70.35615539550781,41.03572082519531,561.72998046875,76.22001647949219,426.1546630859375,515.8361206054688,335.6289978027344,140.6126251220703,565.9349975585938,174.77000427246094,183.5955352783203,483.8885192871094,268.890625,474.95001220703125,197.72637939453125,65.50119018554688,106.22653198242188,168.10545349121094
2024-06-05,194.36676025390625,155.8865509033203,99.79745483398438,284.51263427734375,455.79998779296875,229.2564697265625,72.67256164550781,166.1699981689453,291.2680358886719,181.27999877929688,74.38999938964844,282.7613220214844,256.7529296875,138.4803009033203,229.65806579589844,38.13893508911133,178.38726806640625,150.81631469726562,755.4840087890625,409.8500061035156,75.88999938964844,321.3235778808594,259.0658874511719,296.4200134277344,323.0519104003906,184.5561981201172,826.5601806640625,233.99586486816406,43.67301559448242,169.02935791015625,143.59080505371094,360.8319396972656,96.92044067382812,234.42308044433594,105.09308624267578,113.57606506347656,320.33990478515625,49.311161041259766,237.68048095703125,160.6211700439453,59.973899841308594,175.6280975341797,173.97210693359375,445.2250671386719,331.9977111816406,316.48748779296875,159.5749053955078,132.19778442382812,567.7122192382812,417.239990234375,229.9462432861328,138.71121215820312,190.07882690429688,773.740966796875,60.315303802490234,425.31781005859375,821.7153930664062,95.41136169433594,442.198486328125,249.68896484375,89.76314544677734,404.6685791015625,63.995418548583984,491.7264404296875,,40.32221603393555,121.31674194335938,418.3536376953125,363.06988525390625,65.0270004272461,429.9085388183594,140.82200622558594,215.30514526367188,122.3709487915039,65.1240005493164,147.7050018310547,161.43833923339844,158.74169921875,514.5366821289062,101.62286376953125,203.8133544921875,999.1201782226562,104.97898864746094,72.70169067382812,41.09754943847656,588.1400146484375,75.00177001953125,430.5460510253906,521.9668579101562,339.544677734375,137.62387084960938,571.5083618164062,175.0,186.23597717285156,481.6197509765625,270.9436950683594,483.0400085449219,197.98854064941406,65.98310852050781,106.65078735351562,171.95895385742188
2024-06-06,192.9874267578125,158.83583068847656,100.8028564453125,285.2165832519531,458.1300048828125,230.93934631347656,72.40447235107422,166.77999877929688,289.66656494140625,185.0,74.14250183105469,282.8900146484375,256.173583984375,137.32192993164062,228.34681701660156,37.890785217285156,181.3087921142578,149.99041748046875,745.5722045898438,411.0799865722656,76.12000274658203,320.1922302246094,258.683349609375,295.739990234375,326.6577453613281,185.47671508789062,834.8228759765625,240.1591033935547,43.87229537963867,168.11749267578125,144.47100830078125,361.10430908203125,96.60112762451172,235.72657775878906,102.85110473632812,114.4256820678711,307.4611511230469,50.05342102050781,239.80770874023438,158.71408081054688,59.94572830200195,176.89767456054688,175.2812957763672,441.7726745605469,331.908935546875,317.29241943359375,160.356689453125,131.72897338867188,566.1107788085938,418.1499938964844,229.53668212890625,139.1388397216797,189.74159240722656,768.1127319335938,60.53232955932617,424.1153869628906,827.178466796875,94.47563934326172,444.1982727050781,250.39002990722656,88.86836242675781,401.4222106933594,64.193115234375,490.4351501464844,,40.33949279785156,122.31951141357422,418.8568420410156,362.8935546875,64.85199737548828,432.2506408691406,140.6320037841797,216.65499877929688,120.92976379394531,65.49466705322266,147.96499633789062,161.16848754882812,161.05519104003906,506.6887512207031,102.80974578857422,201.4472198486328,994.0742797851562,104.72728729248047,72.56486511230469,41.53516387939453,573.8499755859375,74.27462005615234,428.9375305175781,521.9571533203125,343.1169128417969,135.55038452148438,576.0385131835938,177.94000244140625,186.38792419433594,480.4710693359375,273.4508361816406,485.5299987792969,196.629150390625,66.04212188720703,107.45217895507812,172.8978271484375
2024-06-07,195.37893676757812,159.63673400878906,104.00279998779297,281.95123291015625,465.42999267578125,228.3712921142578,72.7874526977539,167.8699951171875,289.03167724609375,184.3000030517578,74.19750213623047,280.3256530761719,265.4908752441406,137.8481903076172,227.68136596679688,38.198062896728516,181.65603637695312,150.4552001953125,741.0028686523438,413.7200012207031,77.11000061035156,320.826171875,262.086669921875,294.4200134277344,326.8414611816406,184.56944274902344,837.735595703125,239.2588653564453,43.50218963623047,168.12240600585938,144.6099853515625,358.4879455566406,96.375732421875,234.42308044433594,104.80194091796875,113.46278381347656,308.8049011230469,48.11964416503906,237.37387084960938,159.99864196777344,60.74375534057617,174.51722717285156,173.0299072265625,438.6963806152344,332.5199279785156,313.3921813964844,162.082275390625,130.68377685546875,567.3464965820312,417.6099853515625,229.0127716064453,139.76602172851562,192.6708984375,757.9698486328125,60.30586242675781,423.96875,839.7251586914062,94.52767181396484,445.2972412109375,246.05873107910156,88.38290405273438,398.3435974121094,63.835384368896484,489.6405944824219,,40.34812927246094,122.46007537841797,418.19573974609375,363.4714660644531,64.14700317382812,427.6441955566406,139.76199340820312,216.0475616455078,120.81982421875,65.24666595458984,150.9499969482422,160.4134979248047,159.70724487304688,507.59356689453125,102.98731231689453,198.73484802246094,996.2199096679688,104.6595230102539,72.25212097167969,42.38185501098633,571.4500122070312,73.6041259765625,423.0954895019531,521.3226318359375,342.82244873046875,136.36294555664062,577.2802124023438,177.47999572753906,185.78955078125,469.720947265625,275.0597229003906,483.0400085449219,195.45957946777344,64.79307556152344,106.30195617675781,173.03475952148438
2024-06-10,191.6378631591797,160.61668395996094,103.9157943725586,283.935791015625,459.94000244140625,228.9549102783203,72.7874526977539,160.33999633789062,288.7474365234375,187.05999755859375,74.3949966430664,284.0287170410156,268.1312561035156,141.16348266601562,227.45628356933594,38.09242630004883,181.52720642089844,149.49363708496094,738.5736694335938,410.80999755859375,77.41999816894531,321.47967529296875,262.54766845703125,296.17999267578125,327.3730773925781,183.7732391357422,840.469970703125,239.24896240234375,43.51167678833008,168.61532592773438,145.2214813232422,358.21563720703125,96.28180694580078,234.01145935058594,105.52986145019531,114.78440856933594,316.79901123046875,48.83259963989258,243.11346435546875,160.90774536132812,61.260128021240234,175.39105224609375,173.7746124267578,437.3847961425781,336.2842712402344,318.69158935546875,162.43504333496094,130.77171325683594,560.762451171875,418.3800048828125,228.01258850097656,139.8135528564453,192.34327697753906,783.0164794921875,60.003910064697266,422.30694580078125,854.553955078125,98.48956298828125,444.7626037597656,243.75384521484375,89.76314544677734,396.5280456542969,63.35527038574219,499.2156982421875,,40.16669845581055,123.22856140136719,422.1621398925781,366.1554260253906,64.44999694824219,423.49444580078125,141.8300018310547,217.0503387451172,121.72129821777344,65.00933074951172,154.52499389648438,155.5928192138672,159.98448181152344,517.290283203125,103.89382934570312,201.3606414794922,995.0079956054688,103.67207336425781,72.42803192138672,42.790924072265625,576.1799926757812,74.57682037353516,424.3388977050781,522.9332885742188,341.68408203125,138.7166290283203,577.6676025390625,173.7899932861328,187.69866943359375,473.8468017578125,271.4767150878906,483.2799987792969,196.5901641845703,65.85525512695312,106.61308288574219,174.90281677246094
2024-06-11,205.56016540527344,158.0160369873047,102.29166412353516,287.6410827636719,462.69000244140625,229.8595733642578,71.0544204711914,158.9600067138672,284.9381408691406,187.22999572753906,76.19249725341797,290.8012390136719,266.7065734863281,143.17831420898438,219.7158966064453,37.31464767456055,178.06356811523438,149.49285888671875,730.3412475585938,408.5,77.1500015258789,319.2363586425781,258.85015869140625,300.8299865722656,326.68670654296875,183.95840454101562,841.430908203125,238.4080810546875,43.435752868652344,169.30047607421875,144.9898681640625,355.1324462890625,96.13153839111328,235.81478881835938,104.44282531738281,115.19978332519531,313.0619201660156,48.188011169433594,241.87741088867188,158.45718383789062,60.92213821411133,176.9401397705078,175.3732452392578,428.43560791015625,331.40643310546875,321.71978759765625,161.42446899414062,131.46524047851562,560.2286376953125,418.7799987792969,226.9362030029297,139.46194458007812,187.284423828125,786.7423095703125,59.966163635253906,425.7088317871094,855.364013671875,98.16358947753906,444.5547180175781,244.20521545410156,89.0301742553711,397.9686584472656,63.618865966796875,504.0528869628906,,40.08893966674805,123.55657196044922,426.907958984375,369.1920471191406,64.8550033569336,417.7120666503906,142.4080047607422,216.8767547607422,120.85173797607422,66.66867065429688,156.47500610351562,154.81442260742188,160.10873413085938,514.3399658203125,104.27698516845703,200.56234741210938,1003.7589111328125,103.50749206542969,71.78301239013672,42.77190017700195,579.9099731445312,74.1329574584961,423.16455078125,524.1927490234375,339.9469909667969,136.54042053222656,572.1143188476562,170.66000366210938,187.52769470214844,475.0146484375,271.11151123046875,481.5299987792969,196.99948120117188,65.6290512084961,105.75513458251953,174.6191864013672
2024-06-12,211.43479919433594,156.4990234375,100.90921020507812,279.3409423828125,459.8699951171875,231.94125366210938,71.50444030761719,160.24000549316406,285.2981872558594,186.88999938964844,77.8324966430664,292.0685729980469,268.8341064453125,146.5572967529297,219.23638916015625,37.8427734375,177.34352111816406,152.95367431640625,742.3717651367188,408.7699890136719,77.41000366210938,320.62139892578125,257.987060546875,311.70001220703125,324.85968017578125,181.208740234375,839.9448852539062,233.27366638183594,43.293399810791016,170.663330078125,142.88668823242188,359.9566345214844,95.15483093261719,236.8634490966797,105.30663299560547,114.16134643554688,320.9088439941406,48.05127716064453,238.20751953125,159.1389923095703,60.40576934814453,178.3004913330078,176.5349884033203,432.707763671875,335.8407897949219,329.7886657714844,161.119384765625,132.8913116455078,585.4572143554688,428.1000061035156,228.43173217773438,138.1790771484375,184.55743408203125,815.9681396484375,59.33395004272461,424.42822265625,856.8260498046875,101.8829574584961,438.5750427246094,244.39727783203125,89.97254180908203,406.59271240234375,62.22560501098633,505.4136657714844,,39.63103103637695,122.01962280273438,435.17620849609375,371.5919189453125,65.00599670410156,415.11724853515625,144.3000030517578,216.10540771484375,125.13966369628906,66.94933319091797,159.89500427246094,153.6514434814453,157.9099578857422,524.135009765625,105.4264907836914,207.17015075683594,1020.77392578125,103.36228942871094,71.89051818847656,42.53406524658203,590.8900146484375,74.07630157470703,434.45391845703125,528.4979248046875,339.95684814453125,137.09149169921875,571.9156494140625,177.2899932861328,188.99037170410156,471.999267578125,266.8178405761719,475.7900085449219,195.77145385742188,65.21598052978516,104.58604431152344,171.98826599121094
2024-06-13,212.59580993652344,156.94189453125,100.01011657714844,276.0071716308594,458.739990234375,227.65145874023438,70.95867919921875,159.89999389648438,282.8534851074219,183.8300018310547,82.9175033569336,292.50421142578125,270.98052978515625,164.53802490234375,217.4260711669922,37.69873809814453,175.81253051757812,152.1538848876953,741.986083984375,405.9200134277344,76.95999908447266,318.309814453125,258.1537170410156,307.5400085449219,323.02294921875,181.1254119873047,838.112060546875,226.57623291015625,43.19850540161133,170.5352020263672,141.60809326171875,367.6014709472656,95.0984878540039,236.71644592285156,105.33573150634766,112.43377685546875,322.06622314453125,46.86953353881836,238.20751953125,153.8425750732422,59.67346954345703,175.50025939941406,173.92355346679688,430.44146728515625,335.92950439453125,333.3726501464844,161.23377990722656,132.55810546875,587.829833984375,422.8999938964844,229.18423461914062,138.21710205078125,186.60987854003906,818.1564331054688,59.437747955322266,429.93182373046875,872.6625366210938,101.9683837890625,440.5550231933594,243.648193359375,88.34481048583984,405.1717529296875,62.22560501098633,500.70556640625,,39.5273551940918,121.24176025390625,435.689208984375,369.00592041015625,65.32599639892578,411.4924011230469,141.95199584960938,213.8973846435547,129.5475311279297,66.38533020019531,159.8300018310547,153.1824951171875,159.0858154296875,520.1422729492188,105.0246353149414,209.49781799316406,1019.6614990234375,101.67781066894531,71.72437286376953,41.67786407470703,586.5399780273438,74.31239318847656,431.4342346191406,529.5621337890625,336.6300048828125,135.1300811767578,568.8756713867188,182.47000122070312,186.42593383789062,476.04852294921875,267.6766052246094,479.0299987792969,196.11257934570312,65.59954071044922,103.74694061279297,167.55775451660156
2024-06-14,210.8592071533203,158.8546600341797,100.23249053955078,280.29901123046875,525.3099975585938,224.88885498046875,70.67950439453125,159.6300048828125,282.9671630859375,183.66000366210938,82.125,292.4744873046875,261.3213806152344,170.03082275390625,219.99969482421875,37.679534912109375,177.14646911621094,152.2706756591797,741.6198120117188,405.5400085449219,76.76000213623047,313.5404357910156,255.35862731933594,312.1000061035156,322.19158935546875,182.5048828125,847.73193359375,229.4550323486328,43.3503532409668,171.45443725585938,141.35791015625,367.65008544921875,96.13153839111328,235.26593017578125,103.32666015625,111.62193298339844,312.9147644042969,46.98672866821289,236.12818908691406,154.0303192138672,61.8307991027832,177.11883544921875,175.5420379638672,430.5475769042969,333.1946105957031,332.3760681152344,161.31959533691406,132.95993041992188,588.8975219726562,425.7799987792969,224.0118408203125,138.30259704589844,186.7255401611328,813.0407104492188,59.480533599853516,427.1458435058594,867.8414306640625,101.72093963623047,440.1887512207031,243.53292846679688,86.95506286621094,402.7049865722656,61.99026107788086,501.26239013671875,,39.13005065917969,121.3448486328125,436.666015625,368.6916198730469,66.93800354003906,412.1434631347656,145.71600341796875,212.02687072753906,131.8164520263672,67.15399932861328,158.65499877929688,153.6326904296875,159.4490966796875,494.96612548828125,104.94050598144531,207.11244201660156,1029.5645751953125,100.90335083007812,71.58755493164062,40.90728759765625,590.2100219726562,74.27462005615234,428.6809387207031,529.88427734375,338.55352783203125,131.84243774414062,568.6867065429688,178.00999450683594,184.1654052734375,475.8761901855469,267.1534729003906,480.7300109863281,198.4711456298828,65.91425323486328,102.8701171875,166.80465698242188
2024-06-17,215.00711059570312,159.8817138671875,100.01011657714844,279.14544677734375,518.739990234375,226.05615234375,71.21861267089844,158.39999389648438,287.3829345703125,184.05999755859375,85.0199966430664,297.04888916015625,259.393310546875,179.22596740722656,223.37571716308594,37.93879699707031,176.40370178222656,155.9784698486328,752.9466552734375,407.32000732421875,76.19000244140625,314.447509765625,256.5987243652344,322.0799865722656,322.7812805175781,182.00494384765625,859.8583374023438,228.01068115234375,43.359832763671875,174.3502960205078,141.93238830566406,368.83660888671875,94.6664810180664,238.3531494140625,104.20988464355469,112.41490936279297,319.10400390625,46.156578063964844,239.60646057128906,161.29310607910156,61.08000564575195,177.52597045898438,175.98886108398438,434.13494873046875,331.2199401855469,334.9251403808594,161.5960693359375,133.4793243408203,595.6396484375,430.0,227.61251831054688,138.6922149658203,187.8818359375,836.7368774414062,59.547096252441406,430.7432556152344,874.322265625,105.22821807861328,443.63397216796875,243.46572875976562,86.64093780517578,406.8393859863281,62.206787109375,503.71820068359375,,39.465553283691406,120.20408630371094,442.3886413574219,375.9690246582031,67.58300018310547,417.6732177734375,145.10000610351562,212.99105834960938,130.91688537597656,69.55000305175781,159.7949981689453,155.8179168701172,160.12783813476562,497.6509704589844,104.89337921142578,213.739501953125,1038.355224609375,101.13569641113281,71.15754699707031,41.50663375854492,612.719970703125,73.35858917236328,427.59539794921875,534.1015625,338.2787780761719,135.40093994140625,564.6605834960938,187.44000244140625,185.11520385742188,470.3101501464844,267.6568603515625,473.69000244140625,201.1416015625,66.30766296386719,102.16301727294922,167.14697265625
2024-06-18,212.6453857421875,161.4647216796875,100.53217315673828,278.9694519042969,522.25,228.96466064453125,71.36300659179688,154.6300048828125,289.95086669921875,182.80999755859375,85.08499908447266,294.81121826171875,260.9034729003906,176.6437225341797,224.39341735839844,38.39970779418945,177.14646911621094,156.77197265625,755.424072265625,407.95001220703125,76.30999755859375,317.119873046875,258.8721923828125,326.5,323.6512756347656,181.94935607910156,862.6719970703125,229.32644653320312,43.62556457519531,175.23008728027344,142.0620880126953,372.2797546386719,93.94332885742188,239.00152587890625,105.48133087158203,112.81138610839844,321.32073974609375,46.576534271240234,237.71884155273438,163.01246643066406,60.01559829711914,175.21231079101562,173.85403442382812,441.1265563964844,336.3244323730469,339.1128845214844,162.59710693359375,133.65574645996094,602.7178344726562,435.0,229.07945251464844,138.40711975097656,189.8283233642578,850.9603271484375,59.55661392211914,430.14697265625,880.6942749023438,107.1838607788086,445.6140441894531,240.85348510742188,88.95403289794922,414.5062561035156,62.2915153503418,496.61920166015625,,39.553836822509766,120.66604614257812,440.3857421875,376.73504638671875,68.56700134277344,413.83447265625,146.03399658203125,213.99383544921875,135.5146484375,70.4433364868164,158.50999450683594,156.13682556152344,161.1411895751953,498.43768310546875,103.73397827148438,218.42364501953125,1032.1370849609375,101.42610931396484,71.18685913085938,42.27720260620117,620.3099975585938,73.6041259765625,430.11187744140625,535.4585571289062,342.17474365234375,133.13134765625,565.8236694335938,184.86000061035156,186.39743041992188,462.44647216796875,270.0750732421875,467.2799987792969,202.61329650878906,66.48470306396484,103.12467193603516,165.9342041015625
2024-06-20,208.07077026367188,162.19024658203125,103.02638244628906,299.3140869140625,522.9500122070312,223.254638671875,72.08499908447266,161.77999877929688,293.646484375,186.10000610351562,85.04750061035156,293.6626892089844,258.40557861328125,169.9837646484375,225.2741241455078,38.39970779418945,180.68592834472656,156.7285614013672,754.633544921875,409.1499938964844,77.0,321.0115051269531,262.2676696777344,318.5299987792969,326.6287536621094,183.76397705078125,854.4391479492188,239.20941162109375,44.337310791015625,174.12106323242188,145.12881469726562,371.0834045410156,94.00906372070312,239.59095764160156,104.95722198486328,115.16202545166016,317.05401611328125,48.20754623413086,241.96363830566406,163.04212951660156,65.09054565429688,176.46348571777344,175.0554962158203,441.7244567871094,334.08319091796875,338.7008056640625,165.80996704101562,134.37115478515625,609.044677734375,432.54998779296875,231.7847137451172,140.4312286376953,191.4375,817.7227783203125,59.12868881225586,432.6983947753906,875.2904052734375,104.40288543701172,447.99005126953125,243.74423217773438,84.7371597290039,417.1013488769531,62.187950134277344,498.8165283203125,,40.11006546020508,122.24991607666016,439.7543029785156,377.7171630859375,67.90299987792969,422.2408447265625,146.86199951171875,216.46217346191406,130.71697998046875,72.03800201416016,155.52000427246094,156.32437133789062,160.29037475585938,499.5784912109375,102.89506530761719,207.24710083007812,1037.3819580078125,101.7165298461914,71.05003356933594,43.24755859375,610.1799926757812,74.48239135742188,432.9342346191406,534.00390625,334.99114990234375,133.91590881347656,553.9340209960938,181.57000732421875,183.08265686035156,465.78228759765625,273.2336730957031,471.3800048828125,203.47096252441406,66.887939453125,105.34971618652344,164.48670959472656
2024-06-21,205.89761352539062,160.55072021484375,102.20464324951172,302.071044921875,533.4400024414062,224.75267028808594,72.09463500976562,161.22999572753906,292.00714111328125,189.0800018310547,84.33999633789062,294.52410888671875,259.203369140625,162.54278564453125,225.44046020507812,37.91958999633789,180.60256958007812,157.40013122558594,759.2317504882812,409.6199951171875,77.70999908447266,319.7533264160156,260.4173889160156,318.3900146484375,328.6588134765625,180.05148315429688,840.4402465820312,242.43447875976562,44.878238677978516,174.6139678955078,143.86875915527344,364.7711486816406,93.76488494873047,239.689208984375,105.21927642822266,115.21865844726562,313.93487548828125,48.40287399291992,243.0559844970703,162.2911376953125,67.16234588623047,178.99559020996094,178.36203002929688,434.13494873046875,334.626220703125,340.96240234375,164.41807556152344,135.08657836914062,624.9313354492188,432.55999755859375,228.9936981201172,141.3529815673828,189.15377807617188,804.8692626953125,59.68973922729492,432.815673828125,873.2058715820312,103.32472229003906,450.306640625,249.1127471923828,87.17400360107422,416.29229736328125,62.61158752441406,491.93634033203125,,40.38376235961914,123.2398452758789,443.77984619140625,379.13140869140625,68.61199951171875,419.9180908203125,149.86599731445312,216.81890869140625,126.50898742675781,72.11933135986328,160.1649932861328,156.88710021972656,160.85440063476562,495.81195068359375,103.12129211425781,204.4193115234375,1046.0731201171875,102.23930358886719,71.6755142211914,43.437828063964844,605.530029296875,74.09517669677734,433.4375,533.2880249023438,336.2571105957031,136.484375,561.2806396484375,183.00999450683594,185.7135467529297,463.9269104003906,271.6544189453125,468.7099914550781,203.68536376953125,66.78958129882812,104.42576599121094,167.33279418945312
2024-06-24,206.54258728027344,162.76504516601562,101.79861450195312,300.3406066894531,524.1699829101562,222.23324584960938,73.1728286743164,160.25,301.4734802246094,185.57000732421875,82.30249786376953,295.5141906738281,257.2942810058594,156.5291748046875,226.50709533691406,38.42851257324219,178.79872131347656,157.08843994140625,770.1729125976562,413.9800109863281,76.70999908447266,321.8600158691406,261.913330078125,309.1400146484375,331.7135925292969,180.60694885253906,840.2916259765625,237.3693389892578,44.868743896484375,175.22763061523438,147.6026153564453,367.8153991699219,95.3332748413086,240.3277130126953,106.10249328613281,118.28675842285156,315.91619873046875,49.20372772216797,247.13133239746094,158.63502502441406,67.2193832397461,179.52188110351562,177.9548797607422,445.6205139160156,337.0451965332031,336.2475280761719,166.84915161132812,135.94900512695312,616.755615234375,429.0400085449219,231.07980346679688,141.70457458496094,191.63987731933594,782.6220703125,60.83085250854492,433.1969909667969,879.3606567382812,100.77395629882812,452.39556884765625,250.06350708007812,84.88947296142578,419.9925231933594,64.40962219238281,496.04254150390625,,41.0106201171875,125.35166931152344,441.6979675292969,381.2134704589844,66.9020004272461,418.53814697265625,147.91799926757812,210.8505401611328,118.05307006835938,72.23466491699219,158.33999633789062,157.63742065429688,161.03604125976562,501.84039306640625,105.22329711914062,193.1754150390625,1056.7509765625,98.70580291748047,72.83851623535156,45.16925811767578,595.5999755859375,74.92623138427734,439.11181640625,531.5545654296875,332.7536315917969,139.80938720703125,562.6226196289062,182.5800018310547,184.17491149902344,471.0311279296875,272.72039794921875,474.95001220703125,207.04779052734375,67.76325225830078,107.52761840820312,168.0663299560547
2024-06-25,207.46546936035156,160.88995361328125,101.98230743408203,300.3015441894531,526.8800048828125,224.06202697753906,71.72880554199219,160.25,302.5726318359375,186.33999633789062,83.63249969482422,289.92987060546875,253.67568969726562,155.40647888183594,225.64593505859375,37.81396484375,177.25257873535156,158.3976287841797,765.7772216796875,410.9700012207031,77.51000213623047,319.32415771484375,259.12811279296875,311.5299987792969,327.51806640625,179.69969177246094,847.573486328125,239.16983032226562,44.963645935058594,176.19619750976562,146.81507873535156,359.3536376953125,94.10297393798828,236.9287109375,104.69515991210938,118.52277374267578,316.5832214355469,48.71540832519531,247.0060577392578,157.83462524414062,66.15496063232422,184.2782745361328,182.73094177246094,441.0783386230469,336.1368713378906,324.2113342285156,164.55154418945312,134.58677673339844,623.2704467773438,442.30999755859375,226.65997314453125,139.87054443359375,190.85934448242188,806.3379516601562,60.70722961425781,431.27117919921875,893.6854858398438,103.57556915283203,451.09869384765625,247.18240356445312,84.86090850830078,421.85748291015625,63.87303161621094,507.6654052734375,,40.984134674072266,125.31393432617188,444.9342346191406,383.37408447265625,67.24099731445312,416.40985107421875,150.96200561523438,205.7306365966797,126.02922821044922,70.51933288574219,161.33999633789062,156.9527587890625,159.5064697265625,496.93304443359375,103.52659606933594,194.4546661376953,1064.0018310546875,98.3282470703125,72.22280883789062,45.20730972290039,600.1400146484375,73.6796646118164,442.87164306640625,533.6015014648438,333.224609375,137.08213806152344,553.248046875,187.35000610351562,184.70680236816406,465.7630310058594,269.9862976074219,473.82000732421875,206.6774444580078,66.30766296386719,107.82930755615234,164.29107666015625
2024-06-26,211.61338806152344,161.26683044433594,101.39257049560547,297.80853271484375,528.6599731445312,221.63015747070312,71.70955657958984,157.5399932861328,296.4228210449219,193.61000061035156,83.67500305175781,285.9198303222656,250.4559783935547,156.50852966308594,225.73403930664062,37.44907760620117,175.54730224609375,157.13497924804688,759.087158203125,410.260009765625,77.0999984741211,318.6706848144531,255.8999786376953,309.3299865722656,326.3387145996094,180.71804809570312,848.8911743164062,240.54493713378906,44.47016906738281,174.36012268066406,144.48951721191406,365.9479675292969,93.8681869506836,236.40805053710938,102.99667358398438,117.6070556640625,309.23651123046875,48.314979553222656,285.3605041503906,158.7338409423828,65.86985778808594,184.06973266601562,182.58201599121094,439.6125183105469,336.1664733886719,327.5653991699219,163.8555450439453,134.64556884765625,630.2003784179688,442.55999755859375,227.5458526611328,139.5189666748047,190.24264526367188,801.6656494140625,60.90692901611328,428.5828552246094,890.3760375976562,103.85692596435547,447.861328125,247.6145477294922,85.71760559082031,414.09185791015625,62.73395919799805,510.1708984375,,40.93115997314453,123.97520446777344,446.1280517578125,377.35382080078125,67.76899719238281,419.3349609375,150.78199768066406,204.88217163085938,126.3390884399414,70.0566635131836,162.6300048828125,156.38064575195312,160.08009338378906,494.3073425292969,104.07331848144531,189.7993927001953,1061.9854736328125,98.02813720703125,71.59734344482422,43.9800910949707,598.52001953125,73.85908508300781,442.4571838378906,534.2673950195312,334.16680908203125,137.45574951171875,554.8883666992188,196.3699951171875,183.40557861328125,465.3208312988281,270.055419921875,474.0,207.27194213867188,67.16332244873047,107.86702728271484,167.14697265625
2024-06-27,212.45689392089844,159.2315673828125,101.17022705078125,296.4105224609375,546.760009765625,220.5017852783203,72.17164611816406,159.47000122070312,297.24725341796875,197.85000610351562,86.98249816894531,289.9100341796875,249.85755920410156,155.98355102539062,223.5029296875,37.68913650512695,175.0319061279297,158.20111083984375,752.9948120117188,407.95001220703125,77.0,319.3826904296875,257.88800048828125,307.9200134277344,323.02294921875,181.02359008789062,842.7286987304688,250.14102172851562,45.03007507324219,175.38536071777344,144.83236694335938,366.47314453125,94.46924591064453,235.32745361328125,105.1028060913086,117.57874298095703,307.93194580078125,47.19182586669922,284.6668701171875,158.59548950195312,65.4136734008789,185.5492706298828,184.10121154785156,430.0653991699219,338.94085693359375,327.2491760253906,162.8831024169922,134.7239990234375,644.0009765625,445.1099853515625,226.12657165527344,138.54966735839844,191.91929626464844,803.2133178710938,60.77379608154297,430.34246826171875,898.06201171875,103.86380004882812,438.3275451660156,247.94110107421875,85.12743377685547,413.8353576660156,62.69630432128906,516.5737915039062,,40.13654708862305,122.3913345336914,446.80889892578125,379.4849853515625,68.43399810791016,422.65875244140625,154.8260040283203,202.3848876953125,123.93024444580078,70.49466705322266,170.41000366210938,155.93045043945312,159.28659057617188,495.87091064453125,104.95935821533203,187.70254516601562,1043.8084716796875,97.40857696533203,71.89051818847656,44.72212219238281,595.0,73.69854736328125,442.99993896484375,535.1097412109375,334.1961669921875,137.0354461669922,547.5419311523438,197.4199981689453,183.71902465820312,467.6280212402344,263.1361999511719,472.510009765625,207.27194213867188,66.76007843017578,108.32899475097656,172.5848846435547
2024-06-28,209.00355529785156,161.61544799804688,100.45484924316406,296.6256103515625,555.5399780273438,222.0386962890625,71.46891021728516,162.2100067138672,296.0722961425781,193.25,87.62000274658203,290.682373046875,245.08970642089844,157.83865356445312,226.5854034423828,38.18845748901367,177.13131713867188,156.31112670898438,758.9618530273438,406.79998779296875,77.01000213623047,324.883544921875,251.04786682128906,307.75,319.56219482421875,182.0142059326172,842.1046142578125,254.34547424316406,45.08702087402344,172.58074951171875,144.9250030517578,364.8230285644531,94.13114929199219,233.80477905273438,106.91776275634766,118.82485961914062,307.5494384765625,47.46529006958008,288.87701416015625,157.0836639404297,65.20459747314453,182.13343811035156,180.8642120361328,436.1986999511719,317.209716796875,329.8844909667969,164.88519287109375,134.1555633544922,649.705078125,444.8500061035156,227.0559844970703,138.8917999267578,194.8968048095703,812.7154541015625,60.52655792236328,428.964111328125,894.4462280273438,104.7511215209961,436.7533874511719,244.74301147460938,87.09784698486328,415.3450622558594,61.999942779541016,501.322021484375,,40.21601486206055,116.7158203125,440.9875793457031,379.1412048339844,67.48799896240234,423.6694030761719,157.33399963378906,207.00340270996094,123.48046875,70.40399932861328,169.5050048828125,154.68309020996094,157.66143798828125,497.4346008300781,105.86427307128906,191.5787811279297,1043.977294921875,97.18590545654297,72.01757049560547,44.883853912353516,595.0599975585938,73.25470733642578,440.12823486328125,533.0040283203125,334.6978759765625,138.268310546875,549.748779296875,197.8800048828125,184.76377868652344,489.56549072265625,259.069580078125,468.7200012207031,207.9249267578125,66.59288024902344,108.53642272949219,169.55296325683594
2024-07-01,215.08651733398438,160.5318603515625,99.76844787597656,295.78485107421875,560.010009765625,219.0426483154297,71.70955657958984,157.69000244140625,294.707763671875,197.1999969482422,89.17500305175781,290.5932312011719,236.5400390625,161.30604553222656,228.7969207763672,38.418914794921875,173.7661895751953,153.28787231445312,754.0938110351562,405.19000244140625,76.41000366210938,320.9627380371094,250.7919921875,310.9200134277344,315.4053649902344,180.99581909179688,837.8246459960938,253.4650115966797,45.09650802612305,171.06259155273438,145.01766967773438,352.4809265136719,93.30470275878906,231.34886169433594,104.869873046875,119.45735168457031,306.39202880859375,47.27972412109375,287.7594299316406,157.0836639404297,65.23310852050781,183.1959228515625,181.69830322265625,447.1344909667969,311.12774658203125,322.17022705078125,166.9349365234375,134.1947479248047,643.3386840820312,436.239990234375,223.65435791015625,139.15786743164062,197.97068786621094,815.9484252929688,60.17470932006836,419.3155517578125,903.3277587890625,104.33599090576172,433.2388916015625,240.08518981933594,87.18350219726562,415.8975830078125,61.81045150756836,501.77935791015625,,40.639801025390625,120.58120727539062,450.6371154785156,379.45550537109375,67.36100006103516,422.74615478515625,157.79200744628906,206.3959503173828,124.24010467529297,67.75466918945312,170.4499969482422,152.76983642578125,155.55824279785156,492.714111328125,105.52493286132812,192.39633178710938,1049.9271240234375,96.37271881103516,71.75370025634766,44.31306076049805,601.75,72.71640014648438,440.44403076171875,534.1009521484375,331.0090637207031,136.12013244628906,538.5350952148438,209.86000061035156,184.8302764892578,475.5204772949219,259.82958984375,471.25,204.0459747314453,66.36669158935547,108.38556671142578,168.79010009765625
2024-07-02,218.57949829101562,156.3765411376953,99.76844787597656,297.0362243652344,567.7100219726562,222.01927185058594,72.51820373535156,164.30999755859375,294.48028564453125,200.0,89.25250244140625,292.65277099609375,240.0402374267578,162.94583129882812,230.91062927246094,39.30233383178711,173.7434539794922,154.52407836914062,760.7066650390625,407.1000061035156,76.55000305175781,319.6753234863281,251.53012084960938,316.7799987792969,315.0573425292969,182.45858764648438,851.3876953125,253.4452362060547,44.868743896484375,173.58628845214844,145.2307586669922,356.34765625,93.73670959472656,231.49618530273438,106.053955078125,119.56119537353516,307.2846374511719,47.572723388671875,287.3162841796875,159.5342254638672,65.00502014160156,185.30104064941406,183.93238830566406,449.0150451660156,315.64971923828125,321.00103759765625,169.03236389160156,138.00706481933594,648.726318359375,438.80999755859375,225.66659545898438,138.76824951171875,201.2276611328125,827.1065673828125,60.05109405517578,420.43975830078125,895.76025390625,105.53514099121094,440.2085266113281,237.9723358154297,87.63091278076172,420.35760498046875,62.558929443359375,506.5716857910156,,40.65746307373047,120.41150665283203,453.1531066894531,379.8385009765625,67.95800018310547,425.0494079589844,158.82200622558594,207.83262634277344,122.61087036132812,69.13733673095703,170.22000122070312,153.4169921875,156.68629455566406,501.58477783203125,106.71260833740234,192.52137756347656,1037.6500244140625,97.20529174804688,72.4671401977539,44.41770553588867,609.6599731445312,73.2358169555664,444.5196533203125,537.6953125,328.844970703125,135.793212890625,530.7908935546875,231.25999450683594,188.45848083496094,478.97161865234375,264.7549743652344,473.7799987792969,204.15316772460938,66.94695281982422,107.65017700195312,170.97109985351562
2024-07-03,219.84967041015625,154.37893676757812,98.92736053466797,298.91326904296875,570.1500244140625,223.75074768066406,72.34494018554688,163.89999389648438,293.1632080078125,197.58999633789062,91.3550033569336,291.86065673828125,241.95291137695312,169.99853515625,230.65618896484375,39.27352523803711,173.4403076171875,154.55088806152344,760.6970825195312,405.7699890136719,76.11000061035156,322.4549865722656,250.0636749267578,315.4700012207031,314.5932922363281,181.51425170898438,854.6570434570312,258.1542663574219,44.68843460083008,173.17469787597656,145.19371032714844,354.238525390625,93.76488494873047,231.6926727294922,106.3354263305664,119.67447662353516,312.32623291015625,49.46742630004883,282.97119140625,161.06585693359375,63.28485107421875,186.07559204101562,184.50833129882812,451.24267578125,322.4129333496094,319.7265319824219,167.5355682373047,138.34027099609375,652.3643188476562,434.80999755859375,226.12655639648438,138.4451446533203,201.0927276611328,841.123046875,60.22226333618164,423.225830078125,887.2540893554688,106.51099395751953,443.70330810546875,240.09478759765625,89.07777404785156,420.3378601074219,62.85262680053711,507.02899169921875,,40.569175720214844,118.64851379394531,454.6231994628906,378.8957214355469,68.2509994506836,424.7772521972656,157.1840057373047,208.55575561523438,128.21817016601562,68.03600311279297,170.60000610351562,152.49786376953125,156.61936950683594,504.2301330566406,106.7974624633789,196.03207397460938,1017.2179565429688,97.52473449707031,72.44758605957031,45.007530212402344,606.989990234375,73.39635467529297,443.52294921875,540.0949096679688,326.6021423339844,135.24217224121094,532.4610595703125,246.38999938964844,188.95237731933594,470.94464111328125,265.5050964355469,470.2799987792969,204.86463928222656,67.1141357421875,108.19701385498047,171.7437744140625
2024-07-05,224.60292053222656,157.592041015625,100.5611801147461,292.4510803222656,578.3400268554688,224.5970458984375,71.1223373413086,171.89999389648438,294.58453369140625,200.0,91.53500366210938,292.9398498535156,241.63731384277344,167.45135498046875,231.2646942138672,38.803001403808594,172.62173461914062,155.07411193847656,762.1235961914062,411.1700134277344,76.4000015258789,320.25079345703125,248.5184783935547,321.1099853515625,308.4934387207031,181.8290252685547,877.45361328125,260.3702392578125,44.650150299072266,175.4050750732422,142.97007751464844,351.5435791015625,94.4410629272461,233.99143981933594,106.23836517333984,117.9468994140625,311.2963562011719,50.31711196899414,283.2505798339844,158.59548950195312,63.379886627197266,190.61354064941406,189.2545928955078,448.1856384277344,316.2420959472656,320.6272888183594,167.8120574951172,137.97764587402344,661.11328125,443.760009765625,223.39564514160156,139.19586181640625,198.4281463623047,842.9762573242188,60.63115310668945,425.9434509277344,903.5252685546875,107.00875091552734,445.0001525878906,241.14161682128906,87.7070541381836,426.5246887207031,63.458984375,536.806884765625,,40.70160675048828,119.21417999267578,461.3226318359375,379.946533203125,69.06500244140625,422.4837646484375,161.29400634765625,208.13153076171875,125.76936340332031,68.45466613769531,171.0449981689453,154.17665100097656,157.9386749267578,497.1297302246094,107.89087677001953,197.89805603027344,1027.2899169921875,97.16655731201172,71.53868103027344,43.894474029541016,621.2999877929688,73.69854736328125,447.302490234375,543.2092895507812,331.7467956542969,136.03607177734375,536.9246215820312,251.52000427246094,188.80990600585938,469.1372985839844,266.85736083984375,474.57000732421875,204.99134826660156,68.88444519042969,106.8864974975586,171.11782836914062
2024-07-08,226.07156372070312,156.90420532226562,98.72435760498047,292.7737121582031,575.4000244140625,226.98025512695312,72.01761627197266,178.69000244140625,295.1341552734375,199.2899932861328,92.76750183105469,295.1676330566406,243.7699432373047,171.6343994140625,230.16546630859375,39.0046501159668,170.93919372558594,157.2237548828125,761.7284545898438,409.0799865722656,76.11000061035156,320.9432067871094,248.9909210205078,317.3599853515625,312.9982604980469,180.505126953125,872.66845703125,254.61256408691406,44.085445404052734,175.23748779296875,142.9886016845703,346.6321716308594,94.51620483398438,238.59877014160156,106.73336791992188,118.59829711914062,312.8559265136719,49.93622589111328,284.7246398925781,161.5895538330078,64.19720458984375,189.1438751220703,187.6956329345703,448.2532043457031,312.2038879394531,325.43804931640625,169.35647583007812,138.3500518798828,652.048095703125,444.5299987792969,224.1334991455078,138.24560546875,198.7963409423828,854.1539916992188,59.87041473388672,425.9629211425781,906.9138793945312,108.36727142333984,441.7826843261719,238.02999877929688,88.7731704711914,426.76153564453125,62.682098388671875,526.2777709960938,,40.630977630615234,118.58251190185547,460.020263671875,383.5803527832031,68.5739974975586,418.1299133300781,153.24000549316406,206.57916259765625,128.13819885253906,68.18599700927734,168.82000732421875,152.0476837158203,159.19100952148438,500.3455505371094,107.84375762939453,199.95639038085938,1045.18896484375,96.90515899658203,71.5777816772461,43.98960494995117,615.489990234375,73.47190856933594,449.88800048828125,543.8361206054688,328.65802001953125,138.90342712402344,533.1370239257812,252.94000244140625,191.35537719726562,470.4158630371094,262.94866943359375,481.8900146484375,205.2739715576172,68.53038024902344,105.7645492553711,171.57749938964844
2024-07-09,226.92494201660156,158.34588623046875,98.26031494140625,291.3952331542969,566.02001953125,225.68650817871094,72.92253875732422,177.10000610351562,299.3509216308594,199.33999633789062,91.4375,290.2665710449219,243.57870483398438,170.40065002441406,233.3454132080078,39.7728385925293,167.85447692871094,156.94163513183594,773.383056640625,410.5199890136719,76.51000213623047,318.0172424316406,249.33535766601562,315.260009765625,317.43536376953125,180.18112182617188,878.622802734375,250.11422729492188,43.836585998535156,175.30160522460938,141.73780822753906,340.6173400878906,94.7979507446289,237.97984313964844,106.36454772949219,118.63604736328125,312.6106872558594,49.613922119140625,282.02703857421875,161.19430541992188,64.39678192138672,189.1041717529297,187.64599609375,455.9776916503906,312.8950500488281,323.0326843261719,168.25057983398438,139.6143035888672,642.9924926757812,442.29998779296875,224.27720642089844,139.73751831054688,201.179931640625,862.3846435546875,59.61366271972656,421.52484130859375,921.2387084960938,109.44345092773438,440.91021728515625,236.0803985595703,87.89742279052734,430.165771484375,61.81045150756836,526.9537963867188,,41.231346130371094,118.82764434814453,453.4096984863281,383.7276611328125,68.5739974975586,411.7936096191406,148.802001953125,206.09706115722656,131.3166961669922,67.70800018310547,168.08999633789062,151.84133911132812,158.36886596679688,500.257080078125,107.88145446777344,199.2157745361328,1046.95703125,97.88292694091797,72.83851623535156,43.000221252441406,607.9400024414062,73.77410888671875,454.239990234375,544.3649291992188,330.0942687988281,137.8573760986328,528.7330322265625,262.3299865722656,190.1111602783203,473.0787353515625,262.0010986328125,485.989990234375,204.689208984375,68.74674987792969,104.595458984375,170.41363525390625
2024-07-10,231.19195556640625,158.43064880371094,99.62344360351562,288.8338317871094,564.5499877929688,231.83425903320312,73.12469482421875,183.9600067138672,304.8089599609375,199.7899932861328,90.9375,292.49432373046875,244.4967803955078,171.5194091796875,234.50355529785156,40.08012008666992,169.67347717285156,157.43763732910156,782.7529907226562,413.7900085449219,77.11000061035156,320.37750244140625,252.2682647705078,319.79998779296875,318.9241638183594,179.21826171875,876.1062622070312,250.27276611328125,44.28644561767578,176.4007568359375,143.7298126220703,343.2439880371094,96.57295227050781,238.98187255859375,108.21832275390625,119.15525817871094,320.81072998046875,50.38548278808594,282.5472717285156,163.7338104248047,65.337646484375,191.30860900878906,189.83045959472656,461.8217468261719,311.3548278808594,329.8269958496094,169.5471649169922,141.52536010742188,626.4802856445312,444.739990234375,226.04989624023438,141.99916076660156,201.3446502685547,879.5848999023438,59.746795654296875,425.19073486328125,928.4307861328125,110.8944320678711,429.9444274902344,240.5653839111328,91.36231231689453,431.48797607421875,62.46418380737305,531.616943359375,,41.43441390991211,120.01554107666016,460.0301208496094,384.0517272949219,67.76499938964844,414.23291015625,148.6300048828125,207.1383819580078,134.84498596191406,68.5459976196289,168.52999877929688,153.4263458251953,159.4586639404297,514.507080078125,109.85150146484375,200.8316650390625,1063.932373046875,97.46665954589844,72.93623352050781,43.076324462890625,619.5599975585938,74.07630157470703,459.86492919921875,549.7516479492188,331.8353576660156,136.46568298339844,533.713623046875,263.260009765625,193.39743041992188,481.5576477050781,259.59271240234375,491.6199951171875,205.8197784423828,69.24834442138672,105.5194320678711,169.6800994873047
2024-07-11,225.823486328125,160.09844970703125,100.71585845947266,292.60443115234375,557.6300048828125,227.3693389892578,74.08736419677734,181.94000244140625,308.04974365234375,195.0500030517578,89.89749908447266,293.8705749511719,246.73460388183594,167.7108917236328,234.326904296875,40.14733123779297,170.4844512939453,155.32113647460938,795.159423828125,418.7799987792969,76.88999938964844,322.962158203125,253.911865234375,314.07000732421875,322.45263671875,181.27354431152344,838.7361450195312,248.81625366210938,44.755435943603516,176.43032836914062,143.8502197265625,353.0765686035156,98.103759765625,240.190185546875,110.79034423828125,120.9961166381836,322.5272216796875,50.30734634399414,288.5879821777344,160.26947021484375,66.4970932006836,185.9862060546875,184.2600860595703,462.1495361328125,313.4875183105469,339.0362243652344,169.99526977539062,144.2106170654297,623.0846557617188,443.5,230.1510009765625,142.25575256347656,201.0055389404297,840.74853515625,60.003543853759766,425.132080078125,922.8590087890625,104.26811981201172,432.7007141113281,244.70462036132812,87.65945434570312,437.3688659667969,61.88624572753906,509.7532653808594,,41.56684875488281,121.58997344970703,448.63421630859375,381.7340393066406,65.2750015258789,419.85003662109375,149.8280029296875,213.0296630859375,127.3386001586914,68.86599731445312,165.52000427246094,153.76397705078125,158.2541046142578,519.4144287109375,113.4993896484375,192.22320556640625,1073.02099609375,98.47346496582031,74.35333251953125,43.94203186035156,608.739990234375,75.41729736328125,466.9898681640625,545.0112915039062,332.5731201171875,141.40652465820312,539.4993896484375,241.02999877929688,189.94967651367188,484.8549499511719,259.1485595703125,492.1300048828125,206.39479064941406,68.64839935302734,106.77336883544922,173.83676147460938
2024-07-12,228.7707061767578,160.44708251953125,100.75453186035156,305.0160217285156,559.0499877929688,232.05796813964844,74.2606430053711,181.61000061035156,313.48883056640625,194.49000549316406,90.4749984741211,295.1875,249.9000701904297,167.1918182373047,234.20912170410156,39.93608093261719,173.64492797851562,158.8730926513672,798.1476440429688,424.44000244140625,77.69000244140625,327.3121337890625,254.25633239746094,315.6700134277344,323.64166259765625,179.0793914794922,835.0803833007812,251.64010620117188,45.348854064941406,177.87945556640625,144.156005859375,356.7186279296875,98.97718048095703,241.7816162109375,111.2173843383789,121.73246002197266,324.1554870605469,50.08271026611328,288.0870666503906,157.38914489746094,66.48758697509766,185.4698486328125,183.76361083984375,462.77642822265625,320.2112121582031,344.7668151855469,174.3044891357422,145.43565368652344,635.498779296875,444.1600036621094,235.6510772705078,142.42678833007812,198.573486328125,845.4502563476562,60.57410430908203,430.81170654296875,936.94677734375,105.24003601074219,436.3592834472656,243.8402862548828,88.1544418334961,440.0626525878906,61.92414855957031,496.0027770996094,,42.14072799682617,120.44923400878906,447.4995422363281,383.17767333984375,64.76000213623047,420.06390380859375,151.697998046875,213.42494201660156,129.177734375,69.34066772460938,168.25,156.0430145263672,159.27703857421875,528.9932250976562,113.25431823730469,194.7047576904297,1092.668212890625,98.0475082397461,73.66921997070312,44.16084289550781,614.0499877929688,75.54007720947266,472.0227355957031,548.4489135742188,333.83221435546875,142.7608184814453,544.8676147460938,248.22999572753906,191.7352752685547,491.7477111816406,262.2972412109375,488.739990234375,208.3245391845703,68.09764862060547,106.79222106933594,175.10821533203125
2024-07-15,232.60105895996094,159.7814483642578,100.06449127197266,312.1251525878906,565.7100219726562,231.24087524414062,74.72274017333984,179.8300018310547,312.84442138671875,192.72000122070312,90.1050033569336,294.3755798339844,248.49427795410156,168.52195739746094,239.47962951660156,40.22414779663086,171.3484649658203,161.30250549316406,793.3181762695312,434.4200134277344,78.0199966430664,337.24102783203125,256.0869140625,315.6300048828125,320.3838806152344,182.3937530517578,840.8562622070312,250.54029846191406,45.368003845214844,176.17648315429688,146.42596435546875,362.9092102050781,98.91142272949219,237.5869140625,113.52733612060547,125.22537994384766,320.771484375,49.38725662231445,293.8677062988281,157.93353271484375,67.29539489746094,186.86996459960938,185.2133026123047,474.686279296875,312.96417236328125,343.5114440917969,174.35214233398438,144.8672332763672,651.5655517578125,437.25,236.41763305664062,141.81861877441406,203.52474975585938,845.8446655273438,60.29833221435547,428.34820556640625,938.9818725585938,105.17018127441406,440.21612548828125,241.5641632080078,87.65945434570312,440.7731018066406,60.96723556518555,493.3083190917969,,42.13190460205078,120.78861236572266,447.904052734375,387.33203125,65.6449966430664,419.7529296875,153.57000732421875,219.60545349121094,128.3780975341797,69.49400329589844,170.4550018310547,153.67959594726562,157.3363800048828,535.719970703125,114.1875,200.2353057861328,1074.8486328125,98.37665557861328,73.36624908447266,45.62589645385742,616.010009765625,75.59674072265625,476.1970520019531,549.957275390625,323.19866943359375,141.31314086914062,541.4777221679688,252.63999938964844,191.63079833984375,495.439208984375,264.97216796875,490.8500061035156,210.51742553710938,68.46153259277344,108.62126159667969,174.0714874267578
2024-07-16,233.0178680419922,160.8939971923828,99.83123779296875,319.12628173828125,566.5399780273438,236.69796752929688,75.36772918701172,177.5500030517578,315.677734375,193.02000427246094,89.55750274658203,294.81121826171875,255.84841918945312,166.51644897460938,245.00534057617188,42.37506866455078,174.84999084472656,162.52923583984375,813.5425415039062,438.8999938964844,78.13999938964844,351.68572998046875,257.5140075683594,311.7300109863281,328.39776611328125,182.72705078125,842.87744140625,253.68121337890625,45.38714599609375,178.7888946533203,146.17578125,368.611572265625,100.04780578613281,240.8680419921875,115.37140655517578,124.15861511230469,326.0975646972656,49.04442596435547,302.056884765625,161.19000244140625,68.0842056274414,184.19882202148438,182.6217041015625,485.0916748046875,314.8697509765625,353.7268981933594,177.14549255371094,145.94525146484375,659.4554443359375,438.010009765625,242.89512634277344,143.50057983398438,206.9838409423828,854.7750244140625,61.116127014160156,435.7288513183594,930.2288208007812,105.84698486328125,439.7501220703125,247.0767364501953,90.24859619140625,446.3579406738281,62.36943817138672,486.9749450683594,,42.40559768676758,118.2619857788086,443.5233154296875,388.98193359375,65.63200378417969,422.90167236328125,152.1580047607422,226.38377380371094,126.29910278320312,69.56800079345703,169.25,154.52365112304688,159.60205078125,559.2636108398438,114.51741790771484,201.63958740234375,1087.6422119140625,100.37091064453125,65.89964294433594,46.34890365600586,613.010009765625,76.60720825195312,482.3548889160156,553.2185668945312,327.9891052246094,144.77825927734375,552.1544799804688,256.55999755859375,196.24679565429688,527.6436157226562,265.76171875,488.9800109863281,215.28330993652344,68.83525848388672,109.40380859375,178.8932342529297
2024-07-17,227.12344360351562,166.66603088378906,101.73612213134766,319.7154541015625,563.0900268554688,229.18836975097656,75.64690399169922,159.42999267578125,318.07513427734375,187.92999267578125,84.16999816894531,297.4845886230469,258.6601257324219,153.34298706054688,245.3292236328125,42.23103713989258,177.38900756835938,157.42144775390625,810.7950439453125,445.6099853515625,77.41000366210938,348.9742431640625,263.24200439453125,288.1199951171875,333.27960205078125,186.5136260986328,838.4290771484375,248.9153289794922,46.43998718261719,177.39151000976562,149.3815155029297,376.05194091796875,100.97756958007812,239.03102111816406,114.76966094970703,125.84120178222656,305.5386962890625,47.506587982177734,299.0798645019531,155.06309509277344,69.66181945800781,181.3390350341797,179.74220275878906,484.2816162109375,318.8881530761719,356.3814392089844,178.70904541015625,146.42547607421875,652.2882080078125,426.2300109863281,243.2783966064453,148.79360961914062,210.13287353515625,770.5670776367188,62.010005950927734,439.208984375,894.6537475585938,95.19233703613281,447.3151550292969,250.65895080566406,87.11688232421875,449.9990234375,63.591636657714844,459.3347473144531,,43.606346130371094,118.68622589111328,437.6033630371094,386.6641540527344,64.74600219726562,427.7705383300781,147.21400451660156,226.05593872070312,117.93314361572266,69.57533264160156,166.07000732421875,159.3349151611328,161.9824676513672,548.7013549804688,116.13868713378906,184.28802490234375,1078.3349609375,101.63909149169922,62.35203552246094,46.52014923095703,570.3800048828125,77.08883666992188,483.4206848144531,545.4618530273438,329.1794128417969,145.63751220703125,551.796630859375,248.5,194.0052947998047,551.1097412109375,269.1670227050781,488.3699951171875,217.65164184570312,69.85810852050781,110.91229248046875,178.0521240234375
2024-07-18,222.45948791503906,162.73876953125,97.2557601928711,322.17022705078125,556.8499755859375,232.47625732421875,75.14630889892578,155.77000427246094,313.6214599609375,183.75,83.15750122070312,296.7221984863281,254.9495086669922,157.80621337890625,244.58328247070312,41.29961013793945,175.6382293701172,155.0902862548828,799.140625,441.82000732421875,75.55000305175781,347.2479553222656,263.4388732910156,277.8299865722656,329.1808166503906,185.72669982910156,831.583251953125,245.08084106445312,45.98057174682617,187.0499725341797,150.067138671875,371.66778564453125,100.40469360351562,237.99952697753906,113.10999298095703,125.69859313964844,303.1552429199219,44.97943115234375,295.40911865234375,157.17138671875,69.86138916015625,177.96287536621094,176.43569946289062,468.88079833984375,317.6540222167969,350.8136901855469,176.58303833007812,144.80841064453125,631.0636596679688,416.1400146484375,238.87063598632812,147.6912841796875,203.45692443847656,775.8010864257812,61.990989685058594,436.0318298339844,838.6483154296875,93.70890045166016,444.8958740234375,249.23757934570312,87.11688232421875,442.8748474121094,63.402137756347656,473.11505126953125,,43.553367614746094,117.14006042480469,434.4953918457031,387.4007263183594,64.30400085449219,427.2262878417969,147.75399780273438,222.1316680908203,121.03163146972656,68.5393295288086,161.94000244140625,159.7851104736328,161.0264892578125,538.6014404296875,115.58257293701172,184.1533966064453,1060.0982666015625,100.52579498291016,60.856754302978516,46.34890365600586,560.3800048828125,76.78662872314453,478.3089294433594,541.27001953125,325.8250732421875,142.0509796142578,537.441650390625,249.22999572753906,195.5344696044922,542.5154418945312,265.66302490234375,488.1199951171875,217.4372100830078,69.65157318115234,112.00596618652344,175.71099853515625
2024-07-19,222.58848571777344,163.86083984375,99.16065216064453,323.24053955078125,551.0,224.91799926757812,71.64218139648438,151.5800018310547,313.92474365234375,183.1300048828125,82.63999938964844,293.2468566894531,251.43023681640625,154.6898193359375,237.88966369628906,41.19398880004883,174.8803253173828,156.53799438476562,800.7794189453125,434.4700012207031,77.55999755859375,339.05517578125,255.77198791503906,279.95001220703125,324.6567077636719,185.02310180664062,830.3546142578125,245.35826110839844,45.29142761230469,186.9489288330078,147.4543914794922,369.1485900878906,100.41407775878906,238.88365173339844,112.27530670166016,122.86578369140625,305.9212646484375,44.959842681884766,295.1104736328125,157.5079345703125,68.95854187011719,178.13168334960938,176.40591430664062,467.6464538574219,318.0785827636719,348.2071228027344,174.70489501953125,144.73004150390625,630.162841796875,455.010009765625,232.4794158935547,146.99758911132812,203.26315307617188,751.6417236328125,62.086082458496094,434.7707824707031,847.1148071289062,90.21768188476562,439.90875244140625,247.0863494873047,84.49919128417969,436.2735900878906,62.956851959228516,474.0497131347656,,43.65931701660156,118.57308197021484,431.27886962890625,383.2071533203125,63.33399963378906,425.60333251953125,150.24000549316406,219.7886505126953,117.8731689453125,69.52400207519531,165.44500732421875,158.83787536621094,161.5333251953125,535.6315307617188,116.64771270751953,179.103759765625,1056.462890625,99.5286636352539,60.67106628417969,47.25267028808594,563.1199951171875,76.87164306640625,473.522705078125,537.6757202148438,335.3864440917969,139.84674072265625,531.2083740234375,239.1999969482422,189.10435485839844,543.4671630859375,262.0208435058594,491.57000732421875,217.14483642578125,69.58271789550781,109.43209075927734,175.07376098632812
2024-07-22,222.2412109375,165.0875244140625,100.80311584472656,325.51861572265625,554.8200073242188,233.4976348876953,73.2402114868164,155.8699951171875,318.359375,182.5500030517578,85.55999755859375,296.16766357421875,237.69723510742188,158.33709716796875,240.2157440185547,40.61784744262695,175.1455841064453,154.25538635253906,812.86767578125,435.9800109863281,78.2699966430664,340.6710205078125,257.86834716796875,287.0799865722656,324.6083679199219,185.05084228515625,839.55859375,251.7490997314453,44.8128662109375,190.2735595703125,145.45310974121094,370.310546875,100.99635314941406,242.00758361816406,114.36202239990234,120.65088653564453,314.1899108886719,45.067588806152344,296.1895446777344,161.10092163085938,68.81597900390625,182.0639190673828,180.38760375976562,469.6812744140625,321.25775146484375,348.10174560546875,175.5629119873047,146.2588653564453,638.0428466796875,461.1199951171875,235.13363647460938,146.56997680664062,203.7476348876953,797.929931640625,61.591590881347656,436.09051513671875,855.51220703125,96.11506652832031,444.12255859375,249.2568359375,88.6399154663086,444.384521484375,63.042110443115234,484.59869384765625,,43.61516571044922,118.49766540527344,437.0310974121094,389.06048583984375,64.75,425.7588195800781,151.3000030517578,219.86578369140625,123.48046875,70.47333526611328,166.85000610351562,157.24349975585938,161.81222534179688,542.977783203125,119.39069366455078,187.52944946289062,1062.5615234375,100.45802307128906,63.28046798706055,47.03386688232422,587.7100219726562,77.29660034179688,480.90423583984375,543.2190551757812,336.802978515625,141.05162048339844,543.2074584960938,251.50999450683594,195.54397583007812,536.9300537109375,264.24169921875,495.9100036621094,217.77835083007812,69.21882629394531,108.6778335571289,177.21095275878906
2024-07-23,223.28311157226562,164.6501007080078,100.99748992919922,324.3599548339844,546.010009765625,224.04257202148438,74.01036071777344,154.0,315.7724609375,186.41000366210938,86.6624984741211,295.4844970703125,244.82192993164062,161.0012664794922,242.32589721679688,40.723472595214844,177.60121154785156,154.64207458496094,814.2655029296875,434.010009765625,78.58999633789062,337.047607421875,259.0887145996094,282.989990234375,324.9757080078125,182.79188537597656,844.2050170898438,253.7109375,44.372589111328125,186.32786560058594,142.76622009277344,362.7627258300781,100.6019058227539,242.37106323242188,114.15821075439453,118.73065948486328,315.7789001464844,44.342742919921875,289.8019104003906,170.24671936035156,67.63754272460938,182.3121337890625,180.50674438476562,474.6091003417969,335.8603820800781,344.6230773925781,175.51527404785156,145.6022491455078,630.6973876953125,455.05999755859375,232.9010467529297,144.77395629882812,203.79605102539062,796.1064453125,61.77227020263672,437.37115478515625,867.6832885742188,94.4063491821289,437.9555969238281,243.9843292236328,85.39396667480469,445.894287109375,62.53998947143555,485.8813171386719,,43.36796188354492,117.26262664794922,438.9156188964844,389.45330810546875,64.2760009765625,429.8404846191406,153.10400390625,216.25003051757812,122.53092193603516,69.93399810791016,167.77999877929688,155.94923400878906,160.24459838867188,542.5252685546875,118.4669418334961,185.97128295898438,1048.4866943359375,101.61973571777344,63.66162109375,46.66284942626953,588.3300170898438,76.82440948486328,489.0357666015625,542.3670043945312,336.15374755859375,140.3511199951172,548.9931640625,246.3800048828125,188.33502197265625,533.248291015625,261.3595275878906,490.32000732421875,213.1781463623047,69.48438262939453,106.9242172241211,175.8580780029297
2024-07-24,216.86276245117188,167.55987548828125,104.24356842041016,322.73974609375,531.0399780273438,218.49790954589844,72.45083618164062,144.6300048828125,318.0182800292969,180.8300018310547,81.46749877929688,295.25677490234375,248.83856201171875,148.7814178466797,236.52540588378906,40.5122184753418,179.88250732421875,150.16677856445312,797.8392944335938,432.79998779296875,77.76000213623047,329.0858459472656,255.9294891357422,266.3399963378906,330.8145446777344,182.615966796875,823.1124877929688,247.48855590820312,44.84157943725586,185.83740234375,143.67422485351562,360.6829528808594,101.99185180664062,241.1038055419922,110.72240447998047,118.9207763671875,293.8664245605469,43.27507019042969,287.3741455078125,160.64559936523438,69.85189056396484,173.14688110351562,171.41139221191406,469.3533935546875,339.5826416015625,335.70135498046875,175.4390106201172,144.5634002685547,614.0068359375,454.0199890136719,229.29818725585938,148.50852966308594,202.110107421875,744.9586791992188,62.580562591552734,433.80303955078125,849.4956665039062,89.50546264648438,428.76458740234375,243.3312530517578,82.405029296875,428.05413818359375,62.90947723388672,458.6188659667969,,43.6328239440918,118.71450805664062,423.17840576171875,383.60980224609375,63.5989990234375,429.6655578613281,146.1739959716797,213.41529846191406,114.19493865966797,70.04733276367188,162.1199951171875,157.7218017578125,161.57180786132812,520.4962768554688,116.01615905761719,174.15989685058594,1053.7412109375,101.48419952392578,62.62567901611328,45.69248580932617,553.3300170898438,78.07097625732422,475.3187561035156,530.0756225585938,334.8651428222656,136.78326416015625,571.3511352539062,215.99000549316406,188.3255157470703,538.1029052734375,250.87709045410156,490.79998779296875,211.86239624023438,69.43519592285156,108.43270111083984,176.13255310058594
2024-07-25,215.8208465576172,173.22731018066406,102.98011779785156,324.1537170410156,532.1500244140625,214.8987579345703,72.44120025634766,138.32000732421875,316.7769470214844,179.85000610351562,78.52999877929688,295.9994201660156,247.34666442871094,146.73658752441406,235.7303924560547,40.02250289916992,176.42645263671875,144.409912109375,806.4090576171875,433.2900085449219,74.26000213623047,337.17486572265625,257.474609375,258.3800048828125,329.7898254394531,184.58795166015625,808.3804321289062,254.1667022705078,45.214866638183594,186.03211975097656,145.9626922607422,372.6929931640625,101.01512908935547,239.36500549316406,111.2173843383789,120.76495361328125,287.2749938964844,43.61790084838867,287.6727600097656,162.991455078125,72.71249389648438,167.97341918945312,166.0991668701172,474.1847839355469,348.320556640625,338.5570983886719,183.02780151367188,146.05303955078125,620.0257568359375,436.739990234375,233.63885498046875,151.70144653320312,202.1876220703125,751.8980102539062,62.827796936035156,433.0893859863281,811.2730102539062,86.97240447998047,425.9388732910156,241.49696350097656,80.9391098022461,431.4090270996094,62.89999771118164,450.8040771484375,,43.96833038330078,118.64851379394531,412.8184814453125,378.7484130859375,63.409000396728516,457.31414794921875,165.75799560546875,214.9194793701172,112.22589111328125,72.86066436767578,160.06500244140625,160.39476013183594,160.5138702392578,536.103515625,113.51824951171875,168.6966552734375,1057.0487060546875,109.84844970703125,64.73665618896484,45.88275146484375,538.719970703125,77.11717987060547,476.966796875,527.313720703125,322.096923828125,136.63381958007812,591.0047607421875,220.25,187.2522430419922,538.03564453125,250.45269775390625,492.260009765625,194.84556579589844,68.86476135253906,110.71430969238281,177.21095275878906
2024-07-26,216.2872314453125,176.07052612304688,102.28036499023438,322.52374267578125,542.4400024414062,220.25857543945312,74.35691833496094,139.99000549316406,317.298095703125,182.5,79.80249786376953,319.81201171875,249.58448791503906,149.0665283203125,241.33460998535156,40.01289749145508,179.85220336914062,146.0320281982422,825.3609008789062,437.6600036621094,74.91999816894531,343.22698974609375,265.79107666015625,258.7900085449219,332.1969299316406,185.66188049316406,811.1682739257812,260.2998962402344,45.82742691040039,187.64639282226562,146.2406463623047,377.4384765625,101.45653533935547,240.91717529296875,113.40116119384766,120.8695068359375,292.091064453125,44.078277587890625,289.1661071777344,168.07907104492188,73.18767547607422,167.49681091308594,165.82113647460938,481.243896484375,350.2852478027344,344.5176696777344,182.80853271484375,147.98370361328125,626.9949340820312,441.29998779296875,237.14590454101562,152.65170288085938,205.646728515625,776.1263427734375,63.75972366333008,441.2618408203125,794.9031372070312,88.00727081298828,434.4457092285156,242.0155487060547,82.65252685546875,442.7958984375,62.92842102050781,463.0234375,,44.52455520629883,118.09226989746094,419.5968017578125,386.6641540527344,63.137001037597656,466.7700500488281,165.52200317382812,238.36871337890625,113.00550079345703,74.02066802978516,163.40499877929688,162.01727294921875,162.6393280029297,545.426513671875,115.63910675048828,173.17884826660156,1071.39208984375,110.31311798095703,65.08848571777344,46.453556060791016,546.3800048828125,77.59879302978516,483.3713684082031,533.2195434570312,326.2579345703125,139.16494750976562,603.5703735351562,219.8000030517578,191.84925842285156,547.687255859375,256.09857177734375,495.260009765625,191.96072387695312,68.62872314453125,110.62002563476562,176.3090362548828
2024-07-29,216.56509399414062,173.00860595703125,101.82359313964844,320.3045654296875,536.6099853515625,221.2021484375,75.06929016113281,139.75,315.0807800292969,183.1999969482422,80.13749694824219,316.1386413574219,254.13661193847656,147.68035888671875,243.2975616455078,39.455963134765625,180.261474609375,148.1682586669922,831.0966186523438,438.30999755859375,75.58999633789062,337.400146484375,267.4051513671875,259.04998779296875,335.0003967285156,184.16207885742188,809.1443481445312,256.2177429199219,45.93271255493164,188.50155639648438,145.09178161621094,367.8889465332031,102.06697845458984,243.54991149902344,114.3329086303711,118.99683380126953,290.93359375,43.47097396850586,288.2893981933594,168.13844299316406,73.87194061279297,169.9296417236328,168.3332977294922,475.1587829589844,354.1852722167969,346.5876159667969,182.57020568847656,148.1405029296875,629.96484375,443.6600036621094,237.65374755859375,150.67515563964844,204.29991149902344,767.4029541015625,63.55050277709961,439.8639221191406,798.0347900390625,87.78102111816406,437.53912353515625,251.0623321533203,83.7281723022461,444.1871643066406,63.57267379760742,463.0333557128906,,44.61283874511719,120.46807098388672,421.037353515625,388.34356689453125,62.69599914550781,463.8448791503906,159.81199645996094,238.76405334472656,111.53621673583984,74.5459976196289,161.02999877929688,162.44869995117188,163.4279327392578,539.4373779296875,116.83622741699219,171.82261657714844,1069.961669921875,110.78749084472656,63.8179931640625,45.530757904052734,547.52001953125,78.42984771728516,483.38116455078125,533.5328979492188,327.8415832519531,137.1288299560547,600.5682983398438,232.10000610351562,191.74481201171875,544.8322143554688,258.21087646484375,498.1499938964844,195.4498291015625,68.47137451171875,109.46036529541016,178.2599639892578
2024-07-30,217.12078857421875,177.61102294921875,102.35812377929688,323.2503662109375,538.7100219726562,218.45901489257812,76.06085205078125,138.44000244140625,315.81036376953125,181.7100067138672,77.8550033569336,325.4953308105469,252.6925811767578,141.09365844726562,247.8025360107422,39.638404846191406,183.21734619140625,146.8211669921875,841.1605224609375,441.260009765625,74.02999877929688,334.6482849121094,272.2867431640625,253.11000061035156,341.02288818359375,182.5696563720703,803.6578369140625,255.56381225585938,46.07627487182617,188.8243865966797,147.84352111816406,363.0068359375,103.2127456665039,224.8258819580078,112.29471588134766,119.9189224243164,281.742919921875,42.95182800292969,289.8790283203125,165.77279663085938,74.17605590820312,170.65451049804688,169.08792114257812,487.6472473144531,356.7720642089844,348.52337646484375,182.13162231445312,148.27772521972656,629.4105224609375,432.69000244140625,238.91854858398438,153.30740356445312,208.5050811767578,748.0341186523438,64.35879516601562,440.73394775390625,780.6671752929688,84.09403991699219,443.6367492675781,255.88340759277344,82.37646484375,451.982421875,63.52531433105469,460.52783203125,,44.63050079345703,108.65507507324219,417.2781677246094,388.2551574707031,62.257999420166016,473.0189208984375,159.75999450683594,240.76959228515625,103.68000030517578,76.05999755859375,158.7550048828125,162.4205322265625,155.51284790039062,542.0828247070312,118.85340118408203,160.5691375732422,1070.5675048828125,113.14960479736328,63.43684387207031,45.29292678833008,525.8900146484375,78.7414779663086,482.07861328125,530.829833984375,324.83154296875,138.1842498779297,611.44384765625,222.6199951171875,190.8994903564453,554.0418090820312,259.6914367675781,502.6000061035156,195.99563598632812,68.04846954345703,111.41197967529297,178.2599639892578
2024-07-31,220.3756103515625,176.22267150878906,102.960693359375,324.64471435546875,551.6500244140625,225.07366943359375,76.27263641357422,144.47999572753906,315.0428466796875,186.97999572753906,86.63749694824219,325.26763916015625,252.3291473388672,157.96351623535156,248.35214233398438,38.70697784423828,182.70196533203125,146.58522033691406,844.9297485351562,438.5,73.87999725341797,339.03558349609375,271.30255126953125,267.6600036621094,337.0594482421875,179.33860778808594,815.5337524414062,256.42578125,46.372989654541016,188.2748565673828,148.67738342285156,363.2119140625,102.62107849121094,226.62364196777344,113.6632080078125,120.53681182861328,298.9571228027344,44.47987747192383,291.198974609375,168.46507263183594,72.28482818603516,171.93545532226562,170.3291015625,490.88751220703125,358.4505310058594,352.80694580078125,183.18035888671875,148.53250122070312,640.844482421875,444.6099853515625,236.9446563720703,150.0004425048828,206.1893310546875,811.2960205078125,63.464908599853516,443.324462890625,794.5573120117188,90.62396240234375,459.7581481933594,254.88465881347656,84.50872039794922,450.4233703613281,64.75697326660156,472.1009216308594,,43.270835876464844,106.65637969970703,412.76910400390625,391.78094482421875,62.834999084472656,470.67681884765625,162.8780059814453,240.62493896484375,116.96359252929688,75.0893325805664,162.36500549316406,161.94223022460938,154.6088104248047,551.8681030273438,118.81570434570312,174.04449462890625,1071.9482421875,113.74012756347656,63.71049880981445,45.93983840942383,558.3200073242188,78.8736801147461,478.3483581542969,539.4581909179688,322.1067199707031,140.4818878173828,609.7340087890625,232.07000732421875,194.83810424804688,553.878173828125,262.2281188964844,495.7200012207031,197.51602172851562,67.50753021240234,111.8079605102539,176.5050811767578
2024-08-01,216.6841583251953,180.3971710205078,107.05229187011719,322.150634765625,546.4099731445312,212.95326232910156,72.1138916015625,132.5399932861328,317.9424743652344,184.07000732421875,84.66000366210938,325.2527770996094,274.91778564453125,144.5344696044922,244.07293701171875,37.92919158935547,178.87451171875,144.57958984375,834.1812744140625,431.80999755859375,75.16000366210938,324.6593933105469,267.65118408203125,260.80999755859375,321.5245666503906,181.74569702148438,810.4639282226562,250.7384490966797,45.358428955078125,187.77450561523438,141.40428161621094,349.4735412597656,105.74845123291016,236.0052947998047,109.76152801513672,117.0290756225586,292.1793518066406,42.73633575439453,286.9405212402344,168.01966857910156,72.69347381591797,171.24037170410156,169.55458068847656,482.2950439453125,358.5196533203125,343.62646484375,180.8159942626953,147.98370361328125,631.41015625,450.94000244140625,232.1344757080078,152.76573181152344,201.4996795654297,745.3235473632812,64.62506103515625,443.1680603027344,822.3870849609375,81.68096923828125,458.46923828125,258.1018981933594,80.31087493896484,454.7649841308594,64.71907806396484,494.8792419433594,,44.162567138671875,107.30690002441406,411.545654296875,391.4469909667969,62.48500061035156,479.4621276855469,162.2760009765625,237.6359405517578,109.1573715209961,75.55999755859375,157.80999755859375,164.08995056152344,159.35018920898438,525.6888427734375,120.38984680175781,157.74134826660156,1085.8046875,113.01407623291016,62.26407241821289,44.38916015625,540.6699829101562,82.69839477539062,484.0719909667969,531.8190307617188,327.7334289550781,137.3156280517578,618.1144409179688,216.86000061035156,184.8194580078125,550.6193237304688,262.4847412109375,505.7799987792969,200.83946228027344,68.6385726928711,110.26176452636719,178.83836364746094
2024-08-02,218.1726531982422,179.99777221679688,108.17967224121094,317.3096923828125,526.1699829101562,202.2919921875,69.28362274169922,132.5,316.48321533203125,167.89999389648438,79.83499908447266,327.6239929199219,269.43798828125,141.38858032226562,227.97677612304688,36.085548400878906,183.31588745117188,131.31988525390625,815.547607421875,428.3599853515625,74.5,314.229736328125,267.0311584472656,249.6300048828125,326.0970458984375,185.0045623779297,815.6130981445312,241.7318572998047,44.65972900390625,186.5052947998047,137.63336181640625,345.41162109375,106.9881362915039,233.0188751220703,105.99573516845703,116.84845733642578,274.8965148925781,41.11034393310547,281.6127014160156,158.6461944580078,72.95958709716797,167.21875,165.4835662841797,453.86572265625,351.8452453613281,340.60784912109375,180.30116271972656,146.85667419433594,617.6498413085938,449.7300109863281,233.65802001953125,155.9776611328125,192.95367431640625,686.2112426757812,65.92782592773438,443.8132629394531,794.7449951171875,75.05762481689453,458.08258056640625,265.727294921875,71.80098724365234,454.47882080078125,66.9644775390625,485.33447265625,,45.08961486816406,108.60792541503906,403.0406188964844,402.9572448730469,61.36399841308594,480.6186828613281,158.1280059814453,235.98776245117188,107.21829223632812,75.80133056640625,152.8000030517578,166.9785919189453,163.57220458984375,509.92431640625,116.86450958251953,153.2303009033203,1074.9281005859375,112.72364807128906,61.95133972167969,42.74335861206055,505.7799987792969,83.65221405029297,479.6410827636719,521.9174194335938,326.14971923828125,129.98379516601562,612.0701904296875,207.6699981689453,179.20782470703125,567.0196533203125,263.1263427734375,494.4599914550781,202.486572265625,67.33051300048828,110.19576263427734,177.04429626464844
2024-08-05,207.6639404296875,175.30979919433594,105.57503509521484,308.0697326660156,509.32000732421875,195.0936737060547,67.54119110107422,134.82000732421875,308.1728515625,161.02000427246094,78.73249816894531,322.47467041015625,266.3108215332031,139.67796325683594,221.73458862304688,35.19253158569336,178.7001953125,133.5018768310547,800.8372192382812,413.7200012207031,72.95999908447266,310.2440185546875,265.06280517578125,246.83999633789062,314.864013671875,182.58819580078125,795.5223388671875,236.81735229492188,42.8220329284668,182.33285522460938,134.0292205810547,336.7116394042969,104.25521850585938,227.1737518310547,103.25872802734375,117.03858184814453,268.2042236328125,40.032867431640625,272.7394714355469,156.7457733154297,71.1158676147461,159.51321411132812,158.12588500976562,442.6598815917969,345.74359130859375,335.4138488769531,174.7620849609375,145.80804443359375,596.910400390625,438.0,229.3556671142578,153.2313690185547,188.84539794921875,693.416748046875,64.7581787109375,433.54888916015625,765.8976440429688,75.78459930419922,438.2331848144531,257.8137512207031,70.30653381347656,434.32977294921875,65.38227081298828,472.9957580566406,,43.57102584838867,105.88330841064453,389.8785705566406,392.4880065917969,59.85499954223633,478.75274658203125,156.25399780273438,232.37149047851562,100.4015884399414,73.70133209228516,147.08999633789062,163.22711181640625,161.62950134277344,497.92633056640625,112.11376953125,151.92221069335938,1064.0914306640625,111.49418640136719,60.876304626464844,41.63981246948242,487.8399963378906,81.75401306152344,465.7760314941406,506.71722412109375,310.7845153808594,125.03363037109375,594.5140380859375,198.8800048828125,173.21385192871094,547.9180908203125,253.11767578125,476.9100036621094,196.42446899414062,66.47486877441406,108.20643615722656,171.38760375976562
2024-08-06,205.63958740234375,176.59353637695312,106.42057037353516,312.92047119140625,514.2000122070312,199.29592895507812,68.58086395263672,130.17999267578125,311.7073974609375,161.92999267578125,80.88500213623047,320.86737060546875,266.3968200683594,141.48684692382812,226.83822631835938,35.45178985595703,178.4955596923828,134.8296356201172,810.669921875,422.1400146484375,73.76000213623047,319.6845397949219,260.98822021484375,259.79998779296875,318.3247985839844,187.36538696289062,810.4539794921875,236.23277282714844,43.22402572631836,183.70562744140625,132.70428466796875,337.90283203125,106.04898071289062,229.60023498535156,104.6078109741211,116.23056030273438,273.2529602050781,40.19939041137695,275.282958984375,160.61590576171875,70.50764465332031,159.41387939453125,157.17263793945312,453.4607238769531,348.4587097167969,339.15118408203125,178.08935546875,147.50347900390625,606.13671875,447.6600036621094,228.4070587158203,151.06475830078125,194.11642456054688,705.9744873046875,64.71063232421875,435.660400390625,783.601318359375,75.762939453125,444.4795227050781,259.36004638671875,71.07756042480469,443.06231689453125,64.8611831665039,491.250244140625,,43.6858024597168,104.7896957397461,394.27911376953125,395.6405944824219,60.957000732421875,472.8245544433594,158.58999633789062,236.41436767578125,104.19976806640625,74.086669921875,150.96499633789062,161.77342224121094,161.6583251953125,509.44244384765625,114.10266876220703,152.66282653808594,1059.0352783203125,110.7487564086914,61.374725341796875,41.287818908691406,499.3900146484375,81.64069366455078,473.16748046875,511.3889465332031,317.4047546386719,125.01494598388672,598.4805908203125,200.63999938964844,178.7202911376953,546.3703002929688,254.9141082763672,474.2900085449219,197.98385620117188,66.62239074707031,107.6313247680664,181.65200805664062
2024-08-07,208.20970153808594,178.30516052246094,106.84819793701172,312.2724304199219,513.6199951171875,195.8232421875,67.94550323486328,128.6699981689453,296.11968994140625,162.77000427246094,79.3324966430664,323.447021484375,265.32574462890625,133.96620178222656,224.5612335205078,35.816680908203125,176.30519104003906,130.4316864013672,809.5901489257812,427.0199890136719,73.77999877929688,319.0577087402344,261.50982666015625,250.30999755859375,318.05413818359375,189.79098510742188,803.9256591796875,237.83790588378906,43.18574142456055,182.4215850830078,131.944580078125,337.82470703125,106.60308837890625,227.4684600830078,96.61034393310547,117.03858184814453,273.2825012207031,38.710514068603516,267.9608459472656,160.47735595703125,70.32706451416016,159.62245178222656,157.81805419921875,456.1512756347656,347.8070373535156,328.1212158203125,178.08935546875,148.10130310058594,603.3253173828125,449.260009765625,226.9601593017578,150.99822998046875,194.17453002929688,687.7390747070312,65.10051727294922,431.9456481933594,762.8153076171875,73.58695983886719,446.0063781738281,258.69732666015625,68.5360107421875,445.06536865234375,65.77071380615234,486.1099853515625,,44.17139434814453,106.0530014038086,393.1148681640625,397.1039123535156,61.14799880981445,475.953857421875,155.25599670410156,232.66233825683594,98.86233520507812,73.9366683959961,152.10499572753906,161.1168975830078,163.51451110839844,504.0138244628906,113.25431823730469,150.1620330810547,1060.6348876953125,110.50674438476562,60.807891845703125,40.77409744262695,489.9700012207031,82.43396759033203,471.8253479003906,507.9707946777344,314.38482666015625,124.6600341796875,583.9166870117188,191.75999450683594,175.96707153320312,544.1881103515625,253.1966552734375,465.8900146484375,199.65045166015625,65.80609130859375,109.06439971923828,181.14222717285156
2024-08-08,211.67291259765625,181.05328369140625,106.67326354980469,310.17108154296875,530.239990234375,207.8171844482422,69.44728088378906,136.32000732421875,307.6706848144531,165.8000030517578,83.625,324.3796081542969,267.0184631347656,143.276123046875,229.2134246826172,36.69049072265625,177.64669799804688,133.95248413085938,824.040283203125,431.5400085449219,75.55000305175781,329.2033996582031,264.96435546875,268.67999267578125,323.8639831542969,189.9298553466797,832.82666015625,246.83460998535156,43.86530685424805,184.94525146484375,133.87171936035156,340.9102783203125,105.58880615234375,232.97958374023438,101.53112030029297,120.52730560302734,282.9273376464844,40.19939041137695,268.43292236328125,163.921875,71.83814239501953,162.69073486328125,160.88624572753906,468.45648193359375,356.1007080078125,333.8135070800781,183.62844848632812,150.68856811523438,619.8276977539062,463.6099853515625,229.74856567382812,152.25259399414062,197.72085571289062,741.5284423828125,65.3572769165039,437.4981994628906,835.1016845703125,78.61180114746094,451.69744873046875,260.4452209472656,73.56197357177734,453.6795654296875,66.58551788330078,506.700927734375,,44.542213439941406,107.40117645263672,397.3180236816406,404.8035888671875,63.03499984741211,477.4796447753906,159.22799682617188,234.6498260498047,104.91941833496094,74.72666931152344,158.68499755859375,161.6608428955078,164.33197021484375,558.6735229492188,114.98870849609375,158.65505981445312,1105.8790283203125,111.4264144897461,61.35517883300781,41.56370544433594,515.030029296875,81.65013885498047,480.7759704589844,519.7136840820312,320.6705322265625,125.12702941894531,596.51220703125,198.83999633789062,184.79075622558594,544.3418579101562,256.4637756347656,465.9599914550781,200.6737823486328,66.543701171875,111.14800262451172,184.60292053222656
2024-08-09,214.5804443359375,180.60638427734375,105.65278625488281,310.1219787597656,536.2999877929688,205.55068969726562,69.37026977539062,134.27000427246094,305.5859680175781,166.94000244140625,83.95249938964844,326.8600769042969,266.0812683105469,145.7534942626953,233.44357299804688,36.75770568847656,178.79115295410156,135.85433959960938,825.3705444335938,431.6700134277344,76.19000244140625,331.2598876953125,265.9878845214844,270.1300048828125,324.9466857910156,191.32785034179688,848.20458984375,250.21331787109375,43.5207405090332,186.23175048828125,134.33497619628906,337.87359619140625,105.81419372558594,233.74583435058594,100.63819122314453,120.28014373779297,287.0214538574219,40.20918655395508,267.26715087890625,165.42636108398438,70.00394439697266,164.2299041748047,162.51467895507812,472.7864685058594,356.32769775390625,334.1009826660156,184.11891174316406,151.00216674804688,623.8668212890625,463.42999267578125,229.21194458007812,152.63270568847656,199.4067840576172,736.0973510742188,65.30972290039062,436.9898376464844,880.91162109375,79.4745101928711,452.8872375488281,257.2951965332031,72.4292221069336,458.76123046875,66.05494689941406,514.7941284179688,,44.52455520629883,107.99513244628906,400.60357666015625,403.4090270996094,63.39400100708008,480.41455078125,162.21600341796875,232.31332397460938,104.69951629638672,74.9606704711914,165.74000549316406,161.6796417236328,164.0146026611328,560.3748168945312,114.90388488769531,158.20301818847656,1123.6490478515625,112.44290924072266,61.23743438720703,41.43051528930664,524.72998046875,81.97122192382812,482.07861328125,522.00537109375,322.48052978515625,126.55604553222656,592.6749877929688,200.0,183.7487335205078,537.1510620117188,256.9088134765625,468.45001220703125,200.050048828125,66.82892608642578,112.05309295654297,181.61280822753906
2024-08-12,216.1103973388672,180.8441162109375,104.76837921142578,308.2857666015625,530.9299926757812,206.29971313476562,68.93705749511719,136.77000427246094,303.2265319824219,166.8000030517578,84.5824966430664,326.28460693359375,261.9690246582031,146.10739135742188,232.6584014892578,36.652076721191406,177.44964599609375,135.70164489746094,808.0767211914062,430.3900146484375,75.94000244140625,329.0760803222656,263.7636413574219,266.6400146484375,317.17437744140625,191.26304626464844,856.7766723632812,249.0045166015625,42.936885833740234,187.21261596679688,134.3627471923828,336.87762451171875,106.47159576416016,233.05816650390625,100.03643798828125,122.40949249267578,283.8622741699219,40.708740234375,268.94354248046875,165.1690216064453,69.36719512939453,162.7999725341797,161.14437866210938,468.1961364746094,356.8214416503906,331.3890075683594,182.22433471679688,150.81597900390625,621.104736328125,465.5299987792969,226.73019409179688,151.92953491210938,199.78466796875,746.703369140625,64.82475280761719,436.7552490234375,873.6998901367188,79.76863861083984,451.8065185546875,258.7837829589844,72.74334716796875,454.46893310546875,65.6380844116211,512.984619140625,,44.418609619140625,106.98635864257812,401.3830261230469,405.3732604980469,63.31399917602539,487.5283203125,161.32400512695312,229.94772338867188,108.96746063232422,74.73799896240234,165.5500030517578,160.76988220214844,160.4273223876953,558.3786010742188,113.10350036621094,156.67369079589844,1113.56689453125,112.8785400390625,60.60946273803711,41.76348876953125,520.8400268554688,82.34896850585938,478.0917663574219,522.2797241210938,319.89349365234375,126.10772705078125,595.5479125976562,197.49000549316406,183.6053466796875,543.4286499023438,257.03741455078125,464.510009765625,197.95462036132812,67.5665512084961,112.19452667236328,180.20108032226562
2024-08-13,219.8260040283203,181.84254455566406,105.19600677490234,313.5587463378906,535.219970703125,212.06808471679688,68.95631408691406,141.1300048828125,306.49566650390625,170.22999572753906,86.54750061035156,325.03448486328125,264.4745788574219,153.51992797851562,234.56246948242188,36.93054962158203,179.0791473388672,140.7751007080078,823.808837890625,432.4100036621094,75.91999816894531,331.7887268066406,263.5864562988281,271.4100036621094,321.64056396484375,192.17031860351562,858.0169067382812,252.26434326171875,43.425025939941406,187.0869140625,133.55670166015625,342.32611083984375,106.8003158569336,237.07608032226562,101.03611755371094,120.11854553222656,290.7120666503906,41.03197479248047,272.7491455078125,166.24790954589844,70.30805969238281,164.76608276367188,163.00120544433594,474.40655517578125,364.1868896484375,335.4713439941406,183.67652893066406,151.57057189941406,639.3397216796875,469.2300109863281,228.78074645996094,150.51361083984375,201.48028564453125,782.4743041992188,65.10051727294922,439.6097717285156,897.0839233398438,82.70700073242188,455.4451904296875,259.60003662109375,75.3324966430664,458.30731201171875,66.6423568725586,525.5022583007812,,45.12492370605469,107.84428405761719,408.4870300292969,404.6268615722656,64.802001953125,488.2280578613281,163.75999450683594,232.07093811035156,116.08402252197266,74.31466674804688,166.61500549316406,161.6608428955078,160.88894653320312,562.0664672851562,115.63910675048828,163.00259399414062,1150.55712890625,113.1302490234375,61.31593704223633,41.63981246948242,528.6400146484375,82.34896850585938,483.2430114746094,530.868896484375,323.6216125488281,127.63948059082031,600.65771484375,207.8300018310547,188.56689453125,552.0325317382812,257.2747802734375,467.5899963378906,198.74403381347656,67.00594329833984,111.11971282958984,184.68136596679688
2024-08-14,220.27304077148438,183.52565002441406,106.79960632324219,314.0496826171875,539.7899780273438,209.45138549804688,70.18852996826172,140.75,305.8133850097656,170.10000610351562,87.1624984741211,328.4078369140625,264.417236328125,155.02406311035156,239.24407958984375,37.26663589477539,177.4117431640625,140.96527099609375,826.63330078125,438.4700012207031,76.41999816894531,330.6037292480469,268.0645446777344,271.7799987792969,323.7479553222656,192.42955017089844,855.9235229492188,252.97775268554688,43.49202346801758,188.0825958251953,134.03848266601562,342.9998474121094,106.55612182617188,235.24888610839844,100.44407653808594,120.2896499633789,293.575927734375,41.05156707763672,272.970703125,166.23802185058594,70.46011352539062,160.89344787597656,159.23794555664062,480.9256896972656,366.8724670410156,340.8282775878906,184.9556121826172,153.00143432617188,630.3410034179688,471.2099914550781,228.68495178222656,150.59912109375,203.70884704589844,782.5333862304688,65.21463775634766,441.0565185546875,920.4286499023438,83.15656280517578,456.23846435546875,260.4068298339844,74.34252166748047,459.9649658203125,67.45714569091797,523.7324829101562,,45.19554901123047,107.08062744140625,411.2989501953125,411.0988464355469,66.16799926757812,490.7742919921875,163.8040008544922,234.5916748046875,118.02310180664062,75.28133392333984,169.9550018310547,162.91761779785156,162.3411865234375,568.8129272460938,116.3366470336914,160.77113342285156,1149.0970458984375,113.89503479003906,64.13201904296875,41.649322509765625,530.7999877929688,82.33952331542969,486.1640625,532.543701171875,327.2514343261719,126.79887390136719,598.56005859375,201.3800048828125,186.99908447265625,557.2525634765625,258.2737121582031,471.44000244140625,201.11236572265625,67.52720642089844,112.14737701416016,179.77952575683594
2024-08-15,223.2534637451172,183.90602111816406,107.820068359375,319.25390625,554.1599731445312,217.57379150390625,70.67950439453125,147.36000061035156,308.3340148925781,177.58999633789062,89.1500015258789,328.8642883300781,261.92120361328125,163.32138061523438,244.8777313232422,37.477882385253906,177.3662567138672,143.41519165039062,840.6495971679688,440.8399963378906,77.58000183105469,338.4871826171875,268.330322265625,280.1199951171875,325.4880676269531,190.05947875976562,870.4481201171875,260.3791809082031,46.44955825805664,189.5989227294922,136.011962890625,364.4617004394531,106.22742462158203,235.71058654785156,101.22052001953125,121.79159545898438,297.6700744628906,42.68736267089844,273.78961181640625,168.20773315429688,70.65019226074219,162.0254669189453,160.161376953125,481.2342529296875,367.17852783203125,345.05438232421875,186.52317810058594,152.39381408691406,645.5862426757812,480.1700134277344,230.2180633544922,151.1787872314453,204.9781494140625,825.7365112304688,65.28120422363281,445.9052734375,921.6159057617188,87.5606689453125,464.7155456542969,263.9794616699219,77.38858795166016,460.92218017578125,66.58551788330078,534.2418212890625,,44.798255920410156,106.8260726928711,416.162109375,414.38897705078125,66.3219985961914,489.51092529296875,166.4219970703125,233.79666137695312,122.80079650878906,74.39266967773438,171.63499450683594,161.8015594482422,161.49485778808594,581.0567626953125,117.60916900634766,166.72488403320312,1167.443115234375,114.58236694335938,64.00444793701172,42.84800338745117,548.280029296875,82.16954040527344,486.44036865234375,541.671630859375,328.71710205078125,132.30941772460938,600.1408081054688,214.13999938964844,193.04086303710938,557.1948852539062,263.87152099609375,472.0,201.65814208984375,71.97264099121094,112.84117889404297,180.4657745361328
2024-08-16,224.57479858398438,184.38148498535156,107.87838745117188,321.0115661621094,553.4600219726562,217.10690307617188,70.81427764892578,148.55999755859375,306.7118835449219,177.05999755859375,88.47250366210938,329.4495849609375,263.98687744140625,162.91831970214844,247.04681396484375,37.77555847167969,179.1170196533203,142.79136657714844,841.064208984375,444.510009765625,78.25,336.37188720703125,269.088134765625,281.0,330.9208984375,192.45733642578125,863.7415161132812,260.49810791015625,47.33969497680664,188.88768005371094,136.44741821289062,369.01190185546875,106.45018005371094,236.41787719726562,100.56208038330078,121.73456573486328,291.9815979003906,42.55022430419922,274.9649963378906,167.69302368164062,70.11798095703125,163.58447265625,161.80967712402344,486.2874755859375,369.0346984863281,346.9613342285156,186.3596649169922,153.41302490234375,646.9623413085938,478.9800109863281,231.82785034179688,151.46388244628906,207.32296752929688,809.3242797851562,65.78519439697266,446.5699462890625,912.2569580078125,85.69554138183594,464.88409423828125,267.4559631347656,76.9602279663086,461.3669738769531,66.43392944335938,524.3886108398438,,45.310333251953125,107.16548919677734,413.6316833496094,413.8291320800781,67.40699768066406,492.3875427246094,165.51199340820312,233.10833740234375,124.51996612548828,74.6346664428711,167.05499267578125,161.89532470703125,161.4660186767578,573.7398681640625,115.79935455322266,165.60916137695312,1171.3963623046875,114.7964859008789,64.31845092773438,42.60065460205078,549.0,82.50006103515625,484.407470703125,542.8860473632812,332.37640380859375,134.53231811523438,600.4290161132812,216.1199951171875,191.70249938964844,555.3394775390625,264.4452209472656,477.3699951171875,200.1864776611328,72.44408416748047,112.30894470214844,180.10302734375
2024-08-19,224.41583251953125,187.2056884765625,108.75306701660156,323.4860534667969,563.1199951171875,219.79165649414062,71.65179443359375,155.27999877929688,312.9427185058594,178.22000122070312,88.01499938964844,331.7613830566406,262.19854736328125,164.8746795654297,249.3434600830078,38.09242630004883,178.79115295410156,146.072265625,838.8662109375,448.7699890136719,78.68000030517578,337.5176086425781,269.6983337402344,281.9599914550781,330.9305419921875,193.3738555908203,865.4876098632812,262.9454345703125,47.83740234375,190.89295959472656,137.5623016357422,364.1199645996094,106.84829711914062,237.94058227539062,101.2936782836914,121.90569305419922,292.345703125,43.3436393737793,277.8746337890625,169.18763732910156,70.75473022460938,167.21875,165.49346923828125,486.6925354003906,369.4691162109375,347.9292297363281,187.27330017089844,154.12844848632812,656.6341552734375,482.1600036621094,232.5177459716797,151.6919403076172,208.7570037841797,810.1932983398438,65.59500885009766,448.29052734375,911.9503173828125,86.69302368164062,463.00030517578125,276.1570129394531,78.08345794677734,464.6884460449219,67.16343688964844,526.2380981445312,,45.310333251953125,107.87256622314453,416.65631103515625,414.8800048828125,68.85299682617188,490.64788818359375,166.5760040283203,233.81607055664062,129.93736267089844,74.76667022705078,171.67999267578125,163.02081298828125,161.97572326660156,576.7885131835938,117.54317474365234,167.6097869873047,1188.848388671875,115.185791015625,64.3478775024414,43.15243148803711,558.219970703125,82.7857437133789,489.2133483886719,548.0767822265625,335.4946594238281,135.08340454101562,604.02783203125,222.72000122070312,191.82676696777344,556.3970336914062,263.5451965332031,488.04998779296875,201.3462677001953,72.71039581298828,112.6511001586914,180.85791015625
2024-08-20,225.03179931640625,186.52101135253906,107.65484619140625,324.3992004394531,562.25,217.39871215820312,71.1223373413086,156.39999389648438,313.49609375,178.8800048828125,88.44750213623047,334.0929870605469,261.4812927246094,163.1444091796875,248.39141845703125,37.151405334472656,177.9119415283203,146.0915985107422,829.9590454101562,448.3599853515625,78.4800033569336,336.19561767578125,267.7298889160156,281.3699951171875,331.1915588378906,193.2165069580078,869.3073120117188,259.43792724609375,48.08625411987305,191.30784606933594,135.55738830566406,363.8075256347656,106.52600860595703,238.29425048828125,100.59135437011719,119.06336212158203,291.5485534667969,42.63838577270508,277.89385986328125,168.25721740722656,71.03984832763672,167.7748565673828,165.99989318847656,479.61419677734375,370.55523681640625,351.9540710449219,188.52352905273438,154.59886169433594,660.5740966796875,483.2099914550781,233.20767211914062,152.19558715820312,207.85589599609375,801.4242553710938,65.9753646850586,447.79193115234375,939.80908203125,84.88102722167969,465.1220703125,274.3131103515625,76.41764831542969,468.1087646484375,67.24872589111328,523.70263671875,,45.41627883911133,108.55136108398438,419.8885192871094,418.7495422363281,69.85399627685547,493.7286376953125,167.6439971923828,233.4282684326172,127.18868255615234,75.10466766357422,184.0050048828125,164.92466735839844,163.88958740234375,572.6482543945312,117.02474975585938,165.54183959960938,1184.229736328125,114.7964859008789,63.62178039550781,41.88715362548828,557.030029296875,82.65242004394531,491.3054504394531,547.185546875,337.3341369628906,134.8031768798828,610.927001953125,221.10000610351562,193.62400817871094,558.1946411132812,265.09796142578125,487.3699951171875,202.81796264648438,73.5191650390625,108.89701843261719,179.9951934814453
2024-08-21,224.92251586914062,186.88235473632812,108.25740814208984,327.5708312988281,565.7899780273438,221.29942321777344,71.57478332519531,157.80999755859375,314.068603515625,180.11000061035156,88.97250366210938,335.4224853515625,263.48956298828125,162.97727966308594,241.7370147705078,37.209014892578125,177.995361328125,147.4923553466797,832.0028076171875,446.6000061035156,78.80999755859375,335.8724670410156,267.7693176269531,284.55999755859375,330.99822998046875,193.8645477294922,874.4862670898438,258.69482421875,48.28725051879883,193.35513305664062,136.14761352539062,368.1623840332031,106.8577880859375,242.2040557861328,101.46927642822266,118.80670928955078,294.9439697265625,42.99101257324219,280.8612976074219,169.45486450195312,71.40097045898438,166.4541778564453,164.6792755126953,478.7655334472656,371.8979797363281,355.0110778808594,189.65835571289062,154.95166015625,663.7518920898438,487.4200134277344,236.32180786132812,153.4024200439453,207.9334259033203,816.7996826171875,66.15604400634766,451.38934326171875,941.7876586914062,85.91097259521484,464.0115966796875,278.2314147949219,78.82593536376953,470.0166320800781,67.36241149902344,532.0841674804688,,45.74295425415039,109.39044189453125,419.2361755371094,418.1013488769531,69.71199798583984,492.58184814453125,167.83599853515625,234.1650848388672,128.4380645751953,75.87733459472656,179.875,164.32443237304688,163.64915466308594,576.2377319335938,117.3263931274414,167.57131958007812,1177.3858642578125,114.12493896484375,63.35685348510742,42.04888916015625,564.6799926757812,83.3856430053711,492.4107971191406,549.0661010742188,339.6851501464844,149.901611328125,606.5826416015625,223.27000427246094,199.19737243652344,555.7144165039062,265.25616455078125,486.1099853515625,204.06546020507812,74.20956420898438,108.20321655273438,179.30892944335938
2024-08-22,223.064697265625,186.73025512695312,108.94744110107422,324.59564208984375,557.4400024414062,215.86180114746094,71.96949005126953,151.6999969482422,309.6602783203125,176.1300048828125,88.0425033569336,336.9801940917969,262.4471740722656,159.59544372558594,243.16998291015625,37.679534912109375,178.33641052246094,148.6796417236328,834.0753173828125,449.0299987792969,79.58000183105469,335.2750549316406,268.5369567871094,275.5799865722656,334.9327087402344,194.06822204589844,870.6566772460938,256.2177429199219,48.06711196899414,193.7725067138672,136.53175354003906,367.7132263183594,106.27955627441406,241.8896942138672,101.80094909667969,119.03484344482422,292.9756164550781,42.4130973815918,283.5203552246094,167.95037841796875,72.13276672363281,164.3291778564453,162.64373779296875,480.0094909667969,378.2662353515625,350.1237487792969,188.45620727539062,155.43190002441406,658.6040649414062,490.42999267578125,235.5648193359375,154.27670288085938,209.9003448486328,788.5374145507812,65.92782592773438,451.35028076171875,943.9641723632812,82.21121215820312,464.82464599609375,277.751220703125,76.3603515625,474.49468994140625,67.10661315917969,528.8727416992188,,45.7606086730957,109.88069152832031,410.7454528808594,416.86383056640625,68.89600372314453,495.27386474609375,164.18600463867188,229.8701934814453,123.68036651611328,75.1780014038086,174.74000549316406,164.82150268554688,163.6395263671875,577.5752563476562,118.74971771240234,162.55052185058594,1179.6903076171875,114.86461639404297,63.06249237060547,41.972774505615234,548.0599975585938,82.28107452392578,492.15411376953125,544.7566528320312,344.99700927734375,147.6142578125,600.309814453125,210.66000366210938,194.7998809814453,556.3392333984375,264.9990539550781,479.8900146484375,204.78668212890625,74.54491424560547,109.0395736694336,178.59329223632812
2024-08-23,225.359619140625,187.85231018066406,109.52085876464844,327.246826171875,558.2999877929688,222.1651611328125,72.50857543945312,154.97999572753906,313.734619140625,177.0399932861328,88.78250122070312,334.1822509765625,263.8147277832031,163.54750061035156,246.64439392089844,38.18845748901367,179.15493774414062,151.14535522460938,851.0413818359375,453.3800048828125,79.16999816894531,341.1998596191406,271.735595703125,273.8999938964844,342.2022705078125,191.6888885498047,872.293701171875,261.57806396484375,48.5648193359375,194.72573852539062,138.3024139404297,372.1950378417969,106.50704956054688,242.87208557128906,102.0740737915039,120.63186645507812,295.2490234375,43.7452392578125,286.3143005371094,169.4746856689453,72.91206359863281,166.2555694580078,164.45089721679688,491.26361083984375,383.8545837402344,359.92706298828125,188.59085083007812,156.81370544433594,613.6207885742188,486.54998779296875,236.66677856445312,155.96815490722656,211.52816772460938,807.6159057617188,66.3652572631836,455.289794921875,942.5494384765625,83.35723876953125,462.46490478515625,278.0489501953125,78.28419494628906,473.88177490234375,67.4855728149414,524.96533203125,,46.29917907714844,109.92781829833984,411.9711608886719,422.6975402832031,68.6729965209961,494.99200439453125,165.6540069580078,233.31192016601562,129.30764770507812,74.43800354003906,175.375,164.9434051513672,162.69703674316406,583.9872436523438,121.46443176269531,166.87879943847656,1191.073486328125,115.35124969482422,63.18022918701172,42.924110412597656,539.3900146484375,82.00492858886719,493.9995422363281,550.5448608398438,347.5251159667969,149.1956329345703,602.556396484375,220.32000732421875,200.64089965820312,561.9054565429688,264.5045166015625,481.239990234375,204.65023803710938,74.66326904296875,110.55069732666016,177.34820556640625
2024-08-26,225.6973876953125,187.7476806640625,109.53057098388672,330.6933898925781,559.4400024414062,219.4609375,71.82508087158203,149.99000549316406,311.80718994140625,175.5,86.17250061035156,335.0851745605469,266.588134765625,156.9214324951172,249.17662048339844,38.33249282836914,179.0715789794922,149.85545349121094,851.3306274414062,454.489990234375,79.47000122070312,343.8929138183594,271.2730407714844,268.25,342.1539001464844,192.96652221679688,885.4890747070312,262.8463439941406,48.61267852783203,196.0000457763672,139.12689208984375,374.0600280761719,107.12320709228516,242.71490478515625,102.33745574951172,123.63577270507812,292.2079772949219,44.26438903808594,286.37213134765625,169.4746856689453,73.14015197753906,166.75205993652344,164.98707580566406,489.7688293457031,383.5780944824219,358.50885009765625,190.39886474609375,157.10772705078125,610.9182739257812,479.19000244140625,238.20950317382812,156.42430114746094,212.36143493652344,788.981689453125,67.36371612548828,457.9488220214844,940.3632202148438,80.5575942993164,464.64617919921875,277.24224853515625,76.8580551147461,474.3068542480469,67.63716125488281,518.1248779296875,,46.537559509277344,109.61669921875,408.7092590332031,422.53057861328125,68.84400177001953,497.5770568847656,165.57200622558594,234.97947692871094,126.3990478515625,74.68533325195312,173.55999755859375,165.0371856689453,163.83189392089844,581.4598999023438,121.50212097167969,163.02182006835938,1191.3216552734375,115.52643585205078,63.2685546875,43.38075256347656,525.9099731445312,82.35723876953125,495.41070556640625,549.2324829101562,348.5186462402344,149.5721435546875,602.0296020507812,213.2100067138672,199.08267211914062,564.4240112304688,265.2660827636719,482.6400146484375,203.51968383789062,74.98876190185547,112.9172134399414,177.99525451660156
2024-08-27,226.5418701171875,186.30230712890625,109.91931915283203,334.2283020019531,567.8200073242188,225.52113342285156,71.65179443359375,150.5,311.9503173828125,173.1199951171875,86.40499877929688,337.5953369140625,265.7752380371094,158.66151428222656,250.30528259277344,38.09242630004883,180.36000061035156,153.15252685546875,854.212890625,460.6300048828125,79.83000183105469,343.853759765625,272.8280334472656,268.92999267578125,342.10565185546875,196.6420135498047,901.7501220703125,261.7762756347656,48.536102294921875,197.46450805664062,137.67471313476562,367.1176452636719,106.07101440429688,244.2670440673828,101.31320190429688,122.20986938476562,291.3419189453125,44.303558349609375,284.1177062988281,169.24700927734375,73.17816925048828,165.21295166015625,163.51751708984375,489.1805725097656,385.23675537109375,357.61761474609375,191.12013244628906,157.39193725585938,620.0257568359375,482.3500061035156,238.85147094726562,156.0221405029297,213.34005737304688,802.6289672851562,67.99134063720703,461.74176025390625,944.2708129882812,80.70809173583984,470.9420166015625,278.164306640625,77.47062683105469,478.62677001953125,67.5045166015625,516.116455078125,,46.80242919921875,109.83354187011719,409.0552062988281,424.6224365234375,69.5719985961914,498.00469970703125,166.34800720214844,241.30067443847656,128.23817443847656,75.18199920654297,175.09500122070312,164.40882873535156,162.7739715576172,580.319091796875,121.53984069824219,167.29238891601562,1193.6956787109375,116.29531860351562,62.709259033203125,42.84800338745117,521.780029296875,81.64307403564453,499.6420593261719,549.9866333007812,352.6599426269531,149.36505126953125,606.811279296875,209.2100067138672,201.41525268554688,564.635498046875,267.7485046386719,480.29998779296875,203.89004516601562,75.0873794555664,111.84325408935547,178.52464294433594
2024-08-28,225.01190185546875,185.80784606933594,109.72494506835938,331.2923583984375,560.5399780273438,220.97840881347656,72.70111846923828,146.36000061035156,314.3930358886719,170.8000030517578,85.29000091552734,336.890869140625,264.7041320800781,155.5057830810547,252.3271026611328,38.36130142211914,181.0648651123047,153.81504821777344,856.6517944335938,464.5899963378906,79.5199966430664,340.99420166015625,274.3042907714844,263.0899963378906,346.0110778808594,199.16018676757812,881.0641479492188,256.5248718261719,47.71297073364258,197.01995849609375,136.78469848632812,369.0412292480469,106.82933807373047,245.2101287841797,101.36197662353516,122.36196899414062,288.9504089355469,42.9714241027832,285.3027038574219,170.11805725097656,74.66073608398438,163.3461456298828,161.70045471191406,485.390625,385.23675537109375,357.1480407714844,190.86048889160156,157.5585479736328,610.8389892578125,482.2099914550781,238.17117309570312,156.95091247558594,214.41558837890625,794.215576171875,68.22907257080078,462.2305603027344,938.7902221679688,79.20005798339844,467.7791748046875,275.6768493652344,75.99664306640625,476.99566650390625,67.5045166015625,513.8098754882812,,46.98784637451172,110.68205261230469,405.85272216796875,427.4214782714844,68.38400268554688,499.0931396484375,162.82200622558594,242.65797424316406,125.5494613647461,75.913330078125,175.22000122070312,163.11456298828125,162.5912322998047,579.875244140625,119.6169204711914,165.29177856445312,1191.2423095703125,117.60922241210938,62.7779426574707,41.611270904541016,509.9800109863281,81.65259552001953,499.5234375,546.7938232421875,350.3384094238281,147.6519012451172,609.5352172851562,205.75,198.5950927734375,565.779541015625,266.2353210449219,489.7300109863281,203.9972381591797,75.03807830810547,110.74078369140625,179.31874084472656
2024-08-29,228.2903594970703,185.59864807128906,109.5888900756836,334.0613708496094,569.6300048828125,224.5970458984375,73.27872467041016,145.49000549316406,315.8434143066406,172.1199951171875,86.64749908447266,340.770263671875,265.0005798339844,154.2769012451172,255.02613830566406,38.57255172729492,182.6337432861328,153.52188110351562,862.6380615234375,468.3699951171875,80.66999816894531,344.363037109375,277.5226745605469,265.6300048828125,349.036865234375,198.21585083007812,879.6552734375,254.65223693847656,48.229820251464844,197.38052368164062,138.1150665283203,372.8199768066406,107.1042251586914,245.68167114257812,101.53756713867188,123.55973052978516,296.3218078613281,42.9322395324707,285.4183044433594,171.8106231689453,75.50654602050781,162.2538604736328,160.63800048828125,491.91937255859375,387.8137512207031,353.8893127441406,191.28363037109375,157.01954650878906,616.5411376953125,487.1700134277344,239.97259521484375,157.24771118164062,215.3070068359375,785.8020629882812,68.51435089111328,462.12298583984375,930.1436767578125,78.43374633789062,476.7025146484375,276.4547424316406,77.5089111328125,477.5195617675781,67.01185607910156,515.2415161132812,,47.111446380615234,110.73860931396484,408.34356689453125,429.3267517089844,69.24800109863281,504.7200012207031,166.25399780273438,244.335205078125,117.5333251953125,75.89800262451172,179.10499572753906,161.39825439453125,163.52410888671875,583.0408935546875,118.13703918457031,163.02182006835938,1171.0189208984375,119.02045440673828,63.71009063720703,42.02985763549805,517.02001953125,81.70021057128906,502.27178955078125,546.8427124023438,352.08935546875,144.41384887695312,608.0838012695312,206.27999877929688,201.79762268066406,568.6923217773438,271.3089904785156,493.3500061035156,204.55279541015625,75.37342071533203,112.27092742919922,179.29913330078125
2024-08-30,227.5055389404297,186.67318725585938,110.08454132080078,335.76995849609375,574.4099731445312,228.4393768310547,74.17400360107422,148.55999755859375,318.5341796875,178.5,88.34500122070312,341.0282287597656,266.6741638183594,160.06736755371094,253.85821533203125,39.12948989868164,183.72515869140625,154.2486572265625,869.3280639648438,475.9200134277344,81.79000091552734,348.7307434082031,279.6878967285156,268.92999267578125,349.76190185546875,199.73422241210938,885.360107421875,250.57992553710938,48.37339401245117,198.8302001953125,138.61160278320312,376.64752197265625,108.01422119140625,248.7172088623047,102.80567932128906,122.45703887939453,302.06927490234375,43.37302017211914,287.84619140625,172.8400115966797,75.07889556884766,163.9518585205078,162.2267303466797,494.9750061035156,390.5782775878906,355.2776794433594,194.38995361328125,158.3229522705078,623.9260864257812,492.6300048828125,242.59805297851562,158.8084259033203,217.81654357910156,809.1859741210938,68.91373443603516,467.5191345214844,949.7516479492188,80.76416015625,479.2208557128906,277.2230529785156,78.63833618164062,482.1459045410156,68.03508758544922,518.3137817382812,,47.47343826293945,111.67195892333984,412.31707763671875,434.1292419433594,70.13500213623047,508.4713134765625,171.0,248.34898376464844,119.3124771118164,75.33132934570312,181.36000061035156,162.13919067382812,164.97633361816406,591.8966064453125,120.48412322998047,168.610107421875,1176.740478515625,120.04237365722656,63.87689208984375,41.84910583496094,519.5800170898438,82.27154541015625,507.4027099609375,552.0629272460938,354.53875732421875,144.60211181640625,611.453857421875,214.11000061035156,204.90457153320312,567.3753051757812,273.3365173339844,495.8900146484375,206.65794372558594,76.17233276367188,112.09036254882812,179.8873748779297
2024-09-03,221.31619262695312,187.9854278564453,111.43545532226562,335.701171875,571.0399780273438,213.58572387695312,73.19208526611328,136.94000244140625,315.3663024902344,176.25,81.68000030517578,343.5879821777344,263.17401123046875,150.20692443847656,249.5986328125,39.081478118896484,183.55081176757812,150.482421875,854.5020141601562,476.8299865722656,81.13999938964844,333.19891357421875,282.1680908203125,256.2799987792969,353.3096923828125,196.86419677734375,871.65869140625,245.78433227539062,47.91396713256836,197.41757202148438,135.52926635742188,376.5987243652344,109.75839233398438,243.5597381591797,99.518310546875,117.52339172363281,285.1416931152344,40.5128288269043,282.74957275390625,162.5361328125,75.74414825439453,157.4974365234375,156.2492218017578,472.8672790527344,390.81524658203125,351.652587890625,193.57249450683594,158.21514892578125,618.5309448242188,483.44000244140625,239.34017944335938,160.05316162109375,213.4563446044922,732.1611938476562,69.42723846435547,463.4133605957031,946.2989501953125,75.3251953125,478.0112609863281,275.8031005859375,73.12522888183594,476.4421081542969,68.45195770263672,508.8187255859375,,47.73830032348633,109.90897369384766,404.70611572265625,432.4891357421875,67.53199768066406,509.973876953125,167.1719970703125,246.79776000976562,107.94795227050781,75.7873306274414,177.53500366210938,166.50965881347656,167.8423309326172,567.390380859375,121.0025405883789,157.01034545898438,1160.967041015625,117.75521850585938,63.57271957397461,40.23184585571289,481.2200012207031,84.66161346435547,504.99053955078125,540.7020874023438,353.7518005371094,142.888916015625,602.8645629882812,210.60000610351562,192.9452667236328,575.52734375,275.482666015625,475.70001220703125,204.08494567871094,76.1131362915039,109.74286651611328,179.9658203125
2024-09-04,219.40870666503906,187.3388214111328,111.18276977539062,337.7730407714844,575.25,216.6033477783203,73.82744598388672,140.8699951171875,315.4903564453125,173.3300018310547,81.51249694824219,345.82037353515625,262.67669677734375,151.514404296875,247.07623291015625,38.889427185058594,179.12461853027344,149.9075469970703,854.5599365234375,478.57000732421875,81.95999908447266,329.78118896484375,286.3410339355469,254.1300048828125,355.7939147949219,199.9748992919922,883.0186157226562,245.40780639648438,47.56940841674805,198.7462158203125,133.10275268554688,382.7112121582031,110.96222686767578,242.52825927734375,98.38676452636719,116.71537017822266,284.1968688964844,40.75771713256836,282.1330261230469,164.66419982910156,75.20243835449219,156.70306396484375,155.34564208984375,475.95208740234375,389.3045959472656,351.5851135253906,196.29412841796875,159.18539428710938,616.8380737304688,481.7300109863281,234.50123596191406,160.24465942382812,212.5164794921875,735.795166015625,68.99932098388672,462.8937072753906,936.1881713867188,75.19927978515625,479.0225830078125,278.2276916503906,73.59422302246094,478.9331359863281,71.31319427490234,509.7930603027344,,48.30335998535156,109.17359924316406,404.1723327636719,429.62139892578125,67.96800231933594,510.93975830078125,166.96600341796875,251.7713165283203,106.15882110595703,75.84866333007812,173.0749969482422,167.4287567138672,169.1695098876953,568.96826171875,120.90828704833984,159.02059936523438,1171.4560546875,117.87200927734375,62.69944381713867,39.566341400146484,477.5299987792969,84.87108612060547,507.4719543457031,539.59521484375,354.4206848144531,143.52902221679688,608.3025512695312,219.41000366210938,195.01974487304688,580.8145751953125,277.41131591796875,478.57000732421875,204.0070037841797,76.18217468261719,108.40279388427734,183.65196228027344
2024-09-05,220.92874145507812,183.39254760742188,109.91931915283203,334.76837158203125,567.9299926757812,213.92752075195312,71.08381652832031,139.44000244140625,309.498046875,177.88999938964844,82.11000061035156,346.06842041015625,261.6055603027344,150.2364044189453,247.1743927001953,38.54374313354492,176.7826690673828,149.2237548828125,845.0646362304688,464.9200134277344,81.37000274658203,326.65716552734375,282.7880554199219,250.85000610351562,344.61468505859375,203.10414123535156,879.0103759765625,243.8621063232422,47.023841857910156,197.29904174804688,132.03468322753906,374.6459045410156,110.7631607055664,242.35142517089844,97.51860046386719,115.54612731933594,281.1951904296875,40.5520133972168,274.8783264160156,162.1798095703125,74.86032104492188,157.48753356933594,156.13006591796875,473.27471923828125,392.7109069824219,348.8663024902344,194.8323211669922,159.35198974609375,615.234375,476.69000244140625,232.9010467529297,157.97543334960938,210.86927795410156,718.958251953125,67.67753601074219,456.4130554199219,902.9871826171875,74.36115264892578,473.29180908203125,278.1697082519531,73.46022033691406,478.300537109375,71.12371063232422,513.8893432617188,,47.91489028930664,111.803955078125,403.6682434082031,429.4839172363281,68.36199951171875,506.7541198730469,167.0800018310547,245.05262756347656,107.15834045410156,75.8393325805664,171.8699951171875,168.1603240966797,168.75596618652344,567.2425537109375,120.09764099121094,158.26646423339844,1142.8394775390625,116.4413070678711,62.49338912963867,39.470584869384766,476.0299987792969,85.23294067382812,511.1199645996094,538.2828979492188,352.1582946777344,142.98306274414062,603.31201171875,230.1699981689453,192.67759704589844,572.4607543945312,275.56182861328125,468.57000732421875,203.11032104492188,75.90602111816406,107.55694580078125,182.9264678955078
2024-09-06,219.37890625,183.90602111816406,110.657958984375,333.69805908203125,563.4099731445312,208.634521484375,69.22586822509766,134.35000610351562,305.8721923828125,171.38999938964844,78.57749938964844,345.30450439453125,256.9769592285156,134.683837890625,239.53854370117188,37.46126937866211,176.3430938720703,147.5713653564453,835.6947021484375,459.4200134277344,81.5999984741211,322.5440368652344,282.95538330078125,247.52000427246094,343.032958984375,204.1410369873047,869.7835693359375,241.7318572998047,46.42084884643555,193.0958251953125,129.8142852783203,372.56610107421875,110.52619171142578,240.7305145263672,95.78224182128906,114.40540313720703,280.4570617675781,39.180686950683594,272.6913146972656,159.58651733398438,74.81278991699219,151.06288146972656,149.8546600341797,465.2522888183594,383.064697265625,347.130859375,193.05316162109375,157.28414916992188,608.9383544921875,471.82000732421875,233.41848754882812,157.391357421875,205.8599090576172,694.0140991210938,67.64900970458984,447.9126892089844,893.0545043945312,72.18811798095703,472.0623474121094,279.65728759765625,70.91423034667969,469.98699951171875,71.35108947753906,497.3946838378906,,47.402809143066406,111.09686279296875,397.0556335449219,423.7778625488281,66.5770034790039,502.4709167480469,165.00799560546875,242.38648986816406,102.78044891357422,74.61199951171875,167.91000366210938,167.58856201171875,168.87136840820312,563.4063720703125,119.927978515625,152.93936157226562,1123.9072265625,115.27339172363281,61.71823501586914,38.896053314208984,463.9700012207031,84.18550872802734,504.8323669433594,529.2236328125,353.063232421875,142.39947509765625,607.73583984375,210.72999572753906,188.75808715820312,573.7970581054688,276.3035583496094,468.0,199.5334930419922,75.59040069580078,107.05323791503906,185.51463317871094
2024-09-09,219.46835327148438,186.77777099609375,113.15567779541016,335.6324768066406,569.8800048828125,213.4392547607422,70.10189056396484,138.14999389648438,310.9866027832031,175.39999389648438,81.19249725341797,347.7452087402344,261.86383056640625,138.4392852783203,246.27142333984375,38.14747619628906,180.5286865234375,150.40072631835938,851.326171875,459.6099853515625,82.6500015258789,327.127197265625,287.5811462402344,252.80999755859375,347.03106689453125,203.38720703125,889.437744140625,243.5054168701172,46.612266540527344,198.7313995361328,131.44447326660156,378.10247802734375,111.05702209472656,244.7975311279297,97.13815307617188,114.54798889160156,284.7972106933594,39.5724983215332,274.279052734375,163.66452026367188,75.24046325683594,148.68653869628906,147.856201171875,473.94403076171875,380.0730895996094,352.404541015625,195.736328125,158.469970703125,620.6890258789062,479.3900146484375,236.4272003173828,159.52655029296875,210.0747528076172,701.0154418945312,68.32415771484375,454.0207824707031,898.55517578125,72.23533630371094,482.93890380859375,281.3766784667969,72.17766571044922,476.7189025878906,71.73006439208984,501.88873291015625,,47.79127502441406,108.80592346191406,401.02911376953125,431.0159912109375,67.54199981689453,511.4568176269531,171.11599731445312,248.97915649414062,106.41869354248047,74.9346694946289,172.02499389648438,168.391845703125,169.32337951660156,572.1734008789062,122.77465057373047,155.43374633789062,1137.088134765625,117.92066955566406,61.8261604309082,38.6949577331543,464.1600036621094,85.052001953125,509.96337890625,535.14892578125,356.8602294921875,141.74996948242188,616.7723999023438,216.27000427246094,192.3143310546875,571.12451171875,282.4750671386719,471.1099853515625,203.16883850097656,76.28081512451172,109.30567932128906,187.965576171875
2024-09-10,218.67355346679688,189.56393432617188,113.8165512084961,341.416015625,574.47998046875,213.59548950195312,69.61093139648438,142.83999633789062,313.8586730957031,179.5500030517578,81.6875,348.3107604980469,263.2122497558594,145.704345703125,240.87332153320312,37.96384811401367,179.3643341064453,151.66354370117188,857.03759765625,458.9200134277344,83.05999755859375,327.2447509765625,286.4295959472656,255.85000610351562,347.5065612792969,203.3313751220703,887.2549438476562,243.90176391601562,46.69841766357422,201.62078857421875,129.505126953125,378.1707763671875,110.83899688720703,246.28089904785156,96.669921875,113.09357452392578,283.73431396484375,39.58229064941406,274.8116149902344,165.2779083251953,77.39778900146484,149.15386962890625,147.80648803710938,453.1458740234375,381.5343322753906,357.5626220703125,197.45777893066406,158.73458862304688,627.2523803710938,484.239990234375,237.22256469726562,160.26380920410156,199.17425537109375,704.5408325195312,68.03888702392578,454.6483154296875,891.6101684570312,71.96480560302734,483.8609619140625,281.35736083984375,71.96709442138672,478.58721923828125,71.18055725097656,501.88873291015625,,47.747135162353516,108.73049926757812,409.4111022949219,430.259765625,67.36199951171875,507.3199462890625,172.02999877929688,249.5220947265625,108.04789733886719,75.29533386230469,173.7899932861328,168.03273010253906,170.98719787597656,573.0609130859375,124.80125427246094,156.31350708007812,1128.7247314453125,117.08365631103516,61.87522506713867,37.909767150878906,465.5,85.35671997070312,514.0364379882812,537.4798583984375,359.0932312011719,139.3214111328125,620.5401611328125,226.1699981689453,191.004638671875,575.8638916015625,282.20806884765625,470.7799987792969,202.96414184570312,77.73068237304688,105.32350158691406,187.60284423828125
2024-09-11,221.20692443847656,185.03761291503906,113.32089233398438,343.9788513183594,580.3800048828125,219.79672241210938,69.4665298461914,149.86000061035156,314.8605651855469,184.52000427246094,85.73249816894531,342.0997619628906,265.5839538574219,155.59425354003906,249.47105407714844,37.69322967529297,177.84228515625,151.37283325195312,850.531005859375,453.1000061035156,82.94000244140625,328.0673522949219,279.8453369140625,264.7200012207031,347.1960144042969,203.4337615966797,893.3169555664062,247.28050231933594,47.00469207763672,202.4629364013672,129.17723083496094,379.43035888671875,110.14702606201172,245.0234832763672,97.46005249023438,112.07642364501953,292.4343566894531,40.454063415527344,275.7894287109375,164.65431213378906,76.92259979248047,151.28164672851562,150.29212951660156,457.06494140625,383.7261962890625,357.1962585449219,201.852783203125,156.79412841796875,637.4487915039062,490.92999267578125,236.6955108642578,157.81265258789062,200.79234313964844,739.4588012695312,67.59194946289062,456.0110778808594,911.0402221679688,75.43634796142578,484.0196228027344,280.3528137207031,74.1302261352539,473.100830078125,70.44155883789062,508.8882751464844,,46.94369125366211,108.1459732055664,418.14886474609375,428.0893249511719,68.14700317382812,503.37823486328125,175.19200134277344,246.0318603515625,116.8536605834961,74.17533111572266,170.88499450683594,166.11434936523438,167.26528930664062,576.3153686523438,123.18940734863281,161.0315399169922,1133.7904052734375,116.07147216796875,62.21864700317383,37.89060974121094,481.5,84.52828216552734,509.9434509277344,542.9937744140625,360.37200927734375,138.64369201660156,614.8239135742188,228.1300048828125,193.499755859375,566.9426879882812,280.8432312011719,474.739990234375,202.36961364746094,77.76026916503906,104.2780532836914,186.25973510742188
2024-09-12,221.31619262695312,184.49560546875,113.54443359375,343.56646728515625,586.5499877929688,216.33966064453125,70.4484634399414,150.77000427246094,314.93695068359375,187.0,88.83999633789062,345.53271484375,267.7930908203125,161.77793884277344,250.423095703125,37.4806022644043,179.21974182128906,153.08255004882812,858.2885131835938,450.8699951171875,83.83000183105469,332.5525817871094,283.9986267089844,269.8999938964844,351.4561767578125,202.2332000732422,907.8318481445312,251.04559326171875,47.48326110839844,203.5124969482422,130.42327880859375,377.8778991699219,109.92900848388672,246.27110290527344,98.98180389404297,112.380615234375,298.5754699707031,40.95362091064453,276.89312744140625,167.97018432617188,79.03242492675781,154.65228271484375,153.80186462402344,459.8684387207031,386.7079772949219,360.994873046875,203.50692749023438,157.92115783691406,639.8742065429688,494.010009765625,237.8262176513672,157.6403045654297,200.18194580078125,724.1130981445312,67.7345962524414,458.1974182128906,925.0191040039062,73.56040954589844,487.9161376953125,282.400634765625,72.8189468383789,473.2590026855469,70.4699935913086,522.5791015625,,46.47576141357422,108.65507507324219,422.0630798339844,431.9293212890625,68.68000030517578,505.9248046875,177.2259979248047,246.82684326171875,119.09276580810547,74.66200256347656,172.5800018310547,167.50352478027344,166.83250427246094,579.421630859375,122.81236267089844,159.50396728515625,1156.6458740234375,116.88899993896484,60.58002853393555,38.1108512878418,488.95001220703125,84.26166534423828,514.0958251953125,547.5675048828125,361.7884826660156,139.72618103027344,610.5491333007812,229.80999755859375,187.352783203125,565.6641235351562,282.23773193359375,478.6499938964844,202.5840606689453,78.56903839111328,105.71316528320312,186.96560668945312
2024-09-13,221.04794311523438,184.67628479003906,113.12652587890625,343.26202392578125,536.8699951171875,220.13853454589844,70.3810806274414,152.30999755859375,317.2174072265625,186.49000549316406,89.94000244140625,345.1258850097656,271.7236328125,164.85501098632812,254.2017364501953,37.35495376586914,178.21519470214844,155.53024291992188,858.8798828125,447.6099853515625,83.30999755859375,338.1640319824219,285.203125,268.7200012207031,353.9306945800781,201.94468688964844,908.7942504882812,252.234619140625,47.66511917114258,205.24118041992188,131.7349090576172,385.3768005371094,111.1991958618164,246.1237030029297,99.528076171875,113.47381591796875,300.9571838378906,41.78620147705078,277.260986328125,176.46273803710938,79.435302734375,157.46612548828125,156.5559844970703,464.6508483886719,389.6797790527344,366.3553771972656,206.56515502929688,158.1367645263672,648.7244262695312,489.8599853515625,241.22784423828125,158.48287963867188,197.9727783203125,742.105224609375,68.37130737304688,459.638671875,913.8300170898438,75.71867370605469,489.15545654296875,286.4383850097656,74.29293823242188,471.4895324707031,71.3037338256836,521.6047973632812,,46.75828552246094,109.23017120361328,425.611572265625,434.82318115234375,69.70600128173828,507.13470458984375,175.7899932861328,238.3048858642578,119.05278015136719,75.03199768066406,173.4499969482422,167.6074676513672,167.41917419433594,583.1494140625,122.52014923095703,162.1627197265625,1145.6104736328125,115.93521881103516,60.952884674072266,38.26405715942383,490.07000732421875,85.16627502441406,513.5421142578125,550.4273681640625,364.20831298828125,142.47476196289062,607.9628295898438,230.2899932861328,191.12890625,571.3359985351562,284.196044921875,485.3699951171875,203.50350952148438,79.49617004394531,105.63714599609375,187.33815002441406
2024-09-16,214.90830993652344,186.12164306640625,114.32192993164062,347.7199401855469,521.5,218.0486602783203,70.66178894042969,152.0800018310547,319.898681640625,184.88999938964844,89.79000091552734,347.94366455078125,276.25665283203125,161.24705505371094,256.2530212402344,37.789878845214844,178.10865783691406,157.36570739746094,868.0435180664062,451.7799987792969,83.51000213623047,340.7591857910156,287.6220397949219,273.1300048828125,355.9977111816406,203.37789916992188,900.7281494140625,254.55313110351562,48.84238052368164,202.45550537109375,133.12149047851562,385.3573303222656,111.56888580322266,248.73684692382812,99.8792495727539,115.66020202636719,301.6953125,42.011497497558594,283.31201171875,179.5904998779297,79.77104187011719,158.08261108398438,157.15252685546875,470.6361389160156,398.9861755371094,368.3028869628906,208.84442138671875,159.11953735351562,639.7554931640625,491.3900146484375,244.466552734375,159.89041137695312,201.4027862548828,727.1940307617188,69.03193664550781,465.6194152832031,913.661865234375,74.61199188232422,493.4684143066406,286.59295654296875,73.69950866699219,479.2791748046875,71.55952453613281,530.7208251953125,,46.54222869873047,111.95404052734375,426.3529052734375,436.2208251953125,69.6500015258789,508.5883483886719,178.49200439453125,239.5361785888672,116.73370361328125,75.38133239746094,173.05499267578125,167.46572875976562,170.45826721191406,588.5240478515625,122.76704406738281,161.0798797607422,1145.3424072265625,116.01307678222656,62.49338912963867,38.685386657714844,498.57000732421875,85.59477996826172,521.3819580078125,551.240234375,365.89044189453125,143.86788940429688,610.92724609375,226.77999877929688,189.73318481445312,568.3645629882812,287.29168701171875,489.42999267578125,203.76759338378906,79.45671844482422,107.11975860595703,190.4360809326172
2024-09-17,215.37522888183594,183.9535675048828,114.80786895751953,330.94866943359375,515.030029296875,220.0701904296875,71.24256896972656,150.82000732421875,317.5513610839844,186.8800048828125,90.23750305175781,346.4653015136719,278.4179992675781,159.7232666015625,260.48321533203125,38.22480010986328,176.00062561035156,159.8743133544922,877.1004028320312,456.67999267578125,82.5199966430664,346.3705749511719,287.0888977050781,274.7900085449219,345.69189453125,203.05215454101562,890.2116088867188,252.84890747070312,48.440391540527344,201.2898712158203,134.358154296875,388.50140380859375,110.64942932128906,246.6002960205078,101.35222625732422,117.1051254272461,306.7933044433594,42.24658203125,287.8720397949219,178.49180603027344,79.66552734375,159.36524963378906,158.40528869628906,470.8592529296875,393.1214294433594,369.48876953125,205.93043518066406,160.00401306152344,638.3399047851562,483.32000732421875,244.07371520996094,159.9669952392578,202.74960327148438,730.35400390625,68.74469757080078,462.4329528808594,896.487548828125,75.58587646484375,496.720458984375,283.75299072265625,73.69950866699219,477.19342041015625,71.15213012695312,533.7462158203125,,45.46194839477539,112.26725006103516,430.1188659667969,432.01788330078125,70.69100189208984,508.0810241699219,177.16600036621094,238.73147583007812,115.54417419433594,75.19466400146484,168.96499633789062,167.1444091796875,169.15028381347656,596.7979125976562,122.37770080566406,163.10049438476562,1139.054931640625,115.55563354492188,62.640567779541016,39.73869705200195,502.25,85.36624145507812,516.4387817382812,551.4654541015625,358.01116943359375,143.03955078125,607.286376953125,227.8699951171875,192.5246124267578,557.578857421875,288.3597717285156,481.260009765625,198.68124389648438,77.5235595703125,108.51685333251953,191.867431640625
2024-09-18,219.24977111816406,183.46861267089844,111.6492691040039,330.1042175292969,508.1300048828125,217.4236602783203,70.95217895507812,148.2899932861328,317.6658935546875,186.42999267578125,90.42749786376953,346.574462890625,274.75518798828125,158.93678283691406,257.3228454589844,38.292457580566406,176.24415588378906,159.31549072265625,894.7389526367188,456.6000061035156,82.56999969482422,347.77093505859375,285.5091857910156,269.69000244140625,344.87677001953125,201.30252075195312,885.4989013671875,250.50689697265625,48.402099609375,198.92897033691406,134.8734588623047,391.6162109375,109.84368896484375,244.70004272460938,101.13761901855469,118.23633575439453,309.6670227050781,43.0203971862793,288.67559814453125,181.6790008544922,80.47129821777344,159.89222717285156,158.89247131347656,470.0734558105469,395.4851989746094,370.2311706542969,206.70941162109375,158.44140625,626.7080078125,482.0899963378906,242.3968505859375,159.0861053466797,201.0830535888672,721.9010009765625,68.69682312011719,457.8935241699219,895.2904052734375,74.5823974609375,490.5435791015625,282.0915222167969,73.0869369506836,479.1111145019531,71.10476684570312,535.3685302734375,,45.578975677490234,112.59942626953125,425.8289794921875,429.7244567871094,69.0469970703125,508.9395751953125,178.0780029296875,241.68846130371094,113.32505798339844,75.5459976196289,164.875,165.57571411132812,167.26528930664062,600.6044921875,120.62090301513672,162.7137908935547,1131.1683349609375,114.88408660888672,62.36582946777344,39.66209030151367,495.95001220703125,84.7568359375,513.6113891601562,549.8300170898438,355.46337890625,144.5832977294922,606.9183959960938,227.1999969482422,191.87457275390625,560.1739501953125,285.3135986328125,474.1600036621094,197.4683380126953,77.94766998291016,108.89701843261719,192.62229919433594
2024-09-19,227.37637329101562,184.11520385742188,110.93980407714844,329.1811828613281,526.4400024414062,227.9803924560547,71.52327728271484,156.74000549316406,320.5570373535156,189.8699951171875,94.83000183105469,344.2527770996094,275.1568603515625,165.13088989257812,263.7710876464844,39.500572204589844,178.55764770507812,158.88873291015625,906.5303344726562,459.7099914550781,83.70999908447266,365.5845642089844,286.8913879394531,280.3500061035156,346.69140625,199.8693084716797,893.654296875,263.96356201171875,49.234806060791016,201.26023864746094,135.8384552001953,400.07208251953125,109.14225006103516,247.33872985839844,103.31294250488281,119.01583099365234,323.7110595703125,44.21541213989258,290.8249206542969,184.2624053955078,80.48088836669922,162.30836486816406,161.20907592773438,488.7472229003906,399.07513427734375,376.333984375,205.6996307373047,156.13192749023438,647.6651611328125,490.010009765625,247.1782684326172,157.81265258789062,203.94139099121094,762.7734985351562,67.61490631103516,459.9917297363281,905.252685546875,77.85826110839844,488.8084716796875,283.849609375,75.4510726928711,484.4886779785156,70.84894561767578,556.4169311523438,,45.21887969970703,111.2612075805664,433.6179504394531,431.91949462890625,70.43199920654297,509.55426025390625,183.85000610351562,244.18008422851562,117.82328033447266,74.37666320800781,166.8000030517578,165.0559539794922,164.97633361816406,617.3889770507812,122.0263442993164,168.1472625732422,1142.4716796875,115.64322662353516,63.54328536987305,40.93564987182617,514.1199951171875,84.6139907836914,518.2578735351562,559.2125244140625,359.0932312011719,147.3036346435547,616.9952392578125,243.9199981689453,198.4612579345703,556.7202758789062,282.1091613769531,477.8999938964844,200.16802978515625,76.97122955322266,110.24658203125,189.4459228515625
2024-09-20,226.7107696533203,183.97259521484375,110.50245666503906,330.14349365234375,522.2999877929688,221.46665954589844,71.39744567871094,155.9499969482422,321.9215393066406,191.60000610351562,96.11499786376953,344.3122863769531,275.4054870605469,168.7606201171875,264.0066833496094,38.920677185058594,177.69772338867188,160.72776794433594,900.6346435546875,455.30999755859375,83.91999816894531,361.1874694824219,286.9704284667969,273.760009765625,345.6045837402344,198.3802490234375,899.84521484375,264.76739501953125,49.742088317871094,201.6751251220703,136.48489379882812,396.3226013183594,110.30817413330078,247.565185546875,102.58132934570312,119.80484008789062,325.36444091796875,43.61790084838867,246.5316925048828,185.51943969726562,80.51925659179688,163.70034790039062,162.65078735351562,483.50885009765625,400.20263671875,375.8712158203125,209.3637237548828,157.08517456054688,638.5081176757812,486.20001220703125,243.69041442871094,157.18072509765625,204.53245544433594,749.3634033203125,68.59149932861328,462.6780700683594,911.6337890625,76.29137420654297,488.5407409667969,286.7281494140625,73.7090835571289,488.9865417480469,70.37522888183594,558.6560668945312,,45.362918853759766,111.20426940917969,430.2374267578125,435.62042236328125,70.10299682617188,512.3544921875,187.4720001220703,240.3020782470703,115.95402526855469,73.9366683959961,170.05999755859375,161.7672882080078,167.5537872314453,615.140625,119.14898681640625,163.31321716308594,1137.3465576171875,114.99114990234375,64.16145324707031,40.61007308959961,506.6499938964844,85.41384887695312,517.714111328125,558.245849609375,358.85711669921875,145.665771484375,610.4695434570312,238.25,194.35052490234375,554.7232055664062,281.6443176269531,464.9200134277344,199.63983154296875,77.97726440429688,109.55278015136719,188.8577117919922
2024-09-23,224.99203491210938,184.3148956298828,111.58123016357422,333.0794372558594,527.8699951171875,220.71470642089844,71.92015838623047,156.75,320.2326354980469,193.8800048828125,96.39250183105469,345.7906188964844,279.2978210449219,170.575439453125,262.3479919433594,38.53407669067383,178.63375854492188,162.03562927246094,909.1873168945312,454.9800109863281,84.0,363.4888916015625,288.4019775390625,274.0799865722656,344.4400634765625,200.8930206298828,909.8657836914062,262.1971435546875,49.95265579223633,201.50718688964844,138.2274932861328,399.3104553222656,111.1991958618164,250.9226531982422,102.47403717041016,121.42086791992188,324.5672607421875,44.21541213989258,250.54957580566406,186.74681091308594,80.56721496582031,162.1393280029297,160.92074584960938,482.5194396972656,401.2311706542969,377.8959045410156,212.05648803710938,157.19329833984375,635.5184326171875,489.07000732421875,245.92303466796875,156.28067016601562,204.87158203125,751.7531127929688,68.67767333984375,468.021484375,908.695556640625,77.36589813232422,492.9032897949219,288.88226318359375,73.75694274902344,473.50616455078125,70.64999389648438,561.7014770507812,,45.9300651550293,109.74267578125,428.4978332519531,440.0891418457031,70.53700256347656,520.169677734375,185.11000061035156,238.498779296875,116.21392059326172,74.65599822998047,172.0850067138672,162.6461639404297,167.12103271484375,610.1603393554688,120.25054931640625,160.45147705078125,1084.65234375,117.0544662475586,63.71009063720703,41.079280853271484,505.7900085449219,86.19467163085938,515.1536254882812,559.6408081054688,360.5490417480469,146.174072265625,607.1470947265625,250.0,194.87635803222656,553.1892700195312,285.4619445800781,460.0,202.5742645263672,79.22987365722656,111.53912353515625,189.78904724121094
2024-09-24,225.8861541748047,184.01063537597656,110.152587890625,333.4820556640625,524.0700073242188,222.00376892089844,71.06832885742188,158.32000732421875,315.75750732421875,193.9600067138672,96.26750183105469,344.70916748046875,282.6832580566406,172.44944763183594,261.2781982421875,38.12815475463867,180.32322692871094,165.21856689453125,912.697509765625,454.55999755859375,83.51000213623047,377.9433898925781,286.0818176269531,273.32000732421875,342.7224426269531,203.03355407714844,894.4479370117188,268.3797302246094,50.26851272583008,202.35675048828125,138.14317321777344,401.2047424316406,109.93848419189453,250.3417205810547,103.73238372802734,121.58247375488281,322.2052917480469,47.72208023071289,258.62396240234375,187.72669982910156,80.37537384033203,162.70606994628906,161.3582305908203,483.1111755371094,397.3741455078125,386.28369140625,212.5084991455078,156.01397705078125,631.7863159179688,484.3999938964844,247.71487426757812,155.859375,205.01690673828125,760.7097778320312,68.29469299316406,469.9725036621094,914.542236328125,78.05462646484375,483.2561950683594,290.0510559082031,74.17807006835938,473.88177490234375,70.26155090332031,560.6266479492188,,46.083106994628906,109.10679626464844,424.2080078125,443.0617370605469,72.22599792480469,516.9693603515625,184.72000122070312,239.4004364013672,120.82209014892578,75.28133392333984,171.75999450683594,160.5765838623047,166.61129760742188,616.718505859375,120.29803466796875,161.40859985351562,1038.9610595703125,116.83061218261719,63.36667251586914,41.1558837890625,506.8299865722656,85.44242095947266,512.2173461914062,561.2421264648438,355.1092224121094,147.01181030273438,608.6691284179688,254.27000427246094,195.91836547851562,554.9065551757812,269.7859191894531,462.989990234375,202.98509216308594,79.56520080566406,111.2445068359375,189.88710021972656
2024-09-25,224.89271545410156,181.87109375,109.44310760498047,330.9584655761719,517.9000244140625,221.32994079589844,70.68115234375,162.02000427246094,298.52496337890625,192.52999877929688,97.05249786376953,344.20318603515625,282.8076171875,173.12017822265625,261.23895263671875,37.934852600097656,178.99142456054688,165.14500427246094,908.4017944335938,452.3599853515625,83.5,370.42230224609375,286.6445617675781,271.79998779296875,338.5399169921875,202.43792724609375,901.2738037109375,272.0018615722656,50.392940521240234,204.68800354003906,134.88279724121094,397.33807373046875,110.15650177001953,250.89309692382812,101.83995819091797,118.4074478149414,323.3468933105469,47.32048416137695,255.37094116210938,187.40008544921875,78.85975646972656,162.0597686767578,160.56283569335938,476.4371337890625,400.6476135253906,382.6875305175781,212.75857543945312,156.70191955566406,628.361083984375,484.3900146484375,247.27410888671875,153.77206420898438,203.660400390625,762.408203125,68.40957641601562,467.67828369140625,914.6710205078125,79.30675506591797,485.27880859375,290.2442932128906,72.84766387939453,470.68878173828125,70.16679382324219,565.5827026367188,,45.94807434082031,108.88849639892578,427.11395263671875,443.41607666015625,72.15599822998047,515.261962890625,178.00599670410156,235.88111877441406,123.4610366821289,76.18733215332031,170.2550048828125,160.08517456054688,165.66879272460938,613.217529296875,119.0730209350586,162.68478393554688,1024.230712890625,117.6676254272461,62.83681106567383,40.035545349121094,510.3599853515625,85.08058166503906,508.9648132324219,560.0043334960938,353.6337585449219,145.9669952392578,596.6326904296875,257.0199890136719,196.0330810546875,555.9869995117188,266.6705322265625,461.760009765625,203.1513671875,80.28521728515625,109.07758331298828,187.76951599121094
2024-09-26,226.03518676757812,182.4796600341797,109.55973815917969,349.3794250488281,515.3800048828125,227.01358032226562,70.77794647216797,167.49000549316406,304.4790954589844,191.16000366210938,96.57499694824219,344.4214782714844,286.38427734375,175.655029296875,263.1822204589844,38.19580841064453,180.56674194335938,168.8325653076172,916.3726806640625,454.17999267578125,83.08000183105469,382.8692932128906,286.16082763671875,274.2300109863281,334.78436279296875,203.32205200195312,894.3487548828125,273.6592102050781,50.5843620300293,204.49041748046875,133.0277862548828,401.77105712890625,109.17069244384766,251.81863403320312,106.2296142578125,114.4244155883789,327.74609375,50.846736907958984,257.8494567871094,182.97900390625,79.65594482421875,162.89498901367188,161.79571533203125,482.0440979003906,399.41143798828125,382.4657897949219,214.87429809570312,155.3948516845703,630.4301147460938,486.3299865722656,251.04940795898438,154.5284881591797,203.26315307617188,794.4920043945312,68.3617172241211,472.2569580078125,899.593994140625,83.62361907958984,487.0832824707031,293.3160400390625,76.86763000488281,468.59320068359375,70.41313171386719,565.114990234375,,45.99308776855469,107.33199310302734,426.3232727050781,441.0733947753906,71.14299774169922,511.5544128417969,176.9720001220703,236.88938903808594,123.9908218383789,77.30799865722656,169.36500549316406,160.3592071533203,166.58245849609375,626.6097412109375,118.92108154296875,166.92906188964844,1032.9814453125,117.1031265258789,62.640567779541016,39.422698974609375,515.4000244140625,84.69969177246094,505.8802795410156,562.2244262695312,355.4535827636719,146.82354736328125,616.0800170898438,254.22000122070312,200.04818725585938,554.5398559570312,268.7078857421875,463.1499938964844,200.85272216796875,78.82547760009766,107.2052993774414,191.04393005371094
2024-09-27,226.3034210205078,185.22781372070312,109.2681655883789,343.3799133300781,515.47998046875,226.61318969726562,70.99089813232422,164.35000610351562,307.8855285644531,187.97000122070312,95.06500244140625,344.94732666015625,287.2449645996094,170.328857421875,266.0382995605469,38.079830169677734,183.79344177246094,168.00836181640625,916.556884765625,457.4700012207031,83.3499984741211,382.98681640625,285.894287109375,274.1300048828125,337.41424560546875,203.16383361816406,878.6531982421875,274.532470703125,50.747074127197266,199.88714599609375,136.30686950683594,408.1471862792969,109.92900848388672,250.66664123535156,106.5417709350586,116.39216613769531,323.2485046386719,50.28841781616211,259.0306091308594,183.7621307373047,80.20269775390625,164.34664916992188,163.0087127685547,483.58648681640625,398.8378601074219,385.1942443847656,212.38348388671875,155.88623046875,612.80908203125,479.17999267578125,252.93704223632812,154.53805541992188,203.9607696533203,772.6189575195312,68.73512268066406,470.1293640136719,868.4011840820312,81.61270141601562,489.4331359863281,293.3547058105469,77.13563537597656,468.0593566894531,70.29944610595703,564.6372680664062,,45.95707702636719,107.90145111083984,423.0713195800781,439.35089111328125,70.73500061035156,513.97412109375,176.35800170898438,238.95445251464844,121.35187530517578,76.4020004272461,167.875,160.65219116210938,166.90943908691406,624.01611328125,119.26294708251953,164.48304748535156,1035.693115234375,117.17125701904297,63.20967102050781,40.49517059326172,513.3099975585938,85.79473876953125,506.888671875,561.4091186523438,354.39117431640625,146.07049560546875,611.19580078125,260.4599914550781,199.9334716796875,561.3316040039062,272.14971923828125,462.8800048828125,201.0189971923828,78.6874008178711,110.07550811767578,190.98509216308594
2024-09-30,231.47943115234375,187.78573608398438,110.80372619628906,347.0915222167969,517.780029296875,224.77723693847656,70.88441467285156,164.0800018310547,307.44659423828125,186.3300018310547,95.95500183105469,343.28045654296875,284.7393798828125,170.14144897460938,266.1757507324219,38.35044860839844,183.4814453125,166.58538818359375,920.7265014648438,460.260009765625,83.80000305175781,383.0259704589844,284.729248046875,271.0299987792969,336.1914978027344,205.3509063720703,879.5462036132812,271.6247863769531,50.938507080078125,203.3741912841797,137.9745330810547,408.9310302734375,109.29391479492188,251.395263671875,106.68810272216797,116.85795593261719,326.1911315917969,48.897499084472656,264.9654235839844,186.93418884277344,80.4233169555664,166.23580932617188,164.89779663085938,480.28826904296875,401.953125,390.66082763671875,212.61431884765625,157.8714141845703,614.7592163085938,491.2699890136719,252.55160522460938,155.1699981689453,204.30958557128906,764.7286987304688,68.80213928222656,467.5312194824219,876.4639892578125,80.52337646484375,489.59173583984375,294.1468200683594,76.84849548339844,469.1466979980469,70.24223327636719,569.69287109375,,45.94807434082031,107.77806854248047,425.324951171875,442.569580078125,70.927001953125,515.2230224609375,178.8780059814453,240.92254638671875,121.39185333251953,76.77333068847656,170.89999389648438,160.69943237304688,166.57284545898438,623.0792846679688,119.9181900024414,164.40570068359375,1044.185791015625,117.92066955566406,63.59234619140625,40.16960144042969,506.3900146484375,85.87091827392578,510.74432373046875,563.6588745117188,356.1559143066406,146.71058654785156,615.3240966796875,261.6300048828125,197.4766082763672,564.061767578125,271.9320983886719,465.0799865722656,203.0633544921875,79.64411163330078,111.40606689453125,191.54393005371094
2024-10-01,224.73373413085938,187.29127502441406,110.36638641357422,345.6186828613281,502.79998779296875,218.4295196533203,70.3907699584961,159.75,305.6432189941406,185.1300048828125,95.4625015258789,345.7707824707031,280.37164306640625,165.1802215576172,263.6239318847656,37.905860900878906,183.9152374267578,162.19032287597656,905.7061767578125,457.4100036621094,84.13999938964844,384.269775390625,288.411865234375,263.32000732421875,337.79266357421875,209.65988159179688,870.4781494140625,268.806396484375,50.47908020019531,201.3787841796875,140.2511444091797,408.0589294433594,110.16598510742188,249.64268493652344,106.5807876586914,120.68890380859375,322.3922119140625,49.34807586669922,260.97662353515625,184.67410278320312,80.51925659179688,167.4587860107422,166.03125,475.49615478515625,400.9839172363281,394.3726806640625,210.95057678222656,158.36279296875,600.1871948242188,484.760009765625,251.85780334472656,155.1029815673828,200.60826110839844,744.267822265625,68.65853118896484,465.7272033691406,875.01953125,78.67823028564453,492.1497497558594,292.66888427734375,74.16851043701172,465.9933166503906,69.59387969970703,573.70361328125,,45.84904861450195,108.89797973632812,415.8260498046875,442.0281982421875,70.61299896240234,530.6483764648438,173.43600463867188,240.57351684570312,116.95361328125,77.46600341796875,164.64500427246094,161.95631408691406,166.4189453125,621.4224853515625,118.33232879638672,160.27743530273438,1039.8848876953125,121.0643081665039,62.709259033203125,41.3090934753418,495.55999755859375,86.53746795654297,506.3943176269531,558.6092529296875,352.2222595214844,143.26547241210938,609.7234497070312,258.0199890136719,192.72540283203125,562.7305297851562,274.5530090332031,469.760009765625,203.38612365722656,80.15699005126953,113.98165893554688,190.60276794433594
2024-10-02,225.30003356933594,187.1581268310547,110.44414520263672,349.85076904296875,505.80999755859375,222.3944091796875,70.12939453125,159.77999877929688,305.0802001953125,184.75999450683594,97.40499877929688,345.98907470703125,278.995849609375,168.32662963867188,265.90093994140625,37.915523529052734,182.461669921875,163.14027404785156,928.23193359375,456.6700134277344,84.48999786376953,385.8953552246094,287.63189697265625,267.010009765625,330.6309814453125,208.06846618652344,871.6190185546875,277.350830078125,50.74912643432617,202.80123901367188,141.42225646972656,408.10791015625,110.60202026367188,250.0561981201172,107.76111602783203,121.99124145507812,322.7957458496094,49.7790641784668,258.43035888671875,184.81288146972656,81.28665924072266,166.35511779785156,164.90773010253906,477.2616271972656,399.40155029296875,396.5033874511719,211.31597900390625,158.1466064453125,601.1771240234375,486.6199951171875,252.378173828125,154.3178253173828,200.8505096435547,767.6419067382812,67.98831176757812,466.53118896484375,881.5390625,80.32701873779297,491.3466491699219,293.4223327636719,74.86721801757812,464.7972106933594,68.91690826416016,570.0610961914062,,45.54296875,106.37342834472656,412.3072204589844,442.44158935546875,71.10900115966797,525.7601928710938,176.08200073242188,239.49737548828125,118.80288696289062,76.99466705322266,166.06500244140625,160.22694396972656,165.34181213378906,618.8189086914062,117.92398071289062,162.73312377929688,1033.2894287109375,120.72367095947266,62.15977096557617,42.075138092041016,496.82000732421875,87.21353912353516,508.8560485839844,558.8450927734375,350.0927734375,141.57110595703125,609.504638671875,249.02000427246094,194.47482299804688,571.4227905273438,273.9596252441406,462.1400146484375,202.7894744873047,79.32848358154297,115.49279022216797,188.68124389648438
2024-10-03,224.19725036621094,185.85537719726562,109.07379913330078,354.7113342285156,503.79998779296875,221.25181579589844,70.0229263305664,162.85000610351562,302.933349609375,181.9600067138672,97.52749633789062,344.77862548828125,274.7435607910156,169.539794921875,263.6141052246094,37.934852600097656,180.63525390625,162.3140869140625,922.6465454101562,452.9599914550781,83.81999969482422,382.9966125488281,284.8773498535156,265.7900085449219,330.4854736328125,208.7199249267578,868.781494140625,278.7699279785156,50.565879821777344,202.06036376953125,141.70330810546875,400.513916015625,109.72994232177734,246.905517578125,106.94171142578125,124.32971954345703,321.7820739746094,48.75057601928711,253.7347869873047,182.28512573242188,80.7398910522461,166.2556915283203,164.90773010253906,471.5479736328125,388.1369934082031,396.8118591308594,214.19149780273438,160.44625854492188,597.7420043945312,479.6300048828125,250.5471649169922,153.6763153076172,198.8544921875,764.8768920898438,67.51914978027344,460.560302734375,876.078125,80.03199768066406,490.75177001953125,293.12286376953125,74.01536560058594,462.2665710449219,67.84902954101562,579.9734497070312,,44.99382400512695,104.57015228271484,411.7240295410156,442.0577392578125,70.68000030517578,524.5015869140625,178.1280059814453,237.41294860839844,122.80130004882812,76.62066650390625,167.97000122070312,159.26300048828125,163.61065673828125,617.6453247070312,115.89179229736328,163.31321716308594,1007.78173828125,120.36356353759766,62.20883560180664,42.98482131958008,495.4100036621094,86.3660659790039,508.7472229003906,557.8233642578125,346.6422424316406,140.81808471679688,597.7666015625,240.66000366210938,192.7923126220703,571.8472290039062,273.8211364746094,453.54998779296875,204.52076721191406,79.32848358154297,116.5002212524414,187.24009704589844
2024-10-04,225.3199005126953,184.75233459472656,109.4722671508789,355.6932373046875,507.2200012207031,222.88267517089844,73.61410522460938,170.89999389648438,305.0133972167969,186.50999450683594,98.99250030517578,345.34417724609375,274.6666564941406,174.224853515625,271.5650939941406,38.76603317260742,181.28970336914062,165.6195831298828,920.416259765625,461.9700012207031,84.54000091552734,388.8724060058594,286.9012756347656,268.6499938964844,331.59173583984375,208.86878967285156,876.1629638671875,285.5578308105469,50.8745002746582,202.41598510742188,141.22552490234375,399.77899169921875,108.10902404785156,247.15164184570312,108.70734405517578,126.54462432861328,327.775634765625,49.51459503173828,252.5342559814453,185.44728088378906,81.14276885986328,167.59799194335938,166.10084533691406,480.3367614746094,389.7292175292969,393.7074279785156,217.34591674804688,159.95486450195312,604.5330200195312,481.95001220703125,249.0245361328125,153.4752197265625,205.91256713867188,777.5465087890625,67.18405151367188,459.02099609375,877.6708984375,80.45628356933594,493.4584655761719,293.4223327636719,74.3503646850586,455.24798583984375,68.18274688720703,593.0801391601562,,45.10184860229492,104.1810302734375,411.24957275390625,443.2290344238281,71.97000122070312,523.6820068359375,183.53599548339844,240.3602294921875,124.87047576904297,76.99333190917969,171.17999267578125,158.73382568359375,162.41815185546875,621.9550170898438,116.25263977050781,163.29385375976562,1006.0236206054688,121.5704116821289,63.53346633911133,43.530635833740234,499.1199951171875,85.99469757080078,506.34490966796875,562.8925170898438,346.25775146484375,143.905517578125,595.46875,250.0800018310547,193.78652954101562,570.3519897460938,274.87939453125,455.30999755859375,203.54263305664062,79.83151245117188,118.63862609863281,186.2989501953125
2024-10-07,220.24325561523438,184.105712890625,110.1720199584961,350.3515319824219,487.29998779296875,221.2029571533203,71.28128814697266,170.97000122070312,302.9046936035156,180.8000030517578,98.13500213623047,341.21673583984375,300.8249206542969,172.68618774414062,269.4199523925781,38.621063232421875,180.71133422851562,164.9124755859375,912.154541015625,453.5,84.41000366210938,390.0084533691406,273.6615295410156,262.8599853515625,330.20404052734375,206.35601806640625,866.7178344726562,282.4020690917969,50.643035888671875,201.98135375976562,141.58151245117188,397.8682556152344,104.48802185058594,245.21202087402344,109.76084899902344,127.60931396484375,329.33062744140625,49.74967956542969,252.20509338378906,184.33706665039062,80.98928833007812,163.4517822265625,162.04425048828125,479.81292724609375,378.31640625,393.4181823730469,218.42300415039062,156.79037475585938,596.3758544921875,471.2300109863281,246.74061584472656,152.74757385253906,205.6298370361328,771.8980102539062,66.07342529296875,454.1776428222656,888.7907104492188,79.53863525390625,487.113037109375,290.6113586425781,73.17308044433594,452.27252197265625,67.69646453857422,581.9737548828125,,44.9398078918457,103.06111145019531,404.8049621582031,442.136474609375,70.19200134277344,520.9793701171875,181.18800354003906,236.3270721435547,127.66937255859375,76.7613296508789,168.97000122070312,158.015625,160.72547912597656,620.9984741210938,113.95455932617188,161.39892578125,989.3661499023438,121.7066650390625,63.08211135864258,43.655113220214844,494.8699951171875,84.64256286621094,500.66033935546875,557.8037719726562,340.2637023925781,140.25332641601562,595.70751953125,240.8300018310547,192.409912109375,562.9813842773438,270.78485107421875,448.6000061035156,200.92120361328125,78.01670837402344,119.15184783935547,183.60296630859375
2024-10-08,224.29661560058594,183.53515625,111.40630340576172,353.8668518066406,496.239990234375,224.02528381347656,72.23957061767578,172.8000030517578,303.1241455078125,182.72000122070312,100.05500030517578,351.197998046875,298.5833435058594,178.25892639160156,264.8146057128906,38.59206771850586,180.49063110351562,167.41827392578125,920.2999267578125,453.79998779296875,85.83999633789062,379.931396484375,276.40625,270.1499938964844,333.7557067871094,206.30947875976562,883.4154663085938,289.3487548828125,50.8552131652832,204.5003204345703,139.3611297607422,392.22418212890625,104.90508270263672,248.72698974609375,106.73686218261719,123.93046569824219,330.2655334472656,47.59474182128906,253.07643127441406,185.83389282226562,81.73748779296875,164.7543182373047,163.4362335205078,481.7045593261719,374.40985107421875,399.3185729980469,219.8655548095703,159.29640197753906,607.2058715820312,480.7900085449219,246.4322509765625,152.9007568359375,205.4543914794922,774.1001586914062,66.23619079589844,460.25640869140625,903.9468383789062,79.9333267211914,492.823974609375,291.6255798339844,73.99622344970703,465.597900390625,67.5534439086914,590.0447387695312,,44.60672378540039,102.99467468261719,409.9151916503906,450.71954345703125,72.1760025024414,519.6915893554688,184.39999389648438,235.78414916992188,132.83731079101562,77.83533477783203,177.56500244140625,161.04908752441406,161.7256622314453,618.6611938476562,113.32780456542969,160.81884765625,998.5143432617188,120.19810485839844,63.68064880371094,42.26665496826172,517.760009765625,85.02344512939453,512.4546508789062,563.0792236328125,345.8338623046875,142.4371337890625,592.325439453125,244.5,193.3085479736328,561.0711669921875,271.9420166015625,458.94000244140625,204.11973571777344,78.61835479736328,115.98700714111328,183.691162109375
2024-10-09,228.04202270507812,185.18975830078125,112.6891860961914,358.4819030761719,494.0799865722656,227.77529907226562,73.17851257324219,171.02000427246094,307.6374206542969,185.1699981689453,101.73249816894531,356.21832275390625,302.05633544921875,183.40756225585938,267.0877685546875,38.843353271484375,181.2821044921875,169.7445526123047,926.9422607421875,455.8999938964844,86.69999694824219,387.9910583496094,279.23980712890625,279.55999755859375,336.4632263183594,206.10475158691406,901.9485473632812,285.72650146484375,51.65570831298828,206.59451293945312,140.2042999267578,397.3195495605469,105.52123260498047,251.73983764648438,108.16105651855469,124.4913330078125,332.8932800292969,47.8690071105957,256.2132568359375,187.62808227539062,82.62960052490234,162.1293487548828,160.93069458007812,490.0567932128906,382.1041564941406,401.1407775878906,225.32806396484375,158.95245361328125,615.3629760742188,490.3800048828125,248.61019897460938,153.81993103027344,208.05728149414062,794.5709838867188,66.6095962524414,460.3838195800781,909.9024047851562,81.75872802734375,496.348388671875,293.4899597167969,74.83850860595703,467.6145324707031,67.744140625,587.6761474609375,,45.21887969970703,104.65558624267578,412.6333923339844,459.22381591796875,72.74299621582031,519.2816772460938,187.72999572753906,237.68441772460938,132.59742736816406,78.47733306884766,181.43499755859375,163.05250549316406,162.793212890625,624.0357666015625,112.85299682617188,164.570068359375,1005.3978271484375,120.63607788085938,65.44683074951172,42.33368682861328,529.0,84.68064880371094,515.5391235351562,566.9793701171875,348.9590148925781,145.27041625976562,596.1053466796875,241.0500030517578,195.94703674316406,570.3712158203125,273.8903503417969,467.9700012207031,207.59217834472656,79.29890441894531,116.03453063964844,186.4362030029297
2024-10-10,227.54525756835938,184.8094024658203,112.36846160888672,355.98748779296875,503.57000732421875,225.29481506347656,74.07872009277344,164.17999267578125,306.30157470703125,186.64999389648438,102.44000244140625,350.9102478027344,302.6720275878906,183.151123046875,266.1529235839844,38.63072967529297,179.25018310546875,169.59506225585938,926.6222534179688,454.92999267578125,86.19999694824219,388.4317626953125,281.0860595703125,280.6400146484375,340.13140869140625,205.9093017578125,886.6002197265625,287.9593505859375,51.636417388916016,203.62115478515625,141.11306762695312,397.5939025878906,107.22746276855469,251.85801696777344,108.16105651855469,125.66057586669922,331.6040344238281,48.5252799987793,255.85504150390625,186.4781951904297,81.21949768066406,162.24867248535156,161.1494598388672,488.6405334472656,382.9843444824219,395.25,224.09707641601562,157.8812255859375,614.103759765625,483.8399963378906,247.50192260742188,153.68588256835938,207.49183654785156,788.004150390625,66.30320739746094,460.23681640625,900.94921875,80.96937561035156,494.4322509765625,293.69281005859375,74.02493286132812,464.0162658691406,67.82994842529297,581.0282592773438,,44.7237548828125,103.82987976074219,411.0321044921875,457.333984375,73.02899932861328,514.2667846679688,188.92599487304688,238.41151428222656,134.75656127929688,78.09066772460938,184.6999969482422,163.477783203125,162.48544311523438,622.7833862304688,112.32122039794922,162.92648315429688,992.3162231445312,119.653076171875,65.39777374267578,42.707130432128906,533.0800170898438,84.04266357421875,509.2613525390625,565.9871215820312,348.3774108886719,146.8141632080078,590.674072265625,238.77000427246094,193.55709838867188,576.622802734375,274.42449951171875,476.1499938964844,206.62380981445312,78.51973724365234,117.0324478149414,186.54403686523438
2024-10-11,226.06500244140625,184.65725708007812,112.85440063476562,355.66217041015625,495.4200134277344,227.40419006347656,74.75629425048828,167.88999938964844,313.3052673339844,188.82000732421875,104.23249816894531,352.3687438964844,304.6442565917969,178.99867248535156,271.7520751953125,40.54438781738281,179.9807586669922,169.45704650878906,960.2412719726562,460.2099914550781,87.0999984741211,393.700439453125,283.18902587890625,282.3900146484375,339.9372863769531,206.34669494628906,882.036376953125,285.9051818847656,52.3211669921875,205.5177764892578,141.86257934570312,402.80682373046875,108.22277069091797,250.08572387695312,109.31212615966797,125.90771484375,335.9835510253906,49.00524139404297,255.9421844482422,189.49168395996094,81.48809051513672,163.58103942871094,162.3027801513672,500.8439025878906,390.194091796875,397.12042236328125,224.327880859375,159.76815795898438,611.5057983398438,484.7799987792969,251.12535095214844,154.5955047607422,216.7043914794922,793.6823120117188,66.6095962524414,464.76641845703125,922.0907592773438,81.788330078125,498.64178466796875,294.6587829589844,74.63751220703125,469.6607666015625,67.3722915649414,587.1188354492188,,44.867794036865234,104.14308166503906,411.506591796875,460.5920715332031,72.27899932861328,515.837646484375,187.71800231933594,242.54161071777344,134.74656677246094,79.16867065429688,186.60000610351562,165.19769287109375,164.54354858398438,628.3355102539062,114.1824722290039,164.33802795410156,1008.8544311523438,120.61662292480469,66.4084243774414,42.879493713378906,539.9199829101562,84.70922088623047,516.072998046875,569.3764038085938,350.5758972167969,149.157958984375,593.7876586914062,217.8000030517578,196.08087158203125,576.9603881835938,274.7903747558594,481.7099914550781,207.1813507080078,79.00302124023438,117.47913360595703,186.34796142578125
2024-10-14,229.79054260253906,186.0455780029297,113.95262908935547,359.46783447265625,509.6499938964844,230.89056396484375,75.1338119506836,165.27000427246094,309.74615478515625,187.5399932861328,103.36750030517578,355.7718505859375,308.18463134765625,179.81732177734375,272.1063232421875,40.5057258605957,182.6595458984375,169.97079467773438,961.6569213867188,459.9800109863281,87.55000305175781,385.79742431640625,285.045166015625,282.1400146484375,341.05328369140625,208.65476989746094,882.7607421875,289.4181823730469,52.34046173095703,208.92578125,142.19985961914062,399.5144348144531,109.09485626220703,252.48814392089844,109.87789916992188,124.97613525390625,340.13671875,47.85921096801758,258.9338073730469,190.94883728027344,81.58402252197266,165.40061950683594,164.01292419433594,507.1007995605469,391.4204406738281,400.51409912109375,226.2512969970703,161.5469512939453,611.981689453125,487.6099853515625,252.0023651123047,154.72955322265625,215.91473388671875,819.2783813476562,67.3468246459961,468.2371520996094,919.5679931640625,84.56097412109375,503.0100402832031,299.29541015625,75.60420989990234,473.94110107421875,67.24832916259766,587.5865478515625,,44.88579559326172,104.10511779785156,414.2939758300781,465.562744140625,71.30000305175781,521.0770263671875,188.93800354003906,246.09970092773438,138.01527404785156,80.17266845703125,186.9550018310547,166.41676330566406,165.9092254638672,634.6272583007812,114.3913803100586,172.1304931640625,1007.444091796875,121.30763244628906,66.5457992553711,42.802886962890625,545.4600219726562,85.54716491699219,521.5203247070312,574.032958984375,354.6278076171875,148.69674682617188,600.62158203125,219.16000366210938,199.474609375,584.0512084960938,277.5991516113281,484.82000732421875,208.8343963623047,79.19042205810547,117.92582702636719,188.8675079345703
2024-10-15,232.32388305664062,183.89854431152344,113.31792449951172,363.4706726074219,508.0299987792969,220.57798767089844,74.51431274414062,156.63999938964844,310.1946716308594,187.69000244140625,98.07749938964844,355.0872802734375,310.9649658203125,173.57386779785156,272.8836975097656,40.72801971435547,184.02938842773438,170.36825561523438,976.4738159179688,462.67999267578125,86.7699966430664,379.9607238769531,283.7518005371094,269.4700012207031,338.5204772949219,209.23178100585938,887.5724487304688,286.15325927734375,52.15721893310547,208.13552856445312,138.4054718017578,393.8997497558594,111.01910400390625,254.27020263671875,106.57103729248047,120.99309539794922,332.6866149902344,46.454185485839844,257.4525146484375,188.9068145751953,82.32263946533203,165.9474639892578,164.51002502441406,506.7419128417969,396.8400573730469,400.6683654785156,224.03941345214844,162.3331756591797,612.7056274414062,478.4700012207031,251.85780334472656,157.12326049804688,216.80189514160156,698.8724365234375,67.3468246459961,471.305908203125,903.5511474609375,75.3451156616211,503.575927734375,302.67633056640625,72.00537872314453,481.59234619140625,68.45924377441406,583.4566040039062,,44.921810150146484,105.8514175415039,413.8985595703125,465.97613525390625,70.5979995727539,514.1107177734375,185.5919952392578,246.5747833251953,131.54783630371094,79.33333587646484,187.22000122070312,166.22775268554688,166.9286651611328,629.1934204101562,115.2745361328125,168.31161499023438,1009.708740234375,121.68719482421875,70.60801696777344,41.12716293334961,517.5599975585938,86.37559509277344,522.4398193359375,569.5729370117188,353.90814208984375,151.257080078125,597.3688354492188,219.57000732421875,191.04286193847656,536.6729736328125,276.2244567871094,484.29998779296875,209.1180419921875,80.53178405761719,114.38082885742188,188.6126251220703
2024-10-16,230.26736450195312,182.55662536621094,115.04625701904297,367.0199890136719,502.5400085449219,222.16001892089844,74.66918182373047,156.1300048828125,306.8931579589844,186.88999938964844,101.5199966430664,355.5833740234375,314.3033447265625,174.40240478515625,277.1839599609375,41.365901947021484,182.82696533203125,171.53494262695312,984.9585571289062,465.69000244140625,87.0,385.47430419921875,289.37945556640625,262.95001220703125,347.9723205566406,211.41880798339844,880.3993530273438,288.64410400390625,54.37544631958008,210.33836364746094,139.3423614501953,401.1312255859375,113.54054260253906,255.74713134765625,107.87816619873047,121.06914520263672,335.6981506347656,47.13214111328125,263.145263671875,190.5027618408203,83.21473693847656,165.78839111328125,164.21177673339844,513.9979248046875,404.7222900390625,403.589599609375,224.72219848632812,162.28402709960938,604.2769165039062,476.5899963378906,251.35662841796875,157.2956085205078,218.02049255371094,674.0567016601562,67.56703186035156,474.511962890625,906.617919921875,73.15462493896484,510.3666687011719,302.27056884765625,72.63707733154297,484.4195251464844,68.56413269042969,574.02197265625,,45.15586471557617,104.79794311523438,411.30889892578125,469.06683349609375,70.19999694824219,518.5011596679688,183.7740020751953,247.8545379638672,135.66619873046875,79.92666625976562,186.61500549316406,164.8858642578125,165.78421020507812,628.6608276367188,120.57341766357422,165.78823852539062,1001.1962280273438,122.84538269042969,70.72576141357422,41.82617950439453,501.3500061035156,87.88009643554688,522.9835815429688,572.0485229492188,356.2052307128906,149.54388427734375,588.44580078125,221.3300018310547,191.85545349121094,551.1923217773438,284.3641052246094,487.25,208.48226928710938,80.10768127441406,114.67545318603516,190.62237548828125
2024-10-17,230.63499450683594,180.74505615234375,115.11460876464844,369.8692932128906,496.8299865722656,222.01353454589844,76.65352630615234,156.25,306.6069030761719,187.52999877929688,101.84750366210938,355.9405212402344,316.2947692871094,179.04800415039062,281.2185363769531,41.17259979248047,182.89544677734375,172.85984802246094,972.1102294921875,465.8500061035156,86.41999816894531,386.32623291015625,298.0578918457031,263.0299987792969,342.6738586425781,211.47467041015625,878.3257446289062,288.8921813964844,54.39472961425781,211.21755981445312,141.65647888183594,396.9864196777344,114.29885864257812,253.1379852294922,107.74160766601562,121.634033203125,342.9710998535156,47.112483978271484,265.5269775390625,190.93893432617188,83.79988098144531,163.5710906982422,161.9945526123047,513.1636962890625,402.0025634765625,400.6876220703125,223.96246337890625,161.9695587158203,604.1181640625,473.7300109863281,251.19281005859375,157.47752380371094,218.78086853027344,661.8709716796875,66.92555236816406,476.55120849609375,907.310546875,72.16791534423828,510.0588684082031,303.9900207519531,73.29751586914062,480.53460693359375,67.81087493896484,574.1613159179688,,44.77777099609375,104.16206359863281,411.9019470214844,470.12005615234375,68.76499938964844,515.1253051757812,183.4239959716797,240.67050170898438,136.87570190429688,80.28133392333984,188.0749969482422,165.06539916992188,165.6880340576172,630.98828125,116.5185317993164,165.42083740234375,991.531494140625,122.3879623413086,70.55895233154297,42.123023986816406,504.69000244140625,88.27050018310547,513.0577392578125,572.0975952148438,354.6475830078125,146.7388458251953,596.1053466796875,220.88999938964844,189.57064819335938,546.069580078125,287.2026672363281,498.7300109863281,208.42359924316406,79.7822036743164,114.38082885742188,187.24989318847656
2024-10-18,233.46636962890625,181.02301025390625,116.57928466796875,371.5552062988281,494.8999938964844,222.9803466796875,76.03401947021484,155.97000122070312,306.92181396484375,188.99000549316406,100.5,355.1269226074219,319.4984436035156,177.430419921875,272.37200927734375,40.9019889831543,185.49815368652344,172.0708770751953,976.4931640625,464.79998779296875,88.06999969482422,385.7092590332031,297.8307800292969,258.5199890136719,326.0603332519531,212.48910522460938,882.562255859375,290.7082824707031,54.74192810058594,211.4151153564453,141.23487854003906,400.5041198730469,114.46949005126953,257.4307556152344,107.73184967041016,121.2319107055664,342.6659851074219,47.338470458984375,265.6624755859375,190.9290313720703,83.18597412109375,164.10804748535156,162.4817352294922,512.6787109375,410.9627685546875,400.1091613769531,223.30848693847656,163.9547576904297,608.1441650390625,521.1500244140625,251.5493621826172,158.09988403320312,219.70701599121094,670.0376586914062,67.44258117675781,476.93365478515625,908.1513671875,71.87189483642578,512.620361328125,305.78668212890625,74.02493286132812,482.8576354980469,68.24948120117188,573.70361328125,,44.66073989868164,103.16551971435547,413.3252868652344,467.7380676269531,76.38899993896484,517.8767700195312,184.35000610351562,244.67454528808594,137.94529724121094,80.73066711425781,187.4149932861328,165.43394470214844,165.69480895996094,631.5799560546875,116.32861328125,165.246826171875,984.0321655273438,122.55340576171875,70.019287109375,40.140872955322266,507.0299987792969,88.78469848632812,518.831298828125,574.2982177734375,364.338623046875,147.63307189941406,598.552490234375,220.6999969482422,189.73318481445312,549.5233154296875,287.43011474609375,483.0,208.10079956054688,80.19644165039062,114.05768585205078,189.48512268066406
2024-10-21,234.93670654296875,178.7992706298828,114.23580169677734,370.7369384765625,497.7099914550781,220.38265991210938,75.06605529785156,157.89999389648438,302.2271728515625,189.07000732421875,101.50250244140625,354.6308898925781,318.9789123535156,177.52906799316406,266.4186096191406,40.36075210571289,183.0400390625,172.58102416992188,970.2000122070312,464.1600036621094,88.05000305175781,383.7731628417969,294.0691833496094,253.14999389648438,310.7568664550781,211.30714416503906,879.7941284179688,289.07086181640625,54.577972412109375,208.9751739501953,141.35667419433594,398.7696838378906,113.64480590820312,255.1957244873047,107.70258331298828,120.36063385009766,341.5736083984375,47.102657318115234,260.25048828125,192.53488159179688,82.77349853515625,164.85374450683594,163.12803649902344,502.29901123046875,406.23541259765625,391.8177490234375,222.87570190429688,163.4731903076172,608.7787475585938,518.8599853515625,248.98599243164062,155.90724182128906,217.3965606689453,665.18896484375,66.49468994140625,473.9040832519531,896.4380493164062,71.87189483642578,511.29986572265625,304.173583984375,71.95751190185547,481.3748779296875,67.15299987792969,572.3997802734375,,44.16560363769531,100.92567443847656,413.9381103515625,469.60821533203125,77.20700073242188,516.7645263671875,183.66799926757812,240.59291076660156,143.6530303955078,81.267333984375,189.2050018310547,165.38668823242188,164.01153564453125,630.3965454101562,111.83689880371094,163.40020751953125,962.0010375976562,122.53394317626953,69.53849029541016,40.62922668457031,505.5899963378906,88.29906463623047,517.2396850585938,573.3550415039062,362.0613098144531,142.0511932373047,592.2457885742188,218.85000610351562,187.1520538330078,551.3176879882812,283.7015075683594,478.0899963378906,207.1911163330078,79.70329284667969,114.12422943115234,185.7303466796875
2024-10-22,234.32077026367188,180.9271697998047,113.38626861572266,366.5566101074219,493.1099853515625,219.3572540283203,74.56270599365234,154.08999633789062,305.0133972167969,189.6999969482422,99.13999938964844,353.35101318359375,317.83404541015625,176.92739868164062,268.05206298828125,40.882659912109375,182.42361450195312,173.1370849609375,970.4714965820312,461.45001220703125,88.01000213623047,381.78778076171875,293.33856201171875,251.50999450683594,308.06878662109375,210.4881591796875,886.4613647460938,286.1333923339844,54.587615966796875,208.9652862548828,141.3941650390625,398.46600341796875,113.63533020019531,254.2603759765625,106.79540252685547,119.74787139892578,338.1093444824219,47.68235778808594,261.19927978515625,175.11822509765625,84.5672836303711,165.867919921875,164.1918487548828,502.7840270996094,403.6739807128906,387.4310302734375,223.35658264160156,163.080078125,604.4751586914062,517.5,247.64649963378906,156.5009002685547,218.4884033203125,661.703125,66.49468994140625,472.52166748046875,899.4256591796875,72.02977752685547,509.32421875,303.9803771972656,72.1968002319336,462.36541748046875,68.03018951416016,579.2169799804688,,45.06584167480469,101.21039581298828,422.5672302246094,462.796875,76.42400360107422,507.5444641113281,183.58999633789062,252.48876953125,143.5330810546875,80.3586654663086,188.0500030517578,164.78189086914062,164.1663055419922,620.5744018554688,112.9479751586914,167.4318084716797,955.8823852539062,122.17384338378906,69.57774353027344,40.15045166015625,502.4100036621094,88.63235473632812,507.6795959472656,573.050537109375,360.8486328125,140.4321746826172,583.302978515625,217.97000122070312,185.43125915527344,549.7644653320312,281.66412353515625,474.9100036621094,206.4379425048828,80.89671325683594,114.71346282958984,185.78916931152344
2024-10-23,229.25405883789062,180.08367919921875,114.25531768798828,365.4129638671875,485.0299987792969,221.53501892089844,74.94989776611328,152.91000366210938,300.4715270996094,184.7100067138672,98.51000213623047,355.4841613769531,314.22637939453125,171.13763427734375,266.9007568359375,40.92131423950195,183.0400390625,170.5754852294922,958.2049560546875,460.6099853515625,87.44999694824219,379.104736328125,291.25531005859375,249.08999633789062,308.1755676269531,211.3909149169922,892.0965576171875,282.26312255859375,54.278995513916016,207.15757751464844,140.98191833496094,400.4158935546875,114.28939056396484,254.73300170898438,105.84917449951172,119.42234802246094,339.4969787597656,47.083011627197266,259.5146484375,180.1043243408203,83.67517852783203,163.541259765625,161.8454132080078,501.71697998046875,405.5134582519531,385.30035400390625,223.83743286132812,162.15626525878906,596.9588012695312,512.5800170898438,247.01046752929688,158.8084259033203,217.7962646484375,656.3212890625,65.11597442626953,468.0900573730469,893.5888061523438,71.89163208007812,510.02911376953125,288.4089660644531,72.04366302490234,463.48248291015625,67.27693939208984,560.9849243164062,,44.831783294677734,100.96363830566406,419.6908264160156,459.74554443359375,74.92900085449219,503.8368835449219,181.53599548339844,249.1439971923828,139.50466918945312,79.94999694824219,179.09500122070312,163.43997192382812,164.0502471923828,620.9885864257812,114.74275207519531,161.0702362060547,935.0729370117188,123.80892181396484,70.36270904541016,40.34196090698242,493.4100036621094,89.6512222290039,505.1091613769531,567.8142700195312,358.1079406738281,139.35906982421875,573.46484375,213.64999389648438,192.85922241210938,544.7285766601562,280.6454162597656,470.04998779296875,207.1715545654297,82.12960052490234,114.3047866821289,185.27935791015625
2024-10-24,229.06529235839844,181.78024291992188,113.79638671875,359.1030578613281,482.8699951171875,224.2987060546875,75.19188690185547,153.44000244140625,301.225341796875,186.3800048828125,98.92500305175781,354.0553894042969,309.87786865234375,169.00717163085938,265.67071533203125,41.22092819213867,181.59413146972656,171.59268188476562,954.1710205078125,457.7699890136719,85.0999984741211,380.4118347167969,290.228515625,251.27999877929688,308.8257141113281,213.7640838623047,886.3917846679688,284.57537841796875,53.97037124633789,206.58462524414062,140.95379638671875,402.79705810546875,112.82012176513672,252.3896942138672,105.60530853271484,119.1446762084961,339.8218078613281,46.02187728881836,264.1812438964844,178.1713409423828,85.16200256347656,163.5909881591797,161.7857666015625,508.7984313964844,394.506103515625,388.2312316894531,210.02731323242188,164.0235137939453,598.9122314453125,511.6300048828125,246.2491455078125,156.71153259277344,219.3268280029297,657.8320922851562,64.43618774414062,465.1781921386719,881.7864379882812,75.55232238769531,506.9414978027344,291.3165283203125,72.6083755493164,461.58447265625,66.6953353881836,565.05517578125,,44.95781707763672,100.48908996582031,419.8193054199219,458.0722351074219,75.45500183105469,510.93975830078125,191.3159942626953,245.69253540039062,140.35433959960938,79.98466491699219,182.2899932861328,162.6934051513672,164.08892822265625,615.5054931640625,114.32492065429688,162.52044677734375,922.666748046875,121.82344818115234,71.22618103027344,39.499305725097656,495.25,89.13702392578125,487.6005554199219,569.0423583984375,354.81512451171875,141.36402893066406,554.455078125,260.4800109863281,197.5148468017578,541.0336303710938,280.1113586425781,471.9100036621094,204.3447265625,81.90275573730469,113.65852355957031,177.93643188476562
2024-10-25,229.8998260498047,180.05491638183594,111.53099822998047,355.7212829589844,483.7200012207031,224.77723693847656,74.35943603515625,156.22999572753906,302.4562683105469,187.8300018310547,98.52249908447266,372.49981689453125,305.9526672363281,170.63462829589844,263.08270263671875,40.486392974853516,181.22122192382812,171.9521942138672,944.5420532226562,454.010009765625,84.7300033569336,379.3406066894531,284.33428955078125,257.29998779296875,307.4768371582031,210.4602508544922,884.2091674804688,288.2471923828125,53.75819778442383,204.88555908203125,141.29110717773438,399.72021484375,111.10440826416016,249.58358764648438,105.47848510742188,117.92871856689453,339.0344543457031,45.78606414794922,263.4551086425781,177.53692626953125,85.37305450439453,166.0369415283203,164.32113647460938,497.2546081542969,359.5454406738281,384.59649658203125,206.44973754882812,162.4609375,604.1578979492188,511.2699890136719,244.851806640625,154.04017639160156,216.72389221191406,664.65576171875,64.07234954833984,464.4919128417969,883.1516723632812,76.64756774902344,503.7049865722656,282.6517639160156,73.01994323730469,457.4919128417969,66.00883483886719,570.4989013671875,,44.75075912475586,98.68584442138672,423.1998291015625,455.060302734375,75.46800231933594,506.715087890625,190.1699981689453,243.43356323242188,141.48388671875,79.68133544921875,183.22000122070312,162.34375,162.73458862304688,613.138671875,111.61848449707031,164.618408203125,926.7590942382812,121.81372833251953,70.47064208984375,39.96851348876953,501.5799865722656,87.48969268798828,485.0301513671875,568.8458862304688,347.8351745605469,142.28651428222656,551.470947265625,269.19000244140625,197.8207550048828,544.6514282226562,278.6377258300781,477.70001220703125,202.28082275390625,81.38001251220703,113.56348419189453,176.47567749023438
2024-10-28,231.87681579589844,181.80897521972656,111.38453674316406,356.2340087890625,481.0400085449219,224.74794006347656,74.998291015625,159.9199981689453,302.6375427246094,188.38999938964844,98.09500122070312,368.79901123046875,306.18359375,169.66802978515625,267.13690185546875,41.19193649291992,181.8148193359375,171.94309997558594,956.32373046875,458.489990234375,84.76000213623047,383.9009094238281,286.3385314941406,252.77000427246094,305.60394287109375,212.30294799804688,883.9512939453125,291.5319519042969,53.31454849243164,206.0511932373047,141.0381317138672,404.0512390136719,110.96222686767578,252.49798583984375,105.99549865722656,116.87553405761719,340.038330078125,45.91379165649414,266.6790771484375,173.8295440673828,85.14282989501953,167.3792266845703,165.7628173828125,507.906005859375,352.662109375,388.4336853027344,204.75717163085938,163.57144165039062,606.9542846679688,510.8800048828125,247.54046630859375,154.72955322265625,219.833740234375,665.9196166992188,63.83299255371094,466.68804931640625,886.0108032226562,74.44721984863281,504.5488586425781,286.6895446777344,73.89093017578125,456.8395690917969,66.30439758300781,575.3854370117188,,45.23688507080078,98.92311096191406,421.65777587890625,450.207763671875,74.91200256347656,499.6903076171875,189.0,245.85733032226562,140.4643096923828,79.80733489990234,181.1750030517578,160.50099182128906,163.7793731689453,615.022216796875,111.8749008178711,166.50367736816406,922.378662109375,122.07650756835938,70.68650817871094,39.633365631103516,496.17999267578125,87.40399932861328,481.69842529296875,570.6043701171875,350.9801025390625,140.5356903076172,549.6405029296875,262.510009765625,196.76918029785156,545.307373046875,281.0707092285156,476.3699951171875,203.7089080810547,81.6167221069336,113.00274658203125,179.1717071533203
2024-10-29,232.1450653076172,181.58853149414062,110.73030853271484,357.9297790527344,485.3900146484375,229.71864318847656,74.20455932617188,166.25,301.5211181640625,190.8300018310547,100.39250183105469,368.04498291015625,303.33587646484375,176.789306640625,266.113525390625,41.104949951171875,180.7493896484375,175.10504150390625,953.3662109375,454.6199951171875,84.55999755859375,380.8541564941406,283.5543212890625,284.45001220703125,299.1117858886719,211.34439086914062,880.0123901367188,296.6130065917969,53.70032501220703,206.59451293945312,139.14564514160156,397.8682556152344,108.45027160644531,249.8494110107422,106.23937225341797,115.36276245117188,340.0776672363281,45.756591796875,266.2821044921875,172.53099060058594,84.49053955078125,170.16326904296875,168.705810546875,508.5850830078125,356.69720458984375,380.894287109375,202.3721160888672,163.84664916992188,618.466796875,516.3099975585938,246.74061584472656,153.28375244140625,217.29905700683594,687.5261840820312,62.770225524902344,465.3742370605469,893.915283203125,77.26920318603516,502.6327819824219,284.9604797363281,75.66165161132812,455.2183532714844,65.93254852294922,590.4329833984375,,44.96681213378906,98.44857025146484,426.9559020996094,451.0345458984375,75.94400024414062,491.7873229980469,190.61599731445312,244.7133331298828,141.19400024414062,78.3933334350586,182.69500732421875,158.2896270751953,161.71881103515625,616.4620971679688,109.50084686279297,170.158203125,921.1072998046875,119.50708770751953,70.53932189941406,38.714111328125,529.2100219726562,85.52812957763672,481.21405029296875,571.5277709960938,353.93768310546875,139.24609375,544.8955688476562,259.5199890136719,202.0461883544922,542.3070678710938,278.7860107421875,470.3599853515625,214.32180786132812,80.58110046386719,111.46308898925781,177.71095275878906
2024-10-30,228.59835815429688,193.13848876953125,111.75557708740234,341.6916198730469,486.67999267578125,224.72840881347656,74.37879943847656,148.60000610351562,301.0822448730469,192.72999572753906,99.0,366.5765686035156,300.90185546875,174.224853515625,269.7052917480469,40.8923225402832,180.064453125,176.54425048828125,950.1661987304688,454.9599914550781,83.98999786376953,372.7261962890625,280.03955078125,290.0,303.634033203125,211.50257873535156,872.1746826171875,294.1419372558594,53.613529205322266,205.3202362060547,138.705322265625,396.54541015625,108.0616226196289,248.70730590820312,106.34666442871094,115.39148712158203,337.38104248046875,45.16706848144531,265.3526611328125,173.1158447265625,84.69198608398438,175.1347198486328,173.45835876464844,508.7013854980469,356.94439697265625,378.435791015625,197.05386352539062,163.65988159179688,615.8985595703125,513.77001953125,254.72950744628906,153.78164672851562,218.77113342285156,683.1514892578125,63.11491012573242,464.138916015625,837.7723999023438,75.43391418457031,509.9894104003906,281.598876953125,72.34037780761719,453.69598388671875,66.54277801513672,588.9598999023438,,45.46194839477539,99.49256134033203,427.5291748046875,445.8866271972656,75.3740005493164,493.04595947265625,190.0,245.03326416015625,139.28475952148438,77.48066711425781,179.7550048828125,157.0706024169922,160.74176025390625,615.6533203125,110.03263092041016,162.05636596679688,916.5977172851562,118.6019515991211,69.76417541503906,38.44599914550781,536.4199829101562,85.09010314941406,480.4132995605469,569.7987060546875,358.2952880859375,139.80148315429688,547.7305297851562,257.54998779296875,198.7767333984375,543.1078491210938,286.9751281738281,475.0799865722656,210.1255645751953,80.27535247802734,110.9023666381836,179.15208435058594
2024-10-31,224.4357147216797,195.41015625,110.70101165771484,339.96624755859375,478.0799865722656,217.8826446533203,73.44954681396484,144.07000732421875,305.49053955078125,186.39999389648438,96.61000061035156,363.9969482421875,298.74688720703125,167.44879150390625,265.7691345214844,40.41874694824219,177.7661895751953,184.94129943847656,951.2911376953125,450.9200134277344,84.0199966430664,369.7384033203125,278.8547668457031,276.1199951171875,305.4971618652344,209.73431396484375,867.3032836914062,289.1502380371094,52.82268142700195,203.30502319335938,139.4267120361328,396.54541015625,109.26547241210938,241.94317626953125,105.61506652832031,116.77021789550781,326.32891845703125,44.23366165161133,265.1300354003906,170.28079223632812,85.20037841796875,171.70440673828125,170.12759399414062,502.28924560546875,354.7884216308594,379.62164306640625,198.80416870117188,153.18360900878906,605.1792602539062,503.8399963378906,251.645751953125,153.06353759765625,216.34368896484375,657.9011840820312,62.530860900878906,447.22637939453125,820.864990234375,73.3618392944336,495.9909973144531,282.1688232421875,70.22511291503906,448.8324890136719,65.29373168945312,564.8562622070312,,49.02688217163086,97.1103515625,401.65185546875,442.2939453125,75.60299682617188,496.6364440917969,186.59800720214844,242.79371643066406,132.70736694335938,76.8759994506836,180.1649932861328,156.94772338867188,159.79371643066406,625.298095703125,107.25023651123047,157.36734008789062,832.575439453125,117.75521850585938,69.4992446899414,38.369388580322266,513.6099853515625,86.68031311035156,474.8966979980469,558.62890625,351.2463073730469,141.2322235107422,543.4531860351562,249.85000610351562,195.49539184570312,544.5934448242188,286.6685485839844,475.9800109863281,211.133056640625,80.82767486572266,110.98788452148438,175.68516540527344
2024-11-01,221.4552764892578,195.10342407226562,115.80789184570312,340.8042907714844,482.79998779296875,220.1970977783203,73.29467010498047,141.86000061035156,304.5935974121094,197.92999267578125,98.5425033569336,362.2326354980469,297.4769592285156,166.6103973388672,268.3374328613281,40.36075210571289,179.02188110351562,187.8228302001953,955.2183227539062,452.1400146484375,83.62000274658203,373.1094665527344,273.8886413574219,282.0899963378906,307.1274719238281,208.1056671142578,871.5651245117188,292.4747009277344,53.526729583740234,203.1173553466797,143.40846252441406,392.36138916015625,106.81038665771484,240.80105590820312,105.8004150390625,115.69786834716797,329.69476318359375,44.79370880126953,265.6141052246094,170.20152282714844,85.86225891113281,171.6646270751953,170.3065643310547,503.8026123046875,353.2555236816406,378.5032653808594,200.2755889892578,151.9748077392578,616.5233154296875,506.3399963378906,253.5249481201172,153.32205200195312,217.33807373046875,661.0118408203125,62.24363708496094,448.3636779785156,810.170654296875,73.80585479736328,504.4198303222656,285.16326904296875,71.60337829589844,451.1258239746094,65.32231903076172,564.438232421875,,48.4957389831543,96.69275665283203,405.6253662109375,446.7627258300781,75.61000061035156,494.6167907714844,188.6820068359375,243.7781982421875,135.34632873535156,76.4393310546875,181.32000732421875,156.48468017578125,159.71632385253906,626.2449340820312,107.68706512451172,159.78436279296875,837.9391479492188,115.57510375976562,69.607177734375,38.072540283203125,518.4000244140625,84.30928039550781,477.81317138671875,560.9867553710938,361.9626770019531,141.98529052734375,554.9923706054688,248.97999572753906,197.18899536132812,547.5455932617188,287.54876708984375,471.1199951171875,209.313720703125,81.06439208984375,109.24864959716797,178.80029296875
2024-11-04,220.56112670898438,192.1512451171875,114.8802490234375,339.0592041015625,481.3500061035156,218.93734741210938,73.88512420654297,140.7100067138672,302.3894348144531,195.77999877929688,98.72000122070312,363.4452819824219,294.475341796875,166.24546813964844,265.87738037109375,39.94515609741211,178.32933044433594,188.9044952392578,961.4437255859375,442.2900085449219,84.72000122070312,370.05291748046875,272.57550048828125,289.3399963378906,303.08087158203125,207.6124267578125,880.267822265625,295.73968505859375,53.84499740600586,205.0337371826172,144.25164794921875,393.59600830078125,106.65870666503906,240.73211669921875,107.11730194091797,117.69892883300781,326.80303955078125,45.461830139160156,262.54498291015625,170.26097106933594,86.17880249023438,169.7058868408203,168.2683563232422,496.15850830078125,359.1596984863281,381.3763122558594,198.4195098876953,151.82740783691406,613.816162109375,507.4200134277344,254.29586791992188,151.51239013671875,214.25747680664062,655.0769653320312,62.33938217163086,449.3539123535156,797.5175170898438,73.18423461914062,501.9378356933594,282.88360595703125,71.27796173095703,453.15228271484375,65.17931365966797,557.9894409179688,,48.5047492980957,96.68326568603516,403.7374267578125,450.9853210449219,75.5510025024414,495.0948791503906,190.91799926757812,241.34130859375,135.99607849121094,77.17066955566406,180.55999755859375,157.19342041015625,159.6969757080078,629.1737670898438,108.12389373779297,159.69732666015625,823.2781982421875,114.84515380859375,69.62680053710938,38.60877990722656,524.52001953125,83.90935516357422,480.24517822265625,559.7783813476562,361.71624755859375,141.18519592285156,552.5551147460938,242.83999633789062,195.9765167236328,538.100830078125,288.6466369628906,472.79998779296875,209.55824279785156,81.3208236694336,112.72712707519531,172.14749145507812
2024-11-05,221.99176025390625,193.31101989746094,114.9583740234375,340.6268310546875,486.4200134277344,212.50173950195312,72.97523498535156,141.66000366210938,304.660400390625,199.5,101.27999877929688,366.4869079589844,294.7447509765625,171.52230834960938,271.5356140136719,40.47673034667969,180.58956909179688,194.38282775878906,983.6009521484375,445.05999755859375,85.54000091552734,376.7852478027344,273.7701416015625,291.2099914550781,308.9713134765625,209.57611083984375,884.3409423828125,295.2236022949219,54.16326141357422,206.44635009765625,143.72698974609375,392.3123474121094,108.13744354248047,243.04591369628906,114.78456115722656,116.91382598876953,333.070068359375,46.16925811767578,266.6500244140625,173.73043823242188,86.5433349609375,170.43173217773438,168.7654571533203,511.184814453125,362.6212158203125,385.7341613769531,199.62164306640625,155.1295166015625,613.6376953125,515.1699829101562,256.75323486328125,151.6177215576172,215.9244842529297,661.9500122070312,62.58831024169922,445.99102783203125,797.4383544921875,75.38459014892578,501.9179992675781,287.20147705078125,71.87137603759766,456.89886474609375,65.83719635009766,569.682861328125,,48.783817291259766,96.47447967529297,406.7027282714844,454.8338928222656,76.39099884033203,500.4220886230469,194.20799255371094,245.74720764160156,139.85455322265625,77.4886703491211,183.14500427246094,158.62042236328125,160.35479736328125,644.4100341796875,108.66516876220703,160.4031219482422,823.8642578125,115.79896545410156,69.97021484375,38.829017639160156,521.97998046875,84.46163177490234,484.1403503417969,566.5470581054688,364.6343994140625,142.12649536132812,557.84716796875,251.44000244140625,194.82179260253906,547.0343627929688,290.0708312988281,499.8800048828125,211.1623992919922,82.53398895263672,113.05976867675781,172.2359161376953
2024-11-06,221.2665252685547,192.85096740722656,114.0502700805664,351.1170654296875,504.8299865722656,220.94908142089844,74.55302429199219,145.10000610351562,307.0458679199219,207.08999633789062,105.77999877929688,378.99139404296875,295.09112548828125,177.0950469970703,290.4488220214844,43.88845443725586,182.68997192382812,197.79237365722656,998.6019897460938,468.8999938964844,86.44000244140625,409.71966552734375,276.45562744140625,296.75,305.89508056640625,205.83485412597656,893.3615112304688,304.5619201660156,55.81246566772461,214.37860107421875,147.76495361328125,397.54486083984375,107.71089172363281,240.93890380859375,123.74920654296875,121.78722381591797,354.48651123046875,46.05134963989258,271.14227294921875,179.1824188232422,87.95342254638672,177.3122100830078,175.49658203125,578.1385498046875,344.9084777832031,374.4346923828125,205.42074584960938,153.10498046875,642.9496459960938,515.5499877929688,265.4649353027344,151.16770935058594,240.85198974609375,661.288330078125,60.989376068115234,453.5796203613281,768.0758666992188,75.7595443725586,517.3757934570312,283.9945068359375,70.58882141113281,455.85101318359375,63.281898498535156,569.3046875,,48.873844146728516,95.601318359375,415.32196044921875,461.7633361816406,78.02100372314453,510.4128723144531,198.89599609375,270.009033203125,145.5522918701172,82.27666473388672,192.58999633789062,155.65306091308594,155.79840087890625,699.6452026367188,108.00993347167969,167.24813842773438,811.1700439453125,118.33916473388672,74.3268051147461,41.91236114501953,553.1500244140625,83.24279022216797,484.41717529296875,580.6346435546875,363.8062744140625,138.64369201660156,556.7430419921875,288.5299987792969,206.85983276367188,575.6483764648438,304.0259094238281,493.6400146484375,213.70558166503906,82.29727172851562,114.99858093261719,167.4207305908203
2024-11-07,225.99545288085938,192.1895751953125,112.58558654785156,355.6325988769531,500.9200134277344,222.4334716796875,74.13679504394531,149.82000732421875,307.16033935546875,210.0500030517578,107.75499725341797,377.58984375,300.9499816894531,181.29681396484375,282.2419128417969,43.269893646240234,172.83480834960938,194.61578369140625,1004.6530151367188,460.1300048828125,86.87999725341797,401.1986083984375,274.46124267578125,301.7200012207031,310.0387268066406,206.64453125,907.9453735351562,308.4123840332031,56.014991760253906,216.84815979003906,146.87490844726562,402.8852233886719,105.29373931884766,242.49456787109375,124.07112121582031,121.07872772216797,355.8484191894531,47.73148727416992,274.19195556640625,177.28912353515625,93.91035461425781,181.2396697998047,179.71226501464844,564.7420043945312,352.1082458496094,385.1074523925781,205.50726318359375,153.41949462890625,668.4935913085938,524.280029296875,262.9978942871094,150.06658935546875,230.4403533935547,677.5722045898438,60.95107650756836,456.3640441894531,788.9205322265625,78.1572494506836,514.1492309570312,284.63201904296875,71.15351867675781,460.2301940917969,62.66214370727539,588.8605346679688,,48.19866943359375,96.01890563964844,420.51123046875,462.57049560546875,79.65399932861328,507.91522216796875,203.05599975585938,263.8778076171875,148.8209991455078,80.96733093261719,193.5,154.9821014404297,158.08145141601562,680.2274780273438,108.45625305175781,167.1707763671875,818.9474487304688,116.86954498291016,71.7952880859375,41.40485382080078,573.5900268554688,82.77621459960938,491.44635009765625,585.1240844726562,364.60479736328125,142.0511932373047,552.972900390625,296.9100036621094,209.33285522460938,584.0994873046875,302.4435119628906,502.45001220703125,215.62274169921875,82.70166015625,115.14114379882812,171.23358154296875
2024-11-08,225.72691345214844,191.22149658203125,113.84520721435547,350.5255126953125,494.67999267578125,220.50961303710938,73.15914916992188,147.9499969482422,310.37591552734375,208.17999267578125,100.11250305175781,381.4764099121094,301.113525390625,181.12913513183594,283.009521484375,43.61783218383789,176.28221130371094,195.50169372558594,1007.7752075195312,463.4100036621094,88.25,386.6134948730469,277.7884521484375,301.25,310.3104553222656,210.01351928710938,937.6197509765625,319.497314453125,55.99570846557617,222.9727020263672,147.02479553222656,386.12933349609375,107.33172607421875,246.18675231933594,124.139404296875,128.41275024414062,361.8786315917969,45.550262451171875,277.1641845703125,183.19708251953125,92.63455963134766,178.83349609375,177.32603454589844,571.619873046875,350.25885009765625,391.335693359375,205.5361328125,153.72415161132812,678.47900390625,536.4500122070312,262.07281494140625,148.86016845703125,231.0252685546875,678.8164672851562,61.200016021728516,450.4912414550781,822.645751953125,77.16065979003906,520.9796752929688,288.7953186035156,69.74654388427734,471.70703125,63.11980438232422,586.5118408203125,,48.65778732299805,97.6798095703125,417.6546325683594,496.6763610839844,79.50399780273438,516.1205444335938,201.61599731445312,264.8135681152344,147.5714569091797,81.18000030517578,195.6999969482422,156.03106689453125,162.2412109375,687.58203125,109.99463653564453,165.23715209960938,822.861083984375,120.24677276611328,72.76016998291016,41.34739685058594,561.5499877929688,84.40451049804688,497.1012878417969,587.6587524414062,370.64825439453125,140.98751831054688,548.8446655273438,321.2200012207031,211.97911071777344,594.0941162109375,304.49078369140625,516.739990234375,219.22235107421875,83.6682357788086,115.10313415527344,173.7591094970703
2024-11-11,223.01173400878906,167.19178771972656,114.0502700805664,352.27056884765625,504.4800109863281,215.3045196533203,72.96554565429688,147.35000610351562,307.0649108886719,206.83999633789062,99.32749938964844,381.07879638671875,301.9986572265625,176.4638214111328,288.2937316894531,44.5360107421875,178.5424346923828,200.33181762695312,1021.8939819335938,467.3599853515625,88.4800033569336,389.7290344238281,277.1368408203125,300.8999938964844,332.9114685058594,210.26480102539062,926.771240234375,339.1265869140625,56.545440673828125,221.38230895996094,146.6219482421875,394.5464782714844,106.60183715820312,246.69874572753906,126.0318374633789,127.43617248535156,367.0896301269531,44.115760803222656,280.5624694824219,182.9492645263672,93.0758056640625,180.9314727783203,179.31455993652344,584.3081665039062,354.04669189453125,393.6399230957031,205.3918914794922,154.37277221679688,691.4989013671875,535.75,264.3085021972656,148.44842529296875,233.2772216796875,657.7037963867188,60.66384506225586,447.5107116699219,823.5362548828125,75.15764617919922,526.3009643554688,291.2681884765625,66.88468933105469,472.96246337890625,63.02445602416992,580.3713989257812,,48.54975509643555,95.601318359375,413.17706298828125,489.1563720703125,80.54399871826172,520.716064453125,207.20199584960938,264.2677001953125,145.20240783691406,81.90133666992188,199.0500030517578,155.22781372070312,160.61599731445312,700.0074462890625,108.35179901123047,162.70411682128906,820.1393432617188,121.22976684570312,76.64923858642578,42.41029357910156,556.260009765625,84.10932159423828,501.49078369140625,588.2186889648438,373.5072326660156,144.28204345703125,544.0499267578125,350.0,207.7258758544922,603.201171875,307.5072937011719,501.7200012207031,218.73326110839844,83.05673217773438,114.49486541748047,173.10067749023438
2024-11-12,223.01173400878906,163.9904022216797,113.69874572753906,355.53399658203125,526.4199829101562,214.4060516357422,72.46221160888672,143.6300048828125,285.14739990234375,208.91000366210938,98.88749694824219,381.35711669921875,299.3144836425781,173.81057739257812,283.9049987792969,44.32337188720703,176.00062561035156,198.65176391601562,1004.93408203125,466.2900085449219,88.72000122070312,386.25970458984375,279.2990417480469,297.7699890136719,329.8158264160156,210.61846923828125,926.2745971679688,338.5509948730469,56.62260055541992,221.99473571777344,145.48831176757812,385.8255920410156,106.05206298828125,244.48342895507812,125.2514419555664,127.46488189697266,364.1683044433594,42.83846664428711,278.1227111816406,181.04603576660156,90.50502014160156,182.2737579345703,180.57723999023438,574.85009765625,346.66888427734375,388.6168518066406,204.38381958007812,153.37033081054688,693.6010131835938,537.0700073242188,261.3500061035156,146.15049743652344,233.5404510498047,656.4694213867188,60.51064682006836,446.67730712890625,810.1014404296875,74.69389343261719,525.35791015625,288.4862365722656,64.415283203125,470.02655029296875,63.42491912841797,582.0134887695312,,49.00887680053711,93.56078338623047,418.13897705078125,489.6387023925781,81.94999694824219,518.462158203125,209.6580047607422,260.7001037597656,148.231201171875,82.4566650390625,199.00999450683594,155.30340576171875,160.43218994140625,691.2789916992188,107.0698013305664,157.98611450195312,815.4908447265625,120.07158660888672,76.98400115966797,42.44858932495117,553.469970703125,83.5189437866211,497.743896484375,586.3914184570312,381.6406555175781,146.512939453125,537.9124145507812,328.489990234375,204.75244140625,592.9942626953125,307.0316467285156,490.0,219.86788940429688,83.82604217529297,114.38082885742188,170.9486083984375
2024-11-13,223.89691162109375,163.2811279296875,113.01522064208984,365.00872802734375,532.5,207.853271484375,73.65280151367188,139.3000030517578,287.6282653808594,214.10000610351562,98.79000091552734,384.5975341796875,301.0173645019531,171.20668029785156,283.0488586425781,44.33303451538086,175.96258544921875,197.24856567382812,999.7269897460938,468.1000061035156,88.7699966430664,380.4217224121094,279.7828674316406,306.4700012207031,322.21746826171875,212.3215789794922,927.6156005859375,339.11663818359375,57.07588577270508,220.8982696533203,148.70184326171875,381.6121520996094,105.51174926757812,246.04893493652344,126.9682846069336,128.6329803466797,364.82958984375,42.36684799194336,282.5955810546875,181.95799255371094,88.85511016845703,179.45989990234375,177.85299682617188,576.4312744140625,345.47222900390625,395.4718017578125,204.44200134277344,153.15414428710938,700.32421875,536.6900024414062,263.04608154296875,146.72499084472656,235.1002655029297,636.4922485351562,60.319156646728516,447.31463623046875,803.1268920898438,72.86847686767578,518.1204223632812,287.2304992675781,63.73571014404297,473.9213562011719,62.929107666015625,577.2166137695312,,49.738067626953125,93.48486328125,420.2839050292969,488.9004821777344,83.0469970703125,507.7590637207031,209.11000061035156,262.4644470214844,146.21200561523438,82.58533477783203,201.17999267578125,155.68141174316406,161.1480712890625,698.3368530273438,110.6973648071289,155.0953369140625,798.9326171875,120.4414291381836,77.04307556152344,41.73999786376953,557.9600219726562,83.33802032470703,504.486328125,586.67626953125,382.85333251953125,145.89166259765625,539.0563354492188,330.239990234375,197.95880126953125,584.5046997070312,306.66497802734375,494.6099853515625,220.7482147216797,84.32907104492188,115.44528198242188,173.9752960205078
2024-11-14,226.98008728027344,162.59100341796875,112.32193756103516,356.97344970703125,529.8699951171875,207.26731872558594,73.3237075805664,138.83999633789062,282.3706970214844,211.47999572753906,96.48750305175781,374.0710754394531,303.8938903808594,168.05044555664062,283.69830322265625,44.36203384399414,172.88046264648438,196.59759521484375,1015.3388671875,467.70001220703125,87.58999633789062,380.70672607421875,283.2877502441406,303.0400085449219,314.2989196777344,207.92884826660156,917.8401489257812,329.1233825683594,55.860687255859375,214.4082489013672,151.58743286132812,386.69769287109375,104.91456604003906,243.79421997070312,125.83672332763672,129.43722534179688,357.1314697265625,42.514225006103516,282.9828186035156,176.84303283691406,88.3563003540039,176.33782958984375,174.57192993164062,570.9891967773438,341.70416259765625,391.16217041015625,202.57125854492188,153.77328491210938,694.8802490234375,537.7999877929688,260.0683288574219,145.41319274902344,235.79238891601562,636.9365844726562,59.8883056640625,444.6183776855469,777.8204345703125,73.79598999023438,516.6510620117188,288.3993225097656,62.78815460205078,476.5606994628906,62.50958251953125,574.3901977539062,,49.86410140991211,93.35197448730469,421.9543762207031,485.9475402832031,83.72599792480469,488.1675720214844,207.9600067138672,258.07794189453125,146.7018280029297,81.62666320800781,197.19500732421875,156.06886291503906,161.63177490234375,689.6083984375,108.96904754638672,158.52752685546875,777.2590942382812,115.74056243896484,78.9531478881836,41.60593795776367,548.3099975585938,82.63337707519531,504.8323669433594,582.9039916992188,377.86480712890625,144.46090698242188,530.2230224609375,311.17999267578125,198.22824096679688,572.233154296875,305.44622802734375,483.9599914550781,216.87478637695312,83.31317138671875,115.52194213867188,171.6070098876953
2024-11-15,223.77757263183594,158.14352416992188,113.17145538330078,348.59307861328125,503.3699951171875,201.5153045654297,73.34306335449219,134.89999389648438,270.6152038574219,202.61000061035156,93.59750366210938,377.0133361816406,305.0675964355469,162.586181640625,282.2911376953125,45.183555603027344,171.34320068359375,196.76409912109375,1015.6201171875,470.2799987792969,86.98999786376953,377.4732360839844,284.34417724609375,289.7099914550781,312.0086364746094,209.65988159179688,901.1303100585938,322.7820739746094,55.41704177856445,212.9634246826172,151.2313995361328,390.92095947265625,107.34041595458984,241.46075439453125,124.17943572998047,128.83404541015625,354.2989807128906,41.95418930053711,285.083740234375,175.38583374023438,84.79749298095703,172.8975830078125,171.49969482421875,575.7716674804688,339.1822509765625,393.5338439941406,198.69412231445312,152.869140625,682.0983276367188,527.6099853515625,260.79107666015625,147.45265197753906,239.14596557617188,606.7784423828125,59.11277770996094,440.3143005371094,739.4412841796875,69.1189956665039,518.1302490234375,282.67108154296875,60.16559600830078,467.8814392089844,61.48936462402344,551.4210815429688,,50.3502311706543,91.40635681152344,410.2017822265625,481.3213806152344,82.39600372314453,481.9720458984375,202.2779998779297,254.66632080078125,141.9237060546875,80.8913345336914,193.5,149.89793395996094,164.01153564453125,690.8735961914062,107.7060546875,155.17266845703125,751.7315063476562,115.97538757324219,79.39620208740234,41.34739685058594,520.75,83.72843170166016,497.5659484863281,575.437744140625,384.5687255859375,143.19955444335938,510.3875732421875,320.7200012207031,193.5323486328125,571.3455810546875,306.8236083984375,465.70001220703125,213.1382293701172,83.09617614746094,114.32416534423828,172.10816955566406
2024-11-18,226.7811737060547,159.37998962402344,114.59707641601562,347.8240661621094,499.510009765625,204.7379913330078,73.86576843261719,138.92999267578125,268.114501953125,201.6999969482422,92.61750030517578,378.2260437011719,315.4482116699219,163.40484619140625,280.9823913574219,45.15456008911133,170.5441131591797,198.448486328125,1018.1411743164062,472.20001220703125,90.44999694824219,377.8565368652344,285.06494140625,294.3299865722656,312.9111633300781,211.78179931640625,913.4888305664062,319.7949523925781,55.272377014160156,213.95303344726562,152.14944458007812,396.3886413574219,108.65143585205078,242.1794891357422,126.51062774658203,130.7297821044922,353.15411376953125,42.789337158203125,285.8098449707031,175.97071838378906,84.85505676269531,175.7909698486328,174.29354858398438,570.3878784179688,332.15057373046875,395.7127685546875,201.6988983154297,154.9722442626953,673.1144409179688,531.6400146484375,260.2513732910156,148.18994140625,238.87298583984375,614.2052612304688,59.22767639160156,439.7946472167969,720.6134033203125,69.63206481933594,517.8722534179688,281.1932067871094,62.45315933227539,466.5271301269531,60.86961364746094,551.739501953125,,50.71932601928711,91.64363098144531,410.95306396484375,482.6501770019531,84.70500183105469,476.7912902832031,201.0679931640625,255.60206604003906,140.09442138671875,81.11133575439453,193.4149932861328,149.62387084960938,165.1820831298828,683.726806640625,108.87409973144531,159.0399169921875,756.88671875,116.81684875488281,80.13463592529297,41.64424133300781,523.97998046875,84.5252914428711,497.2792663574219,577.7955322265625,383.8983154296875,147.36949157714844,498.65948486328125,338.739990234375,199.36370849609375,568.8565673828125,309.3206481933594,467.010009765625,213.53929138183594,82.92851257324219,115.28237915039062,173.3660125732422
2024-11-19,227.0397491455078,159.657958984375,114.37250518798828,348.9677734375,499.6099853515625,205.49972534179688,72.88812255859375,139.38999938964844,269.259033203125,204.61000061035156,94.42500305175781,376.8741760253906,315.5539855957031,163.08920288085938,280.9922180175781,44.854942321777344,169.43304443359375,196.8352813720703,996.94384765625,468.8599853515625,90.33000183105469,375.7630920410156,280.2666015625,299.6300048828125,312.95965576171875,213.73619079589844,924.0591430664062,320.96600341796875,54.98303985595703,215.7046356201172,151.0515899658203,392.0379943847656,108.68971252441406,240.5352325439453,126.90241241455078,129.42764282226562,358.9375915527344,43.34938049316406,283.7283020019531,176.01034545898438,84.17398834228516,178.55506896972656,177.0973358154297,563.9757080078125,331.4187316894531,392.2033996582031,203.7925567626953,155.20809936523438,638.7650756835938,538.8200073242188,256.7821350097656,146.4951934814453,236.9817352294922,609.6500854492188,59.92660903930664,435.3729248046875,723.1204223632812,69.23738861083984,515.7178955078125,280.8357849121094,62.0990104675293,463.4033508300781,60.89822006225586,558.3973388671875,,50.28721618652344,91.62464904785156,412.9595947265625,479.8055114746094,87.13200378417969,479.07427978515625,204.4199981689453,253.15538024902344,146.95172119140625,80.0393295288086,194.02999877929688,148.10240173339844,165.19175720214844,681.8289184570312,109.32991027832031,159.24295043945312,739.6034545898438,116.39612579345703,78.9531478881836,41.270790100097656,534.02001953125,84.76531982421875,496.5970458984375,579.90771484375,383.1885070800781,146.84237670898438,506.4483337402344,346.0,193.4842529296875,556.6527099609375,309.01348876953125,448.010009765625,214.2631072998047,85.41400146484375,113.67257690429688,172.52088928222656
2024-11-20,227.75582885742188,160.798583984375,113.20075225830078,352.0438232421875,499.5,206.06613159179688,72.26862335205078,137.60000610351562,276.8766174316406,202.8800048828125,95.42749786376953,377.798583984375,315.40966796875,161.01792907714844,283.1177062988281,44.51667404174805,169.24276733398438,198.39508056640625,993.608154296875,468.8299865722656,90.16999816894531,374.9473571777344,279.24969482421875,304.010009765625,313.8233337402344,212.1912841796875,922.002685546875,323.2187194824219,55.45561981201172,216.47653198242188,152.6889190673828,396.8099670410156,108.84281921386719,238.04420471191406,126.45185089111328,130.4329833984375,355.7497863769531,42.93671798706055,278.8584899902344,176.4266815185547,85.01811981201172,176.31793212890625,174.96961975097656,564.50927734375,329.3319396972656,385.64739990234375,208.0089569091797,153.0853271484375,645.14111328125,541.8200073242188,256.705078125,146.60049438476562,234.72979736328125,610.8087768554688,60.309593200683594,441.3339538574219,746.5858764648438,69.1189956665039,508.84765625,281.0096740722656,62.32872772216797,469.1466979980469,61.42262268066406,562.8060913085938,,50.39523696899414,92.47882080078125,410.6861572265625,484.86480712890625,88.38500213623047,480.010986328125,204.5959930419922,252.39511108398438,145.83216857910156,79.25800323486328,196.44500732421875,150.01133728027344,165.31753540039062,682.4912109375,108.7696304321289,149.1494903564453,738.3617553710938,116.58202362060547,79.21897888183594,41.68254089355469,541.5599975585938,84.45809173583984,497.4077453613281,580.1041259765625,380.23089599609375,115.40325164794922,510.14886474609375,342.0299987792969,190.71290588378906,579.323974609375,304.59405517578125,451.2300109863281,213.99903869628906,85.98605346679688,115.2919692993164,172.62899780273438
2024-11-21,227.27845764160156,164.6038360595703,114.49944305419922,355.9678039550781,504.44000244140625,208.94703674316406,73.54634094238281,137.49000549316406,278.8291015625,198.3800048828125,101.24250030517578,380.3233337402344,316.400634765625,161.69850158691406,288.3232727050781,44.90327072143555,171.57150268554688,206.0869903564453,996.8372192382812,472.05999755859375,91.5,382.8984069824219,281.4908447265625,306.510009765625,320.3057861328125,210.8511199951172,949.3921508789062,333.2218933105469,55.513484954833984,219.18804931640625,152.9728546142578,428.7343444824219,109.91458892822266,239.66879272460938,125.63888549804688,129.7340545654297,366.10272216796875,42.995670318603516,285.7614440917969,177.1404266357422,86.1020736694336,168.27410888671875,166.66758728027344,578.2647094726562,328.5802917480469,395.7224426269531,215.5693817138672,155.62088012695312,673.00537109375,550.6199951171875,260.049072265625,148.88888549804688,238.6097869873047,626.979248046875,61.04682159423828,446.1675109863281,743.1275634765625,72.15805053710938,511.38916015625,278.6527099609375,63.65915298461914,472.43853759765625,61.77540969848633,560.3877563476562,,50.44025421142578,94.7756118774414,408.913330078125,487.06964111328125,89.74800109863281,484.33319091796875,209.41000366210938,257.5906066894531,146.6118621826172,80.31600189208984,198.85000610351562,151.52333068847656,167.11688232421875,694.6004028320312,108.22834777832031,150.2999725341797,739.504150390625,117.9322738647461,79.55374145507812,42.1900520324707,557.9400024414062,84.62129974365234,505.55401611328125,583.21826171875,384.62786865234375,115.27999877929688,513.3916625976562,339.6400146484375,190.72250366210938,576.420166015625,307.0811767578125,450.3699951171875,216.68893432617188,87.17948150634766,116.83468627929688,173.6510009765625
2024-11-22,228.62110900878906,169.6072235107422,114.98766326904297,353.6114501953125,512.1500244140625,209.56227111816406,73.62377166748047,138.35000610351562,283.2822570800781,197.1199951171875,101.62000274658203,383.89178466796875,319.2386474609375,161.98452758789062,296.4908142089844,45.42517852783203,170.46803283691406,204.75140380859375,1005.0408325195312,476.57000732421875,90.0,390.6627502441406,281.5895690917969,311.8699951171875,318.7336730957031,213.15916442871094,957.6973876953125,339.41436767578125,56.46828079223633,219.45523071289062,153.6637420654297,437.66094970703125,109.76148223876953,241.51980590820312,127.40194702148438,130.54788208007812,372.478271484375,42.95637512207031,290.4183044433594,179.5690155029297,86.5145492553711,165.61935424804688,163.8140411376953,584.735107421875,321.3507995605469,404.92974853515625,216.12188720703125,156.544677734375,634.7490844726562,547.8699951171875,264.0001525878906,148.5729217529297,242.30455017089844,633.306884765625,61.200016021728516,445.8831481933594,741.23486328125,71.674560546875,517.1077270507812,280.40106201171875,64.27111053466797,475.99371337890625,61.403560638427734,556.4567260742188,,51.07041549682617,94.13023376464844,413.0037536621094,493.0344543457031,89.77899932861328,484.781982421875,212.1199951171875,262.1622314453125,141.8937225341797,81.82466888427734,191.67999267578125,153.09207153320312,170.53176879882812,698.7421875,109.9661636352539,151.58580017089844,733.0477294921875,118.16709899902344,80.00663757324219,42.35283660888672,565.0700073242188,84.10285949707031,508.6089172363281,585.0259399414062,379.4126281738281,118.52251434326172,510.5666198730469,352.55999755859375,190.53005981445312,570.0336303710938,307.1010437011719,450.9700012207031,219.50601196289062,89.20140838623047,116.70053100585938,173.89666748046875
2024-11-25,231.6048126220703,169.71266174316406,115.34895324707031,356.2044372558594,518.72998046875,218.3416290283203,73.51729583740234,141.1300048828125,282.7724914550781,201.4499969482422,99.93000030517578,387.3807678222656,321.2974853515625,162.5664520263672,300.33837890625,45.908424377441406,171.59434509277344,202.04940795898438,1000.221435546875,477.42999267578125,89.25,398.6825866699219,282.7842712402344,312.3900146484375,323.1588134765625,213.46627807617188,954.597900390625,336.5265197753906,56.65153884887695,221.57298278808594,151.7708740234375,453.3781433105469,110.04856872558594,243.11483764648438,130.02696228027344,126.36383819580078,371.7578125,43.60484313964844,295.433349609375,178.63723754882812,86.80233001708984,168.4630126953125,166.6874542236328,584.9776000976562,322.03326416015625,413.28863525390625,219.18482971191406,156.87881469726562,629.2952270507812,536.5499877929688,266.33221435546875,149.156982421875,244.00083923339844,638.376953125,61.64043426513672,446.7754211425781,748.1615600585938,72.73033905029297,522.8063354492188,286.1099548339844,67.31649780273438,489.23388671875,61.918434143066406,562.3980712890625,,51.08842086791992,96.0094223022461,414.7765808105469,480.7012634277344,86.55899810791016,473.4642028808594,210.54200744628906,268.966064453125,135.96607971191406,82.58399963378906,193.19000244140625,154.0843505859375,171.6055450439453,696.3203735351562,112.12179565429688,153.5484619140625,744.4805297851562,116.09280395507812,80.50877380371094,41.8931999206543,561.8699951171875,84.89012145996094,514.590087890625,587.0103759765625,379.4718017578125,123.75605773925781,511.50177001953125,338.5899963378906,195.27406311035156,584.466064453125,310.3412780761719,461.7099914550781,220.71888732910156,88.27427673339844,114.95658874511719,175.6163787841797
2024-11-26,233.7829132080078,173.6233673095703,115.1829605102539,358.0677795410156,525.2999877929688,213.91778564453125,73.85608673095703,137.72000122070312,269.3167724609375,207.86000061035156,102.0824966430664,387.90753173828125,322.07672119140625,162.48756408691406,300.692626953125,46.15004348754883,170.6582794189453,206.2373046875,995.36328125,478.55999755859375,90.20999908447266,400.82513427734375,284.818115234375,310.1000061035156,325.08990478515625,218.13821411132812,965.1383056640625,340.5655517578125,57.4713134765625,224.11630249023438,153.82464599609375,451.7613525390625,112.00074005126953,243.56776428222656,130.27186584472656,126.89999389648438,372.3598327636719,42.720558166503906,293.33245849609375,182.9889373779297,87.62728118896484,169.64620971679688,168.14901733398438,587.3735961914062,325.3265686035156,414.1081848144531,221.80191040039062,157.72401428222656,633.4699096679688,542.0999755859375,266.4671325683594,149.13768005371094,243.68887329101562,625.3057250976562,61.80320739746094,447.6675720214844,782.1707153320312,71.7238998413086,524.6728515625,286.24517822265625,65.9287338256836,494.8092346191406,61.86122131347656,570.7876586914062,,51.844627380371094,96.44600677490234,423.8883972167969,488.78228759765625,87.26000213623047,476.5473327636719,214.01400756835938,269.1220397949219,136.86570739746094,82.947998046875,198.1999969482422,153.2432861328125,173.46295166015625,698.722412109375,110.3175048828125,151.72117614746094,747.9769287109375,118.01055145263672,80.98137664794922,41.634666442871094,553.9500122070312,85.76380157470703,516.9273681640625,590.075439453125,384.2039794921875,119.98259735107422,510.2880859375,338.2300109863281,193.36875915527344,585.39208984375,308.9837646484375,467.07000732421875,222.47955322265625,90.05949401855469,113.0401840209961,172.65847778320312
2024-11-27,233.65362548828125,175.48287963867188,116.14965057373047,357.0621643066406,513.6799926757812,212.08181762695312,74.66918182373047,136.24000549316406,269.3744812011719,205.74000549316406,100.57250213623047,390.94915771484375,320.575927734375,157.4868621826172,299.3937072753906,46.16937255859375,168.93075561523438,206.5706787109375,988.5464477539062,483.0799865722656,90.75,396.7660827636719,286.65447998046875,304.67999267578125,326.5455627441406,220.87437438964844,955.2534790039062,327.49591064453125,57.18198013305664,221.72145080566406,153.42713928222656,456.62152099609375,112.36436462402344,243.88282775878906,129.87025451660156,127.42658233642578,367.1192321777344,42.995670318603516,293.7293701171875,179.02381896972656,88.64408874511719,169.84510803222656,168.25836181640625,587.3057861328125,321.8849182128906,414.0306091308594,219.95057678222656,158.4119415283203,630.8321533203125,538.5499877929688,266.01422119140625,149.98703002929688,243.5133819580078,625.9692993164062,61.68830871582031,448.1773986816406,781.0509033203125,70.61878204345703,528.5447998046875,285.0376892089844,65.40831756591797,496.01739501953125,62.0328483581543,566.4684448242188,,51.89863967895508,97.86963653564453,418.93634033203125,492.7982482910156,87.73400115966797,477.1815185546875,208.27999877929688,268.4299621582031,135.2863311767578,82.93399810791016,192.18499755859375,153.77247619628906,173.5113067626953,691.83251953125,111.86540222167969,151.20877075195312,749.804443359375,117.74637603759766,81.32597351074219,41.807029724121094,547.739990234375,86.15742492675781,517.8185424804688,588.2874755859375,382.6561584472656,123.3388671875,518.9225463867188,332.8900146484375,191.6751708984375,586.926025390625,311.8375549316406,464.55999755859375,223.46751403808594,90.62168884277344,112.74312591552734,173.6804962158203
2024-11-29,236.04058837890625,175.33909606933594,115.973876953125,357.2691955566406,515.9299926757812,212.94119262695312,74.41751098632812,137.17999267578125,272.06756591796875,207.88999938964844,101.45500183105469,389.1898193359375,321.6438293457031,159.8639373779297,299.8168640136719,45.91808319091797,168.86990356445312,205.73341369628906,991.7948608398438,483.0199890136719,90.66000366210938,399.1346130371094,285.06494140625,306.80999755859375,327.8070373535156,221.4979248046875,965.515869140625,327.47601318359375,57.104820251464844,223.443359375,153.2567901611328,456.5235290527344,112.01031494140625,244.93634033203125,129.88006591796875,127.58935546875,370.5143127441406,43.427982330322266,293.0323181152344,180.57020568847656,88.80716705322266,169.5169677734375,167.97998046875,590.351806640625,323.6156311035156,415.910888671875,220.42552185058594,158.1859130859375,636.3455200195312,542.0,267.4404296875,149.61062622070312,243.4451446533203,640.7139282226562,61.818546295166016,451.9716796875,788.1460571289062,72.89807891845703,529.1007080078125,285.93609619140625,65.69744110107422,495.12615966796875,61.9279670715332,571.5639038085938,,51.97966003417969,96.46497344970703,419.4018249511719,491.8533630371094,88.68099975585938,477.7376403808594,209.88800048828125,268.8880615234375,138.19520568847656,82.88133239746094,193.91000366210938,154.4623565673828,173.4145965576172,694.8177490234375,110.89678192138672,153.26806640625,745.1857299804688,119.20426177978516,81.48350524902344,42.075138092041016,558.489990234375,85.57177734375,517.4721069335938,591.9419555664062,386.6094970703125,125.44366455078125,526.8507080078125,345.1600036621094,193.4457550048828,588.6819458007812,312.2140808105469,468.1300048828125,223.23272705078125,91.23320770263672,113.03058624267578,172.2162628173828
2024-12-02,238.2882843017578,174.2272186279297,114.06002807617188,356.2931213378906,516.2000122070312,217.8924102783203,73.57537841796875,142.05999755859375,267.479736328125,210.7100067138672,102.5250015258789,385.38275146484375,322.8848571777344,164.2333526611328,297.43548583984375,45.463836669921875,169.5700225830078,206.61537170410156,989.1864013671875,477.3299865722656,90.43000030517578,395.5965270996094,286.22991943359375,310.2699890136719,327.0889892578125,219.27362060546875,968.6154174804688,328.4882507324219,57.31699752807617,220.3260955810547,153.52178955078125,453.6329040527344,110.2208251953125,244.62123107910156,131.02606201171875,125.65533447265625,367.35614013671875,42.87776565551758,287.24273681640625,178.865234375,90.1884765625,171.99273681640625,170.5054168701172,586.5887451171875,324.0211181640625,413.8077087402344,220.4061279296875,155.56190490722656,628.7498168945312,542.8499755859375,268.3848571777344,149.40792846679688,240.06234741210938,659.5284423828125,61.403717041015625,450.69708251953125,792.5557861328125,77.466552734375,527.5321044921875,284.1869201660156,67.75980377197266,492.5810852050781,62.1949348449707,589.985107421875,,51.47552490234375,95.4874267578125,426.8497619628906,488.9004821777344,89.77400207519531,474.95501708984375,209.68600463867188,265.8663024902344,138.57504272460938,83.12133026123047,195.0850067138672,154.0843505859375,173.84022521972656,692.6331787109375,110.00413513183594,157.6187286376953,757.2244873046875,116.12214660644531,80.13463592529297,41.778297424316406,565.9299926757812,84.26606750488281,517.8285522460938,593.0028686523438,384.1250915527344,123.93619537353516,527.1690673828125,357.0899963378906,194.16744995117188,587.0612182617188,313.7698059082031,465.7300109863281,220.20046997070312,91.37128448486328,112.92517852783203,173.74925231933594
2024-12-03,241.3316650390625,173.96844482421875,113.55227661132812,347.5776062011719,516.260009765625,216.3494110107422,72.69452667236328,141.97999572753906,267.6913146972656,213.44000244140625,103.61499786376953,383.2457275390625,318.0938720703125,165.85093688964844,297.2878723144531,45.25120544433594,168.38284301757812,206.2238311767578,1007.5037231445312,470.19000244140625,90.47000122070312,392.4023132324219,282.61639404296875,313.25,324.99285888671875,224.0386199951172,975.7186889648438,328.9050598144531,57.36521530151367,220.33599853515625,153.24732971191406,450.00738525390625,108.74713134765625,244.34559631347656,130.6636505126953,126.19149017333984,368.8660888671875,43.064449310302734,273.8434143066406,179.1427764892578,88.72080993652344,172.03253173828125,170.3562774658203,586.9494018554688,323.46728515625,416.12408447265625,221.9666748046875,153.56689453125,630.6834716796875,541.7100219726562,265.96600341796875,147.0529327392578,238.66827392578125,659.2213745117188,61.27830505371094,450.5201416015625,805.9633178710938,77.2988052368164,522.389404296875,286.18878173828125,63.01826477050781,488.8971862792969,61.79448318481445,610.7052001953125,,51.22346496582031,96.6642837524414,427.0676574707031,489.9438171386719,90.21700286865234,475.4057312011719,211.46400451660156,263.30267333984375,140.20440673828125,83.19933319091797,196.2949981689453,152.8085479736328,169.6997833251953,692.8408813476562,110.53593444824219,157.18365478515625,744.5401000976562,115.55464935302734,79.86880493164062,41.797454833984375,570.1900024414062,82.81636047363281,513.1936645507812,593.2780151367188,385.4461669921875,124.62828826904297,531.6156005859375,351.4200134277344,189.7891082763672,583.88720703125,310.16290283203125,456.9700012207031,220.09286499023438,92.22936248779297,112.75270080566406,173.8770294189453
2024-12-04,241.68971252441406,169.13758850097656,113.23979949951172,354.962158203125,536.489990234375,213.18531799316406,73.5269775390625,143.99000549316406,267.6336364746094,218.16000366210938,105.43000030517578,379.7070617675781,315.0537414550781,168.2279815673828,297.77008056640625,44.8162841796875,168.51222229003906,207.362060546875,1003.6250610351562,468.32000732421875,90.83999633789062,392.64801025390625,280.9873352050781,324.5400085449219,321.6991271972656,226.1512451171875,984.4312133789062,365.0674743652344,57.500240325927734,221.27610778808594,149.84014892578125,447.0775451660156,108.40261840820312,245.02493286132812,131.57456970214844,124.01807403564453,372.5868225097656,42.28824996948242,274.4049377441406,181.05593872070312,87.85749816894531,175.0850067138672,173.36888122558594,583.6641235351562,320.5201110839844,414.7381286621094,226.31878662109375,153.40966796875,649.1472778320312,549.9500122070312,265.8793029785156,145.228759765625,237.28396606445312,659.716552734375,60.0145378112793,451.82806396484375,822.32373046875,77.21986389160156,517.3856811523438,286.7620849609375,59.40428161621094,493.3634338378906,60.326133728027344,610.8345336914062,,50.818355560302734,96.2087173461914,433.2280578613281,490.05206298828125,91.10600280761719,476.7872314453125,224.62600708007812,260.8755187988281,145.08245849609375,82.86133575439453,202.2899932861328,151.3721466064453,169.39990234375,688.4815063476562,109.25394439697266,157.9184112548828,749.1986694335938,116.66029357910156,80.2527847290039,41.185546875,588.0,82.42271423339844,515.2437744140625,596.9619750976562,384.2532653808594,123.31993865966797,526.0947875976562,357.92999267578125,189.23098754882812,589.2510375976562,307.0811767578125,463.9800109863281,220.3667755126953,93.156494140625,109.5043716430664,172.28506469726562
2024-12-05,241.7195587158203,168.85960388183594,112.8687515258789,353.0888977050781,538.219970703125,209.523193359375,73.70121765136719,141.36000061035156,263.8536682128906,220.5500030517578,106.83000183105469,377.45068359375,309.75274658203125,168.1392059326172,295.7331237792969,45.42517852783203,169.1286163330078,209.133056640625,1018.1253662109375,470.57000732421875,90.52999877929688,388.1958312988281,282.981689453125,303.7900085449219,314.3806457519531,228.96185302734375,975.827880859375,358.6269226074219,57.886024475097656,220.9000701904297,150.79605102539062,439.1014099121094,109.1011962890625,244.15850830078125,130.4187774658203,124.48723602294922,366.2013854980469,42.04261779785156,270.5226135253906,171.4009552001953,89.58414459228516,173.31515502929688,171.6488037109375,581.8020629882812,316.5245666503906,413.4006652832031,227.5400848388672,153.6750030517578,643.2571411132812,547.6500244140625,265.27215576171875,144.31185913085938,239.3116912841797,636.3370361328125,60.69948196411133,441.13836669921875,818.1419067382812,74.21040344238281,520.9895629882812,291.0184631347656,56.137237548828125,486.3917541503906,60.29753112792969,606.0078125,,51.23246383666992,98.27772521972656,438.378173828125,487.1976013183594,91.78700256347656,469.87969970703125,224.74400329589844,257.337158203125,145.0124969482422,82.32066345214844,201.51499938964844,151.6651153564453,170.28990173339844,686.7219848632812,108.05741882324219,155.87750244140625,762.7471313476562,115.96559143066406,80.54814910888672,40.49173355102539,515.2899780273438,82.7491455078125,508.9351501464844,595.9795532226562,377.0465393066406,122.46662139892578,518.1267700195312,369.489990234375,185.70909118652344,558.55322265625,306.26861572265625,459.9200134277344,219.1538848876953,93.99485778808594,109.98346710205078,171.7445831298828
2024-12-06,241.52064514160156,168.8787841796875,112.8785171508789,357.5945739746094,552.9600219726562,213.08767700195312,73.13978576660156,138.58999633789062,262.17047119140625,227.02999877929688,108.25,375.7310791015625,307.9633483886719,177.07534790039062,299.1378479003906,45.434898376464844,167.4391632080078,209.97088623046875,1016.2640380859375,470.5,90.06999969482422,388.2449645996094,279.7236022949219,307.510009765625,309.703125,222.7822265625,986.110107421875,359.23223876953125,57.760643005371094,221.38497924804688,146.92510986328125,435.0643005371094,107.2734375,246.4821319580078,128.29327392578125,122.37126922607422,366.3691711425781,41.3351936340332,271.7425231933594,174.0476531982422,88.37548828125,175.48272705078125,173.70692443847656,584.6097412109375,316.2279052734375,418.08184814453125,230.72901916503906,153.24258422851562,641.0457763671875,550.4099731445312,263.5953369140625,144.10916137695312,241.14447021484375,642.0111694335938,60.32324981689453,441.984130859375,819.2220458984375,75.57205963134766,524.76220703125,290.5423278808594,57.139522552490234,489.95684814453125,59.935211181640625,620.776611328125,,51.6015625,97.84114837646484,439.319091796875,482.26629638671875,93.4739990234375,464.079345703125,224.8679962158203,254.1984100341797,142.3933563232422,83.85199737548828,202.9499969482422,150.3832244873047,168.15199279785156,688.1553344726562,106.35758972167969,155.0222625732422,772.7793579101562,115.447021484375,80.2134017944336,39.470279693603516,517.280029296875,81.42424774169922,511.78741455078125,597.1094360351562,379.5802307128906,125.51953125,526.5821533203125,389.2200012207031,185.81492614746094,530.2381591796875,308.18109130859375,462.1000061035156,218.06446838378906,94.38937377929688,108.82405090332031,173.40533447265625
2024-12-09,245.40939331054688,169.24301147460938,112.19499969482422,354.4396057128906,547.9299926757812,214.813720703125,71.70719146728516,130.8699951171875,267.0276794433594,226.08999633789062,105.91999816894531,365.6916809082031,304.60577392578125,176.493408203125,291.9839172363281,44.61852264404297,170.52064514160156,203.9993896484375,1019.6844482421875,463.8699951171875,88.72000122070312,392.4023132324219,273.7997741699219,309.75,311.0089111328125,221.37013244628906,981.3912353515625,348.8916015625,56.854068756103516,206.13511657714844,148.66656494140625,440.36541748046875,107.04376220703125,245.55661010742188,127.75457763671875,122.4095687866211,359.3027648925781,42.96619415283203,271.9662780761719,169.8248291015625,86.89824676513672,176.2890167236328,174.56295776367188,579.189453125,314.9916687011719,415.9593200683594,222.9359588623047,153.3801727294922,641.1548461914062,538.8599853515625,264.1157531738281,144.38905334472656,237.68365478515625,646.0017700195312,60.39077377319336,435.2378845214844,796.301513671875,76.4206314086914,519.0536499023438,292.8648376464844,59.62593460083008,485.75799560546875,58.58127975463867,610.6255493164062,,50.28721618652344,98.50550842285156,441.7456359863281,471.3898010253906,91.36900329589844,469.48779296875,224.0959930419922,250.3578643798828,138.7645263671875,83.66000366210938,194.47000122070312,151.98439025878906,165.22076416015625,678.1121215820312,109.60528564453125,156.2176513671875,782.7122192382812,114.0674057006836,80.2527847290039,39.67264175415039,508.489990234375,80.94419860839844,508.40032958984375,594.0344848632812,375.7254333496094,128.26902770996094,534.4108276367188,389.7900085449219,186.15171813964844,542.9248046875,305.4956970214844,473.9800109863281,213.43209838867188,92.54498291015625,108.18203735351562,175.0660858154297
2024-12-10,246.42385864257812,168.38035583496094,112.78086853027344,357.7917785644531,547.0499877929688,211.4499053955078,70.66178894042969,127.73999786376953,265.219482421875,225.0399932861328,104.77999877929688,359.1213684082031,303.2492980957031,169.4608917236328,297.2878723144531,44.46302032470703,169.32017517089844,205.41482543945312,1030.1016845703125,462.489990234375,90.19999694824219,381.71905517578125,271.11431884765625,302.8599853515625,303.4273986816406,223.6799774169922,986.89501953125,346.16259765625,56.63224411010742,207.9559783935547,148.59085083007812,435.02508544921875,106.32605743408203,243.24282836914062,126.50081634521484,121.22234344482422,353.8055114746094,41.924713134765625,271.7619934082031,169.77528381347656,88.5769271850586,185.67584228515625,184.31787109375,570.327880859375,313.300537109375,409.57232666015625,224.60313415527344,155.6798553466797,641.6407470703125,538.0900268554688,263.8074035644531,144.0319366455078,236.7575225830078,635.6043090820312,60.68983459472656,437.430908203125,792.3378295898438,74.1314697265625,525.1990966796875,292.2234802246094,59.67412567138672,486.6888122558594,58.876861572265625,616.3479614257812,,49.95412826538086,95.8575668334961,439.0813903808594,469.52947998046875,91.33499908447266,470.47735595703125,225.5679931640625,249.6170196533203,135.0257568359375,84.42333221435547,194.8800048828125,152.3370361328125,166.6621856689453,670.1348266601562,107.44966125488281,152.05807495117188,773.2759399414062,115.07521057128906,81.05028533935547,39.38355255126953,505.32000732421875,81.02100372314453,507.2119445800781,592.1875610351562,377.27325439453125,128.04148864746094,533.0381469726562,400.989990234375,183.0050811767578,547.3505249023438,309.53863525390625,469.2200012207031,212.0679168701172,93.25511932373047,107.9616470336914,173.6510009765625
2024-12-11,245.1508026123047,167.13429260253906,111.452880859375,358.7185363769531,549.9299926757812,212.93077087402344,71.28128814697266,130.14999389648438,262.9688415527344,230.25999450683594,107.2300033569336,360.45330810546875,300.5074157714844,180.6951446533203,297.5141906738281,44.783748626708984,169.01431274414062,209.6801300048828,1038.0828857421875,461.3900146484375,90.55999755859375,382.1907958984375,272.7137145996094,308.7799987792969,286.5296936035156,219.10708618164062,988.1764526367188,352.1466369628906,56.50686264038086,208.7773895263672,147.8431396484375,439.0132141113281,104.87149810791016,241.67733764648438,128.18553161621094,122.13190460205078,357.1808166503906,42.24894714355469,273.55218505859375,167.16819763183594,88.61530303955078,195.80921936035156,194.50079345703125,577.6687622070312,311.668701171875,408.3996276855469,223.0522918701172,155.45379638671875,664.9337158203125,543.5999755859375,263.04608154296875,141.5321502685547,237.4106903076172,642.5062866210938,60.42936706542969,433.221923828125,788.8200073242188,77.42730712890625,530.599853515625,287.74359130859375,59.28863525390625,492.6999206542969,60.18311309814453,629.6437377929688,,49.23394012451172,94.67120361328125,444.68719482421875,470.6023254394531,93.65599822998047,466.0094909667969,229.43600463867188,241.00987243652344,139.2643585205078,84.60066986083984,199.2100067138672,149.4111328125,165.0659942626953,678.4976806640625,106.3196029663086,155.33326721191406,767.8128662109375,114.41964721679688,81.13890838623047,40.0484619140625,512.0599975585938,79.926513671875,511.292236328125,596.7655639648438,370.8454284667969,128.92320251464844,531.555908203125,424.7699890136719,184.46774291992188,516.6898193359375,310.9358215332031,468.2900085449219,210.53689575195312,93.65951538085938,107.24298858642578,174.10302734375
2024-12-12,246.6128387451172,166.00326538085938,111.17947387695312,355.1100158691406,474.6300048828125,213.51918029785156,70.13908386230469,130.60000610351562,263.593994140625,228.97000122070312,106.87999725341797,360.54278564453125,299.0932312011719,178.18988037109375,295.50677490234375,44.783748626708984,173.70152282714844,208.72659301757812,1031.8070068359375,458.6300048828125,90.41999816894531,374.23974609375,271.8843688964844,308.2200012207031,275.7420959472656,220.65008544921875,981.9177856445312,355.3023986816406,56.75762176513672,209.39093017578125,146.42349243164062,430.6352844238281,104.46002197265625,244.97569274902344,128.4696044921875,121.18403625488281,353.9535827636719,41.34501647949219,276.01373291015625,163.39146423339844,88.61530303955078,192.7433319091797,191.07662963867188,576.7425537109375,308.5533752441406,401.6540222167969,225.12655639648438,153.8518829345703,666.6094970703125,544.719970703125,263.20025634765625,141.14610290527344,235.46095275878906,640.2880859375,61.58701705932617,431.2256164550781,775.2637939453125,74.80449676513672,528.5745239257812,288.25860595703125,59.26935577392578,489.9369812011719,59.71591567993164,627.7628784179688,,49.50401306152344,96.09484100341797,445.2516784667969,462.5409851074219,92.55500030517578,471.78045654296875,229.6840057373047,242.0431365966797,137.2949981689453,84.64800262451172,200.10499572753906,151.44113159179688,165.27883911132812,674.7215576171875,106.02523040771484,153.78799438476562,735.9977416992188,113.54883575439453,81.57211303710938,39.605186462402344,511.7300109863281,80.04173278808594,507.9249572753906,593.6906127929688,369.76092529296875,128.26902770996094,522.2449951171875,418.1000061035156,184.47735595703125,499.4807434082031,311.3717956542969,464.1199951171875,210.46820068359375,92.8014144897461,107.14715576171875,175.74411010742188
2024-12-13,246.7819061279297,166.17578125,110.71077728271484,353.63116455078125,465.69000244140625,212.4306182861328,70.53594970703125,126.91000366210938,260.28533935546875,227.4600067138672,112.37000274658203,359.02197265625,300.44970703125,221.72637939453125,297.31744384765625,44.38527297973633,172.47044372558594,207.0897216796875,1029.5855712890625,457.8999938964844,90.11000061035156,373.974365234375,273.4891052246094,306.75,274.6701354980469,221.80967712402344,982.8714599609375,351.61077880859375,56.535797119140625,209.02479553222656,145.62847900390625,431.575927734375,104.13465118408203,246.3442840576172,127.529296875,121.37552642822266,351.35791015625,40.86357498168945,275.7510681152344,164.56114196777344,88.85712432861328,190.50363159179688,188.9464874267578,570.7665405273438,311.1301574707031,404.1351623535156,223.73080444335938,152.8986358642578,650.9420776367188,539.5800170898438,262.2269287109375,141.51284790039062,233.910888671875,647.378173828125,60.89242172241211,428.07867431640625,781.9724731445312,75.4775161743164,525.1890869140625,288.2294921875,57.75630187988281,484.27252197265625,59.04848098754883,617.3729858398438,,49.44099044799805,96.80664825439453,442.9836120605469,463.48809814453125,91.88700103759766,470.301025390625,224.22000122070312,240.00587463378906,134.20602416992188,84.7066650390625,196.55999755859375,150.55479431152344,165.4819793701172,664.09521484375,105.53141021728516,154.06982421875,726.3927001953125,115.21219635009766,78.31317901611328,38.757198333740234,508.2799987792969,79.87852478027344,500.8736267089844,593.57275390625,369.3074645996094,127.53899383544922,524.5147705078125,436.2300109863281,184.36187744140625,504.0517272949219,311.8771667480469,463.7300109863281,209.24139404296875,93.16519165039062,106.20811462402344,175.0955352783203
2024-12-16,249.67608642578125,164.5080108642578,109.96867370605469,352.0339660644531,461.5299987792969,212.1363983154297,70.16608428955078,126.69000244140625,256.3226623535156,232.92999267578125,116.52999877929688,359.5786437988281,295.08148193359375,246.58181762695312,298.7245788574219,44.19089889526367,173.9997100830078,204.099609375,1037.4884033203125,455.20001220703125,90.45999908447266,372.4117126464844,273.12261962890625,313.489990234375,266.2895202636719,220.6220245361328,986.3684692382812,354.50848388671875,56.275394439697266,209.59873962402344,141.3600616455078,429.59661865234375,102.81407928466797,244.572021484375,127.51949310302734,119.31702423095703,350.5091552734375,40.028419494628906,275.7704772949219,164.34307861328125,89.04092407226562,197.25259399414062,195.7550048828125,571.5952758789062,306.83880615234375,398.05828857421875,222.2865447998047,152.35653686523438,665.8657836914062,541.989990234375,259.8659362792969,138.83935546875,233.5599365234375,649.7250366210938,60.34253692626953,421.19482421875,771.9441528320312,77.03141021728516,526.4896240234375,289.30816650390625,56.937137603759766,484.4508056640625,58.62895584106445,621.7454223632812,,49.242942810058594,95.72559356689453,447.26226806640625,460.9920349121094,92.10800170898438,472.8484802246094,225.98599243164062,236.6916961669922,131.9567413330078,84.59066772460938,202.5,148.6963348388672,165.55935668945312,665.9930419921875,104.28616333007812,153.4478302001953,720.005859375,115.5644302368164,76.73784637451172,38.429561614990234,522.1099853515625,78.6112060546875,498.011474609375,596.1072998046875,367.4342956542969,125.57640075683594,527.8695068359375,463.0199890136719,182.31224060058594,482.7654724121094,313.0166931152344,468.0899963378906,207.71035766601562,93.77804565429688,103.93716430664062,172.76657104492188
2024-12-17,252.1028289794922,168.10238647460938,110.62289428710938,352.27056884765625,455.2300109863281,209.6944580078125,69.3193130493164,125.0199966430664,255.79371643066406,231.14999389648438,112.94999694824219,356.725830078125,293.1476745605469,236.9453887939453,296.5301818847656,43.78271484375,172.53164672851562,204.2117156982422,1022.4520263671875,455.6600036621094,90.43000030517578,369.34527587890625,274.08349609375,311.3500061035156,258.8151550292969,220.68746948242188,975.6490478515625,348.29620361328125,56.439353942871094,206.21429443359375,140.17698669433594,434.6625061035156,103.24468994140625,243.01231384277344,125.4527816772461,117.9095687866211,342.5445861816406,39.910518646240234,269.923095703125,164.35299682617188,89.76640319824219,196.2173309326172,194.52069091796875,560.238037109375,305.0350341796875,395.88726806640625,221.93759155273438,150.59228515625,672.0831909179688,545.1599731445312,258.1506042480469,141.3101806640625,232.37060546875,648.4873046875,61.16254806518555,423.0633239746094,771.5675659179688,77.01160430908203,527.1846313476562,287.72412109375,56.17578887939453,480.9154357910156,58.48593521118164,616.964599609375,,48.729801177978516,95.72559356689453,450.1047668457031,455.5559387207031,91.91300201416016,470.5851745605469,222.94400024414062,236.3505096435547,130.3472900390625,83.0719985961914,201.24000549316406,148.81068420410156,164.77577209472656,658.3321533203125,104.28616333007812,153.4770050048828,735.0442504882812,114.8893051147461,75.57605743408203,37.51411819458008,511.8699951171875,79.955322265625,495.6841125488281,593.6513061523438,365.57098388671875,124.7705307006836,526.4559326171875,479.8599853515625,181.02281188964844,470.1951904296875,315.40478515625,469.239990234375,205.11935424804688,94.32172393798828,103.49639129638672,167.83346557617188
2024-12-18,246.7023468017578,165.84031677246094,109.29491424560547,342.7169494628906,441.30999755859375,203.7611846923828,68.13187408447266,121.41000366210938,248.89752197265625,220.52000427246094,108.06999969482422,350.4636535644531,284.10443115234375,220.56251525878906,283.1866149902344,42.27632141113281,171.34645080566406,195.82887268066406,994.2698974609375,446.5899963378906,88.02999877929688,357.6398620605469,269.01171875,301.239990234375,275.20611572265625,221.70680236816406,958.422607421875,335.042724609375,55.484554290771484,202.26576232910156,136.36285400390625,417.4265441894531,101.20641326904297,234.6114501953125,119.86969757080078,114.53936004638672,330.74090576171875,38.033878326416016,265.7686767578125,158.5540313720703,87.72537994384766,189.2792510986328,187.53298950195312,536.4219970703125,296.4820251464844,381.68853759765625,213.4078826904297,147.4481658935547,644.3577880859375,526.469970703125,251.7421417236328,139.70799255371094,224.5813751220703,624.6126098632812,60.631954193115234,415.26483154296875,757.7836303710938,74.42838287353516,516.2142944335938,282.6708984375,54.1037712097168,465.52630615234375,57.227352142333984,594.8035888671875,,47.937591552734375,94.0801010131836,433.1983337402344,456.47344970703125,88.95500183105469,458.2103271484375,212.197998046875,231.7983856201172,128.8677978515625,81.6760025024414,188.75999450683594,147.1809539794922,163.56655883789062,636.3973999023438,99.53500366210938,148.74400329589844,709.8245849609375,111.98331451416016,72.8290786743164,35.97230529785156,494.42999267578125,78.24638366699219,485.40423583984375,575.9584350585938,354.0954284667969,123.91722106933594,513.85302734375,440.1300048828125,178.0205078125,483.9469909667969,306.9622802734375,447.5,201.6156463623047,92.47325134277344,101.97283172607422,164.11892700195312
2024-12-19,248.432861328125,164.40255737304688,109.77337646484375,366.92138671875,437.3900146484375,203.77098083496094,69.19278717041016,118.87999725341797,251.21548461914062,223.2899932861328,109.06999969482422,351.62664794921875,282.045654296875,215.33497619628906,288.4019775390625,42.15969467163086,171.14764404296875,197.29660034179688,990.4011840820312,449.3399963378906,88.66000366210938,354.1802978515625,270.5867004394531,299.8699951171875,267.7901916503906,221.4636688232422,948.5476684570312,334.0492248535156,55.58100128173828,180.8902587890625,133.58978271484375,418.0438537597656,102.46957397460938,232.5087890625,119.8403091430664,113.18936920166016,331.2541198730469,37.572086334228516,268.4150695800781,163.36170959472656,88.11229705810547,188.83132934570312,187.64248657226562,540.0679321289062,294.8665466308594,373.15960693359375,217.04269409179688,146.15699768066406,631.605712890625,523.9099731445312,248.7354278564453,138.57876586914062,227.10629272460938,616.1064453125,60.24607467651367,412.6293029785156,750.6785278320312,70.47933197021484,519.5103149414062,282.0392761230469,53.95920944213867,457.60394287109375,56.51224899291992,593.18994140625,,47.70354080200195,95.20899200439453,432.84173583984375,457.5882568359375,90.2040023803711,457.6910705566406,214.9739990234375,224.7801055908203,130.63717651367188,80.95933532714844,189.36000061035156,144.3599090576172,163.6729736328125,631.91943359375,97.13067626953125,146.16856384277344,703.4973754882812,112.97154998779297,72.48448181152344,35.56757736206055,493.3500061035156,78.51519775390625,481.8686218261719,575.7816162109375,352.0941467285156,123.66122436523438,514.3607177734375,436.1700134277344,177.51051330566406,473.8074645996094,312.01593017578125,396.6400146484375,201.71380615234375,92.32498168945312,101.10086059570312,160.6893310546875
2024-12-20,253.1073760986328,168.29408264160156,111.540771484375,361.2129211425781,447.1700134277344,207.6938018798828,70.75008392333984,119.20999908447266,253.3218231201172,224.9199981689453,112.80999755859375,356.31829833984375,283.7965393066406,217.7711944580078,293.8830871582031,42.927467346191406,174.0914764404297,199.99790954589844,1002.44580078125,453.20001220703125,88.94999694824219,359.7528991699219,270.6263732910156,301.4700012207031,269.85614013671875,223.06277465820312,947.8225708007812,341.42108154296875,56.439353942871094,184.9971160888672,135.19874572753906,423.785888671875,103.6178970336914,235.23338317871094,121.54461669921875,113.97447204589844,333.70166015625,38.181251525878906,268.2691345214844,166.90057373046875,89.5439224243164,192.07638549804688,190.52914428710938,551.8735961914062,300.9121398925781,380.50616455078125,216.49990844726562,148.14793395996094,637.9915771484375,524.4299926757812,249.41966247558594,139.437744140625,231.62969970703125,623.2263793945312,60.34253692626953,417.2709655761719,760.8060302734375,71.05338287353516,524.2261352539062,284.4200744628906,53.496620178222656,461.8226318359375,56.62666320800781,582.9112548828125,,48.4687385559082,93.80267333984375,432.4158935546875,463.63604736328125,90.90499877929688,460.0523681640625,218.25,228.24050903320312,134.65586853027344,81.27400207519531,186.77999877929688,145.61793518066406,162.5797882080078,639.75830078125,98.96983337402344,148.58851623535156,697.1403198242188,113.96956634521484,73.16383361816406,35.49049377441406,492.17999267578125,79.55209350585938,487.0680236816406,582.6973266601562,359.44873046875,124.65674591064453,521.6875610351562,421.05999755859375,179.8199462890625,484.34405517578125,314.8201599121094,397.2699890136719,202.00823974609375,91.1783218383789,101.44581604003906,161.98648071289062
2024-12-23,253.88311767578125,170.98745727539062,111.6188735961914,353.7198791503906,446.739990234375,210.74380493164062,70.53595733642578,124.5999984741211,253.9181671142578,225.05999755859375,113.08999633789062,356.1294250488281,282.41119384765625,229.78717041015625,294.03070068359375,42.65534973144531,173.14334106445312,200.57350158691406,1013.1748657226562,454.3500061035156,89.86000061035156,359.1141052246094,272.7857971191406,304.4100036621094,274.446044921875,222.57650756835938,943.689697265625,340.67596435546875,56.88300323486328,185.17523193359375,135.3123016357422,423.6781921386719,103.88585662841797,236.0231170654297,121.38790130615234,114.75,333.29705810546875,38.5644416809082,261.7309265136719,167.54490661621094,90.34678649902344,195.09251403808594,193.7343292236328,556.43603515625,300.8130187988281,380.36077880859375,215.11383056640625,148.00010681152344,632.9442749023438,527.219970703125,248.2825164794922,140.20989990234375,232.3998565673828,641.66455078125,60.17853927612305,415.3238220214844,789.0676879882812,73.04276275634766,525.1494140625,283.0693359375,55.77102279663086,469.1606750488281,56.52178192138672,597.452880859375,,48.234676361083984,95.06549072265625,431.0788879394531,463.46832275390625,91.1449966430664,457.7596740722656,217.65199279785156,229.8196258544922,139.62425231933594,80.48400115966797,188.22000122070312,144.18833923339844,162.62818908691406,638.22607421875,99.75531005859375,153.78799438476562,710.3311767578125,114.1163330078125,73.55766296386719,35.90484619140625,492.5799865722656,79.72491455078125,493.4459533691406,586.1866455078125,361.3119812011719,125.07392120361328,522.9219970703125,430.6000061035156,182.9665985107422,490.3580322265625,314.3346252441406,405.2699890136719,200.0159454345703,89.31007385253906,101.85784149169922,161.43617248535156
2024-12-24,256.7972106933594,172.5306854248047,112.05829620361328,356.5396423339844,447.94000244140625,213.8820343017578,70.89607238769531,126.29000091552734,254.38949584960938,229.0500030517578,114.6500015258789,359.4394226074219,284.7875061035156,237.0363311767578,298.6163330078125,43.13156509399414,173.53330993652344,202.94326782226562,1027.9189453125,458.6600036621094,91.06999969482422,361.25665283203125,273.93487548828125,308.5799865722656,272.9161071777344,223.9418182373047,952.5414428710938,342.1960144042969,57.72206115722656,186.39247131347656,136.1356964111328,424.12890625,104.27819061279297,237.6519775390625,123.6407241821289,115.68829345703125,337.0769958496094,38.53497314453125,264.484375,169.9933319091797,90.8788070678711,196.66529846191406,195.20753479003906,568.1441650390625,301.9031982421875,383.9371337890625,217.51766967773438,148.29580688476562,639.8756713867188,537.02001953125,249.75694274902344,140.76968383789062,236.22134399414062,644.1798095703125,60.62230682373047,418.706787109375,788.4631958007812,73.07244873046875,531.8507690429688,285.6931457519531,56.435997009277344,475.7164001464844,57.20828628540039,605.3212890625,,48.13564682006836,95.14202117919922,435.1197204589844,466.1123962402344,93.21199798583984,461.571044921875,221.11199951171875,231.91534423828125,140.174072265625,81.4433364868164,189.50999450683594,145.6370086669922,163.4311065673828,645.0665283203125,100.29173278808594,154.87649536132812,709.6756591796875,114.31202697753906,73.68565368652344,36.357757568359375,500.1600036621094,79.84011840820312,499.8832092285156,592.7020874023438,365.5413513183594,125.52899932861328,526.5952758789062,462.2799987792969,185.17982482910156,490.1256408691406,317.7334289550781,408.17999267578125,201.5666046142578,91.6132583618164,101.95365905761719,161.84890747070312
2024-12-26,257.61273193359375,171.7638702392578,112.5562744140625,355.3565368652344,450.1600036621094,213.85263061523438,71.38273620605469,125.05999755859375,253.12948608398438,227.0500030517578,114.86000061035156,359.29034423828125,283.8831481933594,242.65367126464844,299.1378479003906,43.29677963256836,174.42791748046875,201.8776397705078,1027.3829345703125,459.0799865722656,91.44999694824219,360.8143615722656,275.6485900878906,308.69000244140625,274.3972473144531,223.6986846923828,949.8790283203125,339.50360107421875,57.84744644165039,183.20594787597656,136.26820373535156,425.1087646484375,103.64661407470703,236.28965759277344,123.79744720458984,115.28617095947266,335.7150573730469,38.505489349365234,271.11981201171875,170.64756774902344,91.32377624511719,196.19744873046875,194.69989013671875,566.6233520507812,300.059814453125,382.96795654296875,217.98292541503906,148.84774780273438,640.7681884765625,538.8300170898438,249.3714599609375,140.5090789794922,237.03048706054688,642.2190551757812,60.361839294433594,417.28082275390625,786.9470825195312,73.23080444335938,532.28759765625,286.48028564453125,56.349266052246094,476.5185546875,57.06525802612305,600.93896484375,,48.27330780029297,95.54383087158203,433.91143798828125,464.9876708984375,92.41400146484375,462.68804931640625,219.82200622558594,231.1940155029297,139.88417053222656,80.4520034790039,188.5,145.2843780517578,164.61134338378906,643.9297485351562,102.38953399658203,154.06982421875,711.870849609375,114.51749420166016,73.89242553710938,36.357757568359375,495.82000732421875,79.53288269042969,499.9129943847656,592.7415161132812,364.2006530761719,129.3119354248047,524.803466796875,454.1300048828125,184.49659729003906,495.0162048339844,317.9910583496094,410.6499938964844,201.21327209472656,91.72199249267578,102.0398941040039,162.6547088623047
2024-12-27,254.2013702392578,170.6232452392578,112.28286743164062,351.16632080078125,446.4800109863281,212.80328369140625,71.05180358886719,125.19000244140625,252.6197052001953,223.75,113.02999877929688,358.21685791015625,281.69927978515625,239.08349609375,296.2447814941406,43.09269332885742,174.7108154296875,199.55426025390625,1017.5406494140625,456.510009765625,90.66000366210938,358.5931701660156,275.06414794921875,305.0299987792969,271.60052490234375,223.78492736816406,933.5465087890625,336.25482177734375,57.4906005859375,181.46421813964844,136.28713989257812,421.40484619140625,103.67532348632812,234.71018981933594,123.13138580322266,115.27659606933594,330.2572937011719,38.181251525878906,272.7738037109375,168.8703155517578,91.03358459472656,193.1514434814453,191.87294006347656,561.7003173828125,299.8219909667969,380.7581481933594,215.93771362304688,148.15780639648438,633.2120361328125,534.8800048828125,247.23208618164062,139.99755859375,235.1099853515625,638.5155029296875,60.24607467651367,415.9631042480469,776.0763549804688,72.64686584472656,528.3660278320312,285.33355712890625,56.22397232055664,472.131591796875,57.408512115478516,597.4130859375,,48.071407318115234,95.38119506835938,426.404052734375,461.0610046386719,90.75499725341797,461.8258056640625,216.29200744628906,229.31272888183594,136.96511840820312,79.82333374023438,186.17999267578125,145.71324157714844,164.0018768310547,636.4071655273438,100.80899047851562,152.81614685058594,707.6195678710938,114.19461059570312,73.58719635009766,36.425209045410156,490.9100036621094,79.82091522216797,496.961669921875,586.5020751953125,361.9232482910156,128.46812438964844,523.6984252929688,431.6600036621094,183.9673309326172,493.892822265625,315.76153564453125,408.760009765625,200.2318572998047,90.6050033569336,102.03032684326172,161.75064086914062
2024-12-30,250.82980346679688,168.8883514404297,110.14443969726562,347.5282897949219,445.79998779296875,208.45875549316406,70.61381530761719,122.44000244140625,249.39764404296875,221.3000030517578,111.44999694824219,355.8213195800781,277.7356262207031,232.98155212402344,292.5841369628906,42.67478561401367,173.1968536376953,197.71136474609375,1001.2180786132812,452.1600036621094,89.68000030517578,356.77496337890625,272.8155212402344,301.8599853515625,268.12158203125,221.89691162109375,916.1710815429688,333.5623779296875,57.085533142089844,181.77099609375,135.40696716308594,416.0939025878906,103.07244110107422,231.5117645263672,121.71113586425781,115.44892883300781,328.0367126464844,37.49348068237305,272.95867919921875,166.90440368652344,89.00222778320312,191.80763244628906,190.3599395751953,559.1363525390625,295.758544921875,377.433837890625,213.48541259765625,147.2214813232422,625.011474609375,526.9600219726562,245.57456970214844,138.3471221923828,233.30650329589844,627.45458984375,59.84088897705078,410.7313232421875,766.8309326171875,71.4096908569336,521.7639770507812,281.4270324707031,55.04822540283203,468.932861328125,56.78875732421875,588.8772583007812,,47.79608917236328,94.10880279541016,420.7586975097656,457.3712463378906,90.04299926757812,457.0933837890625,213.5399932861328,227.59716796875,137.4449462890625,78.66133117675781,184.1999969482422,144.59817504882812,161.6414337158203,629.4976806640625,100.67488861083984,150.23097229003906,697.8753662109375,112.73672485351562,72.78970336914062,36.43484878540039,486.739990234375,79.09125518798828,493.2181396484375,579.80908203125,357.14178466796875,128.04148864746094,516.5010986328125,417.4100036621094,180.86883544921875,491.7719421386719,312.4419860839844,399.3500061035156,198.5143280029297,89.52754211425781,101.34040832519531,159.43148803710938
2024-12-31,249.05946350097656,170.3260955810547,110.44712829589844,346.8381652832031,444.67999267578125,208.36070251464844,70.85714721679688,120.79000091552734,250.6865234375,219.38999938964844,110.52999877929688,357.004150390625,279.03436279296875,229.28282165527344,292.05279541015625,42.71365737915039,173.47213745117188,196.822021484375,998.9572143554688,453.2799987792969,89.31999969482422,356.52923583984375,273.6971435546875,300.4599914550781,269.0960388183594,222.56776428222656,910.27001953125,332.1614990234375,57.095176696777344,180.80117797851562,137.0821533203125,416.7627868652344,103.10115051269531,231.31431579589844,121.38790130615234,117.36383056640625,327.53338623046875,37.41488265991211,273.7175598144531,165.60369873046875,89.3504638671875,189.56793212890625,188.42886352539062,558.2297973632812,297.47308349609375,377.0073547363281,213.07833862304688,146.86663818359375,623.2266235351562,521.9600219726562,245.7975311279297,139.58250427246094,233.6866912841797,623.968994140625,60.06277084350586,411.724609375,765.007568359375,71.4888687133789,522.776611328125,281.7088623046875,55.26988220214844,468.7744445800781,57.403831481933594,583.170166015625,,47.98881149291992,95.17072296142578,417.4606018066406,456.02947998046875,89.13200378417969,459.80743408203125,212.0240020751953,228.77662658691406,134.2460174560547,79.05332946777344,181.9600067138672,144.9221954345703,162.1831817626953,628.7167358398438,101.24962615966797,149.2979736328125,707.550048828125,113.2259521484375,72.86846160888672,36.94557571411133,485.3599853515625,79.03364562988281,493.2280578613281,577.6997680664062,355.7879943847656,128.1647186279297,517.884765625,403.8399963378906,180.43582153320312,489.8931884765625,313.1653747558594,402.70001220703125,198.04322814941406,89.31007385253906,103.07476806640625,160.1095428466797
2025-01-02,242.5251922607422,171.99392700195312,110.76936340332031,343.90997314453125,441.0,207.27210998535156,71.03234100341797,120.62999725341797,249.37840270996094,220.22000122070312,111.79000091552734,352.8492736816406,274.2139587402344,229.42124938964844,293.6665954589844,43.044097900390625,173.1815643310547,195.1134490966797,991.4439697265625,451.1000061035156,89.37999725341797,353.5906066894531,269.9527587890625,297.6600036621094,267.4881591796875,223.03738403320312,903.852294921875,328.5153503417969,56.99872970581055,180.19754028320312,138.8520050048828,411.3331604003906,103.1777114868164,227.9677734375,119.67379760742188,119.40319061279297,327.6221618652344,37.21837615966797,266.8583068847656,167.3909149169922,88.87647247314453,189.75706481933594,188.5582733154297,560.520751953125,295.0945129394531,376.4936828613281,213.18495178222656,147.19189453125,617.5643920898438,524.030029296875,242.37557983398438,139.00343322753906,233.96937561035156,630.4055786132812,59.65760040283203,407.2992248535156,771.0225830078125,71.69670867919922,518.6366577148438,284.2549133300781,54.816932678222656,468.2496337890625,57.18278884887695,596.8452758789062,,48.190704345703125,94.87415313720703,414.5685729980469,453.0697326660156,88.6729965209961,458.5533142089844,210.8679962158203,228.6791534423828,138.2646942138672,79.1806640625,180.74000549316406,143.15907287597656,160.567626953125,622.2816772460938,99.87025451660156,149.31739807128906,710.3908081054688,113.50969696044922,72.70108795166016,37.00339126586914,482.75,78.79363250732422,490.72247314453125,576.2802734375,354.4737548828125,130.07041931152344,520.2142333984375,379.2799987792969,179.89694213867188,488.5857849121094,311.5402526855469,405.760009765625,196.8164520263672,88.96410369873047,102.82563018798828,159.79507446289062
2025-01-03,242.03782653808594,173.70005798339844,111.15018463134766,348.869140625,430.57000732421875,211.21450805664062,70.86687469482422,125.37000274658203,251.2443389892578,224.19000244140625,115.19999694824219,351.8552551269531,274.8140869140625,229.98497009277344,298.9435729980469,43.54947280883789,174.68789672851562,194.26412963867188,994.7864379882812,453.55999755859375,90.69000244140625,357.54156494140625,269.1701965332031,303.8599853515625,273.53973388671875,222.8265380859375,910.5780029296875,330.74078369140625,57.154090881347656,183.91845703125,139.93093872070312,415.3070068359375,103.13943481445312,228.9549560546875,120.907958984375,121.18403625488281,338.1034240722656,37.05134201049805,266.9848327636719,170.7369384765625,88.42183685302734,192.24562072753906,190.90740966796875,565.5510864257812,294.05389404296875,377.19146728515625,215.81170654296875,147.6846923828125,624.9420776367188,535.2899780273438,244.56639099121094,139.16749572753906,237.16696166992188,650.596435546875,59.57077407836914,406.64031982421875,774.8971557617188,74.33931732177734,517.6041259765625,286.4608154296875,55.57827377319336,474.4983215332031,57.528770446777344,602.2138061523438,,48.768890380859375,94.84545135498047,419.29290771484375,455.64471435546875,88.1050033569336,458.36712646484375,214.75399780273438,229.9268341064453,144.4226837158203,80.28133392333984,183.25,142.62533569335938,159.74534606933594,630.34765625,101.18257141113281,153.38949584960938,713.3309326171875,113.37271118164062,73.30167388916016,37.18647766113281,493.7099914550781,79.03364562988281,494.75323486328125,583.4857788085938,357.2405700683594,128.74305725097656,529.62158203125,410.44000244140625,183.32260131835938,496.8077697753906,312.045654296875,407.1099853515625,197.90585327148438,89.73511505126953,103.35265350341797,160.48297119140625
2025-01-06,243.66891479492188,172.62652587890625,110.37877655029297,346.38458251953125,431.17999267578125,213.7937774658203,70.53595733642578,129.5500030517578,248.71478271484375,227.61000061035156,118.9800033569336,346.3783264160156,274.16552734375,233.80238342285156,297.7599792480469,44.12287139892578,176.40065002441406,194.49940490722656,986.90283203125,451.4100036621094,91.29000091552734,357.94451904296875,264.7918395996094,308.1400146484375,272.5262756347656,216.42446899414062,916.6679077148438,328.38616943359375,57.06670379638672,183.17623901367188,139.37252807617188,411.1560974121094,101.79014587402344,228.41201782226562,119.58563995361328,121.01168823242188,344.0052795410156,37.89632034301758,266.5567321777344,171.2234649658203,88.24772644042969,197.05349731445312,195.96401977539062,568.7291259765625,294.27191162109375,377.3757019042969,215.8311004638672,144.4716033935547,619.91455078125,542.3699951171875,242.6954803466797,138.65597534179688,236.0106964111328,683.5614624023438,58.66394805908203,406.0600891113281,758.1700439453125,77.17987060546875,508.2420349121094,283.9342346191406,56.17578887939453,468.54669189453125,55.95263671875,627.681640625,,47.805259704589844,95.40032958984375,423.749755859375,450.3269958496094,88.17900085449219,445.943359375,215.41000366210938,230.9795684814453,149.38104248046875,80.697998046875,179.5,139.4040069580078,155.36306762695312,633.6295166015625,102.1692123413086,155.35269165039062,711.45361328125,111.64086151123047,73.33122253417969,37.35029602050781,501.05999755859375,77.72793579101562,489.4250793457031,586.8470458984375,357.08245849609375,132.06143188476562,534.7683715820312,411.04998779296875,184.92959594726562,497.4566650390625,310.1925964355469,402.489990234375,198.0137939453125,90.37764739990234,103.23766326904297,163.0281219482422
2025-01-07,240.89407348632812,172.0801544189453,110.73030853271484,351.3734130859375,422.6300048828125,211.70489501953125,70.65275573730469,127.33000183105469,252.05227661132812,222.11000061035156,115.29000091552734,346.3485107421875,277.15655517578125,226.11810302734375,297.8980407714844,44.783748626708984,177.50938415527344,189.99562072753906,955.7386474609375,452.9200134277344,91.98999786376953,356.76513671875,266.2281799316406,301.6700134277344,272.78936767578125,217.56495666503906,915.3366088867188,322.8224792480469,57.222068786621094,186.7586212158203,141.57772827148438,406.5035400390625,102.21119689941406,228.4712677001953,118.20457458496094,122.13190460205078,339.416015625,38.0633544921875,267.55889892578125,171.08444213867188,87.66734313964844,195.80921936035156,194.5903778076172,565.5411987304688,305.4612121582031,372.39398193359375,217.0814971923828,144.3336181640625,610.2661743164062,531.8800048828125,240.9796905517578,141.13644409179688,238.2840576171875,682.5711669921875,58.69289016723633,408.0662536621094,766.2857666015625,76.72457885742188,507.7159118652344,281.17437744140625,55.38553237915039,459.49542236328125,56.0199089050293,615.4208374023438,,47.22707748413086,96.64401245117188,418.3222351074219,449.0444641113281,87.91899871826172,443.2489013671875,210.8300018310547,231.7593994140625,140.09408569335938,79.98133087158203,175.50999450683594,138.57484436035156,156.04025268554688,627.9258422851562,102.09258270263672,156.0038604736328,725.3994750976562,112.32577514648438,71.14545440673828,37.9381103515625,487.6199951171875,77.85275268554688,486.6124267578125,580.2133178710938,350.9756774902344,132.02352905273438,543.190185546875,394.3599853515625,184.95848083496094,498.01837158203125,308.8351135253906,408.32000732421875,199.613525390625,89.7647705078125,104.2054443359375,160.6598358154297
2025-01-08,241.3813934326172,171.09291076660156,111.560302734375,352.6945495605469,419.5799865722656,216.18670654296875,69.5237045288086,121.83999633789062,254.12014770507812,222.1300048828125,115.51000213623047,350.33447265625,276.1111755371094,226.7807159423828,298.7167663574219,44.91007995605469,179.25274658203125,193.01902770996094,960.9423828125,451.8399963378906,95.94999694824219,354.8682556152344,264.1380615234375,302.7300109863281,272.1949462890625,219.7596893310547,921.29736328125,324.7796936035156,57.48423767089844,190.6477813720703,142.24969482421875,403.287109375,103.57005310058594,231.5611114501953,117.83236694335938,122.99362182617188,340.6003112792969,39.0458869934082,267.4615478515625,171.66033935546875,86.22605895996094,194.49526977539062,193.05746459960938,565.44384765625,308.47412109375,375.27252197265625,216.32542419433594,144.4617462158203,620.797119140625,544.02001953125,240.0296630859375,137.31439208984375,238.24488830566406,679.5015869140625,59.53218460083008,413.0423583984375,780.0897216796875,76.24951171875,512.6798706054688,278.8031921386719,54.33506393432617,467.5167541503906,56.0199089050293,608.2794189453125,,47.25461959838867,95.52469635009766,420.49127197265625,456.5227966308594,87.5,452.8704528808594,209.8159942626953,230.93084716796875,140.06411743164062,80.3826675415039,172.8300018310547,139.6613311767578,156.81414794921875,634.1238403320312,101.05804443359375,154.6043701171875,728.6673583984375,113.42163848876953,71.87403869628906,37.398475646972656,502.0,79.70569610595703,491.0789794921875,581.0609741210938,359.7900695800781,131.04696655273438,542.4735107421875,394.94000244140625,184.4292449951172,507.9642333984375,309.7566833496094,412.1099853515625,202.7443084716797,90.7433853149414,102.46151733398438,162.16336059570312
2025-01-10,235.5631866455078,167.90109252929688,109.66596984863281,344.8663024902344,405.9200134277344,208.27239990234375,68.61852264404297,116.04000091552734,252.2157745361328,218.94000244140625,114.33999633789062,347.4120788574219,283.6902770996094,221.83584594726562,289.29705810546875,43.841026306152344,178.67161560058594,187.75543212890625,931.2595825195312,442.6600036621094,94.87999725341797,344.97125244140625,255.2822723388672,299.0,271.8733215332031,219.66384887695312,930.8046875,315.7884216308594,57.03757858276367,187.3325958251953,144.93759155273438,401.8804931640625,101.3116683959961,226.7733154296875,115.52079010009766,125.81809997558594,336.9881896972656,38.299156188964844,263.4044494628906,170.46884155273438,86.94185638427734,192.28543090820312,191.15625,545.9268188476562,300.1192932128906,377.879638671875,213.0008087158203,140.74595642089844,619.2277221679688,547.469970703125,237.40261840820312,137.1116943359375,235.05035400390625,676.3922119140625,58.914772033691406,407.2795715332031,792.6549072265625,73.884033203125,501.7728271484375,274.3427429199219,53.188228607177734,448.4140319824219,54.05936050415039,613.39892578125,,46.68561553955078,94.95069122314453,414.93505859375,449.1529541015625,83.76899719238281,449.42156982421875,204.91400146484375,228.0358123779297,135.86549377441406,79.83999633789062,173.4199981689453,135.94439697265625,153.38958740234375,622.7955932617188,99.22846221923828,152.5634307861328,692.2036743164062,112.62908935546875,71.6475830078125,37.215389251708984,492.5400085449219,78.07357025146484,478.065673828125,572.1896362304688,361.3315734863281,134.27052307128906,539.865234375,394.739990234375,182.97621154785156,504.2550964355469,304.91107177734375,409.55999755859375,203.40187072753906,91.92957305908203,102.08780670166016,160.4927978515625
2025-01-13,233.12649536132812,169.4059600830078,110.5252456665039,344.2254333496094,408.5,208.84121704101562,68.94945526123047,117.31999969482422,259.87176513671875,218.4600067138672,112.63999938964844,352.5510559082031,292.0728454589844,222.8050537109375,292.96630859375,43.79243850708008,180.59848022460938,188.7200469970703,930.6456298828125,443.9100036621094,94.61000061035156,356.27374267578125,259.29412841796875,292.5,275.2450866699219,219.9034423828125,918.6448364257812,317.0005187988281,57.05699157714844,188.61907958984375,147.0292205810547,422.87109375,101.57005310058594,230.46534729003906,116.03990173339844,128.7670135498047,336.4256286621094,38.721649169921875,267.15997314453125,170.3497314453125,86.99989318847656,191.40943908691406,190.1309814453125,548.8027954101562,305.43145751953125,377.19146728515625,210.7229461669922,141.82029724121094,609.0865478515625,539.75,242.05569458007812,139.437744140625,239.3031768798828,684.2446899414062,59.474300384521484,414.4387512207031,790.2567749023438,73.68608856201172,502.0114440917969,275.62548828125,53.882110595703125,453.4348449707031,53.98247146606445,605.8990478515625,,46.667259216308594,96.60575103759766,413.19195556640625,450.6427307128906,84.02899932861328,462.8349609375,203.1479949951172,231.36947631835938,133.18637084960938,80.6760025024414,167.82000732421875,137.71707153320312,153.66046142578125,630.6541748046875,100.93353271484375,152.70921325683594,712.08935546875,115.20240783691406,71.53929138183594,38.40065383911133,487.42999267578125,78.60161590576172,477.93695068359375,573.0768432617188,356.70703125,131.56845092773438,553.0156860351562,403.30999755859375,183.8807373046875,524.0596313476562,304.1283264160156,413.3699951171875,203.67666625976562,90.47649383544922,104.722900390625,163.44085693359375
2025-01-14,232.01258850097656,168.2653350830078,110.35924530029297,344.0775451660156,412.7099914550781,210.50840759277344,70.65275573730469,116.08999633789062,256.8997802734375,217.75999450683594,114.91000366210938,360.47320556640625,298.0935363769531,222.2215576171875,296.2607116699219,44.49217987060547,180.30029296875,189.31068420410156,938.597412109375,450.0299987792969,95.6500015258789,365.18792724609375,263.0087890625,294.19000244140625,277.75927734375,222.08856201171875,911.2236938476562,321.4414978027344,57.6104736328125,190.2816162109375,148.4961700439453,425.2318115234375,102.24948120117188,230.89968872070312,117.33282470703125,129.99256896972656,335.6953430175781,38.810081481933594,270.1079406738281,175.60208129882812,88.0252456665039,190.17514038085938,188.78721618652344,557.1671142578125,303.06280517578125,380.68060302734375,211.0622100830078,143.1607208251953,619.59521484375,538.8800048828125,245.22560119628906,139.70799255371094,242.49766540527344,694.4144897460938,59.85054016113281,420.20159912109375,738.1629028320312,74.28982543945312,506.09783935546875,273.63336181640625,54.816932678222656,458.0892028808594,54.876251220703125,591.8753051757812,,47.135311126708984,95.33336639404297,411.6864929199219,454.65814208984375,82.83999633789062,465.89190673828125,206.25799560546875,233.20204162597656,131.7168426513672,80.28866577148438,170.5800018310547,138.14596557617188,154.53109741210938,639.5704345703125,103.56773376464844,155.0417022705078,686.2340087890625,116.89512634277344,71.2242202758789,38.419925689697266,490.3599853515625,78.7744369506836,479.79876708984375,573.8652954101562,358.5054626464844,129.38780212402344,554.47900390625,396.3599853515625,186.19981384277344,526.5775146484375,306.2785949707031,411.6600036621094,203.32333374023438,89.7450180053711,105.13493347167969,161.56393432617188
2025-01-15,236.57763671875,165.78842163085938,109.05374908447266,344.8071594238281,417.2799987792969,214.0095672607422,71.11994171142578,119.95999908447266,258.66949462890625,223.35000610351562,116.0999984741211,359.0120544433594,297.0675354003906,225.48516845703125,308.0575256347656,45.77505111694336,177.8458251953125,191.32431030273438,987.33154296875,458.510009765625,96.88999938964844,368.4508972167969,265.8815002441406,300.7200012207031,277.3207702636719,218.3987579345703,917.45263671875,319.0769348144531,58.241634368896484,193.66607666015625,149.849609375,421.85797119140625,101.86669921875,233.51571655273438,118.24375915527344,131.2276611328125,338.1034240722656,39.480743408203125,269.1058654785156,179.00767517089844,89.3601303100586,196.07797241210938,194.65011596679688,590.6929321289062,303.5186767578125,393.5805969238281,213.27218627929688,146.10772705078125,617.2611083984375,580.1099853515625,246.03016662597656,139.9203338623047,247.2796173095703,709.2581787109375,59.590065002441406,420.8801574707031,739.9763793945312,75.36863708496094,519.3512573242188,274.3330078125,54.93257522583008,466.7740478515625,54.434165954589844,614.6538696289062,,46.84163284301758,95.75430297851562,422.2245178222656,453.9083251953125,84.82599639892578,462.756591796875,210.8260040283203,234.2937774658203,136.1953887939453,80.26933288574219,174.19000244140625,137.9839324951172,154.4440460205078,648.7733764648438,103.3091049194336,159.78440856933594,698.7097778320312,116.52332305908203,72.52386474609375,39.161922454833984,507.19000244140625,79.05284118652344,491.7325744628906,584.3038940429688,364.24664306640625,127.54846954345703,548.9839477539062,428.2200012207031,190.05853271484375,526.267578125,313.4031677246094,424.260009765625,204.137939453125,90.2886734008789,106.85012817382812,164.27615356445312
2025-01-16,227.01986694335938,168.06214904785156,111.81199645996094,347.09429931640625,426.92999267578125,210.87127685546875,72.61884307861328,118.44000244140625,259.14080810546875,220.66000366210938,118.12999725341797,365.90045166015625,302.06219482421875,226.87960815429688,307.22894287109375,45.32798767089844,180.6826171875,192.72508239746094,970.3170776367188,462.80999755859375,98.16999816894531,374.013671875,270.9532470703125,298.8999938964844,273.8028564453125,222.64442443847656,913.727294921875,317.9244689941406,58.08626937866211,195.9916534423828,150.8433837890625,431.92047119140625,104.36431884765625,236.0823516845703,120.76103973388672,132.175537109375,340.6792907714844,39.480743408203125,269.8647766113281,178.46160888671875,88.65399932861328,193.51974487304688,192.0222625732422,597.5852661132812,306.6802062988281,396.72076416015625,215.82142639160156,148.069091796875,603.1766357421875,584.0800170898438,248.094970703125,142.62283325195312,249.16104125976562,739.9654541015625,60.053131103515625,425.3152770996094,750.7379760742188,78.40714263916016,520.1368408203125,271.84527587890625,54.15195083618164,474.3498229980469,55.741207122802734,608.8570556640625,,46.951759338378906,96.33787536621094,420.5110778808594,456.4931640625,84.23699951171875,471.4669494628906,211.4320068359375,240.87339782714844,133.5262451171875,80.31466674804688,177.1699981689453,139.6613311767578,155.26634216308594,651.08642578125,106.25942993164062,156.8882293701172,688.578125,117.86378479003906,74.3453369140625,39.59555435180664,515.8099975585938,80.54096984863281,500.2892761230469,583.1802368164062,377.2706604003906,126.33488464355469,559.1777954101562,413.82000732421875,180.3010711669922,494.4739074707031,314.36431884765625,416.9599914550781,207.09205627441406,90.24915313720703,106.66806030273438,166.4380340576172
2025-01-17,228.7305145263672,165.99160766601562,111.3899154663086,349.1042175292969,429.989990234375,214.93141174316406,73.08602905273438,121.45999908447266,261.71844482421875,225.94000244140625,119.94999694824219,363.97210693359375,307.6182861328125,234.821044921875,308.2942199707031,45.2210807800293,181.50839233398438,195.1732635498047,979.3213500976562,467.95001220703125,98.66000366210938,379.3897399902344,266.94140625,305.6000061035156,276.7457580566406,223.02780151367188,937.013671875,322.4549255371094,58.4843864440918,196.2489471435547,152.82142639160156,447.98309326171875,104.55570983886719,234.37454223632812,121.97559356689453,131.69822692871094,341.7550354003906,39.66814041137695,267.6561584472656,181.5494842529297,88.83777618408203,196.64537048339844,195.09800720214844,610.2097778320312,307.6812744140625,396.7692565917969,217.885986328125,146.9652099609375,600.057861328125,592.6400146484375,248.53118896484375,141.90858459472656,253.95277404785156,750.0758056640625,60.496891021728516,428.7670593261719,719.146728515625,79.47606658935547,521.6878051757812,273.0211486816406,55.867393493652344,471.23040771484375,55.60666275024414,610.3212890625,,47.59417724609375,93.67829895019531,424.91845703125,458.6241760253906,85.80999755859375,472.6329345703125,214.29600524902344,239.14808654785156,137.66490173339844,81.11933135986328,177.11000061035156,141.29107666015625,155.87576293945312,661.7623291015625,104.8704833984375,159.93017578125,677.0064086914062,118.4997787475586,75.23145294189453,41.9949951171875,526.7000122070312,80.55056762695312,497.0211486816406,589.035400390625,378.8813781738281,126.67622375488281,557.1270141601562,426.5,185.1605682373047,493.67010498046875,316.7127685546875,422.0,207.77903747558594,90.88178253173828,107.62627410888672,163.018310546875
2025-01-21,221.43040466308594,167.0075225830078,114.63895416259766,352.8963623046875,436.3599853515625,217.17723083496094,73.16388702392578,122.27999877929688,264.3153381347656,230.7100067138672,121.5,365.87060546875,309.5155029296875,237.65936279296875,313.6106872558594,45.3474235534668,183.79464721679688,185.65029907226562,986.2694091796875,468.57000732421875,100.91000366210938,392.9530944824219,266.32720947265625,310.9700012207031,281.2284240722656,222.58694458007812,941.52392578125,324.7200927734375,59.26120376586914,199.1385955810547,149.76443481445312,455.5668640136719,106.00070190429688,237.9777374267578,126.82405853271484,131.17752075195312,352.9567565917969,39.74704360961914,268.11346435546875,186.16641235351562,89.92117309570312,198.71583557128906,197.1385955810547,618.7886352539062,315.6296691894531,405.54046630859375,217.37225341796875,149.5376739501953,605.30224609375,604.1199951171875,253.3878631591797,142.98956298828125,257.7449951171875,759.7504272460938,60.217124938964844,435.1198425292969,735.6261596679688,80.66374206542969,525.028564453125,274.63427734375,56.38780975341797,480.0439758300781,55.35678482055664,613.9965209960938,,47.236263275146484,92.07106018066406,424.3935241699219,461.564208984375,86.96800231933594,494.2569885253906,219.3699951171875,245.49380493164062,140.78387451171875,82.7386703491211,183.50999450683594,141.5769805908203,156.446533203125,670.6192016601562,112.33248138427734,162.56394958496094,683.1845703125,123.03978729248047,79.68173217773438,42.14917755126953,529.75,81.3474349975586,505.13214111328125,594.427001953125,391.1642761230469,130.212646484375,570.4766235351562,424.07000732421875,187.86456298828125,508.4193420410156,320.68634033203125,427.8900146484375,208.9763946533203,92.00865936279297,106.81179809570312,165.12759399414062
2025-01-22,222.6139373779297,163.70819091796875,115.6107177734375,355.5597229003906,437.32000732421875,219.7564697265625,72.7551040649414,123.75,262.9976806640625,235.00999450683594,129.82000732421875,365.105224609375,306.8342590332031,238.2527618408203,317.8519592285156,44.50189971923828,181.92129516601562,182.98818969726562,980.6660766601562,460.510009765625,100.30999755859375,392.2132263183594,265.7923278808594,321.489990234375,281.6669921875,222.85528564453125,938.5138549804688,330.46258544921875,59.84381103515625,196.95156860351562,148.03245544433594,452.2225646972656,104.13465118408203,238.53054809570312,127.27462768554688,129.229736328125,366.3790283203125,38.553646087646484,263.1125183105469,187.02029418945312,89.9985580444336,199.114013671875,197.45712280273438,616.8291015625,316.6604309082031,397.4670715332031,216.40296936035156,151.95242309570312,607.5569458007812,610.4500122070312,251.20669555664062,140.20989990234375,257.5588684082031,764.3748168945312,59.59971237182617,435.2575988769531,747.1507568359375,82.39579010009766,524.153564453125,273.4098815917969,56.35889434814453,479.9251708984375,54.117027282714844,621.0084228515625,,46.630550384521484,91.53533172607422,441.92388916015625,465.58953857421875,95.39900207519531,492.2581787109375,225.03399658203125,245.49380493164062,147.02183532714844,82.75533294677734,187.6999969482422,141.1385498046875,159.36807250976562,666.7344360351562,110.2825927734375,165.45037841796875,675.4667358398438,121.69930267333984,79.35681915283203,40.11591720581055,544.7000122070312,79.22566223144531,506.0333557128906,597.7686767578125,385.8677062988281,128.72413635253906,571.999755859375,415.1099853515625,189.6158905029297,503.3156433105469,320.6169738769531,428.0,207.5140838623047,92.15693664550781,104.95286560058594,164.24053955078125
2025-01-23,222.44483947753906,165.13047790527344,120.95052337646484,359.6687316894531,437.2799987792969,223.94410705566406,72.6091079711914,123.04000091552734,267.26812744140625,235.4199981689453,129.1199951171875,362.4811096191406,313.61968994140625,237.6297149658203,321.4225769042969,45.08501434326172,183.87112426757812,190.8687286376953,991.7655029296875,459.8299865722656,101.63999938964844,400.8839416503906,263.9894714355469,324.5199890136719,287.4652404785156,223.669921875,935.9904174804688,332.4893493652344,60.426422119140625,195.7442626953125,147.65386962890625,466.9474182128906,104.63225555419922,239.8040008544922,128.47940063476562,129.19114685058594,364.8591613769531,37.97174072265625,262.72332763671875,199.371826171875,89.88247680664062,198.66607666015625,197.06893920898438,623.4290161132812,322.4582214355469,401.6249694824219,219.09759521484375,155.41192626953125,594.2671508789062,608.6599731445312,251.9434356689453,141.5321502685547,260.6063537597656,753.5218505859375,59.35853576660156,433.5169372558594,759.656494140625,80.39651489257812,531.1531372070312,276.4029235839844,57.40936279296875,481.4006652832031,54.74170684814453,633.9066772460938,,46.997642517089844,92.44417572021484,442.42901611328125,469.6640625,98.48600006103516,489.6715393066406,226.83999633789062,249.67552185058594,147.17178344726562,84.10800170898438,187.32000732421875,141.6436767578125,160.73208618164062,672.2701416015625,113.54901885986328,169.4544677734375,689.978759765625,123.56814575195312,80.81399536132812,40.501365661621094,551.5399780273438,78.97603607177734,508.58843994140625,601.03125,388.8420715332031,130.12730407714844,572.258544921875,412.3800048828125,193.04159545898438,513.0485229492188,325.2246398925781,439.7300109863281,206.19895935058594,92.7302474975586,105.54696655273438,164.5657958984375
2025-01-24,221.5696258544922,164.7725067138672,122.72718811035156,358.8271484375,435.3800048828125,213.17593383789062,71.81098937988281,122.83999633789062,264.9020690917969,234.85000610351562,129.1699981689453,366.94415283203125,318.71112060546875,242.00096130371094,316.95440673828125,45.21136474609375,186.14971923828125,188.75926208496094,994.4161376953125,463.19000244140625,101.94000244140625,402.0972900390625,264.1876220703125,320.4800109863281,286.1496887207031,224.9158477783203,933.5267944335938,331.7144470214844,60.426422119140625,195.33851623535156,147.31314086914062,470.9311218261719,105.1298828125,238.9550323486328,127.92109680175781,127.10836791992188,364.158447265625,37.29121017456055,265.8951721191406,195.35061645507812,90.02758026123047,200.97544860839844,199.28866577148438,620.8944091796875,310.2778625488281,401.7315673828125,217.89569091796875,155.20497131347656,593.9194946289062,584.0499877929688,251.9434356689453,141.70590209960938,259.5186767578125,742.50048828125,59.734771728515625,431.9631652832031,778.2960205078125,78.8624267578125,530.4273681640625,277.40386962890625,54.34469985961914,484.8963928222656,55.18378829956055,644.9025268554688,,47.768550872802734,91.41096496582031,439.804443359375,472.7521057128906,97.75900268554688,486.97711181640625,224.99600219726562,248.24261474609375,142.57327270507812,83.5999984741211,187.6999969482422,142.12022399902344,159.7364044189453,671.5286865234375,113.92259216308594,167.26776123046875,671.2551879882812,122.60926055908203,80.56785583496094,40.71337127685547,546.1900024414062,80.1473388671875,508.7964782714844,599.2766723632812,389.6424865722656,130.73410034179688,572.2286376953125,406.5799865722656,178.52090454101562,515.7020263671875,327.1965637207031,439.6199951171875,205.54136657714844,93.6693344116211,104.11922454833984,166.19212341308594
2025-01-27,228.61117553710938,171.15826416015625,127.04613494873047,369.4609375,438.6000061035156,211.26358032226562,74.07881164550781,115.01000213623047,272.14453125,235.4199981689453,100.30000305175781,374.53826904296875,316.1557312011719,199.9005126953125,312.1015930175781,45.76533126831055,190.1640625,185.21255493164062,1003.6638793945312,474.70001220703125,102.2699966430664,389.6190185546875,273.8853454589844,289.8699951171875,297.9215087890625,227.09140014648438,958.9292602539062,344.84869384765625,57.36772155761719,200.4547882080078,148.80853271484375,476.2230224609375,107.77105712890625,243.04193115234375,126.33430480957031,127.24337005615234,307.4788818359375,36.166847229003906,273.91217041015625,193.076904296875,92.23303985595703,192.8826904296875,190.92730712890625,617.3654174804688,329.0390625,411.7821044921875,217.24627685546875,158.51663208007812,602.5311279296875,573.47998046875,256.3250732421875,147.564453125,260.50836181640625,695.8504028320312,61.61595916748047,432.1991882324219,800.8499755859375,74.85397338867188,544.4962158203125,284.81854248046875,55.154232025146484,491.27386474609375,56.058349609375,657.2430419921875,,49.05339050292969,93.69744110107422,430.3955078125,461.9884338378906,97.18900299072266,493.0616149902344,228.12399291992188,253.2041473388672,118.38121032714844,85.50199890136719,189.3000030517578,147.35250854492188,165.12843322753906,655.1492309570312,116.1449203491211,166.3639373779297,680.1152954101562,122.3548583984375,81.25704956054688,40.99281692504883,510.7300109863281,83.04676818847656,515.72900390625,590.7997436523438,395.16632080078125,135.1048583984375,581.0089721679688,397.1499938964844,179.97390747070312,526.364501953125,331.4970703125,443.8800048828125,209.6634063720703,96.27893829345703,105.56611633300781,170.54873657226562
2025-01-28,236.9655303955078,169.1361083984375,125.04371643066406,374.649169921875,442.8399963378906,205.47740173339844,73.16388702392578,114.16999816894531,269.595703125,238.14999389648438,106.54000091552734,369.250244140625,316.5235595703125,205.0728302001953,312.7131042480469,45.52236557006836,190.45460510253906,185.58180236816406,1024.3814697265625,469.9700012207031,102.31999969482422,384.9926452636719,269.7051086425781,299.29998779296875,295.09552001953125,224.63790893554688,952.392333984375,357.6153259277344,57.70756912231445,198.34690856933594,147.8431396484375,472.13116455078125,106.51744079589844,246.3193359375,127.3333969116211,125.59447479248047,308.58428955078125,35.34823989868164,271.1100769042969,193.047119140625,90.78207397460938,196.16757202148438,194.4012451171875,621.7717895507812,325.7684631347656,405.9281311035156,218.72927856445312,156.55523681640625,596.6112060546875,574.1400146484375,250.7898712158203,145.1418914794922,261.7724609375,696.0582885742188,60.15924835205078,428.2851867675781,797.69873046875,73.7454833984375,544.2177734375,282.93328857421875,54.23868942260742,488.2138671875,54.69365692138672,671.63525390625,,48.27330780029297,93.2286605834961,442.9143371582031,458.9991149902344,97.18299865722656,476.8068542480469,234.0780029296875,245.95193481445312,128.94775390625,85.22266387939453,192.94000244140625,143.1971893310547,161.75111389160156,658.5694580078125,115.14869689941406,166.72352600097656,681.7244873046875,125.58374786376953,80.43985748291016,39.81719207763672,526.1199951171875,80.20494842529297,515.4319458007812,595.8760986328125,390.4725036621094,133.73959350585938,581.6559448242188,398.0899963378906,173.75762939453125,525.3573608398438,331.4376525878906,440.67999267578125,209.6830291748047,96.17019653320312,103.52513885498047,167.97616577148438
2025-01-29,238.0595703125,169.57151794433594,125.50505828857422,370.7184143066406,441.67999267578125,205.85989379882812,73.39749145507812,117.3499984741211,270.9229736328125,237.07000732421875,107.83999633789062,364.5386657714844,316.8236389160156,204.07394409179688,310.9475402832031,45.434898376464844,188.7877197265625,187.05465698242188,1025.755615234375,469.260009765625,102.70999908447266,387.89276123046875,273.2315673828125,289.8800048828125,295.5729675292969,222.8265380859375,957.7073364257812,351.7039489746094,57.8240966796875,196.49635314941406,147.3509979248047,470.3311462402344,105.85714721679688,243.76255798339844,126.20697784423828,125.57518768310547,313.4498596191406,35.78219985961914,267.6172180175781,197.68389892578125,92.4651870727539,196.27703857421875,194.51075744628906,621.3622436523438,324.6981201171875,400.684814453125,221.60806274414062,154.95855712890625,588.9929809570312,572.7100219726562,248.53118896484375,145.88507080078125,261.22369384765625,706.0101318359375,60.6126594543457,431.0486145019531,796.7970581054688,74.37889862060547,545.6495361328125,281.922607421875,53.99775695800781,485.5599060058594,54.90509033203125,673.7865600585938,,48.328372955322266,94.022705078125,438.0909729003906,457.19366455078125,97.81500244140625,471.8099365234375,228.7259979248047,250.26036071777344,123.65947723388672,85.87200164794922,185.4199981689453,143.31153869628906,161.79005432128906,658.154296875,114.1524887084961,166.87901306152344,682.6582641601562,122.4331283569336,80.79430389404297,39.45100784301758,512.7100219726562,79.5232925415039,512.2329711914062,593.204833984375,386.4408264160156,132.81991577148438,565.6683959960938,389.1000061035156,173.46896362304688,521.115478515625,332.8249206542969,441.5199890136719,205.65916442871094,96.37777709960938,104.12879943847656,167.77902221679688
2025-01-30,236.29916381835938,169.9488525390625,126.43756103515625,376.9858093261719,446.0,208.30184936523438,73.40721893310547,118.86000061035156,273.1736145019531,234.63999938964844,113.86000061035156,369.91619873046875,324.3640441894531,213.2812957763672,314.5970458984375,45.40574264526367,190.0034942626953,189.1332244873047,1044.1832275390625,472.3500061035156,103.04000091552734,369.8904113769531,272.19146728515625,297.760009765625,275.7615966796875,226.104248046875,972.5992431640625,341.34161376953125,58.71743392944336,200.07872009277344,147.947265625,472.13116455078125,107.42654418945312,249.27096557617188,127.76436614990234,125.14128112792969,322.82568359375,36.13726043701172,261.9547424316406,204.10789489746094,93.78074645996094,201.7021026611328,199.9456329345703,629.4732666015625,331.625732421875,401.7315673828125,250.3376922607422,157.14662170410156,600.524658203125,580.1799926757812,252.1663818359375,147.54515075683594,262.8405456542969,735.1826171875,61.78960418701172,438.974853515625,815.7734985351562,79.90164947509766,562.7606811523438,282.1266784667969,53.1593132019043,494.3537292480469,56.13523483276367,684.254638671875,,47.30050277709961,94.66368103027344,411.0130310058594,466.2702331542969,97.3239974975586,473.6029357910156,202.5500030517578,250.70877075195312,124.60917663574219,87.34400177001953,187.4199981689453,144.7696990966797,162.93853759765625,695.79638671875,115.57017517089844,167.09283447265625,678.496337890625,126.20015716552734,82.310546875,39.52810287475586,526.3599853515625,81.5394515991211,518.4920654296875,596.3885498046875,385.8083801269531,133.15174865722656,604.0047607421875,400.2799987792969,178.28033447265625,528.3497924804688,339.9296569824219,438.3999938964844,218.3000030517578,97.51454162597656,104.9911880493164,170.23333740234375
2025-01-31,234.71780395507812,177.9310760498047,125.57377624511719,381.1443176269531,437.45001220703125,207.80166625976562,71.6941909790039,115.94999694824219,274.5201721191406,237.67999267578125,115.2300033569336,368.59417724609375,324.5189208984375,218.82940673828125,313.11749267578125,44.99755096435547,189.3229522705078,187.67660522460938,1048.061767578125,468.6700134277344,102.36000061035156,366.3984680175781,269.3188171386719,297.6199951171875,286.7051086425781,226.67929077148438,973.4634399414062,339.4837341308594,58.843658447265625,198.4854736328125,141.1991424560547,468.75732421875,107.16816711425781,246.9807586669922,127.28440856933594,121.29389190673828,322.17431640625,35.35810089111328,257.70294189453125,202.12210083007812,94.02256774902344,204.6585235595703,203.0811309814453,624.3064575195312,326.9676513671875,399.2891845703125,247.8466339111328,157.531005859375,597.4555053710938,571.8800048828125,251.22608947753906,146.85023498535156,261.9292297363281,731.0335083007812,61.239715576171875,438.71917724609375,803.733642578125,80.21836853027344,552.2413940429688,280.55242919921875,52.33050537109375,494.59136962890625,55.73159408569336,686.4258422851562,,47.933746337890625,94.53932189941406,411.08233642578125,462.955322265625,97.6760025024414,477.4241027832031,203.67599487304688,248.8567352294922,120.03067016601562,86.29467010498047,184.4199981689453,143.61651611328125,161.55645751953125,698.9201049804688,114.2291259765625,168.06468200683594,668.4640502929688,126.17080688476562,81.44412231445312,38.81501007080078,525.47998046875,80.59857177734375,516.382568359375,593.2146606445312,386.658203125,130.7530517578125,595.0552978515625,404.6000061035156,178.95887756347656,525.3670654296875,338.6910400390625,461.67999267578125,216.1702880859375,97.03018951416016,102.36569213867188,168.4492950439453
2025-02-03,226.77120971679688,183.96853637695312,126.08419036865234,381.4017028808594,438.6000061035156,201.27999877929688,71.14913177490234,114.2699966430664,277.8384094238281,237.4199981689453,111.5,373.309326171875,327.2389221191406,215.3284149169922,312.2100524902344,44.91007995605469,189.3306121826172,185.90740966796875,987.886962890625,464.6099853515625,103.06999969482422,356.6427001953125,271.3494567871094,298.29998779296875,284.999755859375,230.637451171875,999.2435913085938,337.0396423339844,59.27091598510742,200.10842895507812,141.34112548828125,459.40301513671875,108.3260726928711,246.30947875976562,125.22749328613281,121.88208770751953,311.2884521484375,35.36796188354492,240.64730834960938,202.6582794189453,95.16400146484375,201.71205139160156,200.303955078125,616.478271484375,331.3185119628906,396.16839599609375,252.72215270996094,158.0829620361328,596.7105712890625,578.5499877929688,247.61996459960938,146.57997131347656,261.4490661621094,732.9843139648438,61.11430358886719,446.67498779296875,803.0894775390625,79.36719512939453,560.7125854492188,281.86431884765625,50.364501953125,491.65020751953125,55.1741828918457,694.6728515625,,48.50274658203125,95.46730041503906,406.98199462890625,467.02008056640625,97.89399719238281,477.8944396972656,204.18800354003906,244.00241088867188,116.62179565429688,87.73733520507812,182.7899932861328,143.2162322998047,164.25245666503906,687.769775390625,112.87848663330078,165.45037841796875,662.3751220703125,127.1198959350586,81.4736557006836,38.699378967285156,520.25,80.61778259277344,513.3818359375,589.2225952148438,386.5099792480469,127.19766235351562,591.0733032226562,383.67999267578125,175.40121459960938,530.8773803710938,342.67449951171875,470.3699951171875,219.56605529785156,98.39430236816406,102.61483001708984,169.47438049316406
2025-02-04,231.53518676757812,183.7847137451172,126.72222137451172,387.74835205078125,440.2300109863281,202.03514099121094,70.77928161621094,119.5,277.982666015625,242.05999755859375,112.31999969482422,375.8785095214844,324.9158020019531,219.97659301757812,311.5195617675781,45.39601516723633,185.36216735839844,185.3543701171875,989.748291015625,467.489990234375,103.54000091552734,357.03729248046875,269.6654968261719,299.6700134277344,284.0252380371094,232.43923950195312,1015.1685791015625,341.90789794921875,59.56222152709961,198.52505493164062,145.0133056640625,464.5375671386719,107.58922576904297,245.6480712890625,125.07078552246094,123.54059600830078,310.5877380371094,35.97945785522461,244.15960693359375,200.7419891357422,94.78673553466797,206.75885009765625,205.43028259277344,618.2427368164062,331.8140563964844,398.81427001953125,256.33758544921875,157.0283660888672,587.7315063476562,579.6500244140625,246.88323974609375,148.14356994628906,262.5563659667969,742.0054321289062,60.45830154418945,447.25518798828125,818.5877685546875,79.09007263183594,555.9003295898438,281.5922546386719,50.69216537475586,488.3426208496094,53.934417724609375,701.3759765625,,48.29166793823242,86.80931854248047,408.4181213378906,465.05670166015625,99.48699951171875,472.64276123046875,202.0260009765625,246.5367889404297,118.61112976074219,88.94599914550781,183.39999389648438,136.75450134277344,163.63931274414062,681.7695922851562,113.32870483398438,168.17156982421875,692.3724975585938,125.60330963134766,80.53832244873047,39.720829010009766,523.8800048828125,79.87852478027344,508.737060546875,593.17529296875,387.7452392578125,128.5629425048828,577.9527587890625,392.2099914550781,175.03286743164062,528.2335815429688,342.0105285644531,482.2799987792969,218.01539611816406,99.61013793945312,105.36489868164062,169.77008056640625
2025-02-05,231.20697021484375,185.5262908935547,129.62770080566406,394.31280517578125,437.6300048828125,205.75201416015625,71.42166137695312,112.01000213623047,296.0550842285156,236.1699981689453,115.48999786376953,380.7878723144531,322.47650146484375,229.4410400390625,316.15545654296875,45.784767150878906,187.3807830810547,186.16452026367188,988.6178588867188,473.7300109863281,104.97000122070312,353.9794006347656,270.2301025390625,302.6499938964844,285.82806396484375,231.58627319335938,1036.0509033203125,345.6733093261719,60.75657272338867,199.5047607421875,144.79562377929688,460.0226745605469,108.9576644897461,246.5069122314453,122.20088195800781,123.13562774658203,311.13055419921875,36.17671585083008,245.5801239013672,203.12493896484375,96.39247131347656,192.4148406982422,190.4495086669922,629.2295532226562,333.8259582519531,401.0724792480469,255.2132110595703,158.38848876953125,584.2948608398438,590.9000244140625,246.4567108154297,149.3017578125,264.9963073730469,751.7393798828125,60.89242172241211,446.1734313964844,834.5519409179688,81.09922790527344,563.0390014648438,280.6787414550781,51.55952453613281,491.0263366699219,55.19340515136719,702.0532836914062,,48.25495529174805,85.78567504882812,409.3293151855469,474.56744384765625,101.11100006103516,462.7957763671875,205.41200256347656,246.1371307373047,124.78910827636719,89.8826675415039,186.85000610351562,138.8226318359375,164.49578857421875,680.9490966796875,113.77891540527344,170.91226196289062,711.9105224609375,126.37627410888672,80.60722351074219,39.59954071044922,528.4199829101562,80.52176666259766,509.3114929199219,595.5803833007812,394.3658752441406,128.1931915283203,579.7545776367188,378.1700134277344,176.03134155273438,522.7716064453125,346.26153564453125,488.44000244140625,220.5965576171875,101.28069305419922,105.28823852539062,173.15087890625
2025-02-06,231.95291137695312,186.70669555664062,125.85842895507812,383.51068115234375,435.3999938964844,203.8200225830078,72.58964538574219,110.16000366210938,286.40814208984375,238.8300018310547,115.2699966430664,383.10809326171875,317.6173400878906,228.80809020996094,315.7806396484375,46.39704895019531,173.73208618164062,189.34634399414062,980.9389038085938,477.2200012207031,105.0199966430664,360.4897766113281,270.3093566894531,302.9100036621094,279.9031677246094,234.2410125732422,1044.10791015625,328.6643371582031,60.465267181396484,202.16677856445312,143.7639923095703,457.3669128417969,109.58924102783203,246.8227996826172,124.8650894165039,122.15208435058594,311.7226867675781,36.64026641845703,251.76800537109375,204.59439086914062,94.83511352539062,192.42477416992188,190.71829223632812,641.6785278320312,321.6356201171875,401.4020080566406,245.6560516357422,165.26809692382812,586.2217407226562,588.5,247.2806854248047,148.16285705566406,271.3363342285156,754.3834228515625,61.123958587646484,453.0376281738281,862.486572265625,81.9801025390625,563.9041137695312,286.0527038574219,51.18367004394531,497.9583435058594,55.577823638916016,709.144775390625,,48.310020446777344,84.23585510253906,411.8350524902344,475.6329345703125,101.56800079345703,457.1227722167969,204.66000366210938,245.1331329345703,128.63784790039062,88.71600341796875,187.3699951171875,138.52719116210938,164.3692626953125,683.6477661132812,113.54901885986328,164.55625915527344,717.2246704101562,126.00447082519531,82.34993743896484,38.86207580566406,533.1799926757812,80.4449691772461,514.0552978515625,597.6503295898438,391.3816223144531,127.69068908691406,570.128173828125,374.32000732421875,177.6696014404297,513.3099975585938,344.31939697265625,481.1600036621094,220.7437744140625,101.66620635986328,103.89883422851562,171.6230926513672
2025-02-07,226.39328002929688,184.41363525390625,126.69278717041016,382.16412353515625,433.07000732421875,201.2505645751953,72.69670104980469,107.55999755859375,282.330078125,229.14999389648438,118.47000122070312,384.8905944824219,300.494140625,222.3896942138672,312.44677734375,46.06660842895508,175.75071716308594,193.61521911621094,966.7308959960938,472.739990234375,105.25,358.94110107421875,267.614990234375,299.67999267578125,279.3963928222656,234.64353942871094,1038.120849609375,323.7166442871094,60.465267181396484,199.95999145507812,144.4454345703125,457.97674560546875,110.03900146484375,244.2265167236328,121.81887817382812,121.978515625,308.95928955078125,37.695587158203125,249.1508026123047,203.81993103027344,92.90048217773438,186.2830352783203,184.48707580566406,639.4168701171875,319.1777648925781,394.8211364746094,244.58984375,164.4303436279297,574.9482421875,582.97998046875,247.73629760742188,147.7864532470703,270.2584228515625,740.4012451171875,61.58701705932617,447.50103759765625,870.3546142578125,81.48522186279297,559.5194091796875,285.994384765625,50.00791931152344,498.4139099121094,56.17367935180664,711.6646118164062,,48.328372955322266,83.49921417236328,405.8232116699219,472.8803405761719,101.39299774169922,459.1117248535156,201.6580047607422,244.12371826171875,129.79745483398438,87.78333282470703,193.94000244140625,137.7933349609375,163.4835662841797,677.6730346679688,112.40912628173828,163.2345428466797,705.2357177734375,125.1923599243164,81.89702606201172,38.968814849853516,525.8200073242188,81.20343017578125,514.1443481445312,592.1797485351562,386.76690673828125,124.53350830078125,568.8937377929688,361.6199951171875,174.49000549316406,510.39495849609375,344.85443115234375,469.32000732421875,220.73397827148438,99.98577117919922,104.33960723876953,168.9716796875
2025-02-10,226.66209411621094,184.16204833984375,128.8915252685547,383.0651550292969,451.1000061035156,200.9073028564453,73.08602905273438,110.4800033569336,283.5323486328125,233.13999938964844,120.2300033569336,383.98443603515625,300.6005554199219,232.44749450683594,306.025634765625,45.357139587402344,175.52133178710938,194.64559936523438,960.4064331054688,470.1700134277344,106.18000030517578,358.2900695800781,264.0686950683594,305.6300048828125,285.3505859375,231.7491912841797,1056.1318359375,325.0777893066406,60.98961639404297,201.85012817382812,147.42672729492188,462.2850646972656,110.62274169921875,242.78526306152344,124.15006256103516,125.89339447021484,315.7000732421875,37.932289123535156,251.24264526367188,203.7603759765625,92.35879516601562,187.3381805419922,185.6118927001953,634.181884765625,315.4216003417969,401.2372741699219,243.22381591796875,164.71617126464844,582.8843994140625,595.7000122070312,249.72352600097656,148.86744689941406,265.5941162109375,744.12451171875,62.2719612121582,453.2146911621094,861.0100708007812,82.87086486816406,562.2437133789062,299.7159118652344,50.16211700439453,499.33489990234375,56.25056457519531,714.533203125,,49.411312103271484,82.65731811523438,408.2695617675781,475.2975158691406,102.76000213623047,464.7847900390625,204.36199951171875,248.3671875,133.5262451171875,87.33466339111328,196.39999389648438,137.5741424560547,163.05532836914062,674.4230346679688,114.43985748291016,166.5388641357422,685.7274780273438,125.48589324951172,79.91802978515625,39.9876708984375,531.3300170898438,82.0962905883789,510.3315734863281,596.2013549804688,387.95269775390625,124.46712493896484,550.36767578125,350.7300109863281,174.79051208496094,516.5348510742188,348.0352783203125,469.9700012207031,221.89202880859375,101.73539733886719,106.33268737792969,169.44479370117188
2025-02-11,231.61053466796875,185.60369873046875,129.01913452148438,386.154296875,458.82000732421875,199.53433227539062,73.90361022949219,111.0999984741211,285.3309020996094,232.75999450683594,116.83999633789062,382.5903015136719,299.57452392578125,232.44749450683594,305.34503173828125,45.4737663269043,175.49839782714844,194.0054168701172,962.9888916015625,472.6099853515625,105.9800033569336,357.3135070800781,265.4356994628906,303.8699951171875,287.7088317871094,231.68209838867188,1052.5714111328125,322.2959289550781,60.620628356933594,203.26527404785156,149.00726318359375,466.5343322753906,111.66580200195312,257.879150390625,124.3067855834961,127.56155395507812,312.37408447265625,37.0742301940918,254.19064331054688,207.3347930908203,92.9972152709961,186.21336364746094,184.46719360351562,630.9744873046875,320.8427734375,403.53424072265625,248.5220947265625,164.5387420654297,581.9307861328125,591.6500244140625,250.76077270507812,150.6916046142578,269.4646911621094,751.2145385742188,65.21431732177734,453.0966491699219,857.165283203125,82.40568542480469,561.4581909179688,301.45538330078125,50.67289733886719,507.61370849609375,58.09579086303711,716.9235229492188,,49.42048645019531,82.791259765625,407.4970397949219,468.21380615234375,100.80799865722656,464.2654724121094,201.80999755859375,251.32688903808594,132.7565155029297,88.26266479492188,195.49000549316406,138.80357360839844,164.90457153320312,674.7698364257812,116.64301300048828,167.15115356445312,660.9945678710938,126.3273696899414,81.91671752929688,40.54076385498047,529.1400146484375,82.99877166748047,535.2984619140625,596.65478515625,385.8577880859375,125.57640075683594,542.7720947265625,328.5,173.76295471191406,517.0674438476562,348.1147155761719,455.2200012207031,222.539794921875,101.29058074951172,107.00343322753906,171.7906494140625
2025-02-12,235.84210205078125,186.7357177734375,128.08663940429688,384.9859313964844,462.760009765625,201.172119140625,74.80878448486328,111.72000122070312,283.7919921875,228.92999267578125,109.63999938964844,385.1195983886719,300.406982421875,233.74305725097656,302.21826171875,44.91007995605469,172.6922149658203,198.79046630859375,948.8685302734375,471.7300109863281,105.7699966430664,347.2618103027344,262.5729675292969,294.04998779296875,285.2239074707031,238.60169982910156,1059.314453125,324.0047607421875,60.71772766113281,202.4834747314453,146.6033172607422,468.75732421875,111.35958862304688,258.6688537597656,121.94620513916016,124.23487091064453,305.8307189941406,37.439151763916016,255.5430450439453,208.14894104003906,99.93283081054688,184.5808563232422,182.76504516601562,632.6903076171875,309.5940246582031,394.59832763671875,249.60516357421875,164.16419982910156,572.6538696289062,589.6099853515625,248.21127319335938,149.85189819335938,269.91546630859375,743.2233276367188,66.28514099121094,450.95281982421875,865.06298828125,80.73302459716797,561.3587646484375,298.9190368652344,51.89683151245117,500.5331115722656,58.23994827270508,722.4812622070312,,48.95244598388672,81.95894622802734,405.1200256347656,460.6368408203125,102.73100280761719,461.3457336425781,196.47999572753906,248.83761596679688,131.0970458984375,88.28666687011719,196.72999572753906,137.23104858398438,165.05056762695312,672.2034912109375,114.72721862792969,165.49896240234375,659.4052124023438,124.04757690429688,81.01091003417969,40.220550537109375,509.7099914550781,83.34439086914062,526.3853149414062,594.7327270507812,381.065185546875,121.91419982910156,535.5745849609375,336.510009765625,174.48031616210938,510.7532958984375,348.8789367675781,453.20001220703125,223.17771911621094,102.41746520996094,103.78404998779297,171.38656616210938
2025-02-13,240.4818878173828,187.17112731933594,129.3626708984375,385.67901611328125,459.2200012207031,205.30087280273438,74.36107635498047,111.80999755859375,285.62908935546875,230.3699951171875,109.75,388.65478515625,305.0628967285156,233.1991424560547,303.30328369140625,45.026710510253906,172.04991149902344,198.41770935058594,955.2904052734375,480.489990234375,106.13999938964844,348.8992614746094,265.2177734375,296.1600036621094,292.1720275878906,239.70382690429688,1070.990478515625,327.71063232421875,61.98976135253906,203.84915161132812,147.5308380126953,458.58660888671875,109.04377746582031,262.0647277832031,122.72980499267578,124.40843963623047,303.7877502441406,39.66814041137695,256.00030517578125,206.87803649902344,102.49620819091797,187.0196533203125,185.2834014892578,632.6416015625,319.04888916015625,399.72528076171875,252.9031982421875,166.14527893066406,579.9642333984375,591.3900146484375,252.12759399414062,151.77259826660156,270.7679748535156,756.8193359375,67.04727935791016,453.4015197753906,863.9630737304688,82.44528198242188,563.0589599609375,301.2707824707031,52.29195785522461,522.359130859375,58.77813720703125,725.6486206054688,,49.209407806396484,80.7630844116211,406.60565185546875,459.7982177734375,104.36900329589844,445.86492919921875,197.89599609375,252.08148193359375,135.24566650390625,89.04533386230469,201.8800048828125,137.7933349609375,166.45211791992188,687.4624633789062,115.80965423583984,167.306640625,669.7454223632812,123.12783813476562,80.31185913085938,40.83186721801758,528.2899780273438,83.31560516357422,537.0910034179688,601.0115356445312,383.77276611328125,122.94689178466797,530.2388916015625,355.94000244140625,175.26553344726562,514.4140014648438,352.98822021484375,462.5799865722656,223.3740234375,103.84088134765625,104.53813934326172,162.56488037109375
2025-02-14,243.53854370117188,186.60992431640625,128.20440673828125,384.1641540527344,460.1600036621094,210.4691925048828,72.35604095458984,113.0999984741211,282.303466796875,228.67999267578125,106.87000274658203,385.3685607910156,305.99212646484375,230.46957397460938,306.7949523925781,45.63898468017578,171.8893280029297,199.83193969726562,949.0731811523438,479.5899963378906,106.11000061035156,348.5244140625,262.0281066894531,295.19000244140625,284.86334228515625,235.2664794921875,1066.0078125,324.4220886230469,62.98991012573242,202.4808807373047,148.65045166015625,472.357421875,107.78340911865234,261.3441162109375,121.32123565673828,124.68807220458984,305.1300048828125,38.928428649902344,260.5245056152344,206.7886962890625,100.67766571044922,186.0142822265625,184.37759399414062,643.9500732421875,313.38983154296875,396.8855895996094,254.9425048828125,164.31207275390625,583.4207763671875,595.5499877929688,250.20822143554688,150.7108917236328,271.0325622558594,743.4114990234375,66.43949127197266,449.4187316894531,838.0648803710938,81.90092468261719,561.5178833007812,299.84222412109375,53.737548828125,517.7642211914062,58.45137405395508,733.7261352539062,,48.906551361083984,79.41417694091797,404.515869140625,432.2626647949219,105.86000061035156,430.0314636230469,197.3260040283203,250.87606811523438,138.8045196533203,87.91999816894531,200.02999877929688,136.65919494628906,158.53924560546875,693.83349609375,115.76175689697266,167.38438415527344,669.0799560546875,119.77175903320312,79.36351776123047,40.511653900146484,522.530029296875,82.16350555419922,534.4863891601562,600.9819946289062,380.62054443359375,122.27754974365234,529.4523315429688,355.8399963378906,177.42724609375,506.9861145019531,351.18170166015625,459.0,223.5015869140625,102.84251403808594,104.64449310302734,155.26116943359375
2025-02-18,243.40911865234375,189.88021850585938,127.78234100341797,383.7284851074219,464.1099853515625,215.97096252441406,73.44615173339844,114.27999877929688,283.8935241699219,226.64999389648438,111.05999755859375,389.451416015625,306.8439636230469,226.00930786132812,308.5802917480469,45.2210807800293,172.1416778564453,203.69357299804688,952.91259765625,482.82000732421875,105.3499984741211,349.1952209472656,264.0984191894531,300.42999267578125,287.2313537597656,237.5378875732422,1050.2740478515625,326.82635498046875,62.71802520751953,202.00497436523438,149.4351348876953,493.34796142578125,107.09768676757812,262.8050842285156,122.96391296386719,126.25981903076172,309.0283508300781,38.76076126098633,260.2131652832031,208.5858154296875,101.80941772460938,184.9491729736328,182.92430114746094,655.2975463867188,313.8853759765625,390.88623046875,256.6891174316406,164.10507202148438,576.0308837890625,600.8900146484375,254.2214813232422,150.7887420654297,274.3250732421875,750.84814453125,66.61315155029297,458.1022033691406,850.8998413085938,85.69161987304688,565.3457641601562,296.2272033691406,55.76138687133789,514.5358276367188,58.797359466552734,713.5072021484375,,48.410972595214844,79.68204498291016,405.7142639160156,420.2657775878906,103.58499908447266,432.4417724609375,199.49600219726562,253.25753784179688,139.35433959960938,86.38800048828125,208.27999877929688,137.33587646484375,161.0113983154297,689.08740234375,116.20238494873047,168.75473022460938,675.4369506835938,121.09266662597656,80.48967742919922,41.38496017456055,525.0,83.16077423095703,538.527099609375,602.7463989257812,381.0454406738281,124.40985107421875,520.73193359375,354.1099853515625,180.75225830078125,484.92510986328125,354.080078125,462.1099853515625,224.11007690429688,102.58550262451172,106.48137664794922,154.23606872558594
2025-02-19,243.807373046875,190.9445343017578,129.69639587402344,386.3621826171875,456.989990234375,236.99728393554688,73.27095794677734,114.69000244140625,285.31878662109375,226.6300048828125,103.91999816894531,393.215576171875,306.8923034667969,226.2071075439453,305.6903076171875,44.71570587158203,173.9997100830078,202.4544219970703,961.1763916015625,483.7699890136719,105.66999816894531,348.2087707519531,263.9300537109375,274.0400085449219,289.6480712890625,240.31723022460938,1056.7486572265625,322.4250793457031,62.96076965332031,206.3675079345703,150.4590606689453,500.9317321777344,107.9669189453125,262.8248596191406,122.39340209960938,129.7215118408203,305.3865966796875,38.04077911376953,259.64886474609375,209.0028076171875,104.1309585571289,186.27308654785156,184.41741943359375,651.3590698242188,317.7010803222656,383.2489929199219,257.9087829589844,164.5584716796875,578.2656860351562,608.47998046875,256.01483154296875,153.61012268066406,273.6391296386719,767.1871337890625,67.5971450805664,454.40460205078125,860.677490234375,86.76054382324219,565.2363891601562,293.41876220703125,61.28355407714844,514.2288818359375,59.518150329589844,700.9577026367188,,48.95244598388672,81.89198303222656,410.79510498046875,433.19000244140625,104.33300018310547,424.69158935546875,197.42799377441406,244.07470703125,139.1844024658203,86.38666534423828,205.19000244140625,138.96559143066406,162.04312133789062,695.12158203125,116.50890350341797,170.29025268554688,681.0589599609375,122.70710754394531,81.01322937011719,40.92890167236328,500.9800109863281,83.73202514648438,537.4674072265625,604.1658935546875,383.9209899902344,125.02182006835938,528.466796875,360.55999755859375,190.31044006347656,494.90966796875,352.5911865234375,471.760009765625,224.27694702148438,102.80296325683594,106.63606262207031,154.39378356933594
2025-02-20,244.76321411132812,194.35995483398438,130.71725463867188,381.0353698730469,454.69000244140625,239.11563110351562,74.21507263183594,114.16999816894531,288.86749267578125,222.8800048828125,103.4000015258789,391.4231262207031,304.2110595703125,224.2390594482422,299.71295166015625,44.02568435668945,174.2826385498047,198.7952117919922,964.138671875,481.79998779296875,105.36000061035156,344.4110107421875,264.9701232910156,270.2300109863281,292.0355529785156,237.9883575439453,1029.1895751953125,316.3646545410156,62.79570388793945,204.1763153076172,151.9518585205078,487.6724548339844,109.2900619506836,263.9107666015625,122.70816040039062,130.8207550048828,304.7845764160156,38.4254264831543,261.19580078125,207.25534057617188,106.43315887451172,185.7853546142578,183.71066284179688,626.1196899414062,318.6326904296875,382.4833679199219,258.3185729980469,164.39089965820312,575.1766967773438,606.5700073242188,257.4107666015625,155.35159301757812,261.43927001953125,770.0390625,67.56820678710938,454.2374267578125,866.7028198242188,88.10658264160156,560.0463256835938,294.4974060058594,61.967803955078125,506.6531066894531,59.748802185058594,692.0633544921875,,49.86100769042969,83.88187408447266,412.9684753417969,428.68133544921875,102.4540023803711,429.2574157714844,193.5959930419922,244.42750549316406,140.06411743164062,87.49600219726562,198.80999755859375,142.1011505126953,162.74388122558594,689.08740234375,115.80965423583984,168.81304931640625,692.2379150390625,122.41357421875,80.83541870117188,41.33644104003906,493.9700012207031,85.02945709228516,530.2673950195312,601.65234375,381.83599853515625,122.51660919189453,535.4054565429688,354.3999938964844,197.71656799316406,486.5617980957031,347.8863830566406,480.3299865722656,224.86578369140625,96.09111785888672,108.27959442138672,155.16259765625
2025-02-21,244.48443603515625,195.52099609375,132.43502807617188,360.65887451171875,444.32000732421875,234.30035400390625,74.60440063476562,110.83999633789062,293.79296875,216.5800018310547,98.30000305175781,387.9278259277344,299.9617004394531,216.24818420410156,291.368408203125,43.54947280883789,173.90029907226562,197.70225524902344,949.365478515625,478.739990234375,104.48999786376953,335.4246826171875,264.7323913574219,258.3399963378906,292.1622619628906,238.5154266357422,1029.3885498046875,307.79058837890625,62.12570571899414,202.68907165527344,150.16241455078125,481.9576110839844,111.59832763671875,261.29473876953125,119.85562133789062,128.32333374023438,293.48419189453125,36.472599029541016,247.3119659423828,198.40872192382812,106.35576629638672,180.74850463867188,178.83322143554688,609.87841796875,313.59796142578125,373.4309997558594,255.1376495361328,165.45535278320312,561.6583862304688,591.7899780273438,256.1893310546875,157.9005889892578,258.93072509765625,746.936767578125,68.83197784423828,450.4021301269531,867.2587280273438,85.13735961914062,554.3094482421875,296.2077941894531,58.854957580566406,495.4232177734375,62.15143966674805,680.8182983398438,,50.52178192138672,85.62303924560547,405.108642578125,416.2404479980469,100.31500244140625,438.90838623046875,187.6820068359375,242.81045532226562,134.38595581054688,86.89399719238281,191.02999877929688,146.29461669921875,165.68321228027344,660.8584594726562,115.876708984375,160.77569580078125,696.5244750976562,121.24332427978516,79.46231079101562,40.501949310302734,474.8399963378906,85.59101104736328,528.2570190429688,591.3616333007812,378.2489318847656,118.82569885253906,530.1492919921875,337.79998779296875,195.81655883789062,451.6980895996094,345.94097900390625,484.239990234375,223.79603576660156,93.68907928466797,107.01311492919922,158.1590118408203
2025-02-24,246.0277099609375,197.45608520507812,132.4644775390625,360.31231689453125,444.4200134277344,232.4174041748047,76.47315216064453,108.11000061035156,300.2988586425781,212.7100067138672,92.69000244140625,390.5368347167969,299.477783203125,205.6365203857422,291.4966735839844,43.209312438964844,176.10247802734375,200.017333984375,928.4918823242188,498.4200134277344,104.38999938964844,334.31988525390625,270.86407470703125,252.9499969482422,293.3414306640625,237.44204711914062,1029.9554443359375,306.3202209472656,61.40715026855469,201.61830139160156,151.09063720703125,476.6164855957031,111.9556655883789,260.4259948730469,118.70478057861328,128.85365295410156,286.0624694824219,36.60081481933594,246.67955017089844,197.2966766357422,107.40047454833984,180.3602752685547,178.4251251220703,610.40478515625,316.7198791503906,370.6397399902344,255.51817321777344,165.99745178222656,563.4165649414062,591.010009765625,253.59141540527344,159.3015594482422,256.0889587402344,732.0198974609375,68.09879302978516,450.92333984375,874.9219970703125,82.48486328125,555.7909545898438,298.889892578125,59.06371307373047,496.0867004394531,62.814571380615234,665.4600219726562,,50.70532989501953,87.31636047363281,400.9306335449219,415.05657958984375,98.84700012207031,440.848388671875,185.51600646972656,239.22360229492188,130.23733520507812,87.6606674194336,190.38999938964844,146.62820434570312,165.98492431640625,653.0408325195312,115.64681243896484,156.56753540039062,709.3742065429688,123.3478012084961,79.14620208740234,40.298179626464844,470.0799865722656,86.06544494628906,528.0787353515625,588.6705932617188,383.3281555175781,120.25997924804688,533.1356811523438,330.5299987792969,194.5951385498047,446.9527282714844,347.2610168457031,481.6499938964844,225.41537475585938,92.59186553955078,107.57383728027344,162.939453125
2025-02-25,245.96795654296875,197.51412963867188,133.31846618652344,359.36181640625,443.4100036621094,230.75999450683594,76.9111557006836,103.95999908447266,306.02911376953125,212.8000030517578,92.87999725341797,395.9042663574219,307.1923828125,200.30596923828125,289.3365173339844,42.703941345214844,175.90365600585938,199.4132080078125,933.569091796875,499.82000732421875,100.72000122070312,337.713134765625,274.8363342285156,248.89999389648438,305.892822265625,240.38430786132812,1049.9061279296875,303.89605712890625,62.40729904174805,204.0672607421875,149.68392944335938,479.606689453125,113.27881622314453,262.28192138671875,117.76048278808594,126.62623596191406,283.7925109863281,36.255611419677734,249.54002380371094,197.85269165039062,107.88412475585938,176.5577850341797,174.6127471923828,599.4569702148438,330.0995178222656,381.1749267578125,251.49813842773438,168.74732971191406,551.8847045898438,573.739990234375,256.43170166015625,161.5878448486328,252.22813415527344,719.5145874023438,68.967041015625,459.73468017578125,895.1719970703125,79.4661636352539,560.7921142578125,301.95098876953125,58.422874450683594,497.9618835449219,63.3143196105957,654.8724975585938,,51.393638610839844,87.46942901611328,394.876953125,420.74920654296875,97.7239990234375,451.6947326660156,184.45799255371094,240.20361328125,126.5885238647461,89.77200317382812,188.00999450683594,149.07754516601562,168.03855895996094,651.1482543945312,117.4476547241211,156.68414306640625,719.5386352539062,125.22608947753906,78.03981018066406,39.79359817504883,457.95001220703125,86.99493408203125,528.2371826171875,585.7430419921875,385.679931640625,121.80902099609375,537.11767578125,302.79998779296875,193.85838317871094,455.5330810546875,349.4745178222656,480.3500061035156,226.4655303955078,96.56559753417969,106.08499908447266,166.11328125
2025-02-26,239.31695556640625,196.4208221435547,133.4558868408203,354.8072814941406,441.5,229.22027587890625,76.08383178710938,104.73999786376953,297.0604553222656,214.35000610351562,96.37999725341797,397.55731201171875,303.79486083984375,210.59127807617188,292.0588684082031,42.703941345214844,174.0226593017578,199.44174194335938,929.437255859375,494.1000061035156,101.55999755859375,337.93017578125,271.08203125,253.94000244140625,297.55120849609375,237.67205810546875,1026.34521484375,305.33660888671875,62.22280502319336,202.57009887695312,148.4590606689453,470.6852111816406,112.33232879638672,263.0519104003906,117.898193359375,125.19912719726562,293.4644775390625,37.42928695678711,249.18972778320312,200.17605590820312,106.84910583496094,173.89999389648438,171.9351043701172,602.2451171875,317.0568542480469,378.4515075683594,249.63442993164062,168.70787048339844,621.2937622070312,580.9299926757812,253.4072265625,158.65945434570312,253.59024047851562,732.9627685546875,68.3013916015625,453.89324951171875,908.284912109375,80.46580505371094,558.0479125976562,295.6829833984375,58.03449249267578,494.4297790527344,60.97895812988281,671.0078125,,50.338233947753906,85.50823211669922,396.6930847167969,420.5518798828125,99.00599670410156,445.6788024902344,188.39199829101562,237.22433471679688,131.23699951171875,88.69466400146484,189.5500030517578,144.3980255126953,166.72463989257812,654.5369873046875,117.01660919189453,157.53939819335938,703.0985107421875,125.19659423828125,77.74345397949219,39.3957633972168,470.4599914550781,85.92990112304688,525.0822143554688,586.0387573242188,387.1028747558594,118.60578918457031,530.8859252929688,290.79998779296875,192.1716766357422,448.95733642578125,348.025390625,479.1000061035156,224.44378662109375,95.09274291992188,105.82395935058594,162.62403869628906
2025-02-27,236.27024841308594,198.3656005859375,133.36753845214844,353.3419189453125,437.19000244140625,219.5309295654297,77.56327056884766,99.51000213623047,296.5174865722656,208.74000549316406,91.56999969482422,402.30731201171875,302.4010314941406,195.61827087402344,290.1847839355469,42.878875732421875,171.39996337890625,194.8297882080078,920.7837524414062,502.4100036621094,100.80000305175781,335.38519287109375,279.036376953125,248.55999755859375,295.19293212890625,239.45468139648438,1016.1410522460938,292.98724365234375,61.960628509521484,201.63812255859375,149.9231719970703,472.6820068359375,111.92669677734375,263.75274658203125,118.03590393066406,125.94161224365234,286.5855407714844,36.906558990478516,251.5442657470703,199.99732971191406,108.32908630371094,169.43057250976562,167.72459411621094,592.7206420898438,318.07769775390625,378.2479248046875,247.08773803710938,168.3826446533203,596.372802734375,563.77001953125,253.15513610839844,159.29180908203125,253.84495544433594,693.89892578125,68.3689193725586,452.644287109375,898.5072631835938,75.38843536376953,561.5775146484375,301.20269775390625,55.4614372253418,488.9828796386719,61.488319396972656,655.609619140625,,50.54931640625,86.65625,389.5477600097656,423.787841796875,96.30699920654297,450.67572021484375,184.19200134277344,237.34193420410156,120.11064910888672,90.23066711425781,187.5,144.8841094970703,167.37673950195312,648.9981689453125,117.60091400146484,150.09490966796875,698.961181640625,128.35328674316406,77.47673797607422,39.69656753540039,454.7099914550781,85.4845199584961,521.2326049804688,576.6844482421875,384.2964782714844,117.13324737548828,520.8712158203125,281.95001220703125,185.444091796875,453.7705383300781,353.097412109375,474.5,225.34671020507812,95.67595672607422,106.49105072021484,162.61416625976562
2025-02-28,240.79054260253906,202.24542236328125,135.46810913085938,345.0546569824219,438.55999755859375,225.62110900878906,80.7265396118164,99.86000061035156,298.6893310546875,212.27999877929688,93.05000305175781,407.4058837890625,306.0211486816406,197.23028564453125,296.8525695800781,44.80318069458008,172.447509765625,198.707275390625,952.834716796875,513.8300170898438,103.79000091552734,339.2816162109375,282.7906799316406,250.5,300.9716796875,243.2115936279297,1042.89453125,295.91815185546875,62.25193786621094,205.7329559326172,151.7891845703125,472.9180603027344,113.47197723388672,265.559326171875,119.61955261230469,122.40278625488281,289.48712158203125,36.40355682373047,255.7862548828125,205.50784301757812,110.57324981689453,171.43136596679688,169.49639892578125,609.6597290039062,303.5682373046875,384.3829650878906,246.31690979003906,170.73825073242188,609.7024536132812,573.1500244140625,255.89852905273438,160.54685974121094,259.3324890136719,703.506103515625,68.6969223022461,459.3019714355469,913.8637084960938,75.95259094238281,573.0015258789062,299.62841796875,57.15091323852539,499.9858703613281,61.728580474853516,665.5297241210938,,51.25597381591797,88.25391387939453,393.973876953125,434.31475830078125,98.05599975585938,452.4099426269531,185.95199584960938,240.8406219482422,124.87908172607422,91.57599639892578,190.42999267578125,146.26600646972656,169.19679260253906,662.3843994140625,118.70249938964844,152.7480926513672,694.9430541992188,130.78231811523438,78.56336975097656,40.424320220947266,457.2799987792969,86.93685913085938,529.5467529296875,585.6839599609375,381.61859130859375,118.7970199584961,526.5753784179688,292.9800109863281,189.99053955078125,459.9684753417969,360.015625,479.7900085449219,228.4578399658203,97.47500610351562,107.63184356689453,164.84178161621094
2025-03-03,236.9970703125,204.61590576171875,137.6374053955078,341.579345703125,440.7200012207031,224.12062072753906,80.3858642578125,98.2300033569336,301.3266296386719,205.02000427246094,86.01000213623047,407.60504150390625,300.6973571777344,185.30331420898438,291.4571838378906,44.27837371826172,174.6802520751953,195.93978881835938,941.8131103515625,510.0799865722656,104.87000274658203,327.53326416015625,286.9610290527344,241.74000549316406,303.5638122558594,246.1921844482422,1041.14404296875,291.1592102050781,61.64019012451172,205.6635284423828,146.49732971191406,458.2029724121094,114.61161804199219,266.3589172363281,115.2522201538086,116.23153686523438,274.8213195800781,35.04248809814453,251.76800537109375,200.52357482910156,112.19832611083984,167.88768005371094,166.241455078125,592.9754638671875,308.5038146972656,377.6858215332031,244.12149047851562,170.7086944580078,597.0383911132812,566.97998046875,254.2021026611328,162.74559020996094,255.38345336914062,685.94921875,69.76774597167969,454.58160400390625,922.8868408203125,75.00244140625,571.6195068359375,297.4097900390625,56.267337799072266,498.06109619140625,63.21820831298828,652.4322509765625,,52.595882415771484,89.11492919921875,385.5384521484375,421.61737060546875,97.37000274658203,465.9228515625,182.06199645996094,240.24282836914062,114.02263641357422,91.732666015625,183.67999267578125,148.66773986816406,170.90005493164062,644.598876953125,118.33849334716797,149.2979736328125,681.1484375,131.6083526611328,77.1705093383789,38.63889694213867,443.260009765625,87.96316528320312,525.1515502929688,575.4227905273438,390.2056884765625,115.469482421875,521.2794189453125,284.6499938964844,188.4394989013672,452.3081359863281,359.1322326660156,483.30999755859375,229.43927001953125,96.46673583984375,104.18043518066406,168.0845947265625
2025-03-04,234.9061737060547,201.0166473388672,135.0460205078125,342.3615417480469,446.0299987792969,222.78103637695312,77.718994140625,100.75,302.6937255859375,203.8000030517578,85.5199966430664,402.9844665527344,295.56719970703125,185.41209411621094,279.6012268066406,41.46966552734375,171.48406982421875,194.04820251464844,927.5078125,495.8599853515625,103.61000061035156,322.3150634765625,281.47320556640625,241.2899932861328,300.9814147949219,241.49603271484375,1031.2183837890625,285.476318359375,61.42656707763672,202.81797790527344,145.4542694091797,450.8749694824219,112.42890930175781,264.3352355957031,112.16361999511719,117.74542236328125,275.57135009765625,34.421138763427734,241.0364990234375,197.35626220703125,110.98919677734375,171.819580078125,170.13343811035156,569.3449096679688,309.2669372558594,369.92254638671875,247.06825256347656,167.40689086914062,594.0386962890625,557.9600219726562,247.50364685058594,160.93601989746094,245.2218017578125,693.7401123046875,67.71292114257812,453.696533203125,904.3639526367188,75.65567016601562,551.883544921875,298.8562927246094,56.451820373535156,477.52349853515625,62.74729537963867,637.4423828125,,51.6689567565918,88.55047607421875,385.6575012207031,417.3849182128906,97.25800323486328,456.4943542480469,181.21800231933594,233.74525451660156,115.95201110839844,90.45133209228516,184.3800048828125,146.9522247314453,168.55441284179688,619.1740112304688,116.65259552001953,150.11434936523438,671.8193359375,126.56350708007812,74.23660278320312,37.92085266113281,445.4700012207031,87.03367614746094,512.7498168945312,568.611572265625,385.304443359375,112.00807189941406,514.2412719726562,272.0400085449219,188.875732421875,459.6295471191406,349.61346435546875,486.2200012207031,225.69021606445312,93.87690734863281,103.96774291992188,167.46360778808594
2025-03-05,234.7169952392578,204.67396545410156,135.1736602783203,344.8170471191406,451.239990234375,226.02162170410156,79.1400375366211,101.66999816894531,306.94049072265625,208.36000061035156,87.81999969482422,402.3770446777344,301.59759521484375,189.46688842773438,280.30157470703125,41.10035705566406,171.36936950683594,194.80325317382812,943.440673828125,498.5,104.70999908447266,333.8956604003906,284.3062744140625,244.6999969482422,303.4100036621094,243.89202880859375,1042.0391845703125,290.0762634277344,62.106285095214844,203.54176330566406,144.31553649902344,459.8456115722656,111.28927612304688,266.17138671875,113.9439926147461,117.49471282958984,283.9701843261719,37.63640213012695,243.63424682617188,201.05972290039062,111.66631317138672,174.18869018554688,172.22378540039062,581.0328369140625,316.77935791015625,374.4486999511719,245.25335693359375,169.14157104492188,613.34765625,568.02001953125,253.05819702148438,160.64414978027344,246.47608947753906,710.4236450195312,67.60680389404297,460.4820861816406,922.8868408203125,78.47500610351562,555.094970703125,300.4983215332031,57.90826416015625,478.3966064453125,63.717960357666016,653.8466186523438,,51.347747802734375,89.15319061279297,397.9732666015625,420.3841247558594,99.09200286865234,466.7003479003906,183.1580047607422,233.87266540527344,117.26158142089844,89.31133270263672,184.27999877929688,146.6567840576172,169.9462127685547,634.1851196289062,118.81744384765625,154.0309600830078,683.4160766601562,127.4879150390625,75.80728149414062,38.260467529296875,447.9599914550781,85.83307647705078,518.7919921875,574.722900390625,391.0061340332031,111.45348358154297,521.8268432617188,279.1000061035156,189.5834197998047,460.9563293457031,350.06011962890625,491.6400146484375,226.11221313476562,94.87528991699219,101.9375,164.60520935058594
2025-03-06,234.30877685546875,203.90960693359375,132.5920867919922,338.46051025390625,444.7799987792969,219.42230224609375,79.11083221435547,98.8499984741211,308.1524658203125,200.6999969482422,84.33999633789062,399.9173889160156,300.9974365234375,177.47068786621094,271.8780822753906,40.293704986572266,172.30223083496094,186.02902221679688,935.1575317382812,497.8399963378906,100.80000305175781,336.3815002441406,283.5930480957031,243.16000366210938,309.0898742675781,243.4703369140625,1021.0243530273438,284.19464111328125,61.572227478027344,198.89170837402344,146.3633575439453,474.93450927734375,110.91260528564453,262.834716796875,114.4358139038086,117.82256317138672,273.92315673828125,37.162994384765625,243.031005859375,194.6555938720703,112.24669647216797,173.41226196289062,171.55686950683594,556.1483154296875,318.8804626464844,369.97100830078125,242.65786743164062,167.20974731445312,602.28271484375,538.5700073242188,256.9939270019531,161.3349151611328,241.5863494873047,686.9218139648438,67.973388671875,458.4267272949219,906.051513671875,75.91377258300781,546.6636352539062,303.352294921875,56.568336486816406,466.5403747558594,64.1600570678711,625.420654296875,,52.320560455322266,89.92810821533203,393.87469482421875,417.631591796875,90.63600158691406,467.6845397949219,173.41799926757812,233.44146728515625,110.53378295898438,88.73733520507812,179.3300018310547,147.35250854492188,169.99488830566406,625.148681640625,115.23493194580078,152.4675750732422,694.6446533203125,126.1504898071289,74.6416244506836,38.58067321777344,445.7300109863281,85.90084838867188,510.1702880859375,564.5209350585938,377.78448486328125,109.05345153808594,525.261474609375,263.45001220703125,183.54408264160156,472.32574462890625,341.6034240722656,485.7200012207031,221.76446533203125,93.55069732666016,104.04508972167969,164.85162353515625
2025-03-07,238.03256225585938,207.33468627929688,134.6141357421875,338.7971496582031,449.3999938964844,222.46585083007812,79.34441375732422,100.30999755859375,314.97833251953125,199.25,83.36000061035156,401.401123046875,306.2728271484375,192.80958557128906,269.4812316894531,40.48930740356445,175.51370239257812,185.51336669921875,927.7991333007812,495.6199951171875,99.12999725341797,345.5453796386719,283.89019775390625,243.2100067138672,314.3681640625,245.18472290039062,959.0540161132812,281.05517578125,62.08686065673828,201.3307647705078,149.60739135742188,491.4397277832031,112.74762725830078,265.80615234375,116.66865539550781,120.7828369140625,281.256103515625,36.433143615722656,247.0492706298828,192.47125244140625,113.57191467285156,174.94520568847656,173.05992126464844,548.3106689453125,327.2055358886719,365.19287109375,255.1962127685547,167.79129028320312,605.5009155273438,518.260009765625,266.0771179199219,162.1715850830078,237.4119415283203,705.9376220703125,68.9091567993164,460.99346923828125,863.1889038085938,78.43531036376953,543.631103515625,314.025390625,58.03449249267578,457.8887634277344,65.10187530517578,623.1597290039062,,53.036399841308594,90.54995727539062,390.32183837890625,417.4539794921875,89.11100006103516,478.82550048828125,170.12600708007812,237.38116455078125,112.6530990600586,87.93399810791016,180.92999267578125,148.49188232421875,171.25042724609375,628.9337768554688,114.86134338378906,157.52899169921875,703.6654663085938,126.26848602294922,73.7229232788086,40.14292526245117,450.8800048828125,88.49569702148438,493.095458984375,567.6849975585938,374.8101501464844,110.03831481933594,529.3130493164062,262.6700134277344,184.68798828125,477.9039306640625,342.75482177734375,488.2900085449219,225.28781127929688,90.66431427001953,105.39856719970703,167.9268798828125
2025-03-10,226.4928436279297,209.62779235839844,134.83009338378906,331.9851379394531,435.0799865722656,213.0101318359375,79.73374938964844,96.62999725341797,317.40228271484375,194.5399932861328,77.55999755859375,397.31829833984375,293.979736328125,182.41551208496094,257.7535400390625,38.95384216308594,174.70718383789062,176.68702697753906,896.7784423828125,497.1000061035156,94.12999725341797,340.52447509765625,290.2001953125,233.9600067138672,319.91082763671875,252.61045837402344,929.3169555664062,271.1299133300781,60.2613525390625,198.90162658691406,150.78440856933594,480.7772216796875,114.44744110107422,262.27203369140625,109.99962615966797,121.39031982421875,274.98590087890625,34.0266227722168,241.15037536621094,191.1084442138672,113.37844848632812,167.2318572998047,165.2968292236328,520.869140625,333.1619567871094,363.1091003417969,250.6687469482422,166.71694946289062,575.8720092773438,482.6099853515625,259.4755859375,163.15420532226562,227.5540771484375,673.2554321289062,68.92845153808594,454.394775390625,823.6615600585938,73.27312469482422,534.0365600585938,310.0766906738281,51.89800262451172,446.7568664550781,65.49592590332031,595.600341796875,,54.137691497802734,91.10482788085938,377.2717590332031,410.0940856933594,86.66799926757812,487.6142883300781,156.76600646972656,234.323486328125,106.94496154785156,89.77200317382812,173.8300018310547,150.23216247558594,171.55215454101562,601.0416870117188,112.90723419189453,151.43185424804688,740.78271484375,126.38650512695312,70.3741226196289,39.91975021362305,429.8500061035156,90.00611877441406,484.5531005859375,552.5643920898438,365.7388000488281,108.86221313476562,524.4251098632812,222.14999389648438,180.78134155273438,467.04998779296875,338.9433288574219,500.010009765625,223.54086303710938,86.8092041015625,108.08623504638672,169.3363800048828
2025-03-11,219.8816680908203,206.65740966796875,130.21664428710938,324.5494079589844,433.6600036621094,205.9380340576172,79.45148468017578,96.76000213623047,309.18994140625,196.58999633789062,79.12999725341797,398.0651550292969,288.5300598144531,187.99330139160156,251.9044952392578,38.73868179321289,172.7638397216797,172.81192016601562,891.9872436523438,496.25,95.5199966430664,335.1583557128906,287.9615173339844,234.25,311.283447265625,250.82867431640625,925.4182739257812,275.2530212402344,58.91162872314453,194.8861083984375,147.44471740722656,467.7146911621094,113.67479705810547,255.73695373535156,108.90779876708984,120.04035186767578,279.6414794921875,35.38768768310547,237.67758178710938,190.7105712890625,110.6893310546875,165.4081573486328,163.47314453125,520.6438598632812,320.66436767578125,356.8190002441406,242.91156005859375,165.93832397460938,582.7553100585938,493.7200012207031,247.01895141601562,161.36407470703125,224.5359649658203,659.2218017578125,68.53292083740234,446.5373229980469,818.0033569335938,72.8263931274414,522.781494140625,299.82391357421875,50.72313690185547,440.36737060546875,65.20760345458984,603.28955078125,,53.36678695678711,90.62649536132812,377.5595397949219,406.2069091796875,89.51000213623047,486.2954406738281,161.67999267578125,228.3257293701172,108.72437286376953,88.27066802978516,178.92999267578125,146.463134765625,168.49600219726562,605.589599609375,112.24627685546875,149.5948944091797,714.2575073242188,125.98331451416016,71.58917999267578,38.89119338989258,430.67999267578125,87.23699951171875,476.2290344238281,547.970947265625,360.9659729003906,107.81996154785156,511.8819274902344,230.5800018310547,171.91143798828125,472.71038818359375,329.6727294921875,488.3399963378906,220.04696655273438,86.4335708618164,105.533935546875,162.0326385498047
2025-03-12,216.0384063720703,205.1770782470703,127.88048553466797,321.12359619140625,438.6000061035156,203.51498413085938,78.23484802246094,100.79000091552734,302.9942932128906,198.88999938964844,80.25,396.6212463378906,285.2099914550781,192.087646484375,257.1913146972656,39.03208541870117,171.91893005371094,174.68197631835938,891.6834106445312,495.94000244140625,96.41999816894531,333.54058837890625,281.3048095703125,239.22000122070312,304.6047058105469,247.2554473876953,922.02685546875,282.73419189453125,58.70772171020508,190.5731658935547,146.09542846679688,463.6523132324219,112.65105438232422,251.90672302246094,109.02582550048828,119.82821655273438,289.279541015625,36.27533721923828,238.21560668945312,193.97329711914062,110.26371002197266,168.4177703857422,166.53256225585938,524.8369750976562,310.0796813964844,353.4947204589844,243.5750732421875,166.58883666992188,587.1553955078125,497.29998779296875,243.6067352294922,158.43568420410156,223.3208770751953,675.2701416015625,67.47174072265625,443.6854553222656,815.819580078125,76.03289794921875,521.6282348632812,292.63031005859375,50.39300537109375,438.6509094238281,62.44936752319336,617.0841674804688,,53.05475616455078,89.30626678466797,380.3581237792969,407.3415222167969,91.96800231933594,467.58612060546875,168.6280059814453,226.34608459472656,115.71273803710938,87.28600311279297,179.47999572753906,142.46336364746094,163.8728790283203,607.5217895507812,110.85733032226562,149.3017578125,685.7532958984375,125.83580017089844,73.31790924072266,38.86207580566406,432.4599914550781,85.86212158203125,474.502685546875,550.8787841796875,359.53314208984375,102.58003997802734,510.3389587402344,248.08999633789062,170.32162475585938,467.9155578613281,330.3675231933594,495.4200134277344,218.72201538085938,84.21934509277344,105.50492095947266,159.3614959716797
2025-03-13,208.77008056640625,204.6836395263672,127.49766540527344,313.9353942871094,377.8399963378906,200.73736572265625,79.3736343383789,98.11000061035156,303.13006591796875,193.88999938964844,80.13999938964844,392.5483703613281,283.4676513671875,189.24928283691406,252.93026733398438,38.79735565185547,171.12777709960938,170.5091552734375,882.27734375,504.25,95.37000274658203,328.7860412597656,285.83172607421875,241.55999755859375,305.5252380371094,250.2604217529297,885.7655639648438,269.97747802734375,57.94061279296875,188.95703125,146.9949493408203,459.4423828125,114.1673583984375,247.88894653320312,107.41267395019531,116.76187896728516,281.01837158203125,37.06436538696289,235.7406005859375,191.40687561035156,109.64462280273438,164.16246032714844,162.19757080078125,514.1582641601562,311.9825134277344,338.6889343261719,239.8379669189453,166.7071075439453,577.401611328125,476.7799987792969,242.70518493652344,158.5718994140625,220.6653289794922,676.371826171875,67.16303253173828,447.2276306152344,795.7581787109375,74.71258544921875,516.8458251953125,290.7732849121094,50.383296966552734,434.36480712890625,62.17066955566406,588.27978515625,,53.733882904052734,90.60735321044922,375.89227294921875,408.5648193359375,89.01699829101562,482.8311462402344,162.32400512695312,223.1414337158203,115.55277252197266,85.96600341796875,176.32000732421875,142.62680053710938,164.08700561523438,586.2286987304688,105.71342468261719,148.46144104003906,676.91162109375,127.05522155761719,72.61653900146484,38.745635986328125,428.5799865722656,86.78193664550781,476.0802001953125,543.5352783203125,359.35528564453125,99.92183685302734,506.6058349609375,240.67999267578125,168.28591918945312,468.3143310546875,326.109375,502.9200134277344,219.05572509765625,83.52740478515625,105.0602035522461,157.76473999023438
2025-03-14,212.5635528564453,204.896484375,124.3762435913086,315.6680908203125,394.739990234375,205.6129913330078,80.91145324707031,100.97000122070312,304.16748046875,197.9499969482422,83.51000213623047,397.119140625,282.56744384765625,193.38319396972656,262.0047302246094,39.99052047729492,173.5780487060547,177.26063537597656,909.947021484375,514.5999755859375,97.16000366210938,335.0301208496094,292.11199951171875,247.42999267578125,306.4163818359375,249.1431884765625,898.9931030273438,277.5877990722656,58.74656295776367,191.19778442382812,150.25811767578125,469.6819152832031,116.01203918457031,247.74087524414062,110.0979995727539,119.49072265625,290.83465576171875,38.31694030761719,236.93408203125,196.0721893310547,108.55363464355469,167.04249572753906,164.9181671142578,530.4213256835938,316.5415344238281,342.6488037109375,242.3261260986328,168.59947204589844,594.7637939453125,484.44000244140625,246.66998291015625,158.39675903320312,227.7696533203125,707.634765625,67.21161651611328,449.43780517578125,807.5011596679688,78.11763763427734,524.6109619140625,293.05059814453125,51.94654846191406,443.3338928222656,61.80545425415039,605.7103271484375,,54.06427001953125,90.4734115600586,385.60791015625,413.4415283203125,91.80000305175781,477.2606201171875,168.86599731445312,227.65931701660156,121.6413345336914,88.49400329589844,182.33999633789062,142.86717224121094,163.4835662841797,602.3099365234375,107.17901611328125,152.99522399902344,663.2462158203125,127.83210754394531,76.17278289794922,39.88093185424805,446.2300109863281,87.50810241699219,482.66802978515625,554.7625122070312,365.1557922363281,100.11306762695312,520.1360473632812,249.97999572753906,171.01959228515625,475.248779296875,329.3352355957031,504.7699890136719,221.50363159179688,84.36762237548828,108.18290710449219,158.94752502441406
2025-03-17,213.0713348388672,207.50885009765625,125.28911590576172,322.4899597167969,399.3399963378906,208.49893188476562,82.05574798583984,104.58999633789062,307.52227783203125,195.74000549316406,85.08999633789062,389.34185791015625,286.14892578125,192.3546600341797,260.7718200683594,40.52842330932617,174.99905395507812,181.14724731445312,938.6554565429688,523.010009765625,98.9000015258789,337.9894104003906,295.5303955078125,255.11000061035156,310.235595703125,253.86253356933594,911.6139526367188,278.9290771484375,59.12525939941406,193.50794982910156,151.88490295410156,474.4525146484375,116.67843627929688,248.64907836914062,111.73081970214844,119.16287994384766,294.42047119140625,38.96788024902344,239.9666748046875,200.96627807617188,109.35240173339844,165.99615478515625,163.72230529785156,540.1497802734375,326.2660827636719,345.3993225097656,246.83407592773438,170.8134765625,598.0514526367188,488.79998779296875,248.28884887695312,158.4259490966797,229.22970581054688,712.8849487304688,68.14457702636719,454.183837890625,818.6982421875,77.74039459228516,528.9359741210938,297.0970153808594,53.65544509887695,450.03094482421875,62.555084228515625,603.0187377929688,,54.05509948730469,91.4673080444336,385.7469177246094,417.03228759765625,95.00199890136719,482.7425537109375,168.58599853515625,229.7075653076172,119.50183868408203,89.86599731445312,185.0,145.51126098632812,165.2257537841797,615.8843383789062,109.62165069580078,154.33384704589844,674.7334594726562,129.85791015625,76.82476043701172,40.20114517211914,453.510009765625,87.66301727294922,490.3868713378906,559.0404052734375,369.06890869140625,101.04058074951172,517.6651000976562,238.00999450683594,174.48031616210938,485.33441162109375,332.0647888183594,513.760009765625,224.78392028808594,86.4533462524414,109.98114013671875,162.8014678955078
2025-03-18,211.7670135498047,206.90896606445312,123.97380065917969,320.8661804199219,391.3699951171875,206.01683044433594,82.19267272949219,103.51000213623047,308.95721435546875,192.82000732421875,83.98999786376953,388.4157409667969,282.4706726074219,186.58897399902344,259.1344299316406,40.73381042480469,178.2942657470703,177.5,939.262939453125,523.1400146484375,99.22000122070312,332.1398620605469,293.80133056640625,253.8800048828125,315.7489318847656,256.665283203125,893.1550903320312,276.9221496582031,58.5523567199707,191.76295471191406,153.8848876953125,473.2918701171875,116.6301498413086,251.0936737060547,110.01930236816406,118.18898010253906,287.89276123046875,39.29335403442383,240.455810546875,199.73280334472656,107.37498474121094,162.1095733642578,160.1148223876953,540.5808715820312,327.9547119140625,340.9517517089844,240.96006774902344,170.83323669433594,594.9922485351562,483.95001220703125,246.84446716308594,159.7977294921875,230.2488250732422,704.6573486328125,67.42542266845703,454.5784606933594,816.46484375,76.79730224609375,527.1463623046875,296.7353820800781,52.626224517822266,446.5683288574219,62.13222885131836,580.5487670898438,,53.54115295410156,91.39977264404297,380.6062316894531,417.3389587402344,92.99800109863281,482.0634460449219,166.0,229.8643798828125,115.4028091430664,89.25,183.10000610351562,143.2517852783203,163.23052978515625,610.7518310546875,108.60689544677734,152.71185302734375,661.3466186523438,130.48728942871094,76.6173095703125,39.9100456237793,447.989990234375,87.36286926269531,486.53741455078125,552.998046875,371.46026611328125,100.00788879394531,519.588134765625,225.30999755859375,173.9568328857422,489.9833068847656,332.28314208984375,512.22998046875,222.49853515625,84.6048583984375,109.8651123046875,162.0720672607422
2025-03-19,214.30596923828125,205.3609161376953,125.07316589355469,321.26220703125,387.8900146484375,206.81463623046875,81.82102966308594,106.2300033569336,306.1454162597656,195.5399932861328,84.41999816894531,388.7444152832031,284.5807800292969,193.41285705566406,266.9561767578125,41.28148651123047,178.040771484375,182.278564453125,937.9009399414062,525.27001953125,100.7300033569336,334.02392578125,294.3876037597656,258.70001220703125,314.1820983886719,255.682861328125,899.1223754882812,277.577880859375,59.34859848022461,194.69772338867188,156.98536682128906,471.5606689453125,115.229736328125,251.5093536376953,110.55046844482422,120.4742660522461,291.77569580078125,39.865394592285156,241.7471160888672,204.48764038085938,104.72543334960938,165.70713806152344,163.32366943359375,546.0280151367188,331.9479064941406,344.7068176269531,246.17056274414062,171.6733856201172,599.044677734375,492.05999755859375,248.3954620361328,158.5718994140625,234.30563354492188,714.1950073242188,67.32823944091797,453.6312561035156,830.8582763671875,77.36316680908203,533.0125122070312,299.9803161621094,52.98548126220703,456.6982116699219,61.50753402709961,582.2435302734375,,53.1832389831543,90.72428894042969,384.8735656738281,419.7723693847656,95.9489974975586,483.74639892578125,168.82400512695312,229.97216796875,117.4923095703125,89.3393325805664,187.5399932861328,142.40567016601562,164.0675811767578,624.2371215820312,109.17709350585938,154.6367645263672,668.7064208984375,133.07363891601562,77.7730941772461,39.86153030395508,450.2799987792969,86.75288391113281,491.3294677734375,559.0206298828125,373.574951171875,100.34256744384766,516.5093383789062,235.86000061035156,176.17674255371094,489.3997802734375,337.3452453613281,512.52001953125,223.96632385253906,85.33634948730469,111.5763168334961,161.40182495117188
2025-03-20,213.17091369628906,205.08033752441406,124.44495391845703,297.9351501464844,389.6099853515625,202.80580139160156,81.86991882324219,107.13999938964844,305.4570617675781,194.9499969482422,82.97000122070312,391.522705078125,283.5354309082031,189.00856018066406,267.13372802734375,41.54554748535156,178.0868682861328,182.16505432128906,934.9027709960938,528.72998046875,101.51000213623047,331.68609619140625,292.27099609375,258.5,314.7304992675781,256.7134094238281,890.5195922851562,277.2201843261719,58.86307907104492,192.8040008544922,157.6743621826172,469.2097473144531,116.05067443847656,249.35177612304688,109.97012329101562,119.85714721679688,292.7365417480469,40.14155578613281,240.85691833496094,202.8562774658203,103.1279067993164,164.48138427734375,162.23745727539062,551.2596435546875,331.29229736328125,346.7550048828125,237.4181365966797,173.5513153076172,596.372802734375,491.80999755859375,245.60365295410156,158.60105895996094,234.2076416015625,711.0687255859375,67.74612426757812,451.65789794921875,836.3773803710938,76.98592376708984,533.30078125,300.0584411621094,49.51913833618164,456.18231201171875,61.45948791503906,584.177490234375,,53.31172561645508,91.409423828125,383.9010009765625,417.71484375,95.08399963378906,481.49261474609375,164.82400512695312,228.87454223632812,118.50206756591797,89.5433349609375,184.00999450683594,141.48263549804688,163.07481384277344,618.99560546875,108.30729675292969,154.33384704589844,659.0193481445312,132.2377166748047,77.61504364013672,40.05559158325195,449.989990234375,87.11112213134766,493.2939147949219,557.4041748046875,369.7902526855469,99.63497161865234,516.7385864257812,236.25999450683594,175.14918518066406,497.277587890625,336.97802734375,510.17999267578125,223.51316833496094,84.82232666015625,112.05004119873047,160.82028198242188
2025-03-21,217.3228302001953,203.19361877441406,124.01305389404297,302.30157470703125,387.260009765625,201.32835388183594,81.35157012939453,106.44000244140625,306.4266052246094,196.2100067138672,83.12999725341797,388.71453857421875,282.30609130859375,190.11953735351562,266.8181457519531,41.535770416259766,176.842529296875,183.28564453125,932.511962890625,521.9099731445312,100.69000244140625,331.22247314453125,289.597900390625,262.4200134277344,310.0887145996094,253.6410369873047,904.3040161132812,278.7998962402344,58.5523567199707,189.54202270507812,157.65521240234375,464.6949462890625,115.02691650390625,248.4214324951172,111.2586669921875,120.69605255126953,292.6473693847656,39.697731018066406,225.32215881347656,203.05523681640625,104.30657196044922,165.67723083496094,163.42333984375,553.669677734375,326.5939025878906,342.4927673339844,237.95477294921875,172.36524963378906,599.9683837890625,492.489990234375,243.64549255371094,159.19454956054688,236.77500915527344,701.1737670898438,66.73543548583984,452.2301330566406,831.4141845703125,75.2883529663086,532.61474609375,298.53375244140625,50.218238830566406,455.8846435546875,61.99767303466797,594.3956298828125,,52.86202621459961,89.84619903564453,388.2874450683594,418.14019775390625,96.02899932861328,482.9590759277344,165.5500030517578,227.12030029296875,117.6722640991211,89.27266693115234,182.32000732421875,139.84811401367188,162.23777770996094,616.3995971679688,104.77984619140625,153.229736328125,654.90185546875,130.17259216308594,77.43722534179688,39.774200439453125,448.6000061035156,86.5205078125,493.96856689453125,557.5880737304688,366.7170715332031,99.50110626220703,515.8218994140625,248.7100067138672,173.52061462402344,502.6753845214844,333.1665954589844,503.20001220703125,221.55288696289062,85.2237777709961,111.66332244873047,160.692138671875
2025-03-24,219.7721405029297,202.38088989257812,124.86703491210938,304.1431579589844,394.4700012207031,209.14901733398438,82.34915161132812,113.8499984741211,304.8171081542969,203.25999450683594,87.51000213623047,391.5027770996094,284.0484924316406,189.7128448486328,274.06781005859375,42.1225700378418,176.04368591308594,186.95590209960938,944.04443359375,525.8499755859375,102.66999816894531,337.0325622558594,289.60784912109375,267.1499938964844,313.7610168457031,253.24615478515625,920.9924926757812,284.1052551269531,59.202938079833984,192.91307067871094,157.91358947753906,472.10162353515625,114.10940551757812,250.02476501464844,113.481689453125,123.68524932861328,299.9774475097656,41.03907012939453,237.05149841308594,209.1230926513672,103.9753646850586,169.34454345703125,167.10060119628906,568.3259887695312,331.61016845703125,354.8016357421875,242.4237060546875,173.2152557373047,608.9574584960938,508.5799865722656,247.8138427734375,158.86373901367188,243.07582092285156,722.25390625,67.00753021240234,452.98004150390625,858.543212890625,77.42271423339844,540.5489501953125,298.758544921875,52.32522201538086,465.46881103515625,62.420536041259766,616.9253540039062,,52.90791320800781,89.07423400878906,390.0935974121094,424.6985168457031,97.1989974975586,487.2501220703125,169.9459991455078,230.8444061279297,121.38140106201172,90.84933471679688,184.7899932861328,140.80960083007812,161.22552490234375,636.6919555664062,106.55807495117188,156.4150848388672,657.4081420898438,132.45408630371094,78.98815155029297,40.46314239501953,457.7699890136719,86.0557632446289,499.98089599609375,567.5736083984375,369.8396911621094,103.60316467285156,517.993896484375,278.3900146484375,179.8313446044922,502.33502197265625,341.3155517578125,511.739990234375,222.86302185058594,86.72048950195312,111.95335388183594,160.8301239013672
2025-03-25,222.77902221679688,194.80502319335938,123.28668212890625,305.8461608886719,403.6400146484375,210.37039184570312,82.07530212402344,114.80999755859375,297.52581787109375,205.7100067138672,86.94000244140625,394.4802551269531,283.7677001953125,186.74688720703125,275.4684143066406,42.32794952392578,175.1910858154297,189.6627655029297,953.82275390625,528.8699951171875,103.08000183105469,337.9696960449219,289.5680847167969,269.1099853515625,310.2747802734375,252.39857482910156,925.1895751953125,286.7380676269531,59.22236633300781,191.81251525878906,158.79397583007812,471.0885314941406,112.1102066040039,248.61936950683594,113.41283416748047,122.8270492553711,297.1642761230469,42.419857025146484,235.8286590576172,211.01309204101562,105.09558868408203,172.19468688964844,169.9706268310547,574.0474853515625,334.2126770019531,352.0902099609375,243.83851623535156,173.59085083007812,614.5494384765625,519.8099975585938,247.18374633789062,156.65528869628906,246.08412170410156,716.4181518554688,66.8714828491211,451.3619079589844,846.08544921875,77.10504913330078,542.0303955078125,299.9803161621094,50.83965301513672,473.4953308105469,62.17066955566406,624.3621826171875,,52.98265838623047,84.78988647460938,392.1578063964844,424.5501403808594,99.72799682617188,498.60760498046875,172.2760009765625,229.32534790039062,120.66156768798828,91.69866943359375,189.9499969482422,139.9346466064453,158.50033569335938,645.3914184570312,105.56266021728516,156.48348999023438,630.694091796875,133.40797424316406,79.76853942871094,41.025936126708984,457.2300109863281,84.94230651855469,509.12847900390625,568.9379272460938,368.4562683105469,100.78240966796875,512.454345703125,288.1400146484375,178.33847045898438,499.34918212890625,342.0600280761719,509.0400085449219,223.68064880371094,84.01449584960938,112.71711730957031,158.98695373535156
2025-03-26,220.5686798095703,194.76632690429688,124.278076171875,308.08380126953125,397.80999755859375,207.36622619628906,82.33937072753906,110.19000244140625,296.41082763671875,201.1300048828125,81.66000366210938,395.06781005859375,285.80047607421875,177.82913208007812,272.2331848144531,41.87807083129883,175.129638671875,189.11695861816406,948.688720703125,533.2100219726562,102.33999633789062,336.4801330566406,293.4634704589844,263.4100036621094,314.5738220214844,253.0342559814453,924.682373046875,279.1674499511719,60.00888442993164,202.96670532226562,160.73655700683594,475.70172119140625,113.10498046875,249.79713439941406,111.73081970214844,124.56271362304688,282.8211364746094,40.92071533203125,238.37213134765625,206.27816772460938,106.4398422241211,166.5641632080078,164.48963928222656,562.2714233398438,335.037109375,353.20208740234375,244.26783752441406,173.71932983398438,610.7154541015625,509.0299987792969,248.0561981201172,157.3363037109375,245.9861297607422,700.23095703125,68.04739379882812,455.28887939453125,820.6836547851562,75.58617401123047,545.9180297851562,306.48968505859375,50.65517044067383,466.411376953125,63.74679946899414,609.079833984375,,53.95429992675781,85.0214614868164,387.0072326660156,426.568115234375,97.06500244140625,499.119384765625,167.7100067138672,231.05020141601562,113.73320007324219,92.0653305053711,184.9600067138672,142.91525268554688,162.1306915283203,631.66845703125,107.39885711669922,154.76377868652344,636.6614990234375,132.10003662109375,79.16596221923828,41.16177749633789,449.8999938964844,86.23003387451172,503.8105773925781,562.1458740234375,363.4166259765625,101.44216918945312,511.7867431640625,272.05999755859375,178.84254455566406,503.9884338378906,341.6232604980469,500.2799987792969,225.5128631591797,84.46054077148438,114.34131622314453,160.4851531982422
2025-03-27,222.8786163330078,196.14022827148438,128.93080139160156,305.4798278808594,396.1499938964844,205.8001251220703,82.5643081665039,106.6500015258789,296.468994140625,201.36000061035156,78.95999908447266,397.86602783203125,285.6649169921875,170.60765075683594,268.3075256347656,41.6237907409668,175.67498779296875,188.666015625,948.3946533203125,534.52001953125,100.80000305175781,334.6947326660156,296.4843444824219,262.5400085449219,318.0110168457031,252.19631958007812,933.6332397460938,276.00811767578125,59.620479583740234,204.4936065673828,159.47340393066406,471.86553955078125,113.62651824951172,250.0841522216797,110.24553680419922,122.2002944946289,278.2547302246094,39.43143081665039,238.61668395996094,204.7960205078125,108.28089141845703,163.51470947265625,161.6793975830078,547.5758056640625,340.05340576171875,353.78729248046875,240.238037109375,174.3123779296875,611.1524658203125,507.8999938964844,244.2465057373047,158.70809936523438,243.1345977783203,694.7326049804688,68.74710845947266,458.54498291015625,815.6309814453125,74.2658462524414,554.3692016601562,305.6198425292969,49.31523513793945,465.3001708984375,64.87123107910156,600.7059326171875,,54.4681510925293,84.52934265136719,387.612548828125,427.65618896484375,97.6719970703125,505.6937561035156,165.54800415039062,230.5111846923828,111.40374755859375,94.90799713134766,174.44000244140625,143.9055633544922,164.20382690429688,620.5215454101562,107.03162384033203,154.35340881347656,632.3749389648438,131.21498107910156,78.63251495361328,40.85127258300781,446.2300109863281,87.16922760009766,504.64404296875,560.6529541015625,363.1893310546875,101.84378051757812,509.8040466308594,273.1300048828125,175.22674560546875,501.57635498046875,347.2610168457031,502.54998779296875,225.60153198242188,84.87683868408203,113.97393798828125,162.6536102294922
2025-03-28,216.9544219970703,198.62680053710938,128.41055297851562,301.3213195800781,385.7099914550781,198.53103637695312,81.78190612792969,103.22000122070312,297.6131286621094,192.72000122070312,77.94000244140625,392.8968811035156,282.90625,167.7606964111328,261.8567810058594,40.34260559082031,174.74557495117188,183.9596710205078,927.5836791992188,526.3099975585938,99.36000061035156,325.2151794433594,294.576416015625,256.69000244140625,318.3048400878906,252.55267333984375,924.5928344726562,268.2189636230469,59.096126556396484,201.48939514160156,158.93751525878906,457.6915283203125,115.3263168334961,246.94671630859375,106.8618392944336,122.06529235839844,271.57843017578125,37.89283752441406,236.45474243164062,198.82760620117188,108.89457702636719,155.5223388671875,153.79672241210938,532.0965576171875,339.87457275390625,349.3201904296875,238.0816192626953,172.68153381347656,594.8828735351562,491.8399963378906,238.91488647460938,159.2723846435547,237.9705047607422,668.5311889648438,68.38753509521484,452.999755859375,816.46484375,72.08185577392578,537.5065307617188,300.1464538574219,47.285926818847656,457.7597961425781,65.08267211914062,574.9462890625,,54.32801055908203,86.10220336914062,375.922119140625,428.3090515136719,93.38500213623047,504.08953857421875,159.552001953125,225.94427490234375,109.64415740966797,93.90333557128906,172.75999450683594,143.52099609375,163.54196166992188,595.9190063476562,106.74169158935547,149.22360229492188,633.8966064453125,129.53338623046875,76.86426544189453,40.63779830932617,437.95001220703125,88.23426055908203,498.56219482421875,549.3623046875,360.1853332519531,99.10906982421875,498.3262939453125,263.54998779296875,170.9323272705078,501.8876037597656,340.30316162109375,492.69000244140625,224.51795959472656,84.40107727050781,113.81925964355469,160.77101135253906
2025-03-31,221.1660614013672,202.7195281982422,130.20681762695312,308.9551086425781,383.5299987792969,198.63938903808594,85.02892303466797,102.73999786376953,302.07318115234375,190.25999450683594,77.4800033569336,397.4178771972656,285.47137451171875,166.08428955078125,265.3780517578125,40.812042236328125,175.94383239746094,182.87478637695312,927.3680419921875,532.5800170898438,100.87999725341797,325.3236389160156,300.0915222167969,254.3300018310547,322.18280029296875,255.509521484375,940.625,266.6194152832031,59.92149353027344,203.7797088623047,160.08583068847656,463.2783203125,117.79877471923828,250.91552734375,107.84546661376953,123.65633392333984,269.26055908203125,37.34052276611328,238.47972106933594,199.09617614746094,109.14784240722656,155.69174194335938,154.10565185546875,535.2022094726562,343.241943359375,357.45458984375,242.6286163330078,170.4971923828125,609.8513793945312,495.2699890136719,241.8896026611328,161.34461975097656,240.37127685546875,674.6845703125,69.60231018066406,459.4429016113281,819.8397827148438,72.17119598388672,544.973388671875,305.3070373535156,47.00434112548828,462.0360107421875,65.66332244873047,574.5674438476562,,56.075103759765625,86.6136245727539,372.53802490234375,433.0769348144531,93.25299835205078,503.912353515625,159.22799682617188,232.11843872070312,108.35446166992188,95.50533294677734,170.63999938964844,144.16519165039062,165.86813354492188,602.2802124023438,108.03670501708984,150.0932159423828,630.7835693359375,130.2611083984375,77.32856750488281,40.5601692199707,428.8500061035156,89.02820587158203,504.1082458496094,553.0501098632812,368.69329833984375,99.78797149658203,495.77569580078125,259.1600036621094,174.1991729736328,509.3861999511719,347.85662841796875,484.82000732421875,228.0543670654297,87.01785278320312,114.9793930053711,162.28890991210938
2025-04-01,222.22146606445312,199.57501220703125,129.26451110839844,310.4798583984375,383.20001220703125,196.18678283691406,84.90178680419922,102.77999877929688,297.5840759277344,192.1699981689453,78.48999786376953,397.1390686035156,285.78302001953125,167.16552734375,266.78857421875,40.577327728271484,173.62413024902344,186.00440979003906,925.0164794921875,532.989990234375,101.23999786376953,326.08319091796875,299.5052490234375,258.7900085449219,324.141357421875,252.57192993164062,949.197998046875,268.4474792480469,60.00888442993164,206.09979248046875,161.2532958984375,472.2605895996094,116.9295425415039,251.6578369140625,108.19957733154297,124.67843627929688,274.08453369140625,37.60681915283203,236.7188720703125,202.71701049804688,108.39778137207031,158.33262634277344,156.52725219726562,537.3184204101562,343.4207763671875,356.50848388671875,244.26783752441406,169.49891662597656,609.6428833007812,496.3599853515625,242.5625762939453,149.0959014892578,238.76422119140625,677.3245849609375,69.84528350830078,460.87359619140625,799.311767578125,72.30024719238281,545.3611450195312,306.53857421875,47.091732025146484,465.10174560546875,65.46976470947266,584.177490234375,,54.92594528198242,84.06617736816406,379.2863464355469,431.2766418457031,92.83799743652344,504.985107421875,162.31199645996094,231.88320922851562,110.12405395507812,95.45333099365234,171.30999755859375,143.9055633544922,166.00440979003906,604.271728515625,107.70812225341797,149.54605102539062,613.647216796875,130.64463806152344,76.7259750366211,40.94831085205078,435.94000244140625,88.90235137939453,506.7672119140625,554.6121826171875,369.7332458496094,99.85489654541016,481.1993408203125,268.4599914550781,172.54153442382812,508.7734375,343.77716064453125,484.739990234375,230.30030822753906,88.0487060546875,115.08573913574219,159.5882110595703
2025-04-02,222.9184112548828,198.53005981445312,129.50009155273438,313.2026672363281,385.7799987792969,196.59063720703125,85.79178619384766,102.95999908447266,296.4011535644531,196.00999450683594,80.16000366210938,394.3707275390625,287.25347900390625,170.7068328857422,271.493408203125,40.92940902709961,173.91603088378906,186.1453399658203,942.4179077148438,537.719970703125,100.05000305175781,330.11767578125,299.64434814453125,264.94000244140625,325.04229736328125,252.86090087890625,959.8197631835938,269.77880859375,60.0283088684082,206.8929901123047,159.3011474609375,464.8082580566406,116.2728042602539,251.05409240722656,109.7143783569336,125.32449340820312,281.1570129394531,37.67586135864258,239.83950805664062,198.71817016601562,108.99198150634766,158.3126983642578,156.49734497070312,551.6710205078125,344.7120666503906,361.7461242675781,243.9165802001953,168.4611053466797,616.7246704101562,507.04998779296875,246.20053100585938,151.14869689941406,240.88082885742188,681.0264892578125,69.32049560546875,463.48828125,812.206298828125,73.24334716796875,544.2376708984375,304.5348815917969,47.509246826171875,467.1951904296875,63.99875259399414,582.1138916015625,,53.36570739746094,83.56439208984375,379.2367248535156,432.26580810546875,93.552001953125,504.0796813964844,164.80599975585938,233.80406188964844,110.39398193359375,94.46733093261719,173.17999267578125,143.37677001953125,164.9727020263672,623.216552734375,108.56824493408203,150.55245971679688,622.2005615234375,130.93963623046875,77.6347885131836,40.938602447509766,438.54998779296875,88.39887237548828,509.9420471191406,558.1219482421875,373.8534851074219,101.13619232177734,487.2669982910156,282.760009765625,172.73541259765625,508.8512878417969,343.75726318359375,483.489990234375,231.058837890625,88.97052001953125,114.72801971435547,161.15541076660156
2025-04-03,202.30825805664062,195.09527587890625,129.20562744140625,298.4797058105469,367.25,178.16180419921875,84.30519104003906,93.80000305175781,300.4248962402344,178.41000366210938,71.2699966430664,392.63800048828125,275.8008117675781,152.7721405029297,244.4377899169922,36.40126037597656,170.20603942871094,176.6671600341797,869.7260131835938,530.1599731445312,98.5,301.6099548339844,300.55859375,248.91000366210938,331.43701171875,258.4663391113281,961.808837890625,253.57455444335938,56.02055740356445,203.10552978515625,149.3968505859375,441.66162109375,119.80763244628906,247.6692352294922,100.22232055664062,115.60477447509766,258.38433837890625,33.050209045410156,211.16677856445312,186.64210510253906,109.47903442382812,152.10415649414062,150.1991729736328,500.8538513183594,346.8079833984375,347.13543701171875,237.5840301513672,165.61453247070312,594.4956665039062,494.6099853515625,233.53109741210938,155.4878387451172,224.09500122070312,616.1484375,71.11837768554688,461.0018615722656,783.2904052734375,64.74561309814453,527.5042724609375,311.0736389160156,39.52792739868164,438.9188232421875,65.71171569824219,529.9666748046875,,54.08510208129883,83.36176300048828,370.2752990722656,430.7919616699219,91.70500183105469,507.0223693847656,154.81399536132812,216.33026123046875,101.7760238647461,96.1259994506836,165.1699981689453,145.54010009765625,167.7855224609375,551.598876953125,98.17916107177734,136.2280731201172,607.3218383789062,128.068115234375,73.96001434326172,38.046993255615234,417.760009765625,89.61882019042969,485.5353088378906,530.6171875,364.6324462890625,90.14957427978516,468.3067626953125,267.2799987792969,159.1736602783203,525.6184692382812,336.8688659667969,484.010009765625,233.29495239257812,86.49250793457031,108.69530487060547,157.32119750976562
2025-04-04,187.56253051757812,180.89178466796875,122.14805603027344,282.2418212890625,349.07000732421875,162.12646484375,77.21455383300781,85.76000213623047,285.4351806640625,171.0,64.37000274658203,374.1856384277344,256.5862731933594,145.11419677734375,231.2559356689453,33.63350296020508,159.2604217529297,170.0574188232422,806.009033203125,493.5400085449219,89.69999694824219,284.169921875,278.9154968261719,232.8800048828125,315.7195739746094,245.0787811279297,911.484619140625,239.19842529296875,53.3128776550293,188.70916748046875,137.1097869873047,424.2991027832031,114.86273193359375,235.3273468017578,93.02212524414062,106.59861755371094,244.18980407714844,28.750032424926758,205.55154418945312,165.93170166015625,104.47216033935547,147.23101806640625,145.09689331054688,461.25421142578125,329.4347839355469,345.17498779296875,221.9623260498047,154.920166015625,557.7450561523438,451.5799865722656,220.00338745117188,149.086181640625,207.32412719726562,572.1917724609375,67.95993041992188,432.1312561035156,732.7843627929688,58.66019821166992,486.9583740234375,293.3242492675781,35.168304443359375,399.2723388671875,64.1729507446289,503.1602783203125,,52.38471984863281,78.61421966552734,357.10614013671875,397.7826843261719,85.58599853515625,477.84130859375,144.3300018310547,206.7162322998047,94.28778076171875,92.65799713134766,153.57000732421875,140.96343994140625,159.37628173828125,512.4906005859375,94.93197631835938,124.54190826416016,570.3339233398438,115.50025939941406,68.22062683105469,33.748390197753906,388.1300048828125,86.11386108398438,447.9529113769531,499.5533752441406,342.4959716796875,91.5264892578125,436.3045349121094,239.42999267578125,146.75579833984375,510.6504821777344,310.8039245605469,474.6199951171875,221.8385467529297,82.45831298828125,100.87403869628906,149.55418395996094
2025-04-07,180.6725616455078,180.49508666992188,122.56031036376953,281.9051818847656,340.70001220703125,168.76516723632812,75.8551025390625,83.63999938964844,280.8781433105469,175.25999450683594,68.16999816894531,362.8234558105469,252.3304443359375,152.90110778808594,231.84974670410156,34.797332763671875,157.5244903564453,168.4958038330078,800.9924926757812,490.3800048828125,91.54000091552734,276.2587890625,272.5954895019531,233.82000732421875,308.8548278808594,243.06582641601562,903.1802368164062,242.6260528564453,53.1858024597168,188.9173583984375,134.11459350585938,417.8733825683594,112.863525390625,227.96376037597656,95.38284301757812,105.13294982910156,250.063720703125,29.953292846679688,200.7678680419922,166.81703186035156,102.7869644165039,148.72584533691406,146.24290466308594,456.0617980957031,327.42828369140625,333.0904541015625,220.30357360839844,152.8544158935547,552.4906005859375,463.6199951171875,216.2776641845703,146.53717041015625,211.42564392089844,600.0703125,66.44387817382812,420.1922912597656,718.4107666015625,61.74757766723633,482.7327575683594,293.1092834472656,36.984004974365234,394.87713623046875,63.12776184082031,514.6444091796875,,52.001670837402344,78.33438110351562,355.1411437988281,398.7619934082031,86.78299713134766,473.95379638671875,147.10000610351562,203.8937530517578,97.61698913574219,88.92266845703125,152.44000244140625,137.67515563964844,155.95030212402344,526.7784423828125,91.3465347290039,126.75016784667969,569.6676025390625,115.37242889404297,69.188720703125,32.15703582763672,380.8999938964844,84.44851684570312,434.8665771484375,498.66357421875,342.0403747558594,90.24518585205078,436.2646789550781,233.2899932861328,149.28590393066406,510.31011962890625,309.99993896484375,474.55999755859375,217.26779174804688,83.09268188476562,99.52053833007812,146.9619140625
2025-04-08,171.6717987060547,169.9682159423828,121.66706848144531,278.608154296875,340.0,163.59405517578125,75.96269226074219,78.20999908447266,271.7350158691406,170.66000366210938,69.5,358.7207336425781,242.11451721191406,154.7759246826172,228.98971557617188,34.25942611694336,154.26002502441406,165.29910278320312,799.2484130859375,492.6400146484375,90.63999938964844,270.22186279296875,273.2612609863281,231.63999938964844,307.3369140625,245.6277618408203,903.796875,242.40748596191406,51.993255615234375,188.49105834960938,131.0332489013672,407.64739990234375,111.9846420288086,223.33184814453125,92.6090087890625,101.20841979980469,249.12271118164062,28.809206008911133,193.7635498046875,168.47824096679688,100.51731872558594,146.07501220703125,144.19998168945312,452.8385314941406,329.9612731933594,326.9750061035156,215.66879272460938,149.85960388183594,540.4027099609375,457.6300048828125,213.02008056640625,145.93399047851562,213.82147216796875,594.9987182617188,66.49246215820312,407.8290710449219,720.9024047851562,59.8117561340332,477.1649475097656,293.05059814453125,34.3138542175293,393.58734130859375,61.99546813964844,508.86248779296875,,51.90824508666992,76.18254852294922,351.8662414550781,390.45281982421875,87.04000091552734,484.1893005371094,145.52000427246094,202.21792602539062,96.27731323242188,87.68000030517578,152.52999877929688,134.89646911621094,154.15943908691406,520.6649169921875,86.74635314941406,121.8060073852539,553.7843017578125,118.46029663085938,69.08004760742188,31.00233268737793,381.5899963378906,84.0999526977539,438.031494140625,490.85308837890625,334.14654541015625,84.87140655517578,417.772705078125,221.86000061035156,141.54046630859375,537.9118041992188,305.9800109863281,472.3699951171875,213.23886108398438,81.07062530517578,97.42262268066406,142.3391571044922
2025-04-09,197.98709106445312,174.0028533935547,124.70015716552734,296.9747314453125,364.6400146484375,193.6751251220703,80.99948120117188,96.83999633789062,282.23553466796875,191.10000610351562,76.0,371.8056335449219,263.14044189453125,183.66184997558594,259.638427734375,36.332794189453125,160.8043212890625,183.24835205078125,878.965576171875,521.4099731445312,96.7699966430664,296.9244384765625,282.8307189941406,264.6499938964844,313.3594665527344,244.7609405517578,959.9291381835938,263.45013427734375,56.82210159301758,202.25283813476562,139.74136352539062,446.735107421875,112.33232879638672,235.10960388183594,102.72074890136719,109.9735107421875,280.9093933105469,33.27705383300781,213.20156860351562,186.2840118408203,102.52397155761719,160.50511169433594,158.16159057617188,506.37933349609375,336.2688293457031,346.62823486328125,229.60240173339844,154.98934936523438,592.4594116210938,522.9500122070312,229.07388305664062,146.87771606445312,231.0458984375,698.0177001953125,67.97936248779297,440.03466796875,748.1704711914062,70.5927734375,513.2838745117188,297.0872497558594,43.59626770019531,435.1486511230469,64.05682373046875,583.9482421875,,52.655662536621094,79.03880310058594,387.5232849121094,412.67987060546875,94.5469970703125,504.19775390625,165.19000244140625,217.58470153808594,114.30307006835938,89.89666748046875,173.02000427246094,139.98272705078125,157.98448181152344,590.6378173828125,94.92230224609375,140.3026123046875,573.5861206054688,126.29798889160156,74.33539581298828,34.91279602050781,428.70001220703125,85.01008605957031,470.2662048339844,542.402099609375,359.501953125,93.41018676757812,451.88720703125,272.20001220703125,164.31143188476562,562.6346435546875,329.9605407714844,482.29998779296875,221.0701904296875,88.81192016601562,102.28553771972656,151.3480987548828
2025-04-10,189.59368896484375,168.54591369628906,122.20694732666016,283.8006286621094,350.04998779296875,175.6796875,79.5617904663086,88.69999694824219,272.8500061035156,181.22000122070312,72.6500015258789,367.473876953125,255.19361877441406,170.9151611328125,244.32891845703125,35.0613899230957,152.94654846191406,178.4181671142578,841.43896484375,515.8099975585938,92.63999938964844,285.2352600097656,280.5650634765625,254.02000427246094,320.4886169433594,248.8638916015625,959.0540161132812,253.863525390625,55.31675720214844,201.00357055664062,129.16722106933594,438.4438171386719,112.84420776367188,230.16098022460938,98.0976791381836,100.87092590332031,268.1610412597656,30.919845581054688,201.9124298095703,180.5543212890625,98.77368927001953,154.834716796875,152.29193115234375,479.8587951660156,332.75250244140625,344.90191650390625,223.98211669921875,153.38815307617188,574.579345703125,489.5199890136719,221.21278381347656,144.6595001220703,223.9175262451172,651.8179321289062,68.76654815673828,426.1322021484375,715.6114501953125,65.9468002319336,497.2608642578125,299.8434753417969,37.6830940246582,419.71075439453125,63.85359573364258,544.5910034179688,,52.674346923828125,74.83163452148438,378.45269775390625,410.38494873046875,92.11699676513672,507.9278564453125,156.697998046875,211.15573120117188,107.5446548461914,91.55733489990234,168.27000427246094,138.5885772705078,159.1913604736328,555.0469360351562,91.70411682128906,131.322998046875,543.4209594726562,124.96056365966797,72.95240020751953,31.574832916259766,406.8900146484375,86.06544494628906,454.16375732421875,518.6346435546875,345.0612487792969,88.64834594726562,425.8729248046875,252.39999389648438,151.80630493164062,578.0986938476562,322.1986389160156,475.489990234375,223.0699005126953,89.81304168701172,96.61053466796875,144.8920135498047
2025-04-11,197.2901153564453,169.3683319091797,124.54310607910156,282.92498779296875,352.4700012207031,176.4676513671875,80.16817474365234,93.4000015258789,277.281005859375,184.8699951171875,72.66999816894531,374.7233581542969,261.9815673828125,180.47767639160156,248.5249481201172,35.15919494628906,154.98973083496094,182.06578063964844,861.0350952148438,524.1099853515625,93.66999816894531,289.4670715332031,281.5885925292969,259.4700012207031,323.34814453125,251.8977508544922,958.1588134765625,253.744140625,56.04010772705078,204.28538513183594,129.78924560546875,453.1905212402344,114.87239837646484,232.90252685546875,98.84523010253906,104.66045379638672,274.90667724609375,32.89240264892578,203.25267028808594,180.71348571777344,100.9459228515625,158.850830078125,156.5970001220703,484.4046325683594,331.143310546875,345.1359558105469,229.76829528808594,154.0998077392578,584.1013793945312,493.6000061035156,226.58682250976562,147.61709594726562,232.8797607421875,665.1766967773438,69.41766357421875,435.9497375488281,727.0269165039062,66.98917388916016,507.6275329589844,302.89288330078125,37.58599853515625,425.0683288574219,64.88911437988281,541.8794555664062,,52.92660140991211,76.40447998046875,385.498779296875,417.8038635253906,91.8290023803711,525.544677734375,157.13400268554688,213.9488067626953,110.90386962890625,92.65266418457031,168.33999633789062,138.8673858642578,162.45188903808594,560.189453125,92.99913024902344,136.06199645996094,551.1686401367188,126.13081359863281,76.02460479736328,32.95271301269531,421.2099914550781,87.00462341308594,461.4857482910156,527.8884887695312,346.93316650390625,88.71528625488281,436.54364013671875,252.30999755859375,143.08181762695312,583.029541015625,330.92333984375,484.2200012207031,225.95616149902344,91.9837875366211,99.71389770507812,147.29702758789062
2025-04-14,201.64114379882812,173.28689575195312,125.60321807861328,288.3478698730469,350.9100036621094,175.9160614013672,79.70850372314453,94.5,284.9794921875,182.1199951171875,73.58999633789062,382.72967529296875,265.4582214355469,176.92645263671875,252.73085021972656,35.86335372924805,158.00840759277344,180.8872528076172,871.9796142578125,529.52001953125,94.2699966430664,294.0736083984375,286.5273132324219,260.55999755859375,322.3786926269531,253.96849060058594,973.9821166992188,253.2963409423828,56.11830520629883,207.83486938476562,129.49258422851562,461.6200256347656,116.47561645507812,236.16859436035156,99.38623046875,103.79261779785156,275.2038269042969,33.28691482543945,205.8743896484375,185.02069091796875,103.7416000366211,160.9136962890625,158.52032470703125,493.7509765625,338.3448486328125,348.3936462402344,233.26145935058594,157.9347381591797,590.578857421875,490.1300048828125,227.78646850585938,150.17581176757812,231.42054748535156,664.9285278320312,70.408935546875,440.0938415527344,748.8056640625,67.36640930175781,510.3262634277344,308.9234313964844,37.75106430053711,434.2358703613281,66.09882354736328,529.8270263671875,,53.37505340576172,76.39483642578125,384.8636169433594,421.8397521972656,93.12799835205078,527.3458251953125,159.96400451660156,216.97705078125,110.68392181396484,94.27999877929688,169.97999572753906,141.09805297851562,164.61257934570312,564.3905639648438,94.9996337890625,136.0033721923828,567.9569091796875,126.99622344970703,75.98509979248047,32.91389846801758,421.9800109863281,88.26332092285156,467.8851013183594,533.009765625,350.043212890625,90.50336456298828,447.6826477050781,252.35000610351562,146.35833740234375,570.9598999023438,332.69012451171875,495.8299865722656,228.83258056640625,93.89682006835938,99.95559692382812,148.66709899902344
2025-04-15,201.2628173828125,172.64239501953125,124.46917724609375,287.2235107421875,350.3800048828125,176.84194946289062,80.14860534667969,95.29000091552734,286.31744384765625,179.58999633789062,73.19999694824219,377.5215759277344,258.3684387207031,177.51170349121094,255.18511962890625,37.15431594848633,155.18943786621094,183.0943145751953,870.5000610351562,528.1699829101562,94.2300033569336,289.4472961425781,283.00958251953125,264.30999755859375,321.8204650878906,253.17869567871094,971.59521484375,253.67446899414062,55.913028717041016,206.42697143554688,128.7461700439453,455.2929382324219,116.369384765625,235.73312377929688,98.79605102539062,103.63835144042969,274.5005187988281,33.05905532836914,202.841796875,184.69239807128906,102.94283294677734,158.13331604003906,155.7698974609375,497.5816650390625,333.3087158203125,345.3797912597656,234.86167907714844,158.0928955078125,591.106201171875,488.2699890136719,225.78704833984375,149.45587158203125,229.85293579101562,671.1216430664062,69.83556365966797,444.9681396484375,751.6149291992188,67.94218444824219,515.2257690429688,305.4145812988281,37.60541915893555,431.6363830566406,64.8697509765625,519.8980712890625,,53.73942184448242,75.64218139648438,382.7994384765625,425.9844970703125,97.62799835205078,520.9879760742188,163.3000030517578,213.37059020996094,112.1735610961914,93.1953353881836,173.5500030517578,137.33863830566406,163.97021484375,563.0430908203125,95.173583984375,135.42686462402344,554.8783569335938,126.5045166015625,76.2518081665039,32.758644104003906,425.6499938964844,88.12776184082031,467.0119934082031,531.5169067382812,343.4864196777344,88.04595184326172,439.3832092285156,254.11000061035156,146.55221557617188,567.5850830078125,333.3154296875,500.489990234375,228.02481079101562,93.14348602294922,99.67523193359375,147.08016967773438
2025-04-16,193.4269561767578,167.64279174804688,127.90088653564453,283.82049560546875,344.19000244140625,173.28616333007812,79.19015502929688,88.29000091552734,274.0426025390625,174.3300018310547,71.87000274658203,371.2579650878906,254.492431640625,173.20657348632812,250.29637145996094,36.50883483886719,153.92971801757812,180.25210571289062,848.2976684570312,516.4500122070312,95.25,286.2019958496094,283.2779235839844,259.260009765625,322.6136779785156,251.7532958984375,962.4752197265625,248.6095428466797,54.50542449951172,202.97662353515625,129.53086853027344,446.56732177734375,116.23417663574219,233.53594970703125,97.05502319335938,105.32664489746094,266.61578369140625,33.009525299072266,199.13418579101562,181.48936462402344,102.16354370117188,154.9642791748047,152.8001708984375,488.9210510253906,328.7891540527344,337.4599914550781,232.78335571289062,156.6004180908203,585.13623046875,481.3399963378906,224.12899780273438,149.73800659179688,226.3824005126953,637.3576049804688,69.66062927246094,442.02777099609375,729.4987182617188,64.66618347167969,511.29217529296875,302.11102294921875,36.84806823730469,422.349853515625,64.33748626708984,500.7477722167969,,53.50585174560547,73.77983856201172,368.7867126464844,415.9046325683594,96.16300201416016,529.0090942382812,159.33200073242188,209.75430297851562,104.46538543701172,90.95733642578125,169.75999450683594,134.6945343017578,161.94578552246094,554.32373046875,96.92281341552734,132.63235473632812,546.2952880859375,127.10438537597656,74.77991485595703,33.137081146240234,415.6499938964844,87.5952377319336,460.3348693847656,519.702392578125,343.3576965332031,86.4969253540039,435.1886291503906,241.5500030517578,142.06394958496094,568.9953002929688,328.86871337890625,485.8900146484375,226.14332580566406,90.38794708251953,100.7290267944336,144.6554412841797
2025-04-17,196.12521362304688,168.9219970703125,129.16314697265625,280.9449157714844,348.79998779296875,173.62107849121094,79.35641479492188,87.5,268.8553466796875,172.61000061035156,71.19999694824219,365.8706359863281,256.0311584472656,169.6156768798828,248.7030792236328,36.587074279785156,152.63160705566406,181.54103088378906,858.0956420898438,518.2100219726562,95.12000274658203,290.2561950683594,283.7946472167969,260.2200012207031,323.2894287109375,252.8512420654297,989.0794067382812,246.04225158691406,54.50542449951172,204.0077667236328,131.93276977539062,446.2218933105469,117.63459014892578,236.2774658203125,97.94029235839844,107.52581787109375,265.78375244140625,32.59343719482422,203.0374298095703,180.83282470703125,101.83235931396484,152.83164978027344,150.63768005371094,499.1491394042969,332.7723693847656,346.306396484375,233.0175018310547,156.798095703125,582.4497680664062,482.739990234375,225.14332580566406,153.20150756835938,228.69937133789062,629.6559448242188,70.94344329833984,446.1028137207031,833.7865600585938,63.29621887207031,515.176025390625,304.2612609863281,37.44035720825195,421.5263671875,65.15040588378906,499.92041015625,,54.33735656738281,75.26585388183594,364.98583984375,416.39923095703125,97.3030014038086,531.843505859375,154.4320068359375,215.44822692871094,101.46607971191406,92.72666931152344,167.69000244140625,137.33863830566406,166.07252502441406,555.8594360351562,98.67203521728516,133.53126525878906,560.0997924804688,126.7503662109375,75.22445678710938,34.068607330322266,413.32000732421875,88.89265441894531,459.2435302734375,520.44384765625,343.1893005371094,89.03083038330078,425.93267822265625,241.3699951171875,143.89610290527344,441.6560363769531,327.1614990234375,489.1000061035156,227.4633026123047,92.40009307861328,103.36833190917969,146.53805541992188
2025-04-21,192.32179260253906,166.15855407714844,128.0882568359375,277.8404235839844,343.2200012207031,172.3603057861328,77.63510131835938,85.55999755859375,265.3551330566406,167.32000732421875,67.66999816894531,354.45867919921875,250.85015869140625,164.87411499023438,239.99435424804688,36.107852935791016,151.01856994628906,176.15512084960938,836.7554931640625,506.9200134277344,93.58000183105469,282.2276306152344,278.0211486816406,251.55999755859375,318.0404357910156,250.73236083984375,952.5496215820312,235.09642028808594,53.146697998046875,198.70333862304688,127.97106170654297,435.8478088378906,116.0603256225586,229.1316375732422,94.84185028076172,106.17323303222656,257.01739501953125,32.64297103881836,200.6602783203125,177.4109649658203,101.62779235839844,149.34371948242188,147.1597442626953,491.18414306640625,315.4885559082031,338.3475341796875,230.49034118652344,153.23001098632812,565.9925537109375,468.32000732421875,221.9930419921875,152.6664276123047,225.77110290527344,616.1284790039062,70.71992492675781,437.9429016113281,812.0078125,61.93619155883789,507.1993103027344,301.7395935058594,38.28509521484375,410.0570373535156,65.57623291015625,483.1526794433594,,53.842185974121094,75.1211166381836,356.3916320800781,407.8922119140625,98.79100036621094,522.9268188476562,151.197998046875,214.56622314453125,96.88717651367188,91.23332977294922,160.0500030517578,136.27137756347656,162.3284454345703,542.2750854492188,95.31854248046875,133.02317810058594,558.4388427734375,124.0263442993164,74.0390396118164,33.593135833740234,402.3599853515625,87.36286926269531,445.46258544921875,508.0558776855469,336.3453063964844,89.67147827148438,420.30340576171875,227.5,141.15272521972656,413.6653137207031,317.7221374511719,477.5199890136719,224.1731719970703,91.59722137451172,101.8504867553711,145.2325897216797
2025-04-22,198.87322998046875,169.6934051513672,129.90274047851562,282.546875,349.9100036621094,175.8175811767578,79.84542846679688,86.26000213623047,269.9315490722656,173.17999267578125,68.66999816894531,366.9759521484375,258.4268798828125,168.21701049804688,249.8015594482422,37.47705841064453,153.53030395507812,182.52427673339844,869.3046875,520.7899780273438,95.05000305175781,288.6009216308594,288.59429931640625,258.1499938964844,330.0855712890625,255.76953125,973.892578125,242.19129943847656,53.801631927490234,204.0870819091797,131.3873291015625,448.7783508300781,118.33961486816406,234.377197265625,98.15668487548828,108.3237533569336,264.3870849609375,33.74263381958008,202.07876586914062,188.18394470214844,102.77723693847656,153.36976623535156,150.9466094970703,509.43603515625,322.4517517089844,345.69189453125,235.0568084716797,158.8144073486328,580.6388549804688,478.739990234375,230.41983032226562,153.4739227294922,232.27833557128906,631.5714721679688,71.8180923461914,448.5596618652344,821.4578247070312,63.01826477050781,525.1343383789062,311.8653564453125,39.120121002197266,426.4970397949219,66.08914184570312,498.7240905761719,,54.953975677490234,76.20185852050781,364.0331115722656,415.25177001953125,104.03399658203125,456.7403869628906,153.36599731445312,215.60504150390625,98.86669921875,92.90266418457031,163.6300048828125,137.93475341796875,164.41448974609375,561.457763671875,96.59423065185547,135.5636749267578,582.3084716796875,111.86170196533203,75.64923095703125,33.583431243896484,413.3999938964844,88.94107818603516,462.7557373046875,521.2743530273438,344.7938232421875,89.97745513916016,433.13623046875,237.97000122070312,142.2675323486328,415.4645690917969,328.9382019042969,490.4700012207031,226.52752685546875,94.01575469970703,104.70249938964844,148.33802795410156
2025-04-23,203.71212768554688,172.8865203857422,128.03895568847656,286.7259826660156,351.9599914550781,180.35829162597656,79.8552017211914,90.38999938964844,269.44677734375,180.60000610351562,70.76000213623047,367.28466796875,257.8230895996094,175.48809814453125,257.4414978027344,37.8975944519043,155.40452575683594,187.80184936523438,874.5171508789062,526.8099975585938,98.91999816894531,293.1603088378906,282.7015380859375,265.4200134277344,329.7134704589844,251.83998107910156,970.5211181640625,249.24639892578125,54.378353118896484,205.9213409423828,130.79400634765625,450.5353088378906,117.267578125,235.50547790527344,99.41574096679688,108.5670166015625,273.0543518066406,34.862098693847656,206.45156860351562,192.66024780273438,103.62470245361328,157.1766357421875,154.81320190429688,518.56689453125,333.73590087890625,347.63287353515625,239.52572631835938,159.12081909179688,593.0663452148438,487.92999267578125,230.8587188720703,151.16818237304688,237.4939727783203,652.1653442382812,71.23499298095703,442.24481201171875,823.3240356445312,66.24462127685547,527.80322265625,311.2789306640625,40.712501525878906,427.3899841308594,65.2084732055664,518.6519775390625,,54.71106719970703,75.97991180419922,371.54559326171875,419.5744934082031,104.95899963378906,465.17486572265625,162.5399932861328,217.51609802246094,102.68579864501953,92.03333282470703,168.32000732421875,136.78097534179688,162.30885314941406,575.4879760742188,98.07286071777344,137.24427795410156,584.6556396484375,118.28329467773438,76.90379333496094,33.020633697509766,422.2300109863281,88.23426055908203,466.5357666015625,529.3516845703125,353.69793701171875,88.1128921508789,430.05755615234375,250.74000549316406,147.49252319335938,416.22320556640625,331.8861389160156,492.4200134277344,225.2173614501953,94.12478637695312,103.80339050292969,149.24789428710938
2025-04-24,207.46575927734375,176.12844848632812,127.5853500366211,289.9598083496094,360.9100036621094,192.296142578125,80.63761138916016,94.47000122070312,271.3277587890625,186.5399932861328,75.29000091552734,363.5205078125,261.82568359375,186.6377410888672,264.5469970703125,38.70934295654297,157.0405731201172,191.6499481201172,897.75830078125,531.6400146484375,101.13999938964844,304.1524658203125,280.2272033691406,281.7799987792969,328.74395751953125,253.56396484375,970.1630249023438,263.3963623046875,55.02350616455078,207.9637908935547,133.0811004638672,458.50091552734375,116.57219696044922,237.20782470703125,103.33060455322266,110.40614318847656,284.30694580078125,37.27936553955078,211.00048828125,196.37060546875,103.4006576538086,160.9136962890625,158.7296142578125,534.3009033203125,339.1296081542969,350.7734680175781,223.76747131347656,161.08770751953125,611.7523193359375,508.1300048828125,236.09620666503906,150.73036193847656,241.20111083984375,684.2322387695312,70.47695922851562,443.5472717285156,853.4111938476562,70.3843002319336,533.23046875,309.07000732421875,45.751800537109375,436.130859375,63.408416748046875,531.4918823242188,,54.85120391845703,77.04135131835938,384.35748291015625,423.5115051269531,109.68699645996094,455.7463684082031,187.71400451660156,222.15158081054688,106.40491485595703,90.14466857910156,176.0399932861328,130.09864807128906,156.23684692382812,591.34130859375,99.88973236083984,143.8397674560547,596.5009155273438,119.94524383544922,78.41519165039062,33.893943786621094,438.8999938964844,88.15681457519531,477.4791259765625,540.4940185546875,357.60028076171875,91.13444519042969,425.0957946777344,259.510009765625,157.16702270507812,412.6149597167969,333.2161865234375,492.4700012207031,224.07467651367188,94.99703979492188,105.02153778076172,150.62257385253906
2025-04-25,208.371826171875,181.68463134765625,127.06269836425781,291.9299621582031,367.7200012207031,191.66578674316406,79.43466186523438,96.6500015258789,272.2973327636719,188.99000549316406,77.91000366210938,334.44287109375,260.13116455078125,190.76431274414062,262.0630187988281,38.816917419433594,157.5244903564453,192.06553649902344,889.3612670898438,530.9600219726562,101.9000015258789,303.74609375,277.3553771972656,289.6300048828125,328.4110107421875,256.4822692871094,971.8338623046875,266.5308532714844,55.434051513671875,206.62527465820312,132.75572204589844,453.3582763671875,115.75127410888672,235.6935272216797,103.55683898925781,110.02664184570312,286.0899658203125,37.00197219848633,206.9602508544922,197.38522338867188,100.49783325195312,163.28550720214844,161.40036010742188,533.80126953125,325.729736328125,348.7642517089844,226.7727508544922,161.33480834960938,620.9957885742188,514.5900268554688,233.58961486816406,150.38986206054688,240.12644958496094,689.3831176757812,69.8841552734375,442.4323425292969,878.0388793945312,70.9005126953125,531.2587280273438,309.5782470703125,45.528480529785156,435.17840576171875,63.476158142089844,545.5679931640625,,54.430782318115234,79.83970642089844,388.87298583984375,425.5690002441406,110.15299987792969,465.7161865234375,189.052001953125,217.2808837890625,110.98385620117188,89.80000305175781,178.97999572753906,128.24298095703125,157.6960906982422,592.540283203125,98.80733489990234,145.15884399414062,599.3652954101562,123.14129638671875,78.96839141845703,33.49610137939453,446.6199951171875,87.55651092529297,476.2290344238281,544.3992309570312,361.57196044921875,92.34881591796875,422.68463134765625,284.95001220703125,157.87469482421875,407.1588439941406,332.68023681640625,493.8399963378906,224.90213012695312,94.25364685058594,104.96353149414062,151.77969360351562
2025-04-28,209.22808837890625,187.81695556640625,127.7332534790039,291.7906494140625,368.6199951171875,190.808837890625,80.1290512084961,96.38999938964844,274.4788818359375,187.6999969482422,78.30999755859375,342.0309143066406,262.4100341796875,190.9230499267578,262.20159912109375,38.90494155883789,157.17884826660156,194.11029052734375,895.2891235351562,530.9400024414062,102.18000030517578,304.3507080078125,280.40606689453125,285.739990234375,327.8822326660156,258.0425720214844,973.2063598632812,264.3317565917969,55.56113052368164,206.5063018798828,134.06674194335938,454.2466735839844,116.54322052001953,236.57440185546875,102.78960418701172,111.0678482055664,285.0201416015625,36.89299774169922,206.9015655517578,199.80242919921875,103.58572387695312,161.86044311523438,160.0550079345703,535.31005859375,329.80230712890625,348.1205139160156,230.4318084716797,161.5819091796875,615.1353149414062,514.010009765625,234.19430541992188,151.1389923095703,239.8010711669922,688.4998168945312,69.76752471923828,442.0376281738281,870.8421630859375,71.04942321777344,532.2645263671875,309.6466979980469,45.64499282836914,436.3293151855469,63.001953125,548.0302734375,,54.36538314819336,80.27393341064453,388.1882019042969,426.3504943847656,111.03800201416016,475.6662902832031,187.48199462890625,217.30047607421875,108.70439147949219,91.34400177001953,181.5399932861328,128.60833740234375,158.5089569091797,591.6187744140625,99.85108184814453,144.24034118652344,607.5406494140625,122.72826385498047,79.2054672241211,33.08856201171875,443.9700012207031,87.86634826660156,475.6039733886719,544.6068725585938,362.98828125,92.14801788330078,419.7952575683594,285.8800048828125,157.467529296875,408.4815368652344,335.0028381347656,496.489990234375,225.66064453125,94.38250732421875,105.02153778076172,151.87860107421875
2025-04-29,210.29345703125,188.95944213867188,128.68980407714844,296.98468017578125,370.9800109863281,189.77462768554688,80.197509765625,96.05999755859375,279.78253173828125,187.38999938964844,80.7300033569336,348.4339904785156,263.8513488769531,189.63348388671875,264.2501220703125,39.110321044921875,158.56912231445312,194.87562561035156,901.9322509765625,534.5700073242188,102.73999786376953,304.6877136230469,283.1586608886719,302.2200012207031,330.2226867675781,262.31884765625,986.294677734375,266.4412841796875,56.04987716674805,207.47793579101562,133.3011932373047,454.6809997558594,117.53800201416016,244.37342834472656,103.36994171142578,109.89041900634766,287.9422912597656,36.823646545410156,205.28744506835938,199.44435119628906,101.51090240478516,161.50167846679688,159.6065673828125,537.7788696289062,338.3051452636719,350.1492614746094,233.5834503173828,164.39881896972656,620.03076171875,514.8900146484375,235.78408813476562,151.68380737304688,241.181396484375,682.7732543945312,70.31175231933594,444.583251953125,878.6940307617188,70.3843002319336,537.432861328125,307.388916015625,44.58664321899414,443.4926452636719,63.53423309326172,552.7156372070312,,54.90726089477539,81.74065399169922,391.0462951660156,431.04913330078125,112.56400299072266,474.47540283203125,188.57200622558594,218.89791870117188,108.99431610107422,93.28199768066406,186.64999389648438,129.1371612548828,158.9104766845703,597.2169799804688,99.63847351074219,143.51731872558594,565.8185424804688,123.64282989501953,80.2723388671875,33.098262786865234,460.7699890136719,88.54409790039062,487.8966369628906,548.0375366210938,367.3759765625,92.66435241699219,425.9625549316406,292.0299987792969,155.84864807128906,398.00689697265625,338.9830322265625,503.5,225.3848114013672,95.1952896118164,104.76050567626953,153.7180938720703
2025-04-30,211.5778350830078,190.51206970214844,128.93634033203125,297.6612854003906,374.9800109863281,191.99081420898438,79.7280502319336,97.3499984741211,282.07073974609375,184.4199981689453,82.2699966430664,353.3034973144531,264.0071716308594,190.9230499267578,263.6464538574219,39.00274658203125,159.06842041015625,202.4197998046875,895.7986450195312,533.25,102.87000274658203,306.5411682128906,284.2815246582031,297.739990234375,332.99407958984375,266.8648376464844,989.0794067382812,267.3865966796875,56.43110275268555,209.87734985351562,130.20071411132812,457.5632019042969,117.84705352783203,248.8470001220703,103.38961791992188,107.36039733886719,291.5874938964844,35.694271087646484,205.75701904296875,200.47886657714844,103.78054809570312,160.33570861816406,158.25128173828125,536.4367065429688,342.7750549316406,351.6025085449219,235.95452880859375,166.019775390625,624.3290405273438,515.7999877929688,233.989501953125,152.0729522705078,241.181396484375,697.40234375,70.5061264038086,447.19805908203125,892.343017578125,71.14868927001953,545.7780151367188,312.4224548339844,44.742000579833984,449.5646057128906,65.93429565429688,547.2925415039062,,55.26228713989258,82.21345520019531,392.2570495605469,435.62908935546875,113.1719970703125,478.8057861328125,191.0019989013672,219.5741424560547,108.89433288574219,94.34666442871094,186.92999267578125,130.35824584960938,159.21409606933594,599.5156860351562,98.7686767578125,145.06112670898438,595.5064086914062,124.03617858886719,80.41064453125,32.26377487182617,459.010009765625,88.9701156616211,496.1214599609375,548.2550659179688,370.34735107421875,92.46355438232422,427.42718505859375,282.1600036621094,156.47434997558594,400.1562805175781,342.9334716796875,509.5,229.8767547607422,96.3946533203125,102.12118530273438,154.6774139404297
2025-05-01,212.39431762695312,188.79344177246094,129.06454467773438,299.034423828125,374.6300048828125,190.8285369873047,79.06300354003906,96.6500015258789,275.1479187011719,190.1999969482422,87.83999633789062,350.8037414550781,265.0492248535156,195.7439727783203,265.7543640136719,39.28636169433594,130.22576904296875,202.5051727294922,897.6407470703125,530.22998046875,103.19000244140625,311.1898193359375,281.50909423828125,299.7300109863281,328.2347412109375,266.89373779296875,993.5946655273438,268.0035400390625,56.81232452392578,207.7655029296875,130.39208984375,473.8102111816406,117.1806640625,250.02476501464844,104.07815551757812,108.67405700683594,298.8086242675781,36.07073211669922,205.49285888671875,202.53794860839844,100.57576751708984,162.22915649414062,160.74264526367188,542.5892333984375,340.7487487792969,349.46649169921875,233.84690856933594,168.8564453125,620.0704956054688,517.1799926757812,233.3360595703125,150.27310180664062,243.41949462890625,671.2208251953125,69.28162384033203,442.0869445800781,788.2634887695312,71.20825958251953,544.35400390625,306.54833984375,44.644901275634766,448.3144836425781,65.68268585205078,570.430419921875,,55.411773681640625,80.34147644042969,422.16802978515625,434.412353515625,113.34700012207031,478.9731750488281,191.58999633789062,217.3396759033203,111.58370208740234,93.84532928466797,186.27000427246094,128.40643310546875,156.6775665283203,604.5294189453125,99.619140625,132.11448669433594,586.7940063476562,125.29492950439453,80.51930236816406,32.73923873901367,459.3599853515625,88.55378723144531,495.0102844238281,552.1405029296875,370.4166564941406,91.76553344726562,418.3506164550781,280.5199890136719,154.72433471679688,389.69134521484375,339.9061279296875,498.8599853515625,229.9161376953125,96.5532455444336,102.26620483398438,153.93565368652344
2025-05-02,204.45889282226562,193.80279541015625,130.9776153564453,303.8105163574219,380.8699951171875,195.6056671142578,81.82102966308594,98.80000305175781,272.665771484375,189.97999572753906,91.0199966430664,355.5038757324219,270.3665771484375,202.00326538085938,273.9781494140625,40.16656494140625,129.64202880859375,206.5290985107422,910.43701171875,539.7999877929688,104.93000030517578,320.82403564453125,285.5038146972656,308.1499938964844,327.81365966796875,270.110595703125,1004.1107177734375,273.7252197265625,57.9951057434082,209.74847412109375,132.53564453125,475.4389343261719,117.42211151123047,252.75643920898438,106.54708099365234,107.87612915039062,296.8769836425781,37.24964141845703,214.94284057617188,206.60641479492188,100.99462890625,165.23873901367188,163.46319580078125,554.6101684570312,345.64581298828125,355.53314208984375,239.5940399169922,171.43614196777344,628.5180053710938,529.4199829101562,236.3400115966797,151.88809204101562,248.96047973632812,692.9064331054688,69.63148498535156,448.8951416015625,817.566650390625,73.97795867919922,557.0608520507812,304.90631103515625,46.518863677978516,461.1033630371094,65.5665512084961,595.163330078125,,55.69205093383789,80.26427459716797,431.9729919433594,402.0263366699219,115.64900207519531,483.64801025390625,195.4720001220703,221.224609375,114.47303009033203,93.75733184814453,187.6999969482422,128.59872436523438,157.20640563964844,613.3478393554688,101.87091064453125,136.609130859375,602.3191528320312,128.04844665527344,82.09986114501953,33.69987487792969,472.2799987792969,88.15681457519531,502.6398620605469,560.3365478515625,374.6062316894531,93.10420227050781,421.9971618652344,287.2099914550781,160.83470153808594,388.95220947265625,345.0178527832031,501.1499938964844,230.44810485839844,97.8814468383789,102.68192291259766,155.70596313476562
2025-05-05,198.02691650390625,191.45924377441406,130.76068115234375,306.1786804199219,381.05999755859375,194.7487335205078,81.22443389892578,100.58999633789062,271.5410461425781,186.35000610351562,90.37999725341797,354.7454528808594,265.097900390625,199.10671997070312,275.1459045410156,40.2154655456543,128.27476501464844,206.06546020507812,901.9420776367188,512.1500244140625,104.23999786376953,320.25909423828125,286.0205383300781,308.8299865722656,326.1097717285156,272.1427917480469,1010.6734008789062,271.28729248046875,57.98533248901367,210.0161590576172,129.6648406982422,475.1131591796875,116.6205062866211,252.4793243408203,106.60609436035156,105.59910583496094,296.78753662109375,37.00197219848633,212.27220153808594,207.83990478515625,100.14716339111328,165.47793579101562,163.642578125,548.202880859375,347.04638671875,352.8119812011719,243.135986328125,171.9600067138672,629.0155029296875,531.8200073242188,234.9258270263672,150.7984619140625,249.00979614257812,688.072998046875,69.68006896972656,446.4678955078125,815.4224853515625,73.37239837646484,558.7835693359375,308.581298828125,46.39263916015625,461.0339050292969,65.61494445800781,597.40625,,55.934959411621094,79.93619537353516,432.8562316894531,400.9876708984375,113.40599822998047,485.5278015136719,195.61000061035156,219.17367553710938,113.7931900024414,92.47599792480469,188.1300048828125,126.90652465820312,155.55130004882812,610.9202270507812,101.7936019897461,136.2476348876953,600.3002319335938,126.45533752441406,82.35669708251953,32.758644104003906,477.4100036621094,88.15681457519531,501.925537109375,557.1234130859375,377.7162170410156,89.90096282958984,420.72186279296875,280.260009765625,158.79139709472656,393.7080993652344,346.0501403808594,500.19000244140625,231.285400390625,98.45635223388672,99.83958435058594,156.3191375732422
2025-05-06,197.6485595703125,182.74899291992188,131.21429443359375,302.28814697265625,382.9800109863281,192.6605987548828,80.71585845947266,98.62000274658203,262.21368408203125,185.00999450683594,90.7699966430664,357.18035888671875,260.6278381347656,198.48179626464844,272.5135192871094,39.941627502441406,126.85376739501953,204.9241943359375,896.4943237304688,512.3300170898438,104.12000274658203,318.0587158203125,287.1831970214844,305.7799987792969,326.9029235839844,272.5473327636719,1006.3016357421875,272.0137023925781,57.88758087158203,211.4934539794922,129.7605438232422,469.1513366699219,118.735595703125,250.0544891357422,105.5142593383789,105.79373168945312,296.32037353515625,37.56665802001953,208.77003479003906,207.501708984375,95.3448486328125,164.63084411621094,162.66595458984375,538.2098999023438,354.3175048828125,350.5198974609375,243.07742309570312,173.15594482421875,623.4136962890625,530.4600219726562,233.9504852294922,150.2828369140625,245.74630737304688,674.3074340820312,69.69950866699219,441.10028076171875,769.4230346679688,72.62785339355469,556.6624755859375,309.6271057128906,45.86832046508789,459.2876892089844,65.33428955078125,585.4834594726562,,56.50486755371094,76.26939392089844,430.0179443359375,408.1790466308594,113.76899719238281,479.7703552246094,193.052001953125,215.57469177246094,113.51325988769531,92.44266510009766,188.69000244140625,125.70466613769531,155.96261596679688,608.2944946289062,100.99146270751953,136.6970977783203,555.4850463867188,126.03247833251953,81.8232650756836,32.583984375,473.54998779296875,88.3214111328125,497.8676452636719,552.4667358398438,373.9129333496094,89.54718017578125,405.52777099609375,275.3500061035156,157.49110412597656,383.69061279296875,345.1171569824219,450.0299987792969,230.576171875,97.68321228027344,101.23175048828125,148.21934509277344
2025-05-07,195.39837646484375,183.66690063476562,132.09193420410156,304.5667419433594,384.9700012207031,196.8565673828125,79.89432525634766,100.36000061035156,267.4494323730469,188.7100067138672,86.44999694824219,358.96661376953125,257.6964416503906,203.1638641357422,273.37445068359375,40.02964782714844,128.38230895996094,206.26869201660156,901.7754516601562,518.219970703125,104.80000305175781,317.4639892578125,288.60418701171875,308.3399963378906,327.5101013183594,274.3194885253906,1002.9655151367188,276.8597412109375,58.229705810546875,213.27813720703125,129.94235229492188,466.288818359375,118.40721893310547,251.71722412109375,108.06187438964844,105.06391906738281,300.3858337402344,36.675045013427734,210.87327575683594,208.8147430419922,96.33843994140625,152.27359008789062,150.85691833496094,540.7179565429688,358.56890869140625,353.80682373046875,247.22434997558594,174.4803924560547,637.9306640625,536.1500244140625,234.379638671875,153.03611755371094,245.8843536376953,689.1251220703125,70.3603515625,443.6755676269531,771.0112915039062,74.51403045654297,563.971923828125,310.9368591308594,46.683929443359375,464.1988830566406,65.0149154663086,594.9539184570312,,56.90660858154297,76.34658813476562,430.0576477050781,410.6618957519531,115.54100036621094,478.3531188964844,196.6580047607422,216.90582275390625,117.03242492675781,91.87266540527344,188.13999938964844,126.83920288085938,156.00180053710938,617.3111572265625,101.5133285522461,140.99635314941406,557.8819580078125,125.38343811035156,82.98892211914062,32.5063591003418,480.5400085449219,89.18312072753906,501.7370300292969,554.7901611328125,380.39044189453125,91.30655670166016,406.3547668457031,276.2200012207031,161.10845947265625,380.3351745605469,347.25115966796875,434.82000732421875,231.99465942382812,97.96075439453125,101.13507843017578,154.27194213867188
2025-05-08,196.63299560546875,181.21592712402344,132.14125061035156,307.3428649902344,383.989990234375,199.73269653320312,80.0214614868164,101.69999694824219,263.7746887207031,192.0800018310547,87.2699966430664,356.362060546875,262.5950622558594,206.10006713867188,280.717529296875,40.684906005859375,129.00448608398438,205.03932189941406,909.8883056640625,513.25,103.29000091552734,321.3890380859375,287.15338134765625,307.9599914550781,326.2076110839844,271.59381103515625,1003.5232543945312,278.3622741699219,58.366554260253906,213.1294403076172,131.1385040283203,483.6512756347656,115.8961410522461,250.79676818847656,110.5406265258789,106.757080078125,305.19677734375,37.130760192871094,214.44393920898438,213.3606719970703,95.61759948730469,155.21340942382812,153.74688720703125,554.2183227539062,351.5560607910156,355.86474609375,247.97567749023438,174.4210968017578,652.7958984375,538.1599731445312,237.0910186767578,151.44058227539062,249.906982421875,698.0374755859375,69.16499328613281,447.19805908203125,745.9270629882812,74.35519409179688,564.7586669921875,306.4017333984375,47.7131462097168,467.9690856933594,65.05362701416016,596.1502075195312,,56.43012619018555,74.9281234741211,434.84100341796875,405.9336242675781,114.44300079345703,476.7095031738281,194.8979949951172,220.9386749267578,117.34235382080078,90.67666625976562,188.52999877929688,126.36808776855469,155.37501525878906,635.6218872070312,101.9482192993164,141.77806091308594,544.6939697265625,126.53401184082031,83.34455108642578,33.30203628540039,484.5,87.44031524658203,503.6221008300781,558.6558227539062,378.8056945800781,92.6834716796875,409.27398681640625,284.82000732421875,161.93946838378906,374.9762878417969,348.66058349609375,429.6000061035156,229.65017700195312,96.57306671142578,102.54656982421875,159.90914916992188
2025-05-09,197.66847229003906,180.25897216796875,131.39178466796875,306.36773681640625,383.2799987792969,204.3916015625,80.59850311279297,102.83999633789062,257.77301025390625,193.05999755859375,86.5199966430664,353.5779113769531,264.0461730957031,206.526611328125,281.5587158203125,40.8707275390625,128.44375610351562,201.35833740234375,904.793212890625,513.739990234375,102.86000061035156,322.7469482421875,288.05767822265625,305.7799987792969,326.55035400390625,273.8668212890625,1003.901611328125,274.0635986328125,58.425201416015625,212.9113006591797,132.52609252929688,486.2275085449219,116.21485900878906,250.07424926757812,110.70784759521484,108.12913513183594,308.009765625,37.50722122192383,213.0939483642578,213.8282012939453,94.39997863769531,153.84814453125,152.22218322753906,555.5897827148438,351.3375244140625,353.76776123046875,244.77359008789062,176.25949096679688,650.6068725585938,536.510009765625,236.51559448242188,150.03961181640625,249.52247619628906,695.923583984375,68.53330993652344,446.6356506347656,729.1710815429688,74.81185150146484,566.2723388671875,306.58746337890625,53.72341537475586,466.9768981933594,64.23102569580078,590.6472778320312,,55.52388381958008,73.30701446533203,435.3967590332031,402.1054382324219,114.02200317382812,474.9871826171875,196.01199340820312,220.3766326904297,116.62252044677734,90.62266540527344,186.92999267578125,125.41621398925781,154.40545654296875,643.4616088867188,103.320556640625,141.85621643066406,524.9121704101562,126.53401184082031,83.71121978759766,33.52521514892578,482.8999938964844,87.47904968261719,503.74114990234375,557.9440307617188,377.28045654296875,92.17670440673828,401.6520690917969,298.260009765625,168.42135620117188,370.2009582519531,349.9211730957031,424.989990234375,229.27586364746094,96.1010971069336,103.74537658691406,157.51580810546875
2025-05-12,210.15049743652344,185.600341796875,130.1591339111328,320.48712158203125,395.94000244140625,219.79656982421875,81.63520050048828,108.12000274658203,266.40228271484375,208.63999938964844,92.31999969482422,352.8294982910156,268.993408203125,219.799072265625,295.8192138671875,42.406192779541016,134.6808319091797,206.21908569335938,938.684814453125,514.2999877929688,102.87000274658203,339.5275573730469,287.8291015625,311.7699890136719,309.1975402832031,260.49853515625,1011.92822265625,287.3975830078125,60.28245162963867,215.1421356201172,135.52127075195312,489.20843505859375,111.8880615234375,251.86566162109375,117.45556640625,110.98999786376953,320.1564025878906,38.74557113647461,227.88519287109375,217.7971954345703,101.13099670410156,159.0302276611328,157.9124755859375,579.3379516601562,360.8535461425781,367.3055725097656,249.183837890625,171.42628479003906,658.9846801757812,561.4299926757812,244.1328582763672,149.96177673339844,256.3945007324219,754.7474975585938,67.5711898803711,448.3721923828125,750.016845703125,81.6517333984375,575.8622436523438,304.86724853515625,59.189937591552734,483.23834228515625,63.70842742919922,637.4412841796875,,53.20688247680664,77.61067962646484,445.8467712402344,408.4461364746094,111.0,471.5819091796875,203.1199951171875,235.76849365234375,122.97103118896484,89.30733489990234,193.5,126.60843658447266,157.5785675048828,664.49658203125,106.625732421875,148.6373291015625,572.5020141601562,128.39263916015625,84.60313415527344,34.786651611328125,505.5899963378906,84.99071502685547,514.2876586914062,576.382568359375,384.37200927734375,96.65166473388672,431.0040283203125,318.3800048828125,183.0960235595703,368.36279296875,353.20660400390625,439.3699951171875,222.20303344726562,96.13090515136719,105.533935546875,160.13661193847656
2025-05-13,212.28399658203125,183.57901000976562,127.2599105834961,320.9249572753906,397.3999938964844,223.27354431152344,81.80145263671875,112.45999908447266,262.223388671875,211.3699951171875,97.25,354.32635498046875,266.49053955078125,230.55194091796875,299.16412353515625,43.30595397949219,134.6808319091797,208.89576721191406,939.8116455078125,511.8800048828125,102.94999694824219,349.429443359375,283.5362548828125,318.6600036621094,295.63458251953125,258.4470520019531,994.8793334960938,287.7458801269531,60.389976501464844,213.49627685546875,136.21986389160156,492.12030029296875,109.20314025878906,248.91629028320312,119.50151824951172,113.51028442382812,328.7644348144531,39.10221862792969,226.1243133544922,220.41334533691406,98.80290985107422,160.33570861816406,158.97874450683594,591.5547485351562,365.641357421875,364.3892822265625,253.99679565429688,170.83323669433594,653.51220703125,563.9500122070312,242.99172973632812,144.41627502441406,259.3128967285156,789.9110717773438,67.01725006103516,444.672119140625,740.5767211914062,84.62991333007812,574.189208984375,301.7102966308594,60.49102783203125,480.8968505859375,62.07289123535156,653.9896850585938,,52.7584342956543,73.9438705444336,445.72772216796875,408.8121337890625,113.84400177001953,463.2261657714844,207.343994140625,236.90240478515625,129.89938354492188,88.05332946777344,192.0,125.29120635986328,155.45333862304688,674.094970703125,106.0168685913086,147.87518310546875,571.0400390625,128.5499725341797,85.44550323486328,35.0389404296875,515.7100219726562,82.85094451904297,511.51953125,580.1890258789062,383.8272705078125,94.74884796142578,427.37744140625,334.07000732421875,183.99546813964844,302.8404235839844,354.0815124511719,432.0,219.06065368652344,95.26646423339844,105.82395935058594,158.64324951171875
2025-05-14,211.68580627441406,173.267333984375,126.77671813964844,318.81549072265625,399.4700012207031,223.41143798828125,80.08992004394531,117.72000122070312,254.30189514160156,210.25,98.22000122070312,351.4823303222656,264.386962890625,230.25436401367188,296.9869689941406,43.75583267211914,131.36260986328125,207.0749053955078,947.532470703125,503.3999938964844,102.94999694824219,346.5748291015625,279.6111145019531,319.3900146484375,297.0643310546875,256.4630126953125,987.4203491210938,289.30810546875,59.911006927490234,212.36598205566406,135.5691375732422,491.06414794921875,108.6139907836914,247.5801544189453,119.48184204101562,112.47881317138672,327.1143798828125,38.69603729248047,226.7602081298828,222.06460571289062,95.83189392089844,166.23532104492188,164.79856872558594,599.1866455078125,365.04534912109375,363.6187438964844,253.240478515625,169.9436798095703,649.5621948242188,565.9400024414062,239.0904541015625,142.39266967773438,261.90594482421875,798.9425048828125,67.21161651611328,440.03466796875,710.30078125,84.35194396972656,570.89306640625,300.54718017578125,58.888938903808594,475.2911682128906,61.49222946166992,657.309326171875,,52.62763214111328,70.89463806152344,449.4988098144531,410.7113952636719,115.0989990234375,449.08343505859375,205.36399841308594,237.80955505371094,135.30810546875,88.38200378417969,190.89999389648438,123.50285339355469,154.7580108642578,670.5079956054688,103.98738861083984,149.47763061523438,568.2552490234375,128.61880493164062,86.37705993652344,34.9419059753418,517.6599731445312,82.21192169189453,507.9180908203125,580.9304809570312,382.6288146972656,92.12794494628906,404.56134033203125,347.67999267578125,183.1546630859375,299.5628356933594,354.3996276855469,421.1600036621094,219.14930725097656,96.21039581298828,104.87651824951172,153.21371459960938
2025-05-15,210.80848693847656,177.40762329101562,131.50027465820312,321.6015625,404.69000244140625,223.70692443847656,81.40048217773438,114.98999786376953,263.4256591796875,205.1699981689453,96.06999969482422,357.8389587402344,267.25018310546875,230.7701873779297,296.44268798828125,43.40375518798828,132.32272338867188,207.91607666015625,963.22900390625,507.3299865722656,104.86000061035156,346.7235107421875,290.2140197753906,318.7699890136719,302.4601135253906,263.8984069824219,1006.2716674804688,289.3280334472656,62.81418228149414,217.0245361328125,136.1337127685547,509.6407165527344,111.97499084472656,253.28097534179688,118.28181457519531,112.74154663085938,324.8580322265625,38.11153793334961,226.085205078125,228.1722869873047,97.74112701416016,164.83016967773438,163.39344787597656,603.3994750976562,382.92510986328125,369.2953186035156,261.9430847167969,172.81991577148438,657.9996948242188,560.280029296875,241.85060119628906,145.5545654296875,263.72991943359375,799.9348754882812,69.59259796142578,448.17486572265625,727.9005126953125,84.17326354980469,579.7758178710938,307.369384765625,59.034584045410156,483.50616455078125,63.04066467285156,641.8775024414062,,54.24393081665039,72.17803192138672,450.5129089355469,420.9791259765625,117.7979965209961,461.6318054199219,207.03599548339844,240.5014190673828,134.79824829101562,91.34200286865234,192.89999389648438,126.43538665771484,159.05738830566406,668.3518676757812,105.56266021728516,149.11611938476562,581.8111572265625,133.27029418945312,87.31852722167969,34.6605110168457,514.47998046875,84.60343170166016,515.200439453125,583.7680053710938,388.4526672363281,93.87843322753906,403.4454345703125,342.82000732421875,183.63372802734375,266.8259582519531,360.20587158203125,434.3800048828125,224.61647033691406,95.73346710205078,105.94002532958984,158.58392333984375
2025-05-16,210.6190643310547,179.69261169433594,132.93016052246094,316.1090393066406,417.1300048828125,223.6970672607422,82.47630310058594,117.16999816894531,266.45794677734375,205.58999633789062,96.41999816894531,361.1620178222656,271.642333984375,226.77256774902344,296.61090087890625,43.706932067871094,134.73458862304688,211.0651397705078,969.72509765625,514.3099975585938,106.04000091552734,350.4602355957031,292.47967529296875,321.55999755859375,314.2898254394531,266.1039733886719,1021.56787109375,289.716064453125,62.18857955932617,219.3686981201172,135.98062133789062,524.6045532226562,113.30530548095703,256.4283142089844,119.15912628173828,112.3912353515625,327.0945129394531,37.66572570800781,224.51998901367188,230.55963134765625,99.8451919555664,166.8531494140625,165.61572265625,606.4659423828125,384.9316101074219,371.39227294921875,262.0216979980469,174.20364379882812,666.9248046875,563.5999755859375,245.13743591308594,147.22793579101562,263.7989196777344,785.216552734375,69.97161102294922,451.6776123046875,753.3644409179688,83.81587982177734,580.8513793945312,311.4059753417969,59.43267822265625,486.00128173828125,63.21486282348633,638.3485107421875,,55.019371032714844,73.39385223388672,451.6463317871094,419.59429931640625,119.15299987792969,465.6866149902344,208.03599548339844,242.66079711914062,135.36810302734375,92.11066436767578,192.97999572753906,126.89689636230469,159.909423828125,676.0624389648438,106.83834075927734,149.00863647460938,591.090576171875,133.23095703125,87.89331817626953,34.70902633666992,514.4299926757812,85.89116668701172,518.35546875,587.465576171875,390.4434509277344,95.33879089355469,410.5492858886719,349.9800109863281,184.28875732421875,283.9043884277344,363.00958251953125,438.6499938964844,226.43882751464844,97.61137390136719,105.55950164794922,161.24427795410156
2025-05-19,208.14659118652344,181.34286499023438,133.66976928710938,317.80059814453125,420.67999267578125,221.1656951904297,82.48606872558594,114.73999786376953,269.8227844238281,206.16000366210938,96.69999694824219,364.19561767578125,270.0841369628906,228.77633666992188,296.19525146484375,43.78517150878906,135.9943084716797,213.48377990722656,973.5953369140625,512.3900146484375,106.66000366210938,349.4591979980469,292.7281188964844,320.29998779296875,315.2886657714844,267.6931457519531,1030.04248046875,286.21343994140625,62.48182678222656,221.53407287597656,134.1403045654297,522.9758911132812,114.01673889160156,258.67498779296875,118.14151763916016,110.8829574584961,327.3132019042969,38.4384651184082,221.2036895751953,234.05116271972656,103.410400390625,167.29165649414062,165.96450805664062,599.8724365234375,384.3058776855469,370.0268249511719,263.6423645019531,174.6978302001953,667.5018920898438,561.6300048828125,245.49832153320312,148.35650634765625,261.1566162109375,782.9682006835938,69.9035873413086,454.20355224609375,751.0966186523438,83.21031951904297,583.9683227539062,313.9667663574219,58.81126022338867,489.18231201171875,63.60197830200195,638.438232421875,,55.56125259399414,74.52284240722656,456.2197570800781,420.69232177734375,119.16400146484375,463.6690368652344,205.14999389648438,240.36337280273438,135.53805541992188,92.92666625976562,194.3000030517578,126.71422576904297,161.36868286132812,674.9495239257812,106.93498229980469,150.18113708496094,593.29833984375,134.9224090576172,88.42845916748047,34.068607330322266,516.010009765625,87.36548614501953,520.1611938476562,588.108154296875,390.9188537597656,94.76818084716797,412.4024963378906,342.0899963378906,184.13232421875,307.22674560546875,365.77349853515625,440.6600036621094,228.48779296875,97.49214172363281,103.8813247680664,162.13438415527344
2025-05-20,206.232421875,180.5030975341797,133.32460021972656,318.5866394042969,417.6099853515625,221.116455078125,82.23179626464844,113.51000213623047,269.0011291503906,204.07000732421875,95.66999816894531,361.6709289550781,268.4674987792969,229.81788635253906,293.0977783203125,43.706932067871094,135.7024383544922,210.81149291992188,977.5635986328125,508.739990234375,106.54000091552734,346.40631103515625,290.12457275390625,320.54998779296875,318.26568603515625,267.6257019042969,1032.5123291015625,286.6413269042969,61.993080139160156,221.37513732910156,132.9586181640625,519.521240234375,114.32861328125,259.68450927734375,116.57064819335938,109.54983520507812,326.2794494628906,38.04218673706055,216.33197021484375,234.02130126953125,106.28399658203125,164.7504425048828,163.41336059570312,594.2097778320312,383.4714050292969,367.7542419433594,262.20831298828125,174.24317932128906,667.8003540039062,557.1599731445312,243.77197265625,149.49478149414062,261.9453430175781,786.2313232421875,69.67035675048828,453.72991943359375,743.0396728515625,83.6769027709961,578.6903686523438,312.56903076171875,59.034584045410156,484.1026306152344,63.74713897705078,635.11865234375,,55.962989807128906,75.23690032958984,455.5238342285156,418.35784912109375,119.2020034790039,469.0624084472656,204.3679962158203,240.6690216064453,134.3483428955078,92.41466522216797,194.47999572753906,126.72383880615234,162.22071838378906,675.714599609375,105.0794448852539,150.2984161376953,612.3525390625,134.90274047851562,88.37891387939453,33.54461669921875,515.6099853515625,88.68357849121094,518.8316650390625,586.1307983398438,385.8279724121094,94.89391326904297,412.2331237792969,343.82000732421875,184.4940643310547,312.7606506347656,364.71966552734375,447.17999267578125,230.3988494873047,97.1741943359375,102.39826965332031,161.84756469726562
2025-05-21,201.47689819335938,177.5248260498047,131.20443725585938,316.1388854980469,414.0299987792969,218.8805694580078,80.81366729736328,112.05999755859375,265.41131591796875,201.1199951171875,92.43000030517578,357.3100891113281,262.624267578125,227.88356018066406,283.033203125,42.298606872558594,132.99099731445312,210.12197875976562,953.1859130859375,507.0299987792969,104.63999938964844,339.4879455566406,288.59429931640625,317.54998779296875,310.51959228515625,271.3529968261719,1021.0401611328125,280.8898010253906,61.77803039550781,219.56735229492188,131.30230712890625,508.0021057128906,113.48072814941406,258.2691955566406,114.7527847290039,108.38213348388672,320.39495849609375,37.65582275390625,212.0961151123047,232.31036376953125,104.92999267578125,169.47412109375,167.9775390625,581.4149169921875,379.259765625,361.69732666015625,256.2362976074219,172.69142150878906,656.67626953125,547.0700073242188,238.61253356933594,149.02780151367188,257.3705749511719,774.9395751953125,69.82584381103516,449.43780517578125,721.096923828125,82.18781280517578,567.1685791015625,309.2850341796875,57.52958679199219,469.9768981933594,63.15679168701172,633.5235595703125,,55.54256820678711,74.28160858154297,449.9561767578125,421.8298645019531,119.46299743652344,466.4051208496094,202.95199584960938,236.07415771484375,131.76895141601562,91.36599731445312,181.25999450683594,125.13737487792969,162.0150604248047,657.5610961914062,101.15575408935547,147.8458709716797,602.222900390625,132.7097625732422,86.79328918457031,32.86538314819336,501.4599914550781,87.5412368774414,506.26116943359375,576.2540893554688,376.12158203125,89.9519271850586,396.81982421875,334.6199951171875,181.27755737304688,294.6708068847656,356.2289733886719,435.32000732421875,230.61557006835938,95.81295013427734,101.1396484375,159.6619110107422
2025-05-22,200.74911499023438,178.24740600585938,129.67593383789062,314.8752136230469,414.3299865722656,208.74517822265625,80.21707153320312,110.70999908447266,265.9590759277344,203.10000610351562,92.55999755859375,354.5857849121094,262.2055358886719,228.67713928222656,284.2009582519531,42.35729217529297,132.35345458984375,212.05117797851562,950.315185546875,503.57000732421875,104.5,342.144287109375,285.2851867675781,316.6300048828125,306.2009582519531,271.60345458984375,1013.89990234375,282.024169921875,61.93443298339844,220.17324829101562,131.04078674316406,508.9793395996094,112.6328353881836,256.9924621582031,115.93834686279297,107.8080062866211,319.1425476074219,37.34870910644531,214.05264282226562,229.05758666992188,103.9753646850586,171.38748168945312,170.27955627441406,586.0880737304688,374.1242980957031,357.1034851074219,253.7806854248047,171.97976684570312,662.7359008789062,542.6699829101562,238.67103576660156,148.47325134277344,257.00579833984375,763.568359375,69.13584899902344,452.8912658691406,711.3987426757812,81.95948028564453,567.76611328125,307.20318603515625,56.80062484741211,468.96295166015625,63.3793830871582,634.5902709960938,,55.40242385864258,75.11145782470703,452.2329406738281,417.160888671875,118.7969970703125,465.4012145996094,203.1540069580078,236.29107666015625,132.7987060546875,90.98600006103516,186.13999938964844,125.10852813720703,161.62330627441406,653.1593017578125,101.56165313720703,143.99607849121094,594.4837036132812,131.84439086914062,86.52571105957031,32.74894332885742,503.4800109863281,86.74060821533203,507.3029479980469,576.4815063476562,374.6656494140625,91.93451690673828,399.01177978515625,341.0400085449219,176.1839599609375,288.5338439941406,355.9009094238281,434.0299987792969,229.8373565673828,95.31615447998047,100.46641540527344,160.18606567382812
2025-05-23,194.67758178710938,178.9504852294922,129.4787139892578,308.03936767578125,407.69000244140625,207.30714416503906,79.82586669921875,110.30999755859375,265.7243347167969,200.99000549316406,91.19999694824219,355.79327392578125,262.7898254394531,226.8816680908203,282.2613220214844,42.24971008300781,131.63909912109375,211.6895294189453,943.7308349609375,503.4599914550781,104.5,340.3601989746094,284.3014221191406,315.510009765625,309.4423522949219,273.5971374511719,1004.3099365234375,271.78485107421875,61.6900520324707,220.79904174804688,132.25152587890625,503.4616394042969,113.52945709228516,258.4176330566406,116.81763458251953,107.21443176269531,319.1325988769531,38.65641403198242,211.9004669189453,231.5643310546875,104.58905792236328,169.0057373046875,167.88784790039062,586.3917236328125,374.07464599609375,353.76776123046875,254.0360870361328,174.07513427734375,716.5252685546875,539.5399780273438,235.8718719482422,148.79429626464844,257.04522705078125,753.2814331054688,69.74809265136719,452.7925720214844,709.9166870117188,80.47039031982422,561.2333984375,307.4573059082031,54.98065185546875,466.8654479980469,64.00843048095703,625.1097412109375,,55.81350326538086,74.8605728149414,447.5799560546875,414.3912048339844,118.53900146484375,464.0036926269531,200.87399291992188,236.66578674316406,131.25906372070312,91.62466430664062,186.75,124.35856628417969,162.43617248535156,650.7846069335938,100.54691314697266,142.05165100097656,586.0074462890625,130.81642150878906,86.61489868164062,32.6616096496582,498.8500061035156,87.5217056274414,506.01312255859375,572.5465087890625,373.0215148925781,91.18983459472656,392.2167663574219,339.3399963378906,172.36131286621094,287.4640197753906,351.49652099609375,436.0,233.27525329589844,95.72352600097656,100.52495574951172,160.7893524169922
2025-05-27,199.60260009765625,181.35264587402344,131.09596252441406,313.8602600097656,413.1000061035156,213.6306610107422,81.341796875,114.55999755859375,273.3441162109375,206.02000427246094,92.48999786376953,364.29541015625,267.38653564453125,233.75599670410156,290.7127685546875,43.24727249145508,134.04330444335938,216.4109649658203,961.5045166015625,509.1600036621094,106.16999816894531,348.4085388183594,287.9085998535156,323.0799865722656,308.7471008300781,273.8764343261719,1013.5613403320312,275.8248596191406,62.31565475463867,224.36495971679688,133.5010223388672,503.0372619628906,113.42224884033203,262.752685546875,119.5147933959961,108.23617553710938,326.1899719238281,39.270633697509766,214.9819793701172,240.5070037841797,106.2645034790039,173.38059997558594,172.3025360107422,603.2328491210938,376.2798156738281,361.2681884765625,258.55438232421875,176.46705627441406,748.1959228515625,550.1900024414062,240.60218811035156,150.37408447265625,261.56085205078125,785.0076904296875,69.75780487060547,461.7221374511719,721.365478515625,83.32945251464844,572.1576538085938,307.8287353515625,57.41706848144531,478.38671875,64.74394226074219,640.3223266601562,,55.701393127441406,74.87022399902344,458.0292663574219,415.8947448730469,121.15699768066406,467.95025634765625,205.47799682617188,241.3690948486328,135.4680633544922,90.7586669921875,187.4600067138672,126.31038665771484,164.2969512939453,666.6328735351562,103.04029083251953,145.2272491455078,600.8683471679688,132.63511657714844,87.83384704589844,32.923606872558594,511.7900085449219,87.79508972167969,512.6406860351562,584.4501953125,380.1130676269531,93.80106353759766,402.07049560546875,362.8900146484375,179.1462860107422,286.9096374511719,357.22320556640625,446.0,234.47703552246094,96.95559692382812,101.00303649902344,164.42881774902344
2025-05-28,199.81195068359375,178.7844696044922,130.18873596191406,314.41748046875,412.2300109863281,212.37973022460938,80.9212417602539,112.86000061035156,272.3170471191406,204.72000122070312,92.79000091552734,360.5632629394531,264.65966796875,237.50558471679688,290.31689453125,43.090797424316406,132.89114379882812,217.34461975097656,951.6672973632812,503.1099853515625,104.51000213623047,346.40631103515625,287.1831970214844,288.6099853515625,304.4186706542969,275.4367370605469,1008.9306640625,274.6705627441406,61.91488265991211,223.57032775878906,131.7478790283203,501.4184265136719,111.54129791259766,260.0506896972656,118.29959869384766,107.47715759277344,323.7149353027344,38.527618408203125,212.4287109375,242.3870391845703,105.63134002685547,172.7826690673828,171.76441955566406,596.0908203125,375.91229248046875,358.98590087890625,255.61746215820312,175.73565673828125,750.6734619140625,552.4099731445312,237.81275939941406,149.56947326660156,259.7861328125,773.5070190429688,69.14556121826172,456.35455322265625,715.5664672851562,83.38899993896484,573.5220336914062,305.76641845703125,56.223323822021484,475.6729431152344,64.47296905517578,641.5784301757812,,55.570594787597656,73.5,454.7184753417969,416.2804870605469,120.8550033569336,467.8026428222656,204.25999450683594,239.15054321289062,134.7782440185547,90.50399780273438,187.8000030517578,125.6373519897461,163.90521240234375,662.05224609375,104.29663848876953,144.22084045410156,589.5034790039062,131.31063842773438,87.25906372070312,32.583984375,462.42999267578125,86.13526916503906,508.40631103515625,581.0689086914062,376.7555236816406,92.78559112548828,400.6557312011719,356.8999938964844,180.0359344482422,289.934326171875,357.6507568359375,445.1000061035156,233.6101837158203,96.61776733398438,99.62732696533203,163.5782928466797
2025-05-29,199.34336853027344,181.25498962402344,131.00721740722656,316.1488342285156,413.3599853515625,212.50779724121094,81.7525634765625,113.02999877929688,277.3447570800781,205.6999969482422,86.37000274658203,366.15155029296875,266.0328369140625,240.0251922607422,292.3159484863281,43.26683807373047,133.51332092285156,218.40606689453125,956.6055297851562,506.17999267578125,104.5,348.6860656738281,292.3008117675781,284.5,305.5840148925781,275.3307800292969,1004.5488891601562,265.6054382324219,61.631404876708984,223.24253845214844,133.57850646972656,496.93719482421875,112.51587677001953,261.5749206542969,118.47743225097656,106.9225082397461,322.8600769042969,38.666316986083984,215.47109985351562,242.8744659423828,108.23218536376953,172.36412048339844,171.26614379882812,592.58349609375,376.1208801269531,359.210205078125,254.09503173828125,176.45716857910156,753.4295043945312,555.75,239.66587829589844,150.69789123535156,260.65374755859375,769.9951171875,69.47598266601562,457.90362548828125,718.7295532226562,83.54784393310547,575.3743286132812,304.8085632324219,56.85933303833008,478.78436279296875,65.29557800292969,643.0438842773438,,55.570594787597656,73.72193908691406,456.0308837890625,413.906494140625,118.48600006103516,471.80828857421875,203.04600524902344,242.85800170898438,139.15721130371094,90.13733673095703,185.82000732421875,126.83920288085938,165.0804443359375,662.976318359375,105.56266021728516,144.94386291503906,602.9898681640625,133.238037109375,86.97167205810547,32.68101501464844,454.989990234375,86.65274047851562,511.0105285644531,583.362548828125,378.6967468261719,91.75077056884766,402.269775390625,358.42999267578125,180.857177734375,289.9927062988281,360.3052978515625,447.0899963378906,234.21107482910156,96.4786605834961,100.19322967529297,165.2991180419922
2025-05-30,200.24066162109375,181.73345947265625,131.7270965576172,315.2433776855469,415.0899963378906,210.76438903808594,82.77947998046875,110.7300033569336,281.88336181640625,205.00999450683594,86.63999938964844,371.30072021484375,271.62286376953125,240.1243896484375,290.9997253417969,43.15925216674805,132.5685272216797,219.07814025878906,960.1033935546875,503.9599914550781,105.26000213623047,344.959228515625,295.3316650390625,287.07000732421875,310.07891845703125,278.3453674316406,1035.8583984375,264.06304931640625,61.62163543701172,224.9807891845703,132.40650939941406,499.7107849121094,114.72819519042969,262.89117431640625,117.94392395019531,105.64776611328125,318.27777099609375,38.12144088745117,213.3580780029297,244.61524963378906,107.22886657714844,172.25450134277344,171.14657592773438,591.1952514648438,378.84259033203125,359.210205078125,254.45843505859375,177.71241760253906,749.6983032226562,552.3400268554688,239.03192138671875,152.2973175048828,260.2889709472656,752.992919921875,70.06879425048828,461.3570251464844,733.749267578125,80.20235443115234,583.1616821289062,306.75360107421875,56.79084014892578,476.47808837890625,65.3149185180664,645.4762573242188,,56.62632751464844,74.14651489257812,457.7011413574219,410.8894348144531,120.7229995727539,477.1031494140625,202.21800231933594,243.6665496826172,135.09817504882812,91.16666412353516,192.4199981689453,126.3873062133789,166.3829803466797,660.4625244140625,104.95381164550781,141.87574768066406,488.3362121582031,134.89857482910156,87.54644775390625,32.0697021484375,463.9800109863281,87.8731918334961,509.7779846191406,582.7100830078125,378.9840393066406,90.9190444946289,401.34320068359375,346.4599914550781,178.76498413085938,293.6301574707031,363.0791931152344,442.04998779296875,237.37315368652344,98.08830261230469,99.81271362304688,166.772705078125
2025-06-02,201.08807373046875,182.5927734375,131.7172393798828,312.9050598144531,403.3999938964844,212.21229553222656,83.8748550415039,114.62999725341797,282.1670227050781,206.64999389648438,89.77999877929688,375.3721923828125,271.4183349609375,246.7110137939453,292.2664489746094,43.110355377197266,130.11825561523438,219.87124633789062,958.3201904296875,502.80999755859375,104.16999816894531,341.62890625,298.04449462890625,292.5299987792969,308.4631042480469,279.9923400878906,1052.458984375,260.3315124511719,62.41340255737305,225.16952514648438,133.5106964111328,501.2703552246094,114.25065612792969,262.4260559082031,117.43017578125,108.34320831298828,316.9457702636719,39.775882720947266,213.1526336669922,246.17698669433594,106.08917999267578,169.7830352783203,168.44593811035156,589.4918823242188,379.6074523925781,358.8883361816406,259.21246337890625,178.22640991210938,761.16064453125,553.2899780273438,236.661865234375,152.48373413085938,260.939697265625,758.5243530273438,69.97161102294922,458.3870849609375,743.1490478515625,81.88006591796875,578.7999877929688,307.3433532714844,58.708656311035156,477.08447265625,65.33428955078125,668.8134765625,,56.645015716552734,73.57719421386719,459.3018493652344,414.6384582519531,121.89800262451172,478.0129699707031,202.4219970703125,241.83251953125,137.34764099121094,91.37866973876953,194.86000061035156,125.86811065673828,164.31654357910156,656.0904541015625,105.09877014160156,143.2730255126953,488.8641357421875,135.86721801757812,87.31852722167969,32.35110855102539,466.1499938964844,87.81461334228516,510.503662109375,585.9924926757812,377.2209777832031,90.2517318725586,395.0164794921875,342.69000244140625,180.09458923339844,296.3630676269531,363.20843505859375,445.42999267578125,238.48629760742188,99.13157653808594,100.54447174072266,167.55401611328125
2025-06-03,202.6533203125,182.84664916992188,131.85528564453125,311.3428649902344,412.489990234375,215.1475067138672,83.66947937011719,117.30999755859375,283.24298095703125,205.7100067138672,94.5,373.6957092285156,275.888427734375,254.7855987548828,294.3050842285156,43.66781234741211,131.08607482910156,217.3370819091797,962.2981567382812,497.8299865722656,103.0999984741211,346.317138671875,294.5466003417969,293.3299865722656,306.6820983886719,271.9020080566406,1051.2042236328125,263.1675109863281,62.91193389892578,226.0535430908203,135.1669921875,506.5116882324219,113.76335906982422,262.69329833984375,118.9417724609375,109.78337860107422,323.8839111328125,39.865047454833984,215.00155639648438,247.55966186523438,106.49829864501953,167.1322021484375,165.6057586669922,594.5231323242188,380.50140380859375,363.88214111328125,260.4894104003906,177.2577667236328,760.832275390625,551.8499755859375,239.20745849609375,151.5221405029297,262.52703857421875,771.8057861328125,69.15528106689453,465.5406188964844,746.7896728515625,83.05147552490234,579.5467529296875,307.0583190917969,62.46601104736328,479.2118225097656,64.87944030761719,664.7760620117188,,56.402095794677734,74.43598937988281,460.29608154296875,417.6455993652344,121.79399871826172,482.7992248535156,202.17599487304688,244.5145263671875,141.1867218017578,91.4713363647461,197.1199951171875,126.77191925048828,163.40574645996094,660.4724731445312,105.35970306396484,145.53012084960938,485.92578125,135.90675354003906,87.20950317382812,33.098262786865234,466.260009765625,87.4728775024414,509.2213439941406,589.3341064453125,377.3695983886719,92.63084411621094,398.4637756347656,344.2699890136719,183.87814331054688,292.9590759277344,363.7452697753906,446.4800109863281,236.6048126220703,99.34024047851562,101.27623748779297,168.42433166503906
2025-06-04,202.20468139648438,182.9345245361328,131.1156768798828,314.825439453125,413.9100036621094,216.1963348388672,83.14134979248047,118.58000183105469,280.7388916015625,207.22999572753906,94.94000244140625,371.8395690917969,272.8888854980469,258.9815979003906,292.8601989746094,43.384193420410156,131.3011474609375,220.58934020996094,969.0,491.0,102.43000030517578,346.2477111816406,289.94573974609375,294.3999938964844,305.1568603515625,267.6353454589844,1047.320556640625,261.8739013671875,62.941261291503906,225.84495544433594,133.0554656982422,501.2111511230469,113.03241729736328,264.296630859375,120.1470947265625,107.78854370117188,325.116455078125,40.479270935058594,214.13088989257812,249.55909729003906,106.1963119506836,168.80641174316406,167.4693145751953,589.974365234375,379.11077880859375,363.2189025878906,260.8036804199219,177.0502166748047,762.9715576171875,557.9500122070312,240.4266357421875,150.3446502685547,260.5058898925781,778.073486328125,69.35935974121094,468.95556640625,761.7695922851562,84.15340423583984,581.6978759765625,306.2522888183594,63.278141021728516,482.6413269042969,64.4826431274414,685.8104248046875,,55.411773681640625,75.52637481689453,461.1908874511719,412.8875732421875,123.96600341796875,485.83514404296875,202.54800415039062,243.94261169433594,141.88656616210938,91.10600280761719,194.07000732421875,126.66615295410156,162.52432250976562,660.899658203125,104.78951263427734,145.6376190185547,483.0074462890625,136.94459533691406,86.69418334960938,32.52583312988281,473.19000244140625,86.20361328125,510.85150146484375,589.1759033203125,378.8948669433594,90.8513412475586,402.1800842285156,332.04998779296875,186.4591522216797,292.1421203613281,365.8729553222656,445.8500061035156,235.32418823242188,98.71426391601562,99.81271362304688,166.733154296875
2025-06-05,200.0213165283203,183.0614776611328,132.0820770263672,313.810546875,415.20001220703125,215.74118041992188,83.54232788085938,115.69000244140625,280.82696533203125,207.91000366210938,95.18000030517578,369.71405029296875,269.0031433105469,257.8408203125,292.8899230957031,43.40375518798828,131.37026977539062,221.1260223388672,970.6746215820312,488.739990234375,102.83000183105469,345.8810119628906,289.6873474121094,296.2900085449219,306.04248046875,264.7651672363281,1006.6103515625,265.8243713378906,63.16608428955078,225.3780975341797,132.6002197265625,504.1427001953125,112.79851531982422,264.187744140625,121.02639770507812,108.04154968261719,324.52008056640625,41.30152893066406,212.01785278320312,250.59359741210938,107.59902954101562,169.2249755859375,167.62876892089844,596.54150390625,378.95184326171875,362.4141540527344,262.1199035644531,176.48681640625,762.8024291992188,558.0599975585938,240.03648376464844,150.77638244628906,258.267822265625,787.8231201171875,68.9123306274414,465.48126220703125,761.6104125976562,84.29239654541016,583.00244140625,303.7065124511719,62.98460388183594,484.6493835449219,64.23102569580078,682.4907836914062,,55.48651123046875,74.899169921875,464.9788818359375,411.6214294433594,125.052001953125,482.7003173828125,203.52000427246094,243.46934509277344,139.95703125,91.45333099365234,197.11000061035156,126.0604019165039,159.43934631347656,657.7498779296875,104.19999694824219,145.04782104492188,481.1548156738281,137.4585723876953,86.45633697509766,32.36927032470703,482.20001220703125,86.29147338867188,512.6605834960938,586.3285522460938,379.4396057128906,90.44515991210938,396.8995361328125,284.70001220703125,186.2342987060547,287.7265625,364.6500244140625,443.82000732421875,235.07794189453125,97.33316040039062,99.35413360595703,166.75294494628906
2025-06-06,203.3013458251953,185.36598205566406,131.7270965576172,316.0692138671875,416.9200134277344,219.91668701171875,85.42012023925781,116.19000244140625,283.9863586425781,213.57000732421875,97.25,370.3127746582031,272.4701232910156,244.9453125,299.3323669433594,44.239952087402344,133.22909545898438,223.260986328125,974.2106323242188,493.5299987792969,102.08999633789062,350.2322998046875,291.972900390625,296.95001220703125,307.18389892578125,264.1295166015625,1010.7232055664062,273.1580505371094,64.57367706298828,226.13302612304688,135.80628967285156,513.2632446289062,112.30148315429688,264.3164367675781,122.02424621582031,110.98027801513672,329.4602355957031,41.09348678588867,214.8352508544922,254.28407287597656,109.54722595214844,174.31736755371094,173.07984924316406,604.536376953125,381.77288818359375,360.5003967285156,264.0942077636719,176.60543823242188,767.7177124023438,557.0800170898438,241.45071411132812,152.12069702148438,261.9946594238281,803.8504028320312,69.33992767333984,467.9063415527344,765.7880249023438,85.72191619873047,587.6629028320312,302.1141357421875,63.845664978027344,486.051025390625,64.01811218261719,695.5401611328125,,55.346370697021484,76.20185852050781,467.6632995605469,413.4020080566406,124.14700317382812,483.9760437011719,206.04200744628906,247.2655487060547,141.6865997314453,91.8479995727539,199.60000610351562,126.3938217163086,160.6341552734375,666.9806518554688,105.1374282836914,146.69923400878906,491.26458740234375,137.48822021484375,87.45726776123047,33.142295837402344,486.0,86.17431640625,516.2388916015625,592.3495483398438,380.2220764160156,94.12022399902344,400.4265441894531,295.1400146484375,188.1211700439453,294.9042053222656,368.0801086425781,450.5,233.6100311279297,96.84629821777344,101.73480987548828,168.28587341308594
2025-06-09,200.8388214111328,184.7117462158203,131.54957580566406,315.0443420410156,416.260009765625,225.259765625,83.30760955810547,121.7300033569336,283.64404296875,216.97999572753906,96.80000305175781,353.08892822265625,272.6064758300781,242.31661987304688,298.4317932128906,44.14157485961914,133.30638122558594,220.2707061767578,974.0038452148438,493.3299865722656,100.04000091552734,354.91064453125,287.9781799316406,301.6600036621094,306.4163818359375,259.64013671875,1001.99951171875,270.9091796875,64.41728210449219,223.09353637695312,136.3389892578125,514.9312744140625,112.5353775024414,263.6137390136719,124.08909606933594,111.25273895263672,323.8540954589844,41.94547653198242,217.34934997558594,250.0863037109375,110.07322692871094,177.23080444335938,175.69395446777344,604.0637817382812,370.5185546875,358.4100036621094,267.2471618652344,173.92689514160156,760.5537719726562,526.1500244140625,241.1776123046875,152.31690979003906,262.9904479980469,825.031005859375,69.74809265136719,467.3718566894531,769.5977783203125,87.6577377319336,581.8970336914062,299.57818603515625,66.58540344238281,482.6711730957031,64.55038452148438,691.9014282226562,,55.18754196166992,76.54924011230469,470.0196228027344,408.3076477050781,122.44599914550781,485.90435791015625,205.3719940185547,247.06834411621094,142.59640502929688,89.87333679199219,196.3300018310547,126.32579040527344,159.2042999267578,665.6094970703125,105.27273559570312,152.76417541503906,515.5478515625,139.346435546875,87.4176254272461,33.386924743652344,495.7699890136719,86.40864562988281,511.9051208496094,592.8834228515625,378.6274719238281,94.14923095703125,407.0322570800781,308.5799865722656,194.75950622558594,294.87506103515625,364.5406799316406,446.1499938964844,231.29696655273438,96.82643127441406,102.41779327392578,162.7969970703125
2025-06-10,202.0551300048828,185.0437469482422,132.26947021484375,319.3229675292969,416.05999755859375,230.8798828125,82.47630310058594,123.23999786376953,287.0186462402344,217.61000061035156,93.69999694824219,350.973388671875,274.5152893066406,242.663818359375,296.4129638671875,44.358001708984375,134.7591552734375,218.22561645507812,977.0179443359375,491.1300048828125,99.33999633789062,355.40625,284.4504699707031,305.69000244140625,308.6008605957031,257.4631652832031,1003.0850830078125,266.8990173339844,63.684165954589844,220.72950744628906,138.84764099121094,509.14715576171875,113.37351989746094,266.60272216796875,125.4129867553711,114.7071762084961,322.2934875488281,41.796875,223.00369262695312,240.725830078125,107.23860168457031,179.60543823242188,178.19833374023438,605.3929443359375,362.4825744628906,361.0696105957031,271.3332824707031,173.49200439453125,758.2850952148438,529.5999755859375,242.8551788330078,153.51405334472656,264.8243103027344,852.1908569335938,70.31175231933594,470.72735595703125,802.8997802734375,90.33808898925781,587.0852661132812,295.30242919921875,68.09225463867188,482.1443176269531,65.07298278808594,700.2155151367188,,54.71106719970703,78.49842071533203,468.2001953125,407.78338623046875,120.36199951171875,483.3727722167969,201.95799255371094,249.385498046875,143.92608642578125,91.70999908447266,195.9499969482422,128.1434783935547,159.47850036621094,666.6527709960938,105.81393432617188,156.42086791992188,521.4544067382812,136.9149169921875,87.47708129882812,34.7568473815918,504.3999938964844,87.18974304199219,510.83160400390625,596.244873046875,381.3709716796875,97.456787109375,413.02020263671875,326.0899963378906,197.7706756591797,295.4585876464844,368.5573425292969,451.5199890136719,231.29696655273438,96.69725799560547,104.61308288574219,165.2595672607422
2025-06-11,198.1769256591797,186.9967041015625,133.40350341796875,317.63140869140625,412.8399963378906,230.0883026123047,82.54475402832031,121.13999938964844,285.43402099609375,213.1999969482422,94.20999908447266,348.7480773925781,274.8366394042969,250.87725830078125,295.9973449707031,44.003849029541016,133.4686737060547,217.36273193359375,978.3969116210938,488.1400146484375,99.4000015258789,359.9359130859375,283.81451416015625,307.20001220703125,305.2356262207031,260.8979187011719,992.638671875,264.60040283203125,62.74576187133789,220.23284912109375,140.23272705078125,514.1022338867188,113.39300537109375,265.1874084472656,124.96839141845703,116.69226837158203,323.75469970703125,40.627864837646484,219.12979125976562,244.227294921875,106.46906280517578,178.38819885253906,176.9511260986328,614.5496215820312,365.1347351074219,353.75811767578125,276.5195007324219,175.4391326904297,760.9219360351562,522.4099731445312,240.53390502929688,152.3463592529297,264.380615234375,867.5216674804688,70.0396499633789,463.77874755859375,804.3121948242188,90.2884521484375,588.2802734375,296.5704040527344,68.10203552246094,480.673095703125,64.7923355102539,691.981201171875,,55.97233581542969,77.50452423095703,469.890380859375,404.6476745605469,121.98799896240234,483.03656005859375,200.86599731445312,247.81771850585938,142.80625915527344,90.01000213623047,194.38999938964844,126.26744079589844,158.7635955810547,667.467529296875,104.85717010498047,156.764892578125,516.5439453125,140.16680908203125,87.60591888427734,34.92319107055664,500.7300109863281,87.43383026123047,510.8912353515625,594.54443359375,377.43890380859375,94.88424682617188,413.6279296875,326.42999267578125,195.22877502441406,302.04290771484375,371.1522521972656,452.44000244140625,231.593505859375,95.18699645996094,106.65226745605469,164.498046875
2025-06-12,198.5956573486328,187.89508056640625,134.55726623535156,316.5468444824219,413.67999267578125,229.6727294921875,83.91397857666016,118.5,290.7942810058594,213.24000549316406,95.7699966430664,355.03485107421875,275.8786926269531,254.01185607910156,294.8988342285156,43.895633697509766,134.813232421875,217.1905517578125,973.4226684570312,490.3399963378906,98.55999755859375,357.7751159667969,287.47137451171875,307.8500061035156,310.3228454589844,262.1654357910156,998.5440673828125,265.5954895019531,63.63528060913086,222.07044982910156,140.41676330566406,510.1736755371094,114.29937744140625,268.1664733886719,125.19563293457031,117.34423828125,328.35687255859375,40.79628372192383,220.10804748535156,238.72642517089844,109.14784240722656,176.57228088378906,175.30484008789062,615.4751586914062,369.1875,356.40789794921875,276.0382080078125,177.00079345703125,762.3746337890625,513.0,239.93896484375,153.7200927734375,264.4693298339844,870.5062255859375,70.20484924316406,465.74847412109375,807.714111328125,90.99329376220703,586.826416015625,297.98583984375,66.46798706054688,478.1580810546875,65.92462921142578,691.2036743164062,,55.98167419433594,78.95195007324219,476.104248046875,408.60443115234375,121.50299835205078,491.61029052734375,201.4739990234375,247.9557647705078,144.9759063720703,91.05000305175781,197.6699981689453,128.600341796875,159.8114776611328,662.6087646484375,104.79918670654297,155.9981689453125,519.7711181640625,139.346435546875,87.70502471923828,34.86448287963867,494.989990234375,88.22468566894531,502.83001708984375,596.9072875976562,376.8545227050781,96.02544403076172,413.80731201171875,319.1099853515625,195.19943237304688,309.76513671875,369.2532653808594,460.05999755859375,234.4205780029297,94.22319030761719,107.06206512451172,166.96063232421875
2025-06-13,195.85398864746094,186.5865936279297,133.73876953125,310.1587829589844,391.67999267578125,222.65748596191406,83.18643188476562,116.16000366210938,288.76953125,212.10000610351562,92.3499984741211,352.26068115234375,273.044677734375,246.7010955810547,284.8046569824219,43.37424087524414,133.07455444335938,210.68630981445312,957.2391967773438,487.5400085449219,99.73999786376953,353.8996276855469,285.9458923339844,300.0,312.32037353515625,260.7528076171875,986.095947265625,257.12738037109375,62.64800262451172,220.49110412597656,141.32725524902344,502.9977111816406,113.89005279541016,261.4956970214844,124.02982330322266,121.90800476074219,321.7170104980469,40.55852127075195,219.5015411376953,235.35426330566406,107.89214324951172,175.48475646972656,174.27716064453125,604.0834350585938,368.70074462890625,348.0659484863281,272.2958679199219,176.8422088623047,750.2057495117188,512.1799926757812,235.520751953125,154.15184020996094,261.22564697265625,863.2139282226562,69.50994110107422,461.2447509765625,815.005126953125,88.86885070800781,559.6898803710938,296.7571716308594,64.31533813476562,469.08221435546875,64.77297973632812,680.7462158203125,,55.878910064697266,78.84580993652344,472.2168273925781,404.7562255859375,121.21499633789062,510.9827575683594,197.73199462890625,245.12586975097656,141.9464111328125,89.91000366210938,196.27000427246094,127.19088745117188,156.9713592529297,649.9201049804688,103.6781234741211,152.0859375,527.1417236328125,144.00186157226562,86.57526397705078,35.52008819580078,478.8599853515625,88.21492004394531,498.4763488769531,590.23388671875,373.6949768066406,92.23433685302734,401.69927978515625,325.30999755859375,190.64353942871094,304.93145751953125,350.81048583984375,455.45001220703125,233.77806091308594,93.835693359375,109.3939437866211,162.5200958251953
2025-06-16,197.81802368164062,186.37176513671875,132.15110778808594,312.7657470703125,401.7300109863281,229.35610961914062,84.0024642944336,126.38999938964844,289.10211181640625,216.10000610351562,95.08999633789062,349.306884765625,273.1031188964844,250.07376098632812,291.16796875,43.68904495239258,132.9895477294922,213.4960479736328,967.364990234375,490.2300109863281,101.48999786376953,359.2420654296875,285.5869445800781,300.80999755859375,309.4077453613281,258.827392578125,980.2702026367188,262.5804138183594,64.03605651855469,220.97781372070312,141.44345092773438,517.6555786132812,112.4671630859375,263.4059143066406,127.13204956054688,119.8645248413086,335.9808349609375,41.51948165893555,221.83956909179688,235.29457092285156,108.72600555419922,177.5401153564453,176.3724365234375,618.1728515625,366.8396301269531,346.9864196777344,276.823974609375,178.19004821777344,764.2351684570312,519.0399780273438,238.41744995117188,152.30712890625,266.5595397949219,887.7970581054688,69.02057647705078,461.8584289550781,803.2877197265625,92.73057556152344,566.3021850585938,291.2331237792969,66.7223892211914,474.09234619140625,65.04395294189453,700.4749145507812,,55.88840866088867,78.90428161621094,476.3727111816406,404.1214294433594,122.53500366210938,491.9959716796875,201.0260009765625,248.60653686523438,144.66595458984375,88.12000274658203,198.11000061035156,127.7352294921875,157.55899047851562,657.6207885742188,103.23356628417969,154.19932556152344,520.6077880859375,144.762939453125,88.17079162597656,35.138465881347656,479.4100036621094,86.83824920654297,501.9652099609375,595.8494262695312,373.5167541503906,94.16857147216797,404.0131530761719,329.1300048828125,194.76925659179688,301.3465881347656,353.4253234863281,450.9100036621094,231.95925903320312,93.6866455078125,109.74520111083984,162.5695343017578
2025-06-17,195.0464630126953,181.11827087402344,130.4451141357422,310.4772033691406,382.67999267578125,225.04208374023438,82.80299377441406,127.0999984741211,283.7124938964844,214.82000732421875,89.68000030517578,350.07525634765625,269.81146240234375,247.36569213867188,289.7725830078125,43.511966705322266,131.3204345703125,210.79249572753906,954.6387939453125,483.4800109863281,101.7300033569336,354.5240783691406,282.96466064453125,299.0,307.5086364746094,260.94635009765625,973.6577758789062,261.4659423828125,63.860103607177734,219.8355255126953,144.17489624023438,516.3526611328125,111.8726577758789,259.2884521484375,125.83781433105469,121.28523254394531,328.52587890625,40.98451232910156,217.69175720214844,234.5087432861328,105.94972229003906,176.83169555664062,175.5542755126953,615.012451171875,370.68133544921875,342.2952880859375,278.0223083496094,179.369384765625,761.0711669921875,512.1099853515625,235.22813415527344,149.5204315185547,265.73138427734375,888.4138793945312,68.13972473144531,456.2163391113281,787.0345458984375,91.98601531982422,567.0789794921875,287.3210144042969,66.233154296875,468.4360656738281,64.211669921875,695.5963745117188,,56.06900405883789,76.29232788085938,475.279052734375,403.08001708984375,122.06700134277344,498.37432861328125,200.98199462890625,246.92042541503906,144.09603881835938,88.80000305175781,202.0500030517578,125.67449951171875,155.24769592285156,648.0521240234375,102.53109741210938,151.8303680419922,506.8425598144531,146.75950622558594,88.160888671875,35.30481719970703,475.3999938964844,86.33053588867188,498.0588684082031,590.7578125,369.8025207519531,91.89583587646484,389.2322082519531,316.3500061035156,193.27346801757812,302.53173828125,355.77166748046875,441.989990234375,231.60337829589844,93.64690399169922,111.22824096679688,159.88937377929688
2025-06-18,195.9835968017578,181.1280517578125,130.57330322265625,304.8553161621094,378.0400085449219,227.22877502441406,82.83248138427734,126.79000091552734,283.30169677734375,212.52000427246094,90.23999786376953,350.09521484375,268.1850891113281,249.24050903320312,293.34515380859375,44.328495025634766,130.2772216796875,210.20436096191406,964.8236694335938,485.1400146484375,101.37000274658203,356.6253662109375,281.31951904296875,296.8399963378906,309.368408203125,263.2684326171875,970.8494873046875,258.6314392089844,64.35862731933594,218.9415740966797,143.53562927246094,518.1885986328125,111.66799926757812,258.17724609375,127.11229705810547,120.44837188720703,332.8497314453125,40.79628372192383,218.44500732421875,234.6479949951172,105.94972229003906,173.58900451660156,172.93020629882812,625.4490356445312,375.07037353515625,340.57781982421875,278.1794738769531,178.150390625,751.0515747070312,509.489990234375,235.35496520996094,147.9013671875,270.1089782714844,866.6859741210938,67.73843383789062,454.0387268066406,780.8576049804688,91.79692840576172,536.4868774414062,284.686767578125,66.55604553222656,467.7203369140625,64.211669921875,694.1397705078125,,56.544246673583984,77.27667999267578,477.4663391113281,401.4237060546875,122.22899627685547,489.1578369140625,196.41600036621094,249.39535522460938,145.455810546875,88.31999969482422,199.77999877929688,125.4606704711914,154.7580108642578,648.131591796875,102.52134704589844,151.01449584960938,511.5438537597656,144.1797637939453,89.10236358642578,35.07975769042969,473.6199951171875,86.53556823730469,499.6094665527344,590.6688232421875,369.6936340332031,91.9925537109375,391.5261535644531,322.04998779296875,193.918701171875,300.8960266113281,338.41259765625,448.3999938964844,230.53582763671875,94.48152923583984,110.43793487548828,153.3521728515625
2025-06-20,200.3902130126953,180.9425048828125,131.14527893066406,283.9498596191406,376.9200134277344,225.94248962402344,83.69767761230469,128.24000549316406,283.0082092285156,209.69000244140625,86.25,353.9571228027344,263.4325866699219,248.5644073486328,295.4926452636719,44.7613525390625,130.14584350585938,210.9109649658203,959.81982421875,484.8500061035156,101.30000305175781,357.3389892578125,282.984619140625,295.3999938964844,309.3191833496094,265.0970764160156,976.2171020507812,259.7576599121094,64.82783508300781,217.18344116210938,144.85292053222656,514.63525390625,112.4671630859375,259.1793212890625,126.78626251220703,121.94692993164062,329.2415466308594,39.84523010253906,221.12542724609375,238.10968017578125,106.44023132324219,167.35304260253906,166.2652130126953,630.9232788085938,375.7073669433594,343.11968994140625,275.9792785644531,176.83229064941406,757.3299560546875,509.3599853515625,234.68199157714844,146.97901916503906,271.13433837890625,845.6347045898438,67.37630462646484,451.2275390625,758.6760864257812,90.05533599853516,530.7507934570312,282.55377197265625,67.485595703125,467.2133483886719,66.1084976196289,680.7511596679688,,56.7913703918457,77.05252075195312,474.6427307128906,402.9213562011719,123.14099884033203,492.1739807128906,194.28199768066406,249.641845703125,143.8260955810547,89.69000244140625,199.24000549316406,125.4606704711914,155.796142578125,648.5687866210938,103.11649322509766,148.7438201904297,507.6991271972656,144.94082641601562,88.40864562988281,35.06997299194336,470.5299987792969,87.18974304199219,501.1700744628906,589.2816772460938,371.9716491699219,92.39873504638672,396.8321533203125,322.1600036621094,193.7720489501953,295.8125305175781,336.6130676269531,440.8699951171875,229.2705535888672,95.50494384765625,111.91121673583984,155.4389190673828
2025-06-23,200.888671875,179.43870544433594,131.41152954101562,293.5319519042969,380.1199951171875,228.5447540283203,84.37606811523438,129.5800018310547,266.4872741699219,208.47000122070312,91.94999694824219,359.1961364746094,266.0425720214844,252.32286071777344,296.5218505859375,45.548362731933594,131.15042114257812,212.07965087890625,971.501953125,487.7699890136719,102.36000061035156,362.9986267089844,287.3417663574219,293.55999755859375,311.8972473144531,263.81024169921875,1000.306640625,262.5283508300781,65.86397552490234,219.41835021972656,142.24740600585938,507.4296569824219,113.99726104736328,263.8623046875,127.85327911376953,118.70655059814453,330.95123291015625,40.55852127075195,225.69386291503906,246.50523376464844,104.17408752441406,165.63693237304688,164.81846618652344,636.9096069335938,376.9215393066406,350.3232116699219,284.0434265136719,178.1206512451172,758.7328491210938,515.0900268554688,238.1736297607422,148.48031616210938,274.3583679199219,851.8824462890625,68.25716400146484,455.07806396484375,766.5440673828125,91.1699447631836,540.091796875,284.57861328125,67.10399627685547,473.4461975097656,66.2923812866211,696.8934326171875,,57.49473190307617,78.12459564208984,483.1930847167969,407.5035095214844,125.35399627685547,494.12213134765625,196.0800018310547,252.9943389892578,144.1460418701172,91.26000213623047,203.32000732421875,125.48009490966797,157.7058868408203,659.9855346679688,104.52141571044922,150.5328369140625,509.89044189453125,144.12046813964844,87.58609771728516,33.00530242919922,470.9800109863281,88.52735900878906,511.4876708984375,595.1021728515625,375.5372619628906,93.35619354248047,399.156005859375,348.67999267578125,196.89077758789062,294.5097961425781,341.76312255859375,443.5400085449219,232.00868225097656,97.24374389648438,109.02317810058594,155.6070556640625
2025-06-24,199.6923065185547,181.1866455078125,136.16465759277344,299.2234802246094,382.3399963378906,232.50259399414062,84.02212524414062,138.42999267578125,271.4269104003906,212.77000427246094,94.97000122070312,359.9245910644531,273.65826416015625,262.26580810546875,305.1810607910156,45.90251922607422,132.58001708984375,217.99697875976562,989.8917846679688,493.4800109863281,104.12000274658203,369.72869873046875,285.9359130859375,296.79998779296875,311.7594909667969,262.57177734375,997.7572631835938,270.26239013671875,66.36250305175781,221.7029266357422,139.04136657714844,507.4493713378906,113.9777603149414,264.7452697753906,129.1573944091797,117.43181610107422,341.1993408203125,41.61854553222656,225.9695281982422,247.44029235839844,105.16490936279297,167.363037109375,166.3949432373047,651.9048461914062,377.2201232910156,353.7189025878906,288.5715637207031,179.2306365966797,755.2305297851562,523.0800170898438,239.73416137695312,149.333984375,277.3063659667969,884.4642944335938,68.7171630859375,458.453369140625,773.944580078125,95.17063903808594,555.2086791992188,286.4953308105469,68.91417694091797,486.1007080078125,66.22463989257812,710.5313110351562,,56.943450927734375,78.28052520751953,487.279296875,414.9222106933594,127.91100311279297,478.6260681152344,199.26400756835938,253.86203002929688,147.87539672851562,89.18000030517578,201.69000244140625,127.38529968261719,157.04971313476562,670.9452514648438,105.4970703125,153.05908203125,520.1994018554688,140.20635986328125,88.51764678955078,32.78024673461914,478.9800109863281,88.74215698242188,519.8272094726562,601.6764526367188,382.7674865722656,94.32331085205078,403.3050537109375,340.4700012207031,201.2120361328125,299.3484191894531,349.5975341796875,450.2699890136719,231.4452362060547,97.37290954589844,105.70584106445312,156.03233337402344
2025-06-25,200.948486328125,181.0303955078125,135.49407958984375,293.1339416503906,387.54998779296875,232.20574951171875,82.4883804321289,143.39999389648438,274.22442626953125,211.99000549316406,96.30999755859375,353.7176208496094,274.63214111328125,263.14080810546875,305.3888854980469,46.08943176269531,132.062255859375,218.1210479736328,1002.8051147460938,486.2099914550781,104.29000091552734,368.3013916015625,281.9875793457031,297.5299987792969,310.9427795410156,264.168212890625,982.4411010742188,266.8638000488281,66.65575408935547,217.7694854736328,138.73141479492188,500.1846008300781,113.003173828125,264.3682556152344,127.8829116821289,116.594970703125,340.2947998046875,41.2222785949707,218.5753936767578,248.58424377441406,103.91902923583984,171.1046142578125,170.29612731933594,659.5452270507812,372.4130554199219,355.132080078125,285.8900146484375,178.9134979248047,754.0663452148438,521.6300048828125,239.6268768310547,149.42230224609375,280.0669860839844,888.8714599609375,68.14950561523438,455.52349853515625,788.0889282226562,95.55876159667969,547.4111938476562,280.6763916015625,70.05899810791016,478.7943115234375,65.1116943359375,707.01953125,,56.021480560302734,77.64703369140625,489.4268493652344,415.56689453125,127.5250015258789,481.513671875,201.03199768066406,251.6435089111328,154.28436279296875,87.83999633789062,204.3000030517578,124.44003295898438,155.68841552734375,669.21630859375,102.22864532470703,153.27532958984375,518.2272338867188,139.74180603027344,88.99333953857422,32.467124938964844,487.2699890136719,88.26374816894531,518.1573486328125,602.0135498046875,388.4823913574219,93.52059936523438,409.5685119628906,327.54998779296875,200.79164123535156,295.8222961425781,343.2643737792969,445.82000732421875,225.94921875,96.63764953613281,105.7351303100586,155.49827575683594
2025-06-26,200.3902130126953,182.3974609375,131.81582641601562,294.6065673828125,384.95001220703125,234.7981414794922,83.54036712646484,143.67999267578125,273.0115051269531,217.1199951171875,101.58999633789062,352.80950927734375,275.6059875488281,268.62933349609375,308.1895446777344,46.68952941894531,131.34361267089844,222.5209503173828,1015.3245239257812,485.04998779296875,104.58000183105469,378.51055908203125,282.7353515625,303.69000244140625,324.7187194824219,263.9747009277344,978.8262329101562,269.83380126953125,67.39865112304688,218.96144104003906,139.90341186523438,501.9514465332031,113.2955551147461,261.1834411621094,131.13333129882812,117.86970520019531,346.050048828125,44.04572296142578,217.6597442626953,249.67845153808594,105.57693481445312,174.03799438476562,173.1497039794922,676.5687255859375,375.8665771484375,356.7416076660156,286.74456787109375,179.1810760498047,768.9912719726562,534.1900024414062,240.66070556640625,149.1573486328125,284.6910705566406,898.3027954101562,67.99291229248047,459.74017333984375,790.8939208984375,96.37482452392578,543.5374145507812,280.7550048828125,69.25664520263672,478.6849670410156,65.5665512084961,724.3887939453125,,55.87890625,76.828369140625,494.57696533203125,411.867431640625,130.66700744628906,488.1788330078125,202.28799438476562,251.93930053710938,154.99423217773438,88.2300033569336,202.33999633789062,124.63442993164062,155.35543823242188,687.30029296875,101.84814453125,155.49685668945312,518.9344482421875,141.016845703125,88.6365737915039,33.1031608581543,495.70001220703125,88.21492004394531,511.9250183105469,606.7236938476562,386.66986083984375,94.3910140991211,411.03460693359375,325.7799987792969,201.70086669921875,296.4100036621094,344.0299377441406,443.3999938964844,224.1106414794922,95.40557098388672,107.31573486328125,154.07412719726562
2025-06-27,200.469970703125,178.02281188964844,132.51600646972656,293.9896545410156,385.8299865722656,234.46173095703125,83.16676330566406,143.80999755859375,271.0747985839844,223.3000030517578,99.38999938964844,351.99127197265625,274.9729919433594,267.8139953613281,313.899658203125,46.35505294799805,132.03134155273438,226.38328552246094,1032.0987548828125,485.67999267578125,106.52999877929688,381.3155822753906,284.2807922363281,305.20001220703125,321.0877685546875,265.84210205078125,981.0469970703125,272.5048828125,67.10540771484375,219.2693634033203,139.27381896972656,506.6992492675781,113.94852447509766,265.35052490234375,131.5680389404297,117.548583984375,351.1094970703125,43.461219787597656,225.37879943847656,253.1699676513672,108.56903839111328,177.869384765625,178.12847900390625,680.1624755859375,377.4988098144531,361.8841857910156,284.5542297363281,180.12258911132812,772.6827392578125,533.7100219726562,241.93836975097656,149.5498504638672,283.0740966796875,885.2999267578125,68.83462524414062,459.0769958496094,771.3284912109375,96.73309326171875,548.0286254882812,286.573974609375,68.97288513183594,485.1364440917969,65.5955810546875,731.9110717773438,,55.840885162353516,77.09150695800781,493.0756530761719,415.22967529296875,132.31199645996094,488.5150451660156,204.48399353027344,252.235107421875,157.72378540039062,89.16000366210938,200.57000732421875,127.37557220458984,156.56002807617188,696.0740356445312,103.0481948852539,155.8408966064453,518.9344482421875,142.98377990722656,89.1717300415039,33.2792854309082,502.6300048828125,88.75192260742188,514.598876953125,609.7380981445312,389.78973388671875,95.96741485595703,407.20477294921875,323.6300048828125,202.45367431640625,302.76678466796875,346.5950012207031,441.29998779296875,225.63290405273438,96.64756774902344,106.72056579589844,154.449951171875
2025-06-30,204.5475311279297,181.25498962402344,134.1233673095703,297.402587890625,386.8800048828125,235.5105438232422,84.14994049072266,141.89999389648438,273.1093444824219,219.38999938964844,102.30999755859375,356.0128173828125,274.6905517578125,274.0780334472656,315.67108154296875,46.55180740356445,133.10546875,230.20498657226562,1033.5074462890625,485.7699890136719,107.41000366210938,384.78466796875,288.86724853515625,308.1499938964844,325.2894287109375,266.6741943359375,985.8270263671875,271.77728271484375,67.81898498535156,221.37513732910156,138.6926727294922,503.50091552734375,115.00108337402344,267.3248596191406,131.72610473632812,116.39061737060547,354.8468933105469,42.94606399536133,223.803466796875,256.0348205566406,108.7652359008789,176.99134826660156,175.83364868164062,696.8413696289062,381.2807312011719,359.8232116699219,289.5439453125,181.82717895507812,783.6873168945312,543.4099731445312,242.61544799804688,149.8834686279297,285.8347473144531,891.1397094726562,69.24568939208984,464.4122009277344,775.3868408203125,96.87242126464844,559.6002197265625,287.1834411621094,68.85547637939453,498.6160888671875,65.72228240966797,736.3606567382812,,55.726829528808594,77.14999389648438,494.5372009277344,417.0149230957031,133.91299438476562,494.4286804199219,205.61599731445312,252.3928680419922,157.96376037597656,90.12999725341797,204.63999938964844,128.3476104736328,156.03118896484375,694.0172119140625,102.56037139892578,156.54864501953125,522.9185791015625,144.32801818847656,90.42040252685547,33.07380294799805,512.6799926757812,89.65995788574219,524.1212158203125,612.6533203125,392.68804931640625,95.406494140625,404.3921813964844,317.6600036621094,202.98159790039062,305.568115234375,352.997802734375,445.20001220703125,226.1864776611328,97.15431213378906,105.17898559570312,154.2323760986328
2025-07-01,207.18951416015625,185.52223205566406,134.36990356445312,301.114013671875,392.1000061035156,238.1029052734375,84.42522430419922,136.11000061035156,284.1722106933594,220.4600067138672,98.91000366210938,356.18243408203125,279.78704833984375,263.2302551269531,319.1842956542969,47.36832809448242,137.2937469482422,227.87840270996094,1038.4521484375,489.6099853515625,104.77999877929688,387.4707946777344,288.7376403808594,309.4599914550781,329.0384826660156,266.4806823730469,981.863525390625,270.9999084472656,67.54528045654297,222.80548095703125,140.99794006347656,503.3721618652344,115.84896850585938,270.469970703125,133.87986755371094,117.92809295654297,352.90863037109375,43.63954162597656,230.7151641845703,247.70887756347656,109.60891723632812,176.51243591308594,175.44451904296875,695.5712890625,387.6802062988281,366.22198486328125,286.0275573730469,180.2316131591797,775.7074584960938,537.989990234375,250.4066162109375,152.99398803710938,286.3277282714844,894.2337646484375,70.14613342285156,471.9052734375,771.776123046875,96.344970703125,562.2590942382812,292.4126281738281,70.13727569580078,499.5008239746094,67.20355987548828,717.5348510742188,,55.26109313964844,79.7326889038086,489.2081298828125,422.1623840332031,129.36000061035156,497.9392395019531,202.3780059814453,258.7132873535156,153.2745361328125,90.5,197.5800018310547,131.47756958007812,157.89195251464844,698.7965698242188,103.98482513427734,156.68624877929688,532.7891845703125,142.5192413330078,90.35103607177734,34.443721771240234,521.780029296875,90.11885070800781,526.1390991210938,612.455078125,393.789794921875,100.43550872802734,420.3600158691406,300.7099914550781,205.7483673095703,319.4473571777344,353.41534423828125,452.1600036621094,226.1667022705078,97.61137390136719,106.58396911621094,157.43667602539062
2025-07-02,211.7954864501953,186.26434326171875,132.24972534179688,300.7856750488281,378.4700012207031,242.5653533935547,80.97428131103516,138.52000427246094,290.36395263671875,219.9199981689453,101.12999725341797,350.813720703125,284.5208740234375,268.3608703613281,322.23236083984375,47.91923904418945,136.98463439941406,226.72642517089844,1054.507568359375,480.4800109863281,103.62999725341797,394.9145202636719,279.255615234375,310.95001220703125,315.2625427246094,266.86767578125,978.278564453125,268.3089599609375,67.04676055908203,214.21351623535156,143.33221435546875,515.2049560546875,114.08496856689453,270.3211669921875,136.1324462890625,119.57259368896484,356.0397033691406,45.3435173034668,235.45098876953125,243.4613494873047,109.39309692382812,179.35601806640625,178.2382354736328,704.8558959960938,376.2447814941406,364.9363708496094,282.5406188964844,180.1126708984375,769.8270874023438,540.5999755859375,251.64300537109375,152.6407470703125,287.8954162597656,916.3695068359375,69.40229797363281,472.321044921875,775.13818359375,98.35527038574219,559.1820068359375,289.6014404296875,71.5854263305664,494.172607421875,67.78827667236328,711.8981323242188,,56.240089416503906,80.29796600341797,488.2536926269531,418.81005859375,128.48599243164062,493.36065673828125,201.95199584960938,258.3385925292969,157.22386169433594,89.31999969482422,196.97000122070312,132.66343688964844,157.8723602294922,706.9244384765625,105.67269134521484,159.55654907226562,545.5684204101562,142.84539794921875,90.51950073242188,35.138465881347656,523.1099853515625,88.99602508544922,522.481201171875,615.2315063476562,388.8964538574219,101.98291015625,426.63348388671875,315.6499938964844,210.77354431152344,301.24859619140625,352.1725769042969,457.0299987792969,220.81895446777344,96.98540496826172,108.34996795654297,157.32789611816406
2025-07-03,212.90213012695312,184.82891845703125,132.57516479492188,303.2632751464844,379.30999755859375,243.0897674560547,81.78048706054688,137.91000366210938,291.7235412597656,223.41000366210938,102.5199966430664,354.0169982910156,286.03021240234375,273.6107482910156,325.5460205078125,48.13566589355469,136.1269073486328,227.32447814941406,1065.913818359375,485.0,104.31999969482422,394.3495178222656,282.96466064453125,326.80999755859375,314.6327819824219,267.7191162109375,982.919189453125,271.2391052246094,68.21697998046875,217.888671875,143.70997619628906,515.8584594726562,114.32861328125,271.9383544921875,138.07876586914062,119.83533477783203,360.0455322265625,45.373233795166016,237.50872802734375,245.58013916015625,109.62853240966797,180.1442413330078,179.12623596191406,712.52587890625,374.79168701171875,364.7695007324219,286.78387451171875,181.47039794921875,776.7323608398438,544.469970703125,253.65457153320312,153.08229064941406,293.2451171875,919.8316650390625,69.83293151855469,470.7471618652344,776.520751953125,98.33536529541016,566.869873046875,289.060791015625,71.48756408691406,502.0654602050781,67.23279571533203,717.3253784179688,,56.69632339477539,78.87503814697266,495.95892333984375,421.3590393066406,129.71800231933594,498.6018371582031,208.93800354003906,258.83160400390625,159.3135223388672,91.33000183105469,201.82000732421875,131.59420776367188,157.510009765625,714.5654296875,105.3897476196289,159.4484100341797,545.18994140625,144.0611572265625,90.65825653076172,34.884056091308594,548.739990234375,89.3475112915039,526.4273681640625,620.0804443359375,392.34063720703125,100.63861083984375,428.1993103027344,315.3500061035156,211.19393920898438,302.21832275390625,356.7857666015625,459.6199951171875,224.48626708984375,97.73060607910156,109.47200012207031,157.42678833007812
2025-07-07,209.3130340576172,183.2177276611328,131.8454132080078,299.04437255859375,376.92999267578125,239.2605743408203,81.63301086425781,134.8000030517578,286.5491638183594,223.47000122070312,101.47000122070312,352.4902038574219,283.266357421875,272.616455078125,320.1885681152344,47.87004852294922,133.64639282226562,231.2659149169922,1059.82666015625,478.0299987792969,103.83000183105469,388.05560302734375,279.1459655761719,320.29998779296875,308.6107177734375,273.3792419433594,988.0578002929688,268.89697265625,67.78429412841797,216.0808868408203,142.7704315185547,505.2832946777344,114.30912017822266,269.646484375,136.735107421875,116.39061737060547,356.337890625,44.709476470947266,231.4634552001953,247.70201110839844,109.65796661376953,177.1609649658203,176.3923797607422,699.9723510742188,377.1803283691406,360.80462646484375,287.2749938964844,181.45057678222656,779.6875,534.7100219726562,249.88656616210938,152.35618591308594,289.25262451171875,907.9330444335938,69.50016021728516,464.8180236816406,768.76220703125,97.66858673095703,562.7669677734375,288.5201721191406,69.94158172607422,499.3914489746094,67.06712341308594,716.6668701171875,,57.26660919189453,78.84580993652344,494.84539794921875,422.87646484375,128.96200561523438,502.2804870605469,207.0019989013672,256.3566589355469,158.21371459960938,92.66999816894531,201.4199981689453,130.69020080566406,157.18682861328125,702.0855102539062,103.74091339111328,155.3985595703125,535.9766235351562,144.22918701171875,91.7681884765625,34.199092864990234,536.52001953125,89.49397277832031,526.993896484375,615.4595336914062,389.5912780761719,98.25949096679688,417.59735107421875,293.94000244140625,208.6422576904297,297.4776306152344,354.57861328125,459.4100036621094,224.30833435058594,98.71426391601562,108.40850067138672,155.32025146484375
2025-07-08,209.3728485107422,185.30740356445312,131.5101318359375,301.8204650878906,382.239990234375,242.5653533935547,81.8001480102539,137.82000732421875,290.5106506347656,219.36000061035156,103.38999938964844,353.827392578125,286.5300598144531,270.25,314.4838562011719,46.38456726074219,134.94459533691406,227.18650817871094,1058.890869140625,477.4700012207031,102.41000366210938,390.81103515625,279.12603759765625,323.2799987792969,307.0068054199219,266.683837890625,981.7440795898438,272.7341003417969,67.449951171875,213.84597778320312,148.42701721191406,503.91680908203125,113.35401916503906,266.78912353515625,137.0611572265625,120.61380767822266,354.83697509765625,45.8388557434082,235.02761840820312,246.10812377929688,108.9516372680664,174.766357421875,173.9678497314453,686.5328369140625,375.806884765625,360.667236328125,285.26141357421875,179.35946655273438,777.5681762695312,527.2999877929688,253.06581115722656,152.8664093017578,280.1481628417969,914.4991455078125,68.74653625488281,465.1744079589844,773.5267333984375,99.35047149658203,560.09814453125,286.69195556640625,72.95529174804688,496.061279296875,66.45317840576172,718.9813842773438,,56.59177017211914,79.30387878417969,493.7517395019531,413.9403076171875,127.53099822998047,499.24456787109375,204.5959930419922,257.5498046875,159.97341918945312,91.63999938964844,203.99000549316406,131.2637176513672,154.63070678710938,702.413330078125,104.24824523925781,156.7353973388672,545.578369140625,143.2308807373047,91.1240234375,35.75493240356445,551.510009765625,89.1034164428711,523.2266845703125,615.1224365234375,386.6036376953125,98.65601348876953,425.0476379394531,297.80999755859375,211.79031372070312,301.3857727050781,352.50067138671875,466.3599853515625,222.28192138671875,96.4687271118164,111.41361999511719,156.06199645996094
2025-07-09,210.4994354248047,186.1374053955078,131.3720703125,295.91998291015625,373.3800048828125,240.16098022460938,81.6723403930664,138.41000366210938,290.0411071777344,222.5399932861328,106.27999877929688,356.1724853515625,288.3824157714844,276.31524658203125,314.8509216308594,46.07959747314453,135.61688232421875,225.3855743408203,1072.414794921875,478.9100036621094,102.95999908447266,398.63140869140625,279.1758728027344,322.9100036621094,304.82232666015625,266.69354248046875,978.0097045898438,270.0132141113281,68.11863708496094,215.18692016601562,148.2139434814453,504.33270263671875,114.19216918945312,266.1045227050781,138.1182861328125,118.60924530029297,357.6201477050781,45.165191650390625,232.86154174804688,249.37562561035156,111.09024810791016,177.26075744628906,176.2227783203125,685.8238525390625,376.64288330078125,364.14141845703125,284.9864196777344,180.52891540527344,765.7376708984375,528.1300048828125,254.88116455078125,153.34722900390625,280.5246276855469,918.4388427734375,68.00270080566406,466.48095703125,782.7374877929688,99.33055877685547,563.5184326171875,288.0188903808594,73.07270812988281,499.2423400878906,65.14730834960938,731.0631713867188,,54.890403747558594,81.58445739746094,500.6019592285156,414.4560546875,128.8280029296875,502.3002624511719,202.74200439453125,256.4059753417969,162.85293579101562,92.58000183105469,206.05999755859375,130.71937561035156,154.26832580566406,703.0791015625,103.79944610595703,156.63711547851562,550.3892211914062,144.4861602783203,91.49070739746094,35.471160888671875,550.9500122070312,89.78688049316406,525.5526123046875,618.8110961914062,389.1346740722656,99.06220245361328,418.7742004394531,295.8800048828125,211.55567932128906,296.6940612792969,355.6921691894531,478.9700012207031,223.15179443359375,96.19052124023438,111.0331039428711,156.52682495117188
2025-07-10,211.7655792236328,190.41441345214844,131.74681091308594,288.3599853515625,371.42999267578125,242.5455780029297,81.0726089477539,144.16000366210938,293.8070068359375,222.25999450683594,106.29000091552734,358.24810791015625,288.2452392578125,273.8294677734375,322.6788024902344,46.20748519897461,137.16236877441406,227.39248657226562,1087.4853515625,478.2699890136719,103.86000061035156,404.7271423339844,279.71429443359375,322.6600036621094,303.8383483886719,266.2581481933594,966.13916015625,263.08648681640625,67.61712646484375,215.1074676513672,149.32781982421875,514.1058959960938,115.16675567626953,264.6956787109375,138.97781372070312,118.45355987548828,355.4930114746094,46.77009201049805,235.04730224609375,251.60708618164062,112.36557006835938,178.29840087890625,177.22052001953125,698.1903076171875,376.5234680175781,366.359375,282.32452392578125,180.19195556640625,745.1632080078125,526.0499877929688,257.2066955566406,154.73077392578125,285.5078430175781,923.8509521484375,68.2865219116211,465.5604248046875,786.4476928710938,100.5745620727539,561.9329223632812,293.2972717285156,73.46409606933594,502.7215881347656,65.43965911865234,725.5360717773438,,55.65079116821289,81.88658142089844,498.58367919921875,414.2973937988281,125.05899810791016,508.1644287109375,193.6179962158203,259.4626770019531,164.07273864746094,92.37999725341797,192.07000732421875,132.27464294433594,155.21832275390625,709.7462158203125,105.77027130126953,156.38153076171875,557.540771484375,144.70361328125,92.20423126220703,35.86256790161133,566.1900024414062,91.05615997314453,526.6460571289062,620.5562744140625,391.8344421386719,101.29625701904297,429.59564208984375,309.8699951171875,214.7526092529297,293.36383056640625,353.8230285644531,479.5299987792969,223.0529327392578,94.25299835205078,112.13562774658203,157.0509796142578
2025-07-11,210.5193634033203,187.92437744140625,130.18873596191406,281.05999755859375,363.3500061035156,242.1002960205078,80.404052734375,146.4199981689453,288.81842041015625,225.02000427246094,108.56999969482422,354.92510986328125,286.15765380859375,272.8153076171875,316.9542541503906,45.97138214111328,135.98008728027344,227.33642578125,1085.1114501953125,475.8599853515625,103.19999694824219,402.33843994140625,277.2315979003906,320.6000061035156,298.41650390625,266.1517028808594,966.2985229492188,257.20623779296875,66.82058715820312,213.99497985839844,150.43199157714844,507.3824768066406,114.47480010986328,264.86431884765625,138.41468811035156,119.7282943725586,358.4551086425781,45.928016662597656,232.41848754882812,254.44619750976562,107.55859375,180.90252685546875,179.7847442626953,694.0845947265625,374.28411865234375,363.1894836425781,278.552734375,178.89366149902344,745.1632080078125,512.0599975585938,254.83209228515625,153.95559692382812,284.1901550292969,919.8316650390625,68.38440704345703,464.04595947265625,788.795166015625,101.24134063720703,548.6304931640625,294.79132080078125,72.95529174804688,496.5682678222656,65.46888732910156,715.828857421875,,54.93792724609375,81.24333190917969,500.4130554199219,412.6212158203125,124.51100158691406,508.8863220214844,187.75599670410156,262.8447265625,164.89259338378906,91.62000274658203,187.38999938964844,131.47756958007812,153.8080596923828,710.3524169921875,106.51175689697266,154.779296875,565.4891357421875,145.16818237304688,91.14385223388672,36.508392333984375,559.280029296875,90.4703369140625,523.902587890625,618.3748168945312,386.5639343261719,100.81269073486328,433.7147216796875,313.510009765625,216.30709838867188,297.8596496582031,345.9189453125,468.8500061035156,223.40879821777344,93.79594421386719,112.62347412109375,153.25328063964844
2025-07-14,207.98707580566406,187.01625061035156,130.19857788085938,279.989990234375,366.989990234375,240.8931884765625,80.25656127929688,146.24000549316406,290.53997802734375,225.69000244140625,108.37000274658203,359.06640625,285.01092529296875,274.02838134765625,318.392822265625,46.30586242675781,136.84556579589844,229.28248596191406,1094.7840576171875,476.30999755859375,104.33000183105469,402.1897277832031,279.3752746582031,317.489990234375,298.2098693847656,268.0674133300781,976.83447265625,258.8108215332031,66.6927490234375,215.4451904296875,146.88694763183594,502.6295471191406,114.93285369873047,266.1243896484375,138.21707153320312,119.30014038085938,358.1271057128906,45.2048225402832,230.37057495117188,261.3398132324219,109.96207427978516,182.39915466308594,181.1516571044922,702.3058471679688,378.6433410644531,363.22869873046875,278.7491760253906,180.19195556640625,749.9954833984375,516.4400024414062,252.79107666015625,153.87709045410156,286.0130920410156,917.1057739257812,67.99291229248047,464.01629638671875,795.091552734375,99.1414794921875,551.4625854492188,296.7276916503906,72.45626831054688,500.4352111816406,65.91718292236328,719.2308959960938,,55.2515869140625,81.54546356201172,500.1147766113281,410.2309875488281,126.19499969482422,515.3240356445312,192.3560028076172,259.2161865234375,164.04273986816406,93.12000274658203,190.72000122070312,131.77890014648438,150.58595275878906,707.5503540039062,106.68737030029297,151.6632537841797,568.3278198242188,147.5502471923828,91.8672866821289,35.441810607910156,549.530029296875,90.4898681640625,526.9342651367188,619.5548095703125,388.549072265625,101.42198181152344,424.2198181152344,316.8999938964844,215.13392639160156,294.4118347167969,348.47406005859375,472.3500061035156,226.66094970703125,95.1671142578125,111.15018463134766,153.93565368652344
2025-07-15,208.4755859375,183.57887268066406,130.2481231689453,276.07000732421875,364.17999267578125,237.88522338867188,79.70598602294922,155.61000061035156,286.1187438964844,226.35000610351562,107.37000274658203,351.6419982910156,280.94354248046875,279.337890625,308.20367431640625,45.40079879760742,137.78831481933594,225.68341064453125,1030.4637451171875,470.1300048828125,103.4800033569336,401.0697326660156,274.8685607910156,318.0400085449219,297.59979248046875,266.07427978515625,963.6594848632812,256.7178649902344,66.06338500976562,211.80975341796875,145.95712280273438,498.53021240234375,114.12394714355469,262.75103759765625,138.00961303710938,116.48792266845703,359.9361572265625,43.85304641723633,227.101806640625,263.66094970703125,106.9896011352539,182.6885223388672,181.59066772460938,691.6821899414062,370.0343933105469,351.9719543457031,277.6785583496094,178.18011474609375,743.2203979492188,512.22998046875,251.56451416015625,152.258056640625,283.8830871582031,931.7203369140625,67.88524627685547,455.8797912597656,767.6481323242188,100.58451080322266,548.8099975585938,294.5062561035156,71.5364990234375,492.343505859375,65.04010009765625,708.7255249023438,,55.58425521850586,79.45005798339844,502.89862060546875,405.38104248046875,126.0270004272461,511.0816955566406,191.38400268554688,255.86367797851562,170.671630859375,91.19000244140625,192.25,130.06809997558594,149.5282440185547,704.122314453125,105.97515106201172,151.67308044433594,545.7875366210938,146.9571990966797,90.7870864868164,34.3165168762207,569.0999755859375,90.28482055664062,519.1414184570312,616.9072875976562,387.6855163574219,98.84943389892578,416.8891906738281,310.7799987792969,213.48165893554688,285.7238464355469,345.0141906738281,464.20001220703125,223.24075317382812,94.77960205078125,110.16474914550781,151.17640686035156
2025-07-16,209.52239990234375,187.7056884765625,130.49575805664062,279.6700134277344,361.7699890136719,238.07322692871094,79.6273422241211,160.0800018310547,292.4864807128906,223.19000244140625,108.30000305175781,353.8174133300781,283.2369384765625,279.2086181640625,309.4438171386719,45.282745361328125,137.7574005126953,224.99151611328125,1066.00244140625,471.30999755859375,103.19000244140625,409.2370300292969,276.7829284667969,314.5799865722656,300.92572021484375,268.5221862792969,947.4172973632812,257.0866394042969,66.2502212524414,212.58448791503906,145.2113037109375,502.7483825683594,114.79641723632812,265.6183776855469,138.61227416992188,115.6024169921875,360.7115173339844,43.713897705078125,225.22125244140625,265.1651916503906,107.76459503173828,183.3570098876953,182.55848693847656,697.8948974609375,360.85821533203125,350.7550048828125,276.91241455078125,179.1810760498047,747.9728393554688,512.6400146484375,252.00607299804688,161.68772888183594,283.1598815917969,928.6958618164062,67.79715728759766,454.9988708496094,785.6022338867188,99.88787841796875,553.9555053710938,293.79852294921875,72.82809448242188,497.2641296386719,65.75151062011719,701.2630004882812,,55.94544219970703,80.33695220947266,502.69976806640625,412.87908935546875,125.03099822998047,513.9297485351562,193.3939971923828,256.6820983886719,171.34152221679688,91.23999786376953,192.58999633789062,131.5650634765625,150.55657958984375,705.6922607421875,107.4874038696289,151.44700622558594,545.7576904296875,148.42994689941406,90.44023132324219,33.84682846069336,571.2000122070312,91.09522247314453,521.2088623046875,618.9697265625,387.9634704589844,98.00804138183594,415.2135925292969,321.6700134277344,211.8000946044922,286.4878234863281,347.8775634765625,469.54998779296875,223.26052856445312,94.54114532470703,109.50127410888672,149.87094116210938
2025-07-17,209.38284301757812,188.5133056640625,119.37181854248047,282.70001220703125,366.45001220703125,238.429443359375,79.6273422241211,160.41000366210938,291.73333740234375,223.8800048828125,111.9800033569336,353.88726806640625,287.7355651855469,284.8164978027344,312.8666687011719,46.256675720214844,139.7897186279297,226.01783752441406,1088.7952880859375,473.3999938964844,104.6500015258789,414.3812561035156,274.64923095703125,320.8599853515625,293.5063781738281,268.80279541015625,949.9467163085938,259.0101623535156,67.16476440429688,220.43150329589844,146.6254425048828,494.24267578125,114.47480010986328,266.89825439453125,142.653076171875,116.19601440429688,378.4344482421875,44.19099044799805,224.8471221923828,259.28765869140625,106.73454284667969,184.284912109375,183.1671142578125,694.9608764648438,360.87811279296875,352.3645324707031,276.990966796875,180.31088256835938,752.6058349609375,516.1599731445312,252.8695831298828,159.92149353027344,287.201904296875,932.2675170898438,69.0890884399414,456.6024169921875,757.4525756835938,100.30586242675781,554.0452270507812,295.2434387207031,72.70088195800781,499.4510498046875,68.02216339111328,699.7665405273438,,55.109012603759766,79.45005798339844,508.7446594238281,417.5901794433594,127.41699981689453,518.013916015625,191.8300018310547,266.0394592285156,172.97125244140625,91.58999633789062,196.27999877929688,141.37289428710938,152.4075469970703,718.6492309570312,103.8384780883789,150.01185607910156,547.8195190429688,149.74452209472656,92.2636947631836,33.92510986328125,589.010009765625,91.12451171875,522.2028198242188,622.7576293945312,386.0080871582031,100.2420883178711,423.86077880859375,319.4100036621094,211.75120544433594,282.1585693359375,347.7880859375,463.2699890136719,223.10235595703125,94.48152923583984,108.94512939453125,148.37757873535156
2025-07-18,210.539306640625,186.4055938720703,122.50196075439453,282.44000244140625,365.7900085449219,239.30015563964844,79.8436279296875,156.99000549316406,288.3196105957031,226.1300048828125,111.77999877929688,355.3641662597656,289.43115234375,281.7242126464844,305.52496337890625,46.55180740356445,138.20558166503906,226.7717742919922,1087.0322265625,473.79998779296875,103.63999938964844,410.0596923828125,273.3231506347656,315.57000732421875,290.97747802734375,265.7840270996094,946.9990844726562,261.5018310546875,66.9189224243164,220.4513702392578,145.32752990722656,494.916015625,115.41040802001953,266.6402587890625,142.4949951171875,115.46015930175781,376.3470458984375,44.5289306640625,223.1240997314453,262.2662658691406,106.1655502319336,185.52212524414062,184.64378356933594,697.3435668945312,359.4051208496094,352.71783447265625,280.792236328125,179.101806640625,749.8759155273438,518.6199951171875,250.36737060546875,160.6279754638672,288.55914306640625,926.338134765625,68.36483001708984,460.28460693359375,767.6083984375,100.17648315429688,551.103515625,291.9997863769531,73.1705551147461,496.93609619140625,68.03190612792969,702.6298828125,,55.14703369140625,77.92967224121094,507.10418701171875,417.0149230957031,120.92400360107422,513.2769775390625,192.67999267578125,272.7937316894531,172.38136291503906,92.33999633789062,195.77999877929688,139.2344207763672,152.9370880126953,717.9735107421875,104.17994689941406,152.16456604003906,540.369140625,149.74452209472656,94.93943786621094,32.6041145324707,584.760009765625,91.87630462646484,521.2288208007812,622.301513671875,386.50439453125,100.05834197998047,413.65771484375,329.6499938964844,211.780517578125,276.84979248046875,347.032470703125,459.80999755859375,224.7037353515625,94.44178771972656,105.14971160888672,147.45474243164062
2025-07-21,211.83535766601562,182.06211853027344,123.24488067626953,282.45001220703125,367.67999267578125,237.94459533691406,79.42086791992188,157.0,289.40533447265625,229.3000030517578,111.61000061035156,350.175048828125,287.872802734375,286.5664367675781,300.58416748046875,46.709205627441406,135.4855194091797,225.7478485107422,1076.6207275390625,474.4100036621094,103.77999877929688,407.9407653808594,273.2134704589844,316.32000732421875,290.0820617675781,266.07427978515625,943.6231079101562,261.4021301269531,67.20409393310547,219.8355255126953,144.97882080078125,491.3711242675781,116.7845687866211,266.00531005859375,141.1908721923828,114.2926025390625,371.4168395996094,44.91657257080078,222.24783325195312,261.8578186035156,106.22441101074219,190.7204132080078,189.67245483398438,695.118408203125,362.8188171386719,357.2715759277344,279.6528015136719,179.1909942626953,760.8954467773438,516.1199951171875,249.86692810058594,161.2755889892578,288.261962890625,932.9439697265625,68.58014678955078,465.6495056152344,758.1290283203125,101.25128936767578,553.0879516601562,290.69244384765625,72.26057434082031,497.1945495605469,67.65184020996094,711.2994384765625,,56.00246810913086,77.29617309570312,507.1141357421875,417.46124267578125,123.3270034790039,509.5686340332031,191.98199462890625,273.503662109375,171.35153198242188,94.1500015258789,199.8800048828125,137.7374725341797,152.8680419921875,706.6859130859375,105.23365783691406,156.26358032226562,543.3672485351562,149.8038330078125,95.3853988647461,32.81938552856445,591.4600219726562,92.55000305175781,518.9822998046875,623.4815063476562,384.4398498535156,98.36587524414062,403.8735656738281,328.489990234375,209.77633666992188,276.3502502441406,348.91156005859375,458.489990234375,222.7069854736328,95.05781555175781,105.42290496826172,146.23422241210938
2025-07-22,213.74954223632812,184.28802490234375,124.54251861572266,286.9599914550781,372.8699951171875,233.01708984375,80.05010223388672,154.72000122070312,299.0107727050781,227.47000122070312,109.77999877929688,353.4781188964844,292.19500732421875,277.00128173828125,301.7449951171875,46.99449920654297,140.08335876464844,229.6598358154297,1083.8802490234375,478.1300048828125,103.16000366210938,415.0238037109375,277.90960693359375,319.6000061035156,295.2480163574219,265.7259826660156,937.6978149414062,262.707763671875,67.02709197998047,218.20652770996094,145.32752990722656,500.7284240722656,117.66170501708984,268.4261779785156,142.60366821289062,115.70543670654297,370.4128723144531,45.52288055419922,228.125732421875,258.0125427246094,108.07852172851562,191.6782684326172,190.90966796875,689.614501953125,349.3033447265625,364.11199951171875,276.9516906738281,179.1810760498047,763.97412109375,511.0,255.25401306152344,164.77859497070312,288.7176513671875,887.6378173828125,68.17887115478516,467.22332763671875,772.3131713867188,97.22074890136719,557.1863403320312,294.06396484375,73.6402359008789,496.16070556640625,68.94796752929688,703.1586303710938,,56.49671936035156,79.53778076171875,502.3517761230469,417.8182678222656,119.00800323486328,557.5301513671875,192.4739990234375,276.34344482421875,167.00225830078125,95.3499984741211,196.72999572753906,141.9561004638672,156.1121826171875,716.5228271484375,106.5312728881836,155.30027770996094,558.7061157226562,147.4415283203125,94.53312683105469,33.61198425292969,615.1300048828125,93.58495330810547,514.6981811523438,623.5707397460938,392.2116394042969,103.03707122802734,426.4938049316406,332.1099853515625,210.11851501464844,279.2789001464844,349.8262023925781,470.1300048828125,224.4763641357422,95.23666381835938,105.90098571777344,150.02479553222656
2025-07-23,213.5002899169922,187.6761474609375,124.64157104492188,286.0400085449219,372.4599914550781,225.6753387451172,78.1722412109375,158.64999389648438,302.463623046875,228.2899932861328,113.04000091552734,356.5317077636719,291.9598083496094,282.0722351074219,306.2293395996094,47.358489990234375,141.0879364013672,228.10067749023438,1103.5604248046875,482.6300048828125,107.76000213623047,425.3697814941406,269.3548583984375,326.4599914550781,299.4693603515625,267.50628662109375,937.2796020507812,266.32562255859375,67.47944641113281,219.71632385253906,148.31077575683594,510.1153564453125,116.47270202636719,266.3922424316406,145.11312866210938,116.63751983642578,377.9573059082031,44.56869125366211,234.2301025390625,262.1766357421875,111.40416717529297,191.07960510253906,189.8021697998047,706.4608764648438,351.5924072265625,369.3526916503906,277.0008239746094,179.37928771972656,773.160400390625,501.95001220703125,258.3056945800781,165.92666625976562,293.9980773925781,892.4828491210938,67.68949890136719,465.2139587402344,794.6439208984375,96.63358306884766,560.5070190429688,293.0318603515625,68.73805236816406,504.8687744140625,68.38272857666016,711.9081420898438,,56.81037902832031,81.84760284423828,502.94830322265625,418.7109375,117.6780014038086,562.1878662109375,191.28599548339844,276.353271484375,170.75161743164062,95.41999816894531,199.22000122070312,141.5867462158203,156.07272338867188,723.52783203125,107.32154083251953,157.15809631347656,570.1206665039062,154.67672729492188,94.29528045654297,34.385009765625,614.4199829101562,92.8819580078125,522.5010986328125,628.875732421875,397.9486083984375,103.89781188964844,465.4808654785156,332.55999755859375,182.08901977539062,286.5074462890625,353.2364501953125,476.95001220703125,225.4945068359375,95.0677490234375,107.25718688964844,152.26736450195312
2025-07-24,213.11148071289062,187.95191955566406,124.45336151123047,281.7099914550781,371.69000244140625,223.98336791992188,77.8969497680664,162.1199951171875,301.8082580566406,232.22999572753906,114.04000091552734,355.86309814453125,291.3031311035156,287.0635681152344,305.82257080078125,47.60443115234375,141.89930725097656,224.66822814941406,1101.5904541015625,480.6000061035156,106.20999908447266,427.2897644042969,269.384765625,324.6400146484375,289.22601318359375,268.18353271484375,929.9202880859375,266.80401611328125,67.15493774414062,221.3850860595703,150.93568420410156,509.6103515625,116.70660400390625,267.7118225097656,145.0538330078125,116.80431365966797,382.58935546875,44.310264587402344,232.86154174804688,266.9882507324219,111.0510025024414,192.76580810546875,191.73777770996094,708.0952758789062,339.8583984375,366.1532897949219,255.88270568847656,181.93618774414062,778.3513793945312,488.6099853515625,256.9221496582031,166.3780059814453,293.78997802734375,899.536376953125,67.63076782226562,466.6986999511719,801.149169921875,97.31031036376953,561.9130249023438,289.4539794921875,66.35055541992188,510.04791259765625,68.39248657226562,713.1251831054688,,56.658302307128906,81.97429656982422,507.9294128417969,421.34912109375,118.07599639892578,562.1680908203125,199.23599243164062,274.1150207519531,173.7111358642578,98.16000366210938,201.16000366210938,140.46888732910156,156.59532165527344,724.9686279296875,107.0483627319336,156.1357879638672,562.4014282226562,153.42141723632812,95.6331558227539,34.48286819458008,609.6799926757812,92.75504302978516,527.6598510742188,629.083984375,393.71038818359375,102.34074401855469,473.7789306640625,305.29998779296875,181.54153442382812,272.8633117675781,351.9240417480469,472.2699890136719,227.95587158203125,95.98186492919922,108.0962905883789,151.64222717285156
2025-07-25,213.2311248779297,187.41021728515625,125.34485626220703,283.1499938964844,370.739990234375,225.4180908203125,78.75231170654297,166.47000122070312,299.88134765625,231.44000244140625,114.27999877929688,372.1090393066406,293.28289794921875,288.5251770019531,309.1560974121094,47.66345977783203,143.20523071289062,223.9632110595703,1106.4268798828125,484.07000732421875,106.13999938964844,431.497802734375,268.3577880859375,332.19000244140625,291.6269226074219,270.4765930175781,931.59326171875,268.2092590332031,67.54828643798828,222.06051635742188,149.9767608642578,512.3037719726562,116.88203430175781,269.61676025390625,147.83004760742188,116.1567611694336,389.81573486328125,44.61838912963867,239.44834899902344,270.5545654296875,113.99404907226562,193.6438446044922,192.74551391601562,717.744140625,332.732421875,368.3614807128906,255.10671997070312,182.7884979248047,783.073974609375,495.8599853515625,256.7945861816406,165.14166259765625,295.8407287597656,897.4571533203125,67.69927978515625,468.08453369140625,808.37060546875,96.49425506591797,566.6196899414062,293.3758544921875,67.7204360961914,509.9087219238281,68.78229522705078,711.0101318359375,,56.876914978027344,82.55906677246094,510.7430419921875,424.4931335449219,118.04900360107422,563.4140625,193.75799560546875,278.43377685546875,173.47117614746094,97.66000366210938,203.27000427246094,139.43853759765625,156.0924530029297,734.1099243164062,107.60448455810547,155.70326232910156,560.867431640625,155.06219482421875,96.18812561035156,34.707923889160156,601.5499877929688,93.09677124023438,531.7352905273438,631.7413940429688,400.5293273925781,102.56318664550781,477.060302734375,316.05999755859375,180.857177734375,275.29241943359375,354.976318359375,469.6499938964844,227.02667236328125,96.84629821777344,107.71576690673828,150.94760131835938
2025-07-28,213.40060424804688,185.6767578125,125.15665435791016,277.0400085449219,369.4700012207031,228.3369903564453,77.8969497680664,173.66000366210938,294.7069091796875,232.7899932861328,117.55000305175781,368.3868408203125,289.6761779785156,292.6217041015625,308.29296875,47.44702911376953,141.36611938476562,225.8114471435547,1101.048583984375,481.70001220703125,105.83999633789062,430.6920166015625,265.20709228515625,333.760009765625,287.7106628417969,265.22283935546875,930.1094360351562,269.345458984375,66.79108428955078,218.90185546875,151.3715362548828,505.54071044921875,114.61123657226562,267.87054443359375,147.6818389892578,119.35527038574219,390.4021911621094,43.525047302246094,238.67054748535156,269.5782775878906,110.88423919677734,192.9853057861328,192.14688110351562,712.496337890625,338.9228515625,370.21636962890625,258.53472900390625,181.1532440185547,795.8071899414062,493.95001220703125,255.13626098632812,163.10069274902344,295.50390625,918.4089965820312,66.64225006103516,462.7096862792969,803.8148803710938,98.14628601074219,566.6796264648438,294.11309814453125,69.01202392578125,504.49102783203125,67.80776977539062,715.9486083984375,,55.812374114990234,81.92556762695312,509.5400390625,426.447021484375,117.45999908447266,562.3065185546875,197.14999389648438,282.4173583984375,176.7206268310547,97.33000183105469,204.5,137.61111450195312,154.91903686523438,734.3484497070312,104.51168060302734,158.30816650390625,556.4152221679688,154.26158142089844,97.0304946899414,35.22653579711914,592.6300048828125,92.07157897949219,527.2224731445312,631.5828247070312,397.71044921875,102.93069458007812,483.68280029296875,325.5899963378906,185.02198791503906,276.3306579589844,353.41534423828125,460.8299865722656,225.27703857421875,96.98540496826172,108.73047637939453,149.58816528320312
2025-07-29,210.6290283203125,188.33604431152344,126.80097198486328,278.8999938964844,370.70001220703125,228.31719970703125,77.59215545654297,177.44000244140625,296.92730712890625,231.00999450683594,118.62000274658203,353.28851318359375,289.3135681152344,295.72393798828125,306.11029052734375,47.171573638916016,140.93338012695312,222.31298828125,1104.7030029296875,476.55999755859375,106.47000122070312,427.8169860839844,267.7595520019531,366.260009765625,287.4941711425781,265.6872863769531,930.6870727539062,266.49505615234375,66.8304214477539,221.1864013671875,152.0979766845703,507.4715881347656,116.45320892333984,257.3537902832031,145.8343505859375,120.82697296142578,387.6686706542969,42.96843338012695,230.92193603515625,269.2794494628906,112.06146240234375,195.98854064941406,195.30975341796875,720.6979370117188,342.86407470703125,370.3243103027344,257.74896240234375,183.05609130859375,803.389404296875,496.8699951171875,254.63583374023438,164.95523071289062,294.2754821777344,911.3853149414062,67.90481567382812,466.7185363769531,758.8949584960938,98.4647445678711,561.7335205078125,297.50421142578125,69.15879821777344,507.4732360839844,67.93445587158203,698.35986328125,,56.420684814453125,80.53187561035156,509.609619140625,430.3943786621094,116.8740005493164,566.85546875,198.63999938964844,273.8192138671875,175.4808349609375,98.9000015258789,193.83999633789062,139.86624145507812,154.42601013183594,730.1751708984375,107.0483627319336,159.3206329345703,555.9371948242188,155.2993927001953,97.0304946899414,34.86448287963867,635.8099975585938,92.95030975341797,527.6002197265625,629.9169311523438,397.5913391113281,100.75466918945312,480.89019775390625,321.20001220703125,187.1044158935547,255.71263122558594,349.259521484375,468.4100036621094,232.84889221191406,97.70079803466797,110.13546752929688,149.84617614746094
2025-07-30,208.415771484375,186.45484924316406,127.33588409423828,274.0,364.0,228.67340087890625,76.10757446289062,179.50999450683594,294.78515625,230.19000244140625,122.08999633789062,354.59576416015625,284.3542785644531,300.8942565917969,301.0207214355469,47.18141555786133,140.2842559814453,223.19337463378906,1097.9261474609375,476.0,106.76000213623047,431.8658752441406,265.7255859375,371.0299987792969,293.0930480957031,268.7253723144531,923.6563720703125,263.9236755371094,67.14510345458984,221.63339233398438,148.73696899414062,502.88702392578125,117.41805267333984,261.06439208984375,144.30299377441406,118.9530029296875,387.7481994628906,38.90317916870117,220.40667724609375,272.5070495605469,112.5813980102539,196.9962921142578,196.08799743652344,719.48681640625,353.3739013671875,365.16204833984375,255.63714599609375,184.0768585205078,804.435546875,500.510009765625,248.9151153564453,164.1211700439453,296.8413391113281,920.2395629882812,67.28821563720703,461.4921875,756.0401611328125,98.614013671875,557.5353393554688,298.4281311035156,68.7771987915039,509.5806579589844,63.44186782836914,693.5811157226562,,58.454715728759766,79.67422485351562,510.2757568359375,432.4970397949219,118.41999816894531,566.4500122070312,195.49600219726562,275.10101318359375,179.24021911621094,99.37999725341797,183.02999877929688,138.8650360107422,150.74803161621094,727.36328125,105.84831237792969,156.35203552246094,552.38134765625,156.5645751953125,97.6845703125,33.435848236083984,645.3499755859375,92.65739440917969,526.1490478515625,629.1236572265625,397.4324951171875,99.74885559082031,476.0230407714844,319.0400085449219,185.28598022460938,260.5806579589844,348.8817443847656,469.1600036621094,229.83399963378906,96.96552276611328,109.17930603027344,147.6631317138672
2025-07-31,206.9402618408203,186.16921997070312,124.9981689453125,267.1000061035156,357.69000244140625,222.26171875,76.32386779785156,176.30999755859375,288.65216064453125,234.11000061035156,123.22000122070312,354.9649963378906,282.1490783691406,292.025146484375,296.9530029296875,46.50261688232422,137.74192810058594,218.8650360107422,1089.415771484375,471.8800048828125,104.91999816894531,435.7456359863281,265.2569580078125,364.57000732421875,263.10089111328125,269.24786376953125,935.7360229492188,257.46533203125,66.94842529296875,221.05728149414062,146.8772735595703,519.2251586914062,118.54856872558594,259.7052001953125,143.7595977783203,117.75601196289062,382.4104309082031,39.99652862548828,220.0424041748047,270.0465087890625,110.15827941894531,192.42657470703125,191.46839904785156,712.437255859375,352.3089599609375,360.67706298828125,248.65341186523438,183.1750030517578,782.2570190429688,481.0899963378906,251.1719970703125,161.6484832763672,293.4828796386719,874.515625,66.44650268554688,455.5828552246094,736.136474609375,94.38443756103516,564.8746337890625,294.9485778808594,66.13529968261719,512.6722412109375,63.042320251464844,771.6278076171875,,58.8729248046875,76.13639831542969,530.4187622070312,435.3831787109375,115.94000244140625,570.2078247070312,188.62399291992188,274.1150207519531,177.84043884277344,98.31999969482422,173.60000610351562,134.06317138671875,148.37164306640625,727.234130859375,104.17994689941406,144.26145935058594,543.2974243164062,155.74420166015625,96.85210418701172,33.07380294799805,633.469970703125,92.2473373413086,547.7881469726562,626.763671875,389.80963134765625,97.19566345214844,466.4483337402344,308.2699890136719,178.29441833496094,244.43881225585938,343.4731750488281,456.8699951171875,226.52255249023438,97.35304260253906,108.92561340332031,144.66639709472656
2025-08-01,201.76600646972656,192.2757110595703,126.08777618408203,255.3699951171875,347.79998779296875,219.3725128173828,75.7044677734375,171.6999969482422,290.3932800292969,214.75,117.56999969482422,353.4599914550781,276.14111328125,286.9939880371094,291.9526672363281,44.91875457763672,136.2891845703125,214.18199157714844,1075.419189453125,472.8399963378906,105.41000366210938,426.4640808105469,266.6129455566406,356.9700012207031,258.0332946777344,271.6473388671875,949.876708984375,249.90077209472656,65.99454498291016,220.0143280029297,146.64479064941406,496.06463623046875,119.78629302978516,258.9610595703125,140.074462890625,114.40052795410156,379.00103759765625,39.78779220581055,213.7509765625,268.35296630859375,111.0313949584961,189.52310180664062,188.70465087890625,698.63330078125,355.27484130859375,366.7126770019531,245.60848999023438,182.9470672607422,773.3098754882812,483.1199951171875,247.5806121826172,164.1898651123047,286.6768493652344,882.0864868164062,67.39588165283203,454.7414855957031,758.2782592773438,95.90708923339844,558.313232421875,297.720458984375,64.93177032470703,498.30792236328125,62.30167770385742,748.2527465820312,,58.72085189819336,77.27667999267578,521.0829467773438,433.13177490234375,115.86000061035156,579.9287109375,182.87399291992188,272.3315124511719,173.69113159179688,99.12000274658203,172.8800048828125,135.3851318359375,148.54913330078125,707.590087890625,102.3554916381836,145.66709899902344,556.654296875,154.99301147460938,94.671875,32.33991241455078,618.6500244140625,92.74526977539062,542.380859375,616.4907836914062,374.980712890625,96.48965454101562,461.820556640625,302.6300048828125,178.09747314453125,232.89076232910156,337.3885192871094,462.1300048828125,226.2457733154297,97.85977172851562,106.9742431640625,146.24415588378906
2025-08-04,202.7330780029297,194.2159881591797,128.7028350830078,258.7799987792969,338.8500061035156,220.05520629882812,76.97276306152344,176.77999877929688,295.34271240234375,211.64999389648438,120.3499984741211,360.3999938964844,281.7570495605469,296.0221862792969,296.2386474609375,45.10566711425781,138.2442169189453,217.75282287597656,1099.315185546875,459.1099853515625,106.79000091552734,431.44805908203125,266.9519348144531,364.8800048828125,262.3235168457031,277.7815856933594,952.71875,251.47547912597656,67.35160064697266,223.58023071289062,146.29611206054688,505.5506286621094,121.01426696777344,262.20538330078125,140.90435791015625,114.80279541015625,382.4501953125,40.17543411254883,214.1349639892578,275.1768798828125,112.33614349365234,195.31008911132812,194.60133361816406,714.8396606445312,361.47528076171875,373.7395935058594,247.5041961669922,186.76258850097656,781.9979248046875,483.3599853515625,248.82679748535156,167.83023071289062,291.5213317871094,910.9176635742188,67.4937515258789,462.65032958984375,764.9127807617188,97.93730163574219,568.2052612304688,299.03759765625,65.15682220458984,516.7677612304688,61.911861419677734,774.5509643554688,,58.8729248046875,77.83221435546875,532.5464477539062,436.3650817871094,117.0989990234375,583.201904296875,184.60000610351562,275.571533203125,179.9700927734375,101.37000274658203,171.0,135.6573028564453,148.6575927734375,714.4560546875,102.64817810058594,144.99867248535156,569.2740478515625,155.55641174316406,96.22776794433594,32.17356872558594,636.02001953125,93.73140716552734,559.6365356445312,625.8612670898438,378.6531982421875,96.50900268554688,465.34124755859375,309.260009765625,179.93890380859375,236.03488159179688,340.1723327636719,472.2699890136719,227.88665771484375,98.95272827148438,104.75944519042969,150.63999938964844
2025-08-05,202.3043670654297,195.55548095703125,129.45567321777344,247.07000732421875,338.739990234375,218.35333251953125,77.1202392578125,174.30999755859375,293.5233459472656,213.75,118.12000274658203,361.6000061035156,286.65753173828125,291.259521484375,294.30401611328125,44.82038116455078,136.69100952148438,217.02792358398438,1092.9913330078125,464.19000244140625,104.83000183105469,431.9753112792969,266.8921203613281,360.5,266.4071044921875,275.37237548828125,941.0112915039062,246.66163635253906,66.39772033691406,221.36520385742188,148.23329162597656,503.59002685546875,120.84859466552734,264.3880920410156,138.8790283203125,115.55826568603516,354.3101806640625,39.78779220581055,218.97906494140625,271.0825500488281,110.32505798339844,194.8810577392578,194.23216247558594,709.798583984375,362.0823669433594,378.2442321777344,246.21746826171875,185.7219696044922,766.4550170898438,477.0,251.24070739746094,167.53585815429688,288.658203125,878.873046875,67.58184814453125,465.06549072265625,761.8790283203125,96.2155990600586,564.4458618164062,293.6707458496094,65.68519592285156,512.79150390625,60.71318817138672,761.6712036132812,,59.4242057800293,78.73859405517578,524.701904296875,430.4935302734375,114.78700256347656,583.3997802734375,181.0240020751953,277.3055114746094,178.23037719726562,102.2300033569336,169.08999633789062,135.55038452148438,148.41107177734375,710.3226318359375,104.43362426757812,144.21231079101562,567.6405639648438,154.5185546875,95.57369232177734,32.78024673461914,628.5,92.15945434570312,559.6365356445312,622.688232421875,378.0278625488281,99.06220245361328,465.1916809082031,308.7200012207031,182.56813049316406,245.84925842285156,335.4796447753906,374.9800109863281,227.13539123535156,98.67453002929688,104.63259887695312,144.9938507080078
2025-08-06,212.60302734375,193.3394317626953,129.69338989257812,247.5399932861328,345.6199951171875,218.36325073242188,77.72980499267578,163.1199951171875,278.4500427246094,222.30999755859375,138.77999877929688,363.67999267578125,283.2957458496094,299.94970703125,293.2126770019531,44.682647705078125,133.22909545898438,220.14743041992188,1103.7279052734375,468.9100036621094,102.94999694824219,425.4991149902344,268.8363952636719,360.1600036621094,265.63958740234375,272.21820068359375,965.8721313476562,248.3360137939453,68.05964660644531,222.7756805419922,147.98146057128906,504.6396484375,122.02783203125,266.67999267578125,132.3188934326172,114.39070892333984,356.0098876953125,39.61882781982422,222.9567413330078,271.241943359375,108.18643951416016,196.4774627685547,195.64898681640625,713.5695190429688,364.4112243652344,379.6083984375,247.7988739013672,186.3661651611328,776.61767578125,474.05999755859375,252.68313598632812,167.388671875,288.638427734375,883.7181396484375,68.03205871582031,466.6888427734375,742.4030151367188,95.47915649414062,567.5271606445312,302.4090270996094,64.74585723876953,514.411865234375,60.48904800415039,770.1812133789062,,60.023014068603516,77.42288208007812,521.908203125,438.4974365234375,117.8479995727539,582.7470092773438,182.46200561523438,280.3572998046875,179.3901824951172,104.44000244140625,172.88999938964844,136.86264038085938,150.72830200195312,692.6857299804688,103.15552520751953,143.3571014404297,552.9291381835938,153.94528198242188,95.84127044677734,32.153995513916016,625.8800048828125,92.4426040649414,559.1793212890625,627.4578247070312,372.15191650390625,101.92488861083984,447.7576599121094,319.9100036621094,183.07034301757812,240.73638916015625,337.7762756347656,385.6499938964844,228.93447875976562,102.6986083984375,103.92034912109375,145.3709259033203
2025-08-07,219.36245727539062,195.86080932617188,130.81271362304688,241.72000122070312,338.2699890136719,220.76763916015625,75.31119537353516,172.39999389648438,278.4794006347656,223.1300048828125,139.27999877929688,365.0299987792969,282.8155212402344,302.02777099609375,292.4090881347656,44.190765380859375,145.0289306640625,216.0035858154297,1096.133544921875,461.4700012207031,102.95999908447266,414.9541320800781,268.517333984375,354.3299865722656,266.6629638671875,271.8312072753906,974.7374267578125,240.07376098632812,68.73817443847656,221.90159606933594,148.34954833984375,501.6690673828125,122.72953796386719,267.65228271484375,131.2321319580078,113.78240966796875,359.0404357910156,40.55313491821289,221.19435119628906,270.98291015625,108.18643951416016,196.83663940429688,196.07801818847656,708.6465454101562,371.55712890625,378.9901123046875,245.71653747558594,186.33644104003906,758.822998046875,469.80999755859375,251.96681213378906,168.31103515625,284.26947021484375,907.3759765625,68.9324951171875,464.65966796875,637.453857421875,98.67373657226562,559.639404296875,302.65478515625,64.79478454589844,511.0121154785156,60.81064224243164,760.0449829101562,,60.403202056884766,78.32926177978516,517.8319091796875,441.4530334472656,118.03700256347656,580.8582153320312,174.82400512695312,277.8999938964844,180.73997497558594,103.47000122070312,168.10000610351562,139.8953857421875,151.34951782226562,720.7357788085938,103.7018814086914,143.41607666015625,557.58056640625,153.95516967773438,95.12773895263672,32.08550262451172,620.3300170898438,93.09677124023438,555.7699584960938,626.9322509765625,373.5712585449219,102.1956787109375,453.5423889160156,322.2699890136719,183.07034301757812,239.649169921875,330.1705017089844,375.6300048828125,230.53582763671875,102.46014404296875,103.37396240234375,147.0975341796875
2025-08-08,228.65419006347656,195.0630340576172,133.01174926757812,239.1999969482422,341.04998779296875,221.5888671875,76.8154525756836,172.75999450683594,281.9322814941406,222.69000244140625,139.17999267578125,366.3999938964844,282.9919128417969,303.2308654785156,295.0877685546875,45.263065338134766,149.52630615234375,214.962158203125,1108.09130859375,465.3999938964844,103.13999938964844,414.35723876953125,270.441650390625,352.05999755859375,270.50054931640625,273.05029296875,978.2576904296875,239.7050018310547,70.59675598144531,224.75233459472656,150.14141845703125,505.36248779296875,122.13504028320312,270.7279357910156,131.14321899414062,114.08656311035156,361.71209716796875,41.616661071777344,224.5320587158203,273.9615478515625,117.14312744140625,201.63583374023438,200.96697998046875,710.1530151367188,379.7978515625,380.6388854980469,239.5756072998047,184.73094177246094,746.2592163085938,470.0799865722656,252.1728515625,170.0772705078125,286.072509765625,910.1018676757812,68.84440612792969,467.61932373046875,622.32470703125,101.26124572753906,572.7025146484375,300.23675537109375,60.53840637207031,512.2348022460938,60.255165100097656,767.4974975585938,,61.01151657104492,78.64114379882812,519.0248413085938,449.6949462890625,121.16400146484375,574.6578369140625,174.5019989013672,277.46405029296875,182.6696319580078,103.33000183105469,167.05999755859375,141.14932250976562,151.36923217773438,723.1005859375,103.10673522949219,145.04782104492188,560.7679443359375,153.0655975341797,96.47932434082031,32.16378402709961,619.4199829101562,92.4523696899414,553.5234985351562,631.82080078125,374.7722473144531,101.93455505371094,459.50665283203125,329.6499938964844,184.36033630371094,245.74154663085938,334.8334045410156,366.5400085449219,232.38427734375,103.06623840332031,104.20330047607422,146.21438598632812
2025-08-11,226.74781799316406,195.6441192626953,130.1193389892578,238.61000061035156,333.6499938964844,221.70761108398438,77.30703735351562,172.27999877929688,278.86083984375,221.3000030517578,137.64999389648438,368.0899963378906,278.29730224609375,302.16693115234375,293.8972473144531,45.4106330871582,148.75355529785156,213.30560302734375,1111.0069580078125,464.7300109863281,102.75,406.418701171875,270.2023620605469,349.0899963378906,272.6062927246094,276.4753723144531,985.99609375,231.90121459960938,69.49536895751953,222.3783721923828,148.6304168701172,502.0057678222656,122.36894226074219,271.3529968261719,130.3726043701172,114.63600158691406,358.9905700683594,41.209144592285156,221.14512634277344,274.15081787109375,118.18299865722656,201.1768798828125,200.54794311523438,708.1543579101562,381.0916442871094,380.3247985839844,233.6719970703125,184.26515197753906,703.5062255859375,471.8500061035156,252.07476806640625,170.55809020996094,286.86505126953125,905.505615234375,69.24568939208984,465.60003662109375,631.84375,101.51004028320312,571.974609375,299.16534423828125,59.63821029663086,508.6263427734375,59.99203872680664,764.0755615234375,,62.41822814941406,77.99788665771484,518.7564697265625,457.1632385253906,121.83100128173828,573.7974853515625,171.2740020751953,275.76971435546875,182.0297393798828,103.5999984741211,168.1699981689453,140.81881713867188,152.81874084472656,726.0020141601562,101.54569244384766,145.4508514404297,543.7755737304688,153.00628662109375,97.02591705322266,31.674522399902344,616.1199951171875,92.33519744873047,552.5394897460938,630.5713500976562,373.8690490722656,100.59025573730469,461.1722717285156,339.0299987792969,180.90394592285156,247.191162109375,333.95849609375,374.4599914550781,234.37118530273438,103.26496124267578,103.25688171386719,147.8715057373047
2025-08-12,229.21310424804688,195.6441192626953,129.7825469970703,237.8699951171875,338.42999267578125,229.5935821533203,77.15957641601562,174.9499969482422,278.7532958984375,221.47000122070312,141.25,363.80999755859375,283.5113830566406,311.0460510253906,300.822265625,46.728885650634766,150.65452575683594,217.17425537109375,1142.211669921875,470.3900146484375,102.63999938964844,410.5670471191406,268.9759521484375,353.6099853515625,275.98138427734375,266.9257507324219,988.4991455078125,230.88462829589844,70.19357299804688,221.81219482421875,149.58932495117188,500.8868408203125,121.30664825439453,274.448486328125,131.35069274902344,115.78392791748047,362.170654296875,41.89496994018555,226.86549377441406,278.5639343261719,117.74153137207031,203.70118713378906,202.88267517089844,731.9222412109375,388.45648193359375,388.6373596191406,232.1590118408203,181.1037139892578,710.869140625,478.19000244140625,255.5974578857422,169.53758239746094,290.12445068359375,930.7254638671875,69.20654296875,468.4210510253906,636.0314331054688,104.7742919921875,572.5629272460938,296.4917907714844,63.11180114746094,512.9902954101562,59.82637023925781,788.1489868164062,,62.741397857666016,78.26103973388672,526.183349609375,467.3392028808594,122.52799987792969,574.3512573242188,170.68600463867188,275.6903991699219,183.1295623779297,101.88999938964844,175.39999389648438,142.7628936767578,152.9272003173828,747.2456665039062,102.2579116821289,151.11277770996094,554.3434448242188,153.6883087158203,98.0793685913086,32.232276916503906,625.7999877929688,91.73961639404297,555.7003173828125,637.284423828125,373.8094787597656,102.76628112792969,476.1527099609375,340.8399963378906,190.0225067138672,256.2023620605469,335.3827209472656,387.7699890136719,230.298583984375,102.95695495605469,103.5495834350586,148.61572265625
2025-08-13,232.88612365722656,198.43145751953125,128.17784118652344,245.67999267578125,351.07000732421875,235.12466430664062,78.54584503173828,184.4199981689453,283.0082092285156,224.55999755859375,138.00999450683594,370.9200134277344,288.3530578613281,307.3273620605469,304.4534606933594,46.473106384277344,151.42727661132812,216.6326446533203,1142.62548828125,477.30999755859375,102.5,411.55194091796875,274.23046875,349.1199951171875,282.50531005859375,265.02935791015625,976.133544921875,236.2366485595703,69.22986602783203,223.59019470214844,150.97439575195312,508.5013427734375,122.51512908935547,279.61761474609375,133.3760223388672,117.21639251708984,356.37872314453125,42.48139953613281,226.9442596435547,267.8349609375,117.85926055908203,202.57371520996094,201.5057830810547,733.2120361328125,388.60577392578125,399.6094665527344,237.40008544921875,179.78562927246094,709.1056518554688,482.3500061035156,262.30926513671875,171.1468048095703,287.8260498046875,944.6036987304688,68.96186065673828,470.79669189453125,656.9794921875,106.2272720336914,576.2724609375,299.8632507324219,64.33490753173828,518.0402221679688,60.60599136352539,778.2523193359375,,62.256649017333984,80.60984802246094,517.5734252929688,466.3473815917969,120.44400024414062,575.6270141601562,172.66000366210938,279.2574462890625,181.55982971191406,102.63999938964844,176.86000061035156,145.17355346679688,153.2427520751953,757.1918334960938,103.60431671142578,153.92410278320312,559.3236694335938,153.90574645996094,94.99853515625,32.82917404174805,618.5700073242188,92.55000305175781,559.19921875,639.4659423828125,376.132080078125,103.00090026855469,483.5132751464844,339.3800048828125,190.33761596679688,266.23223876953125,341.1693115234375,395.9200134277344,227.25401306152344,100.34378051757812,104.98384094238281,151.26515197753906
2025-08-14,232.33717346191406,201.59303283691406,128.05899047851562,246.16000366210938,348.5799865722656,233.71961975097656,78.95877075195312,180.9499969482422,283.947265625,230.97999572753906,136.47999572753906,366.3500061035156,286.3536682128906,309.4552001953125,305.30670166015625,46.93547058105469,150.68540954589844,218.0979766845703,1142.75341796875,479.2200012207031,104.1500015258789,415.3321838378906,274.92840576171875,348.9200134277344,285.7032775878906,265.7840270996094,972.6831665039062,232.58889770507812,68.14814758300781,219.87525939941406,150.28672790527344,474.141845703125,121.10198211669922,277.7821350097656,132.7535858154297,117.53034973144531,353.9961853027344,42.02417755126953,227.50547790527344,268.6717834472656,116.7605209350586,203.36196899414062,202.4835662841797,735.683349609375,391.7806396484375,392.8770446777344,234.4729766845703,181.04425048828125,708.03955078125,477.0799865722656,257.5697937011719,171.44117736816406,291.4222412109375,950.5032348632812,68.07120513916016,472.7763671875,680.792236328125,106.86419677734375,582.115966796875,303.6770324707031,64.56973266601562,518.2290649414062,59.89458465576172,780.2974243164062,,62.30418014526367,80.65858459472656,519.46240234375,457.8277587890625,123.05599975585938,577.2388305664062,170.1719970703125,279.911376953125,181.98974609375,101.5,173.5500030517578,144.46395874023438,151.59603881835938,740.5884399414062,103.27259063720703,155.3985595703125,563.7261352539062,153.28305053710938,97.17498779296875,32.506263732910156,616.3599853515625,91.96418762207031,560.7598266601562,639.5254516601562,375.70526123046875,101.91576385498047,483.7626037597656,335.5799865722656,190.75120544433594,265.9187927246094,344.0974426269531,390.29998779296875,223.5471954345703,100.20466613769531,104.7691879272461,151.88035583496094
2025-08-15,231.1494140625,203.57272338867188,130.5056610107422,247.00999450683594,354.8500061035156,229.1879119873047,78.66382598876953,177.50999450683594,289.9922180175781,231.02999877929688,137.3000030517578,367.010009765625,284.67767333984375,304.5930480957031,303.064453125,46.17797088623047,151.4118194580078,216.88597106933594,1117.9808349609375,477.20001220703125,103.16999816894531,405.672607421875,273.40289306640625,349.8800048828125,292.10906982421875,265.02935791015625,969.3424682617188,241.62855529785156,65.09967041015625,215.5356903076172,151.63304138183594,484.0041198730469,120.36963653564453,278.6254577636719,130.67861938476562,116.74544525146484,349.9388122558594,42.103694915771484,223.75424194335938,266.8288269042969,116.12286376953125,204.4495086669922,203.44140625,719.4573364257812,393.9104919433594,391.95452880859375,237.053955078125,179.5775146484375,714.1172485351562,480.260009765625,253.79197692871094,173.32516479492188,287.7864074707031,870.4465942382812,68.43334197998047,475.2014465332031,699.0349731445312,99.0320053100586,580.061767578125,303.6573486328125,64.29576110839844,514.3253173828125,60.49879455566406,783.3901977539062,,62.5608024597168,82.0717544555664,517.1657104492188,456.5384216308594,123.8949966430664,577.4761962890625,173.447998046875,278.1675109863281,180.42001342773438,101.54000091552734,177.08999633789062,146.19418334960938,152.20738220214844,725.3065185546875,103.99456787109375,155.16265869140625,578.1088256835938,152.97528076171875,95.51532745361328,32.28120803833008,617.9099731445312,91.84701538085938,553.1258544921875,638.0281372070312,379.070068359375,100.71329498291016,487.72216796875,330.55999755859375,191.59808349609375,297.771484375,343.0815734863281,392.7900085449219,224.1995849609375,99.59217834472656,104.86766815185547,152.9222869873047
2025-08-18,230.45074462890625,203.45452880859375,129.03964233398438,249.1300048828125,357.239990234375,229.10874938964844,79.02759552001953,176.13999938964844,286.226318359375,231.49000549316406,138.0399932861328,365.3699951171875,282.4039001464844,304.0163879394531,304.63201904296875,47.14206314086914,150.68540954589844,219.97604370117188,1119.0740966796875,478.5199890136719,103.05000305175781,410.4974365234375,272.1167297363281,356.25,293.5457458496094,261.63330078125,976.6321411132812,243.15341186523438,65.83720397949219,213.2763214111328,150.44168090820312,486.3112487792969,119.39645385742188,277.8813781738281,130.75796508789062,115.50921630859375,352.4011535644531,41.49738693237305,224.2071533203125,267.4265441894531,115.75007629394531,203.8308868408203,203.0423126220703,719.6936645507812,391.75079345703125,387.3615417480469,236.78695678710938,176.34669494628906,714.5855712890625,481.2799987792969,254.361083984375,172.94247436523438,288.8167419433594,880.765869140625,67.66012573242188,473.6474304199219,695.8648681640625,98.405029296875,582.4949340820312,303.4313049316406,64.14898681640625,507.1152038574219,60.2649040222168,765.572021484375,,62.72238540649414,82.08150482177734,514.1134643554688,457.4012756347656,124.50900268554688,578.3267211914062,178.41000366210938,277.2262268066406,181.97975158691406,101.38999938964844,176.1699981689453,145.3679656982422,153.54843139648438,731.5066528320312,102.8725814819336,156.19476318359375,572.5026245117188,154.37509155273438,95.574951171875,32.58454132080078,625.3300170898438,91.37464141845703,547.8975219726562,637.8893432617188,378.7723083496094,102.60008239746094,486.25604248046875,335.1600036621094,191.3617401123047,302.1595458984375,341.3585205078125,389.8800048828125,221.61962890625,100.28932189941406,105.09416961669922,151.14608764648438
2025-08-19,230.1213836669922,203.08026123046875,130.0103759765625,255.8800048828125,361.0299987792969,228.01046752929688,79.92228698730469,166.5500030517578,289.0923156738281,228.00999450683594,132.77999877929688,372.8599853515625,284.4424743652344,293.2282409667969,303.68951416015625,47.29946517944336,153.02685546875,222.04696655273438,1111.538818359375,485.30999755859375,103.75,413.92950439453125,272.9941101074219,346.8800048828125,297.2750549316406,262.6781921386719,978.1279907226562,245.17662048339844,65.6503677368164,215.41624450683594,148.86488342285156,484.6378173828125,121.67704010009766,281.4332580566406,130.51991271972656,115.10694122314453,347.9151306152344,41.209144592285156,229.53369140625,264.9161376953125,115.74026489257812,202.03494262695312,201.11666870117188,710.2613525390625,400.7777404785156,399.6291198730469,238.59661865234375,176.67373657226562,698.4647827148438,479.20001220703125,258.99261474609375,174.46339416503906,287.954833984375,873.4776000976562,68.63887023925781,475.0430603027344,701.0088500976562,99.84806823730469,583.8610229492188,305.6231994628906,63.31728744506836,509.88372802734375,61.064022064208984,749.71923828125,,63.264163970947266,82.77346801757812,506.8257751464844,456.6376037597656,121.41500091552734,579.7210083007812,177.3560028076172,282.91363525390625,175.61080932617188,103.05999755859375,181.55999755859375,147.90496826171875,156.19105529785156,739.4854736328125,108.06304168701172,153.58987426757812,570.3779296875,152.54840087890625,95.16748809814453,32.623687744140625,612.7899780273438,92.68350982666016,551.0982055664062,634.4286499023438,387.0403747558594,103.00090026855469,496.97772216796875,329.30999755859375,192.9471435546875,297.9967346191406,341.0697326660156,390.760009765625,225.86026000976562,100.87691497802734,105.78350067138672,154.47024536132812
2025-08-20,225.5800323486328,205.99560546875,131.1891326904297,255.0500030517578,353.42999267578125,242.28831481933594,81.14142608642578,165.1999969482422,289.97265625,223.80999755859375,131.47000122070312,374.0,286.5496826171875,289.50958251953125,305.9714050292969,47.56507873535156,153.9309844970703,224.26185607910156,1111.5289306640625,488.67999267578125,106.05000305175781,418.4061279296875,278.8568115234375,345.45001220703125,299.6957092285156,265.6969299316406,991.8099365234375,245.6251220703125,65.99454498291016,215.71484375,150.0597381591797,487.88568115234375,122.36515045166016,283.22906494140625,129.8256072998047,116.12732696533203,345.1437683105469,41.06005096435547,223.70501708984375,265.4241943359375,116.47602844238281,199.74009704589844,198.87171936035156,709.5720825195312,408.2321472167969,394.2706298828125,239.85247802734375,179.67660522460938,696.5916748046875,480.45001220703125,257.1085510253906,175.48385620117188,289.5201416015625,875.83056640625,69.1967544555664,477.4582824707031,703.2318115234375,98.67373657226562,591.0108032226562,307.7365417480469,65.32317352294922,512.821533203125,61.561031341552734,745.968017578125,,64.23365783691406,82.51033020019531,502.7992248535156,458.343505859375,121.38600158691406,585.9608764648438,178.0500030517578,282.8739929199219,175.370849609375,104.0,184.42999267578125,146.5149383544922,157.2855682373047,738.2334594726562,107.49716186523438,152.79367065429688,589.5607299804688,155.4571990966797,94.91903686523438,32.64325714111328,601.1300048828125,93.42159271240234,553.6825561523438,632.742919921875,388.9560241699219,96.48025512695312,493.5068664550781,323.8999938964844,197.703369140625,293.6870422363281,342.5437316894531,394.3599853515625,227.38253784179688,102.15170288085938,106.87659454345703,155.55184936523438
2025-08-21,224.47213745117188,206.34033203125,130.75328063964844,253.99000549316406,353.42999267578125,244.34637451171875,81.20040893554688,163.7100067138672,289.2977294921875,221.9499969482422,132.02999877929688,375.2699890136719,287.6767578125,287.9485168457031,305.7432556152344,47.476539611816406,151.9449920654297,227.08349609375,1107.874755859375,488.5899963378906,105.20999908447266,415.72015380859375,277.9993591308594,347.57000732421875,296.1336669921875,264.4488220214844,966.989013671875,245.0072021484375,65.90603637695312,215.09774780273438,152.3416748046875,481.984130859375,122.03092956542969,280.8379211425781,129.0321044921875,116.27449798583984,344.306396484375,41.46757125854492,221.80479431152344,267.6855163574219,113.93519592285156,200.16912841796875,199.30075073242188,704.9150390625,402.34027099609375,390.3057556152344,236.7375030517578,177.62513732910156,695.2066650390625,469.8800048828125,256.1076965332031,175.57217407226562,288.7572937011719,869.7985229492188,69.1576156616211,475.8250427246094,707.5980834960938,97.93730163574219,590.2529907226562,307.8741455078125,64.6773681640625,507.36419677734375,61.33688735961914,737.3682250976562,,64.32870483398438,83.89427185058594,502.15185546875,458.6410217285156,120.62100219726562,590.5791625976562,175.3939971923828,281.74444580078125,174.95091247558594,102.87000274658203,183.32000732421875,144.8138885498047,156.5164337158203,728.376708984375,105.75074005126953,151.5059814453125,596.6931762695312,155.1891632080078,95.22711944580078,33.083587646484375,598.1699829101562,93.11652374267578,549.1201171875,630.2044677734375,381.9683532714844,94.88674926757812,482.4859924316406,320.1099853515625,197.644287109375,297.125,342.3047180175781,397.4599914550781,226.96737670898438,97.56049346923828,107.56593322753906,154.4107208251953
2025-08-22,227.3267059326172,207.4237518310547,131.33770751953125,259.2200012207031,362.0899963378906,249.54103088378906,81.97711944580078,167.75999450683594,289.63299560546875,228.83999633789062,133.25,375.1000061035156,293.3417053222656,292.32342529296875,316.64666748046875,48.676734924316406,154.28643798828125,227.486328125,1130.943359375,489.0,106.16999816894531,433.4078369140625,276.8726806640625,349.6300048828125,299.4792175292969,260.7721252441406,955.8798828125,247.45895385742188,66.20105743408203,214.58018493652344,154.91741943359375,491.12353515625,122.22752380371094,281.5027160644531,132.68218994140625,118.82545471191406,346.5294494628906,43.01812744140625,233.14707946777344,265.51385498046875,112.59120178222656,206.25543212890625,205.62648010253906,730.4552001953125,403.0469055175781,405.11517333984375,239.39759826660156,179.05224609375,660.235107421875,476.1600036621094,264.360107421875,175.9254150390625,293.4828796386719,867.69482421875,68.63887023925781,476.7752990722656,709.4522094726562,99.5992660522461,597.273193359375,308.70965576171875,68.120849609375,513.8771362304688,61.794921875,753.021484375,,64.31919860839844,85.15151977539062,505.1295166015625,458.1253356933594,120.46499633789062,585.862060546875,177.35000610351562,281.9921569824219,177.96043395996094,102.30999755859375,185.8800048828125,145.45542907714844,156.45729064941406,747.5338745117188,109.5460205078125,155.31991577148438,588.034423828125,155.1097412109375,95.237060546875,34.844913482666016,606.52001953125,92.97875213623047,553.3147583007812,639.8823852539062,391.2885437011719,97.01793670654297,498.6732177734375,340.010009765625,202.9125518798828,301.1114807128906,348.6291198730469,395.1199951171875,224.4071807861328,96.43510437011719,109.5846939086914,155.4129180908203
2025-08-25,226.7278594970703,204.4197540283203,130.62451171875,256.04998779296875,363.2099914550781,251.80690002441406,81.39704895019531,163.36000061035156,284.4560546875,227.94000244140625,133.0399932861328,370.94000244140625,288.3138732910156,292.5521240234375,313.3131103515625,48.676734924316406,150.41497802734375,226.79959106445312,1120.039306640625,486.17999267578125,105.11000061035156,430.0553283691406,273.6023254394531,345.19000244140625,295.9466857910156,262.58148193359375,938.967041015625,247.0403594970703,66.0240478515625,210.86766052246094,154.93701171875,483.1129455566406,121.01842498779297,276.1748352050781,131.30349731445312,119.13941955566406,344.6852111816406,43.4256477355957,229.40570068359375,265.5935363769531,111.98297882080078,208.68995666503906,208.02110290527344,727.4029541015625,400.8573303222656,401.2975158691406,236.76718139648438,177.5359649658203,654.5559692382812,468.44000244140625,261.7401428222656,175.0619354248047,292.1553649902344,876.937255859375,67.46439361572266,472.994140625,693.1535034179688,100.79349517822266,591.5393676757812,308.09039306640625,67.53955078125,507.8919677734375,60.3818473815918,751.5349731445312,,63.72990036010742,83.1438217163086,502.17181396484375,456.9053649902344,121.80699920654297,580.2252807617188,175.98800659179688,274.8482360839844,179.78012084960938,102.47000122070312,184.5500030517578,144.0557098388672,153.972412109375,745.5167846679688,108.90210723876953,153.75698852539062,570.9764404296875,155.1395263671875,95.5948257446289,34.884056091308594,597.0,91.65019226074219,548.3746948242188,637.0662231445312,387.973388671875,94.95518493652344,489.45758056640625,346.6000061035156,202.82394409179688,298.60400390625,347.4140319824219,388.94000244140625,221.46145629882812,95.6781997680664,110.03768157958984,153.99395751953125
2025-08-26,228.87376403808594,205.21754455566406,130.34716796875,255.4199981689453,354.9100036621094,252.9348907470703,81.19058990478516,166.6199951171875,285.55059814453125,228.7100067138672,134.27000427246094,369.0,288.1178283691406,296.310546875,318.0753479003906,49.43423843383789,149.96678161621094,226.88230895996094,1122.698974609375,492.2099914550781,106.38999938964844,429.020751953125,271.19940185546875,344.0299987792969,295.51373291015625,262.7943420410156,938.7276611328125,242.92420959472656,67.25326538085938,211.99237060546875,154.1143341064453,482.9743347167969,121.18553924560547,277.0281066894531,132.26560974121094,119.01187133789062,350.92572021484375,44.0816535949707,227.53500366210938,272.8956298828125,112.57157897949219,207.48265075683594,206.67413330078125,737.4063110351562,400.0511474609375,399.9627685546875,239.93161010742188,177.13954162597656,657.1265258789062,474.260009765625,261.2494812011719,174.44911193847656,295.7912292480469,885.4617919921875,67.26864624023438,477.02276611328125,733.72607421875,103.13220977783203,589.9437866210938,307.59893798828125,66.62326049804688,509.2762451171875,60.46955871582031,752.3331298828125,,63.159610748291016,82.83195495605469,499.96099853515625,451.8868103027344,122.60900115966797,586.4356689453125,172.9320068359375,274.1348571777344,181.7397918701172,103.18000030517578,184.22999572753906,142.88926696777344,153.79495239257812,756.695068359375,108.638671875,156.46017456054688,586.208984375,158.4156494140625,96.6383285522461,34.56114196777344,596.0,91.61082458496094,549.9578247070312,639.733642578125,391.397705078125,93.95802307128906,487.19354248046875,351.6700134277344,202.83377075195312,294.26495361328125,349.7644958496094,387.17999267578125,222.6575469970703,95.65829467773438,109.79148864746094,153.59703063964844
2025-08-27,230.05152893066406,204.9220428466797,130.21839904785156,257.1199951171875,356.3500061035156,252.8062286376953,80.82681274414062,167.1300048828125,283.9630126953125,229.1199951171875,133.27000427246094,368.3699951171875,288.7254943847656,298.53778076171875,319.9206848144531,49.56212615966797,150.99452209472656,223.3035125732422,1114.6513671875,495.7200012207031,105.87000274658203,430.4234313964844,272.2463073730469,346.8800048828125,295.149658203125,261.3526916503906,946.885009765625,249.3227081298828,67.30244445800781,212.20138549804688,155.95558166503906,488.2420959472656,121.57874298095703,278.1789855957031,132.3647918701172,120.56205749511719,350.30767822265625,43.60456085205078,228.62789916992188,272.307861328125,111.75733947753906,207.74208068847656,207.01336669921875,738.115234375,403.1264953613281,400.6497802734375,242.11700439453125,175.71243286132812,660.7432250976562,471.1499938964844,261.82843017578125,174.74563598632812,296.4945983886719,886.2495727539062,67.36652374267578,477.8047180175781,731.871826171875,103.1720199584961,588.9965209960938,306.1146545410156,65.66755676269531,507.9617004394531,60.18693923950195,745.62890625,,63.1215934753418,81.93531799316406,504.64154052734375,460.6048278808594,122.3499984741211,580.0968017578125,177.5959930419922,269.8544006347656,181.56982421875,104.05000305175781,187.61000061035156,143.51136779785156,154.77113342285156,763.2032470703125,109.93628692626953,157.04995727539062,585.5206909179688,158.68368530273438,96.27062225341797,35.20696258544922,603.1699829101562,91.79781341552734,547.518310546875,641.1912841796875,390.2264709472656,95.76659393310547,486.8345031738281,349.6000061035156,202.33157348632812,297.6441345214844,348.9378662109375,389.0799865722656,223.2308807373047,95.68817138671875,111.03230285644531,154.1725616455078
2025-08-28,232.11758422851562,204.78416442871094,130.1292266845703,256.1700134277344,353.9599914550781,251.56942749023438,80.2270736694336,168.5800018310547,281.6358337402344,231.60000610351562,136.22999572753906,366.5400085449219,289.14691162109375,306.889892578125,324.41497802734375,49.67034149169922,147.7876434326172,224.7473602294922,1113.5186767578125,499.8599853515625,105.75,432.6517639160156,272.44573974609375,354.2900085449219,294.21484375,258.11138916015625,942.337646484375,253.67807006835938,68.27598571777344,207.34423828125,156.03392028808594,486.61822509765625,120.29100036621094,276.8296813964844,133.45584106445312,121.99451446533203,354.23541259765625,44.101531982421875,227.702392578125,274.94775390625,110.42315673828125,211.89273071289062,211.16400146484375,739.641357421875,405.3459167480469,399.8744812011719,242.9971160888672,175.55386352539062,665.7548828125,473.8399963378906,260.7687072753906,173.42112731933594,298.2679748535156,891.3442993164062,66.90650177001953,477.25042724609375,729.6688232421875,103.59000396728516,588.8170166015625,306.8912048339844,64.28819274902344,507.3243408203125,59.71916580200195,749.3501586914062,,63.13108444213867,81.09715270996094,507.529541015625,466.2481994628906,123.1449966430664,581.3724975585938,185.72000122070312,275.2544250488281,180.1400604248047,103.98999786376953,191.02000427246094,142.8698272705078,153.47938537597656,761.9513549804688,109.89726257324219,158.0624237060547,578.188720703125,159.4977569580078,96.4892578125,35.69622039794922,612.1699829101562,90.77433776855469,545.2081909179688,643.4620361328125,386.77239990234375,94.64234924316406,488.4502258300781,345.9800109863281,200.97265625,296.0867614746094,348.4498291015625,392.04998779296875,221.99525451660156,95.71804809570312,111.62316131591797,153.59703063964844
2025-08-29,231.69837951660156,207.2267608642578,131.4070587158203,259.9700012207031,356.70001220703125,248.66041564941406,79.9517822265625,162.6300048828125,283.7066345214844,229.0,136.5500030517578,367.0,288.2550354003906,295.6941223144531,328.6712341308594,49.916282653808594,149.12448120117188,222.6422576904297,1110.228759765625,502.9800109863281,105.5,416.8641662597656,274.2603759765625,350.42999267578125,296.0549011230469,257.85986328125,940.7021484375,255.392333984375,67.9416275024414,209.0462188720703,157.2875213623047,473.9438171386719,120.4089584350586,274.865234375,130.9265899658203,122.46546936035156,348.0547180175781,44.13135528564453,227.50547790527344,274.15081787109375,110.82537078857422,213.05010986328125,212.43115234375,737.6913452148438,402.04168701171875,399.2071228027344,240.78204345703125,175.01870727539062,664.5592651367188,473.29998779296875,259.6893310546875,175.12124633789062,298.61468505859375,869.40966796875,67.52310943603516,473.4296569824219,730.286865234375,99.66893005371094,593.6134643554688,308.188720703125,64.04187774658203,507.6529846191406,59.875091552734375,736.96923828125,,63.88197708129883,81.98403930664062,504.59173583984375,468.5888671875,120.82499694824219,583.4887084960938,183.49200439453125,277.4145202636719,174.1510467529297,103.68000030517578,190.52000427246094,144.49310302734375,154.85000610351562,754.5090942382812,111.00950622558594,157.9936065673828,579.2760009765625,157.45266723632812,95.24699401855469,36.048484802246094,603.52001953125,90.83338928222656,546.0944213867188,639.6245727539062,388.4994201660156,93.8309326171875,491.4223937988281,333.8699951171875,199.38723754882812,303.5111999511719,350.36212158203125,391.0199890136719,223.784423828125,96.5844955444336,112.54883575439453,155.1946258544922
2025-09-02,229.28298950195312,208.72384643554688,130.21839904785156,256.1700134277344,345.6300048828125,246.67367553710938,79.68632507324219,162.32000732421875,282.9276428222656,225.33999633789062,135.8699951171875,371.9599914550781,286.3732604980469,296.53924560546875,328.5719909667969,49.60147476196289,145.39212036132812,218.92428588867188,1098.0445556640625,501.1400146484375,106.66000366210938,413.8896789550781,275.9952392578125,342.80999755859375,295.9073181152344,256.7858581542969,936.2147216796875,252.013671875,66.67308044433594,204.54739379882812,158.4921417236328,472.10205078125,119.81915283203125,272.6329040527344,130.31163024902344,123.72132110595703,342.68145751953125,44.66808319091797,220.72174072265625,274.3401184082031,110.57030487060547,211.5135955810547,210.8746795654297,723.4373779296875,404.21136474609375,398.7556457519531,238.8141632080078,173.52220153808594,659.5675659179688,469.07000732421875,257.3441162109375,176.00094604492188,296.91070556640625,843.8358154296875,67.59162902832031,469.32183837890625,732.8886108398438,96.56391906738281,590.203125,312.1328430175781,62.66250991821289,496.43951416015625,60.216182708740234,733.3876342773438,,63.805931091308594,83.30950927734375,503.0282287597656,475.0752868652344,121.41100311279297,585.0672607421875,182.28399658203125,275.7003479003906,170.75161743164062,103.19000244140625,190.52000427246094,146.07752990722656,155.78677368164062,746.9197387695312,108.58988952636719,156.07681274414062,576.48291015625,156.86691284179688,95.52526092529297,35.12868118286133,592.010009765625,90.62672424316406,537.3320922851562,634.884765625,387.0403747558594,90.37020111083984,486.24603271484375,329.3599853515625,196.75802612304688,302.4631652832031,348.65899658203125,401.0,223.1320343017578,97.4509506225586,112.9427490234375,151.70176696777344
2025-09-03,238.01634216308594,208.6647491455078,130.9315948486328,254.14999389648438,348.5,242.9286651611328,79.97144317626953,162.1300048828125,279.90032958984375,225.99000549316406,137.3800048828125,374.0,285.48138427734375,300.6656188964844,321.1608581542969,49.24732208251953,146.5203399658203,222.0020294189453,1082.9937744140625,501.489990234375,107.52999877929688,412.96453857421875,277.4010925292969,347.32000732421875,295.6711730957031,260.6076965332031,947.144287109375,255.59165954589844,66.54523468017578,204.6469268798828,154.79989624023438,464.91326904296875,119.43578338623047,271.08514404296875,128.44691467285156,118.30545043945312,341.9237976074219,45.93040084838867,221.86386108398438,274.8780212402344,110.8449935913086,230.5806427001953,230.1412353515625,723.1503295898438,405.67431640625,400.129638671875,241.38525390625,173.56185913085938,666.2330932617188,441.17999267578125,256.35302734375,175.94163513183594,296.72247314453125,841.3931884765625,67.52310943603516,466.9858093261719,735.5203857421875,97.2705078125,591.609130859375,312.7556457519531,62.34722900390625,494.3880615234375,59.7386589050293,735.3231201171875,,63.33069610595703,82.04251861572266,503.2572937011719,470.2749328613281,122.61799621582031,576.8171997070312,183.87600708007812,275.640869140625,170.59165954589844,103.83999633789062,191.52999877929688,144.4833984375,155.96424865722656,745.5253295898438,108.2484130859375,154.6023406982422,562.41748046875,156.96621704101562,95.62464141845703,34.5220832824707,592.1199951171875,90.20355987548828,536.9337768554688,638.3255615234375,385.6706237792969,90.28221130371094,483.27386474609375,334.0899963378906,192.7501983642578,301.5620422363281,349.4557800292969,396.6199951171875,221.8272247314453,99.03446960449219,110.2051010131836,151.25521850585938
2025-09-04,239.3238525390625,209.7875518798828,131.55564880371094,252.94000244140625,344.30999755859375,244.4783172607422,80.35488891601562,161.7899932861328,276.2025451660156,235.67999267578125,141.1699981689453,373.489990234375,284.19744873046875,304.35443115234375,328.0461730957031,49.7982292175293,147.7953643798828,222.1177520751953,1092.1246337890625,506.9100036621094,107.29000091552734,418.0380554199219,279.05621337890625,349.3299865722656,300.6753234863281,258.75,953.2472534179688,243.1932830810547,66.85990905761719,205.8711700439453,154.4375457763672,470.2405090332031,118.81648254394531,272.78167724609375,132.01763916015625,119.30620574951172,347.1375732421875,45.7912483215332,221.80479431152344,281.19384765625,110.62916564941406,232.1371307373047,231.7775421142578,741.3043212890625,409.6354675292969,406.32781982421875,244.43099975585938,172.95733642578125,665.844482421875,454.5199890136719,260.690185546875,176.69285583496094,300.99237060546875,870.69580078125,66.79884338378906,469.0810241699219,740.58447265625,99.93763732910156,593.9625244140625,313.34869384765625,63.48027801513672,497.6943054199219,59.34885025024414,746.8959350585938,,63.29267120361328,81.91582489013672,505.866455078125,474.6983947753906,125.74800109863281,575.5762329101562,179.71200561523438,277.1965026855469,171.63148498535156,105.04000091552734,192.35000610351562,142.78233337402344,156.9700469970703,753.9215087890625,109.86799621582031,157.8843994140625,565.8291015625,157.53207397460938,97.02591705322266,35.518287658691406,601.9600219726562,90.41021728515625,537.9494018554688,643.660400390625,391.4076232910156,90.63414764404297,488.2008972167969,338.5299987792969,184.4292449951172,304.0107421875,349.5752868652344,396.92999267578125,222.36099243164062,100.51838684082031,110.68762969970703,152.019287109375
2025-09-05,239.2340087890625,209.35418701171875,131.68441772460938,254.9499969482422,348.9700012207031,245.43197631835938,77.87728881835938,151.13999938964844,279.6932678222656,232.3300018310547,142.85000610351562,370.5400085449219,284.08966064453125,332.98028564453125,323.6510925292969,49.2343635559082,148.66856384277344,219.31112670898438,1087.7701416015625,499.7699890136719,107.22000122070312,420.8831787109375,276.5635681152344,351.010009765625,301.9411926269531,253.4381866455078,960.8062133789062,249.92068481445312,65.78803253173828,203.54212951660156,150.4906463623047,468.6166076660156,118.56089782714844,271.41253662109375,131.47210693359375,115.70543670654297,347.9450378417969,46.05961608886719,224.2071533203125,278.16546630859375,112.86589050292969,234.64149475097656,234.47146606445312,730.7227783203125,418.7718505859375,413.4932861328125,245.76597595214844,172.7095489501953,670.3579711914062,466.8599853515625,261.2494812011719,176.36666870117188,291.64019775390625,902.4014282226562,66.5150146484375,466.2311096191406,724.9336547851562,102.45548248291016,582.5746459960938,310.7686767578125,64.94831848144531,496.96734619140625,60.16745376586914,750.68701171875,,63.25465774536133,82.55906677246094,492.9501647949219,475.0554504394531,124.38200378417969,576.6087036132812,182.75999450683594,275.2049255371094,166.9922637939453,104.83999633789062,194.4600067138672,143.6883087158203,157.7884521484375,755.5150146484375,110.8826675415039,158.01290893554688,571.9739379882812,156.38047790527344,91.48045349121094,35.33088302612305,598.1400146484375,90.32164764404297,535.7588500976562,641.7960815429688,389.39276123046875,91.08384704589844,491.30267333984375,350.8399963378906,185.05947875976562,308.9179382324219,341.83660888671875,396.1199951171875,217.5272674560547,100.10010528564453,107.56593322753906,152.1383819580078
2025-09-08,237.42745971679688,206.62596130371094,130.95140075683594,255.57000732421875,358.6600036621094,247.32928466796875,77.44468688964844,151.41000366210938,276.291259765625,235.83999633789062,140.00999450683594,370.010009765625,283.1585693359375,343.67889404296875,322.84747314453125,48.92770004272461,148.84725952148438,221.85643005371094,1093.48046875,493.7799987792969,108.13999938964844,420.5847473144531,276.6533203125,360.6400146484375,297.5699768066406,254.05740356445312,969.1529541015625,251.42564392089844,65.76836395263672,201.83018493652344,150.82363891601562,476.78564453125,118.12837219238281,273.1885070800781,131.65065002441406,115.43072509765625,348.4035949707031,46.377681732177734,222.94871520996094,274.9975280761719,113.68013000488281,233.84259033203125,233.72247314453125,734.3258056640625,416.1145324707031,414.47039794921875,253.2418975830078,172.3329620361328,669.2221069335938,470.0,261.6812438964844,176.0701446533203,290.1838684082031,906.2798461914062,65.99628448486328,471.3052978515625,736.327880859375,104.56529998779297,584.9479370117188,309.2068176269531,64.33745574951172,505.53179931640625,60.36235809326172,750.5372924804688,,62.51327133178711,81.95479583740234,496.13690185546875,474.4504089355469,124.47599792480469,577.7008056640625,187.86599731445312,273.064697265625,168.2820281982422,106.4000015258789,197.3800048828125,139.0946807861328,156.79254150390625,757.1285400390625,110.79486083984375,158.40834045410156,557.070556640625,153.10433959960938,92.87178039550781,35.29142761230469,609.0800170898438,89.3867416381836,543.535400390625,643.3728637695312,390.186767578125,89.45124053955078,486.36572265625,346.3999938964844,182.98171997070312,313.6781921386719,340.9203186035156,395.25,216.52890014648438,101.86287689208984,108.17647552490234,150.58047485351562
2025-09-09,233.9041748046875,207.2464599609375,130.70376586914062,251.99000549316406,354.05999755859375,246.5345916748047,77.15957641601562,155.82000732421875,276.0743408203125,238.24000549316406,141.91000366210938,366.3800048828125,281.423828125,334.7501220703125,321.785888671875,49.74877166748047,148.00038146972656,221.94129943847656,1094.2227783203125,492.7200012207031,108.08999633789062,415.9190979003906,276.1747131347656,361.7699890136719,298.6776123046875,254.2518310546875,976.532470703125,251.21633911132812,66.22071838378906,201.12351989746094,151.65611267089844,470.93365478515625,118.33480834960938,268.5352783203125,130.97616577148438,115.09713745117188,347.1475524902344,43.62443923950195,223.69189453125,275.18682861328125,113.56241607666016,239.61474609375,239.30490112304688,756.1719970703125,411.43682861328125,409.9302978515625,256.2283020019531,171.9068145751953,668.43505859375,467.5400085449219,257.2655944824219,174.91368103027344,295.0779113769531,915.0037841796875,66.41714477539062,470.1236572265625,748.2603759765625,105.0628890991211,582.3552856445312,308.9300537109375,63.805416107177734,505.86041259765625,60.976314544677734,763.9059448242188,,62.91248321533203,82.46160125732422,496.34600830078125,474.0140380859375,126.32499694824219,567.5049438476562,186.73399353027344,270.9443359375,170.7316131591797,106.91999816894531,197.5500030517578,140.4590301513672,157.2362823486328,752.2083740234375,109.24358367919922,156.8463897705078,555.1653442382812,150.65220642089844,93.09041595458984,35.29142761230469,604.3699951171875,89.76070404052734,545.3675537109375,644.8601684570312,389.8393859863281,88.87445831298828,481.1395568847656,346.9700012207031,182.2037811279297,340.7804260253906,342.6034851074219,396.4800109863281,216.6376495361328,101.87284088134766,108.96429443359375,148.6355743408203
2025-09-10,226.35855102539062,208.44805908203125,128.1382293701172,243.11000061035156,350.1600036621094,245.57102966308594,76.6876449584961,159.5399932861328,274.6346435546875,230.3300018310547,150.72000122070312,362.3699951171875,281.7766418457031,367.4624938964844,320.8036804199219,49.590492248535156,146.39988708496094,218.07672119140625,1091.471435546875,490.0799865722656,105.2300033569336,420.7140808105469,276.6333923339844,338.5299987792969,299.1028747558594,252.6769256591797,953.6361694335938,241.75811767578125,66.99759674072266,200.45664978027344,154.53546142578125,466.725341796875,119.288330078125,266.97760009765625,132.58299255371094,117.99148559570312,361.1239318847656,44.60844802856445,223.63243103027344,282.32952880859375,113.06208801269531,239.23526000976562,238.84552001953125,761.7745971679688,392.4872741699219,407.8477783203125,254.0231170654297,170.6878204345703,653.8585205078125,449.9800109863281,257.6286315917969,173.75718688964844,297.7428894042969,929.859619140625,66.37799072265625,469.38885498046875,752.2578125,106.84429168701172,577.748291015625,302.4256591796875,63.78570556640625,503.9881591796875,60.683956146240234,750.2180786132812,,62.95050048828125,81.89632415771484,498.29791259765625,477.7531433105469,124.77100372314453,575.6854248046875,184.71400451660156,269.86431884765625,177.300537109375,105.11000061035156,197.3300018310547,140.02716064453125,155.15570068359375,762.2081298828125,108.2776870727539,157.13307189941406,554.467041015625,153.87869262695312,91.66926574707031,35.66624069213867,387.7799987792969,90.10514068603516,537.5809936523438,646.724365234375,380.1222229003906,88.74736022949219,475.28497314453125,347.7900085449219,181.19935607910156,339.66375732421875,336.75714111328125,388.54998779296875,215.18455505371094,100.00050354003906,110.7861099243164,148.2684326171875
2025-09-11,229.59239196777344,216.89865112304688,131.39715576171875,244.14999389648438,350.54998779296875,246.59420776367188,77.3955307006836,155.6699981689453,278.79595947265625,229.9499969482422,153.0399932861328,372.25,288.6568603515625,357.57916259765625,326.7266845703125,50.203819274902344,148.05477905273438,219.00042724609375,1122.4376220703125,496.9100036621094,104.33999633789062,429.1401062011719,282.057373046875,354.70001220703125,302.4949951171875,255.0782012939453,961.6438598632812,245.4556884765625,66.56490325927734,203.54212951660156,154.98597717285156,471.7851867675781,120.03541564941406,272.7221984863281,136.35211181640625,117.73638916015625,358.9606628417969,45.642154693603516,226.72398376464844,280.486572265625,115.62255096435547,240.45361328125,240.0438995361328,776.7709350585938,400.93695068359375,417.90509033203125,254.15167236328125,174.592529296875,658.1029663085938,455.8500061035156,261.3770446777344,176.4358673095703,302.7161560058594,956.430419921875,66.18224334716797,480.2025451660156,753.9127197265625,115.02481842041016,587.0719604492188,304.8870544433594,64.06157684326172,516.5560302734375,60.46955871582031,749.1406860351562,,63.07406234741211,82.9878921508789,498.9352722167969,486.28265380859375,120.3499984741211,578.7432250976562,187.656005859375,271.4892883300781,177.1505584716797,107.81999969482422,198.3300018310547,141.5681610107422,156.41786193847656,766.5804443359375,112.02417755126953,159.663818359375,566.806640625,156.509521484375,93.35875701904297,35.53801727294922,438.1000061035156,90.66608428955078,548.5240478515625,652.0987548828125,385.89892578125,89.47079467773438,490.1158447265625,368.80999755859375,181.5341796875,346.3536071777344,342.10552978515625,397.3699951171875,217.96221923828125,102.23136901855469,110.43159484863281,149.44924926757812
2025-09-12,233.62472534179688,215.04701232910156,132.46694946289062,238.5399932861328,349.3599853515625,243.5843048095703,77.60199737548828,158.57000732421875,272.5441589355469,228.14999389648438,139.38999938964844,371.95001220703125,286.9906921386719,357.8177795410156,322.7482604980469,50.03565216064453,145.16455078125,217.4198760986328,1111.779052734375,493.739990234375,102.70999908447266,429.2793884277344,277.2914123535156,343.4800109863281,299.41937255859375,255.00039672851562,965.2140502929688,241.9474639892578,65.42418670654297,201.42210388183594,153.86949157714844,465.8935852050781,119.87813568115234,270.47991943359375,134.00137329101562,115.93110656738281,364.7626037597656,44.44941711425781,227.45724487304688,280.6160583496094,112.37538146972656,241.0528106689453,240.4733123779297,772.1483154296875,403.2061462402344,417.1845703125,250.62136840820312,172.41224670410156,643.666015625,449.67999267578125,258.4234619140625,176.00094604492188,304.0535888671875,961.1563110351562,65.58522033691406,478.6634216308594,753.0254516601562,116.39818572998047,578.7753295898438,301.891845703125,63.74629211425781,510.19244384765625,60.40134048461914,753.8196411132812,,63.34970474243164,80.7072982788086,507.7884521484375,477.7630615234375,118.84400177001953,571.8036499023438,185.79200744628906,272.2026672363281,177.80047607421875,107.5,196.2899932861328,140.88108825683594,155.69801330566406,755.7341918945312,112.54127502441406,159.98016357421875,558.6268310546875,154.72256469726562,92.96122741699219,35.08429718017578,425.45001220703125,90.8038558959961,541.9024047851562,651.8805541992188,380.48944091796875,87.94572448730469,478.197265625,395.94000244140625,179.8109130859375,345.2762145996094,338.0618896484375,394.5299987792969,216.4590301513672,103.06794738769531,110.4512939453125,147.05783081054688
2025-09-15,236.24969482421875,214.32803344726562,130.08963012695312,237.8699951171875,347.1000061035156,243.28628540039062,75.73396301269531,161.16000366210938,270.5818176269531,231.42999267578125,145.42999267578125,363.79998779296875,283.75640869140625,362.01373291015625,324.6828918457031,50.04553985595703,144.3098907470703,221.4633026123047,1103.5648193359375,491.5400085449219,99.87000274658203,433.67645263671875,273.5225524902344,351.5199890136719,293.8613586425781,251.62696838378906,957.4356079101562,241.70828247070312,65.90603637695312,198.77456665039062,154.06536865234375,464.5072937011719,120.29100036621094,268.4856872558594,134.55682373046875,115.32279968261719,374.3726501464844,45.36384963989258,223.63243103027344,285.6866455078125,111.17022705078125,251.41873168945312,251.26864624023438,778.7803955078125,401.2554626464844,417.20428466796875,253.39022827148438,170.6878204345703,648.9465942382812,433.989990234375,258.9239196777344,175.34857177734375,306.0250549316406,985.9723510742188,65.29920196533203,473.390625,745.8480224609375,118.63737487792969,581.3182373046875,298.60009765625,62.23884963989258,506.6571350097656,60.0310173034668,762.9083251953125,,62.67361068725586,79.74275207519531,513.225830078125,479.56231689453125,120.22599792480469,570.3938598632812,189.48399353027344,274.6203308105469,177.73048400878906,106.30000305175781,201.27999877929688,138.04443359375,154.6429443359375,756.9094848632812,111.4875717163086,159.37713623046875,571.1859741210938,157.2243194580078,91.53013610839844,34.295223236083984,419.20001220703125,90.81370544433594,541.6635131835938,655.3511962890625,374.3057556152344,86.57706451416016,473.63525390625,410.0400085449219,175.4781036376953,342.9007873535156,337.6833801269531,393.2099914550781,214.44485473632812,103.26713562011719,110.63838958740234,145.1228485107422
2025-09-16,237.6969451904297,212.99838256835938,131.506103515625,236.80999755859375,352.7300109863281,242.48165893554688,75.49661254882812,160.4600067138672,269.28021240234375,234.0500030517578,142.16000366210938,356.57000732421875,279.2773742675781,357.9470520019531,324.4646301269531,50.11478805541992,144.67506408691406,218.0846710205078,1107.3057861328125,490.989990234375,98.9800033569336,438.38189697265625,271.2193298339844,349.010009765625,290.96368408203125,252.59915161132812,949.4279174804688,238.50901794433594,65.81753540039062,198.3565216064453,156.24935913085938,464.101318359375,118.20701599121094,262.617919921875,127.98072814941406,118.56053924560547,370.0361633300781,45.025909423828125,225.6240997314453,291.8530578613281,109.51068115234375,251.0791778564453,250.8192596435547,777.5628662109375,398.5634765625,415.9607238769531,254.65599060058594,170.33998107910156,648.9166870117188,434.5,256.9319763183594,174.41946411132812,306.3123779296875,987.6275024414062,65.32878875732422,468.1674499511719,762.3162841796875,119.89131927490234,584.7684326171875,299.80609130859375,63.49998474121094,505.9002685546875,61.103004455566406,777.1748046875,,62.596343994140625,79.8116455078125,506.9320068359375,474.0055236816406,120.0510025024414,575.1790771484375,186.40199279785156,275.54180908203125,174.86080932617188,105.38999938964844,201.33999633789062,137.44569396972656,155.845947265625,751.0231323242188,112.24552154541016,162.2637481689453,573.6498413085938,157.4328155517578,90.46675872802734,34.75880813598633,425.9700012207031,89.90831756591797,538.9749755859375,654.4488525390625,373.81939697265625,87.71109771728516,479.9043273925781,421.6199951171875,174.9168243408203,334.9070739746094,338.65948486328125,391.3599853515625,212.21240234375,102.99822998046875,112.93289947509766,146.3235321044922
2025-09-17,238.5353546142578,217.47976684570312,132.90280151367188,241.24000549316406,362.07000732421875,244.68695068359375,75.95153045654297,159.16000366210938,270.88751220703125,231.6199951171875,142.83999633789062,358.0,284.8443298339844,344.1959533691406,333.35406494140625,50.846824645996094,145.73170471191406,221.21913146972656,1120.062255859375,492.3299865722656,98.5,448.32000732421875,271.44866943359375,347.2699890136719,293.3174133300781,255.09764099121094,960.3574829101562,241.81967163085938,66.59440612792969,199.04330444335938,156.78802490234375,464.5172119140625,119.04257202148438,263.9107971191406,129.93472290039062,117.57940673828125,362.22052001953125,44.81718063354492,223.72161865234375,288.3962707519531,110.89363861083984,249.51132202148438,249.19146728515625,786.1646728515625,398.20452880859375,411.5686950683594,256.1986389160156,171.1847381591797,660.2550659179688,433.6600036621094,257.55999755859375,175.15089416503906,308.8485412597656,986.9295654296875,66.11778259277344,476.4986877441406,757.7506103515625,121.314453125,596.944091796875,301.4667663574219,64.81037902832031,509.6546630859375,61.22969436645508,773.9024658203125,,63.27243423461914,79.8608627319336,507.9079284667969,475.0095520019531,122.8499984741211,572.9155883789062,190.07400512695312,275.45263671875,170.27130126953125,104.55000305175781,203.1199951171875,138.62353515625,158.09413146972656,735.5355834960938,112.10771179199219,163.37095642089844,584.0642700195312,157.1647491455078,91.52019500732422,34.31494903564453,425.3999938964844,90.17403411865234,541.77294921875,653.6357421875,374.0774841308594,86.93878936767578,471.8184509277344,425.8599853515625,177.54603576660156,336.7108154296875,344.8045959472656,387.1499938964844,213.978515625,103.84475708007812,113.53360748291016,145.797607421875
2025-09-18,237.42745971679688,218.6419677734375,133.2990264892578,239.5500030517578,367.4599914550781,247.39883422851562,77.1679458618164,157.9199981689453,271.9919128417969,231.22999572753906,146.66000366210938,352.760009765625,286.62811279296875,343.380615234375,338.9794006347656,51.5689697265625,146.353271484375,216.8048553466797,1125.35693359375,490.5,98.2300033569336,464.53533935546875,273.4726867675781,364.8800048828125,290.5186462402344,253.33799743652344,949.717041015625,243.88633728027344,67.53844451904297,198.5754852294922,155.56381225585938,471.44854736328125,118.34464263916016,263.3836975097656,130.8373260498047,116.08808135986328,370.11590576171875,44.65814971923828,224.43504333496094,295.95733642578125,112.2370834350586,251.98794555664062,251.68807983398438,796.15234375,399.86956787109375,412.04241943359375,262.0528259277344,170.07167053222656,672.4901123046875,435.8299865722656,258.649169921875,172.14605712890625,310.3147888183594,1043.5806884765625,65.54576110839844,472.66571044921875,760.5418090820312,125.71322631835938,584.3994750976562,297.6808166503906,65.28330993652344,480.3263854980469,61.63899612426758,778.4218139648438,,61.75605773925781,80.24471282958984,506.3444519042969,471.7291259765625,120.77799987792969,569.6095581054688,189.54800415039062,280.0897216796875,176.2206573486328,103.69000244140625,205.67999267578125,138.1327667236328,155.12612915039062,752.6665649414062,113.35784912109375,166.20814514160156,597.2418823242188,157.04562377929688,92.70283508300781,34.26563262939453,480.1099853515625,89.99688720703125,505.62823486328125,656.6898193359375,375.03033447265625,87.41780853271484,480.2637023925781,416.8500061035156,178.84585571289062,330.0182189941406,336.8169250488281,387.1099853515625,214.2364959716797,103.17749786376953,112.19432067871094,145.96630859375
2025-09-19,245.032958984375,219.11473083496094,134.755126953125,239.6999969482422,365.8999938964844,243.7034912109375,76.12954711914062,157.38999938964844,281.4386291503906,231.47999572753906,149.61000061035156,351.32000732421875,284.3738708496094,342.9729309082031,338.4337158203125,51.68767547607422,145.31991577148438,216.8669891357422,1131.017578125,492.8500061035156,97.83000183105469,464.1175537109375,273.0838623046875,373.3500061035156,287.1561279296875,254.2518310546875,948.5203857421875,246.69180297851562,67.07625579833984,199.19259643554688,152.98806762695312,465.022216796875,119.02291870117188,264.0301818847656,131.26382446289062,113.81184387207031,373.33587646484375,44.66808319091797,229.63717651367188,299.9919128417969,112.70136260986328,254.89401245117188,254.3744354248047,796.8353271484375,401.10589599609375,410.2757568359375,263.4372253417969,168.72007751464844,685.4027099609375,438.7200012207031,256.95159912109375,174.152587890625,311.850341796875,1041.7064208984375,65.51617431640625,475.6546325683594,749.6361083984375,126.31034088134766,582.5147705078125,298.90655517578125,64.18966674804688,478.7528991699219,62.087276458740234,776.5562744140625,,62.67361068725586,80.22502899169922,515.7852172851562,473.3792724609375,122.6969985961914,568.8948364257812,192.22999572753906,281.1103210449219,176.6505889892578,103.93000030517578,208.19000244140625,139.1437530517578,153.86395263671875,752.6466064453125,111.7336654663086,164.94277954101562,590.538330078125,157.0952606201172,93.746337890625,33.95986557006836,495.5,90.3413314819336,504.9909973144531,659.9423217773438,374.02783203125,86.15669250488281,478.746337890625,426.07000732421875,176.63021850585938,331.86138916015625,340.2330627441406,383.1199951171875,214.71273803710938,101.91268157958984,111.10123443603516,144.75570678710938
2025-09-22,255.5928192138672,219.23291015625,135.32965087890625,239.99000549316406,364.0799865722656,245.70016479492188,75.68451690673828,159.7899932861328,282.0204162597656,227.6300048828125,145.39999389648438,353.4599914550781,281.7668151855469,337.4351806640625,338.2948303222656,51.36122512817383,144.93922424316406,217.3724822998047,1124.4462890625,493.7099914550781,97.02999877929688,469.648681640625,272.19647216796875,373.3699951171875,285.43536376953125,253.81434631347656,940.6423950195312,249.28761291503906,66.62390899658203,201.6410675048828,152.83135986328125,464.4281005859375,119.51441955566406,265.6313781738281,131.75975036621094,113.23297882080078,377.134033203125,44.886756896972656,228.02203369140625,299.8723449707031,111.12083435058594,252.53721618652344,252.18740844726562,797.3896484375,406.0312194824219,406.6338195800781,268.3519592285156,169.06790161132812,699.5208740234375,444.54998779296875,255.99978637695312,172.1954803466797,309.5321350097656,1068.06787109375,65.29920196533203,474.41339111328125,752.5868530273438,131.56497192382812,582.8438720703125,299.509521484375,64.43598175048828,486.271728515625,61.882625579833984,763.8824462890625,,61.611183166503906,79.13253021240234,512.3196411132812,468.6674499511719,122.73699951171875,571.9923095703125,189.55599975585938,287.8876037597656,183.58984375,103.44999694824219,208.17999267578125,138.42721557617188,150.9353790283203,756.8994750976562,112.14708709716797,167.77996826171875,594.21923828125,158.27664184570312,93.84571838378906,33.456825256347656,514.7899780273438,90.86290740966797,503.4078063964844,663.0645141601562,375.40753173828125,84.62185668945312,474.1643371582031,434.2099914550781,176.87640380859375,336.4052734375,342.97198486328125,383.1300048828125,215.29815673828125,102.40067291259766,110.31341552734375,143.53518676757812
2025-09-23,253.9459686279297,219.2526092529297,134.60655212402344,235.5,361.7799987792969,245.14389038085938,75.8526382446289,160.89999389648438,282.81915283203125,220.7100067138672,144.08999633789062,353.07000732421875,271.0740051269531,337.5845642089844,338.781005859375,51.143592834472656,144.91590881347656,219.43939208984375,1120.0325927734375,494.1000061035156,97.69000244140625,468.81304931640625,275.0879211425781,366.29998779296875,286.87921142578125,254.6698760986328,940.9813842773438,244.16587829589844,66.41739654541016,199.6504364013672,154.173095703125,467.0422058105469,121.00859832763672,264.3583679199219,130.39097595214844,113.48806762695312,367.37445068359375,45.085548400878906,231.5694122314453,304.46478271484375,113.0075912475586,251.99794006347656,251.31858825683594,798.1419677734375,408.23468017578125,405.5580139160156,269.2122802734375,167.05044555664062,696.6215209960938,447.75,256.3236083984375,174.53805541992188,309.8293151855469,1068.017822265625,65.79232025146484,476.578125,744.6417846679688,131.2962646484375,568.36474609375,299.70721435546875,63.75615310668945,474.8092956542969,62.19447326660156,754.1387939453125,,62.654296875,78.699462890625,507.1212463378906,467.9219055175781,121.84700012207031,572.9155883789062,185.53399658203125,289.4035949707031,178.410400390625,103.7300033569336,203.25,139.2811737060547,150.3733367919922,757.1185913085938,112.64910888671875,167.59214782714844,566.4974365234375,159.3786163330078,93.32894134521484,34.019046783447266,490.32000732421875,92.23081970214844,494.6354675292969,659.4551391601562,370.742431640625,85.10088348388672,468.9334411621094,425.8500061035156,179.2594451904297,342.7036437988281,337.3348388671875,379.7200012207031,216.52847290039062,102.10189819335938,112.21401977539062,141.5109100341797
2025-09-24,251.8300018310547,216.67213439941406,132.6254425048828,239.0800018310547,353.2699890136719,246.96176147460938,77.03937530517578,160.8800048828125,275.3347473144531,220.2100067138672,142.63999938964844,353.739990234375,266.859619140625,337.95306396484375,337.7987976074219,51.143592834472656,144.55075073242188,220.09982299804688,1116.3016357421875,497.0899963378906,98.05999755859375,467.3506774902344,277.4410095214844,356.9599914550781,288.2143249511719,257.0711364746094,942.6467895507812,245.49374389648438,66.20105743408203,199.10301208496094,155.8968048095703,464.3389587402344,121.53942108154297,265.5418701171875,130.84722900390625,114.4986343383789,371.052978515625,37.44207000732422,231.6189422607422,299.15509033203125,112.2864761352539,247.4940643310547,246.80471801757812,784.392822265625,415.3833923339844,404.4328308105469,264.5546569824219,167.01071166992188,692.24755859375,443.989990234375,254.69471740722656,174.64678955078125,310.5030212402344,1065.4954833984375,65.53589630126953,470.8088073730469,739.52783203125,127.95579528808594,567.2080078125,300.8341369628906,64.87934875488281,472.83746337890625,62.74995803833008,759.3899536132812,,62.90541076660156,78.41403198242188,508.0373840332031,452.4245910644531,120.3949966430664,582.0392456054688,186.6739959716797,290.63226318359375,176.9505615234375,103.47000122070312,200.6999969482422,139.5461883544922,150.29444885253906,745.75439453125,111.09383392333984,171.56619262695312,575.5651245117188,160.21255493164062,91.79846954345703,34.13740539550781,468.0899963378906,92.90986633300781,488.6412048339844,657.3569946289062,368.4595947265625,86.3326644897461,467.1864929199219,442.7900085449219,181.622802734375,346.7645568847656,337.31488037109375,376.6199951171875,217.70919799804688,102.31105041503906,112.8147201538086,140.57814025878906
2025-09-25,256.3813171386719,215.24400329589844,132.05091857910156,232.55999755859375,354.1600036621094,245.888916015625,76.24821472167969,161.27000427246094,267.4066162109375,218.14999389648438,143.05999755859375,351.6400146484375,260.489013671875,334.7559509277344,337.5011291503906,51.29197692871094,140.30862426757812,222.09664916992188,1135.4117431640625,494.9599914550781,98.13999938964844,461.31219482421875,277.4808654785156,351.05999755859375,280.9256591796875,261.2514953613281,940.6921997070312,240.5616912841797,66.72223663330078,201.10360717773438,157.40504455566406,462.1209716796875,120.2418441772461,265.7904968261719,129.0519561767578,115.08732604980469,363.606201171875,35.12617111206055,234.2646026611328,296.0469970703125,109.63909149169922,246.2357635498047,245.45652770996094,786.69921875,413.6585388183594,402.14306640625,278.3099670410156,166.24546813964844,690.145263671875,438.1199951171875,253.05601501464844,175.6747589111328,310.5327453613281,1055.953857421875,65.07237243652344,470.4612731933594,712.3532104492188,127.7663345336914,565.7023315429688,298.8274230957031,63.88422775268555,470.7362060546875,60.96656799316406,747.6595458984375,,62.96337127685547,76.37666320800781,504.9303283691406,453.0210266113281,120.8239974975586,581.5429077148438,183.7220001220703,291.8708190917969,177.67050170898438,104.58000183105469,202.2100067138672,137.3377227783203,150.02821350097656,742.0891723632812,111.43834686279297,167.74041748046875,554.1478271484375,159.34884643554688,94.19355010986328,34.117679595947266,487.20001220703125,92.20130157470703,482.8659973144531,654.3242797851562,365.82928466796875,85.1888656616211,458.4217529296875,423.3900146484375,179.2594451904297,340.60418701171875,333.58001708984375,381.8699951171875,215.46682739257812,102.62974548339844,113.82903289794922,140.04232788085938
2025-09-26,254.97401428222656,217.2827911376953,132.2886505126953,238.97000122070312,360.3699951171875,245.91871643066406,77.11849975585938,159.4600067138672,269.1816101074219,219.77999877929688,142.5,356.0799865722656,261.4691162109375,333.19219970703125,338.98931884765625,51.64810562133789,143.42417907714844,220.99208068847656,1144.476806640625,500.0299987792969,98.18000030517578,463.34161376953125,279.86383056640625,350.1099853515625,283.01239013671875,262.7583312988281,913.4081420898438,243.03770446777344,66.10271453857422,203.28335571289062,156.85659790039062,459.4375305175781,120.92994689941406,269.52001953125,127.55423736572266,115.09713745117188,364.4435729980469,35.53369140625,235.65185546875,293.8553771972656,110.73558044433594,246.8449249267578,246.2055206298828,794.3706665039062,417.8360900878906,404.7486877441406,281.1480407714844,166.6926727294922,695.704833984375,441.1199951171875,256.14697265625,177.6318817138672,313.1184387207031,1061.1285400390625,64.7666244506836,471.0868835449219,722.27197265625,127.96575927734375,563.5384521484375,301.7336730957031,63.47042465209961,474.76947021484375,61.746192932128906,742.5081787109375,,63.46560287475586,77.321533203125,509.3419494628906,453.80633544921875,121.06099700927734,590.229736328125,187.1999969482422,294.7640380859375,178.17044067382812,106.0999984741211,202.3699951171875,137.84812927246094,150.3733367919922,747.70654296875,112.40301513671875,167.2659149169922,562.5172729492188,162.16830444335938,94.86933898925781,35.03498077392578,487.760009765625,93.02794647216797,485.096435546875,658.072998046875,366.2759094238281,85.88296508789062,463.4330139160156,440.3999938964844,181.7311248779297,339.1453857421875,336.01019287109375,385.739990234375,216.9849090576172,102.73929595947266,115.4342041015625,142.39404296875
2025-09-29,253.9459686279297,219.7943115234375,131.85281372070312,247.0,359.4200134277344,243.1670684814453,77.03937530517578,161.36000061035156,270.1578063964844,222.1699981689453,143.3699951171875,354.6199951171875,265.0954895019531,326.5887145996094,339.6143493652344,51.85584259033203,142.9580078125,217.2800750732422,1163.38916015625,499.25,97.04000091552734,469.16119384765625,278.7371520996094,348.5199890136719,283.4772033691406,264.6637878417969,914.3256225585938,244.70501708984375,66.59440612792969,202.9549102783203,152.8803253173828,460.9228210449219,120.71369934082031,271.4195861816406,128.19894409179688,111.21183013916016,366.0086975097656,36.89540100097656,234.4231414794922,292.8679504394531,111.24925994873047,244.0287628173828,243.71890258789062,795.9642333984375,419.670654296875,401.50152587890625,276.6882019042969,166.9510955810547,692.14794921875,439.2200012207031,256.4806213378906,179.519775390625,312.75189208984375,1060.9688720703125,65.13153839111328,473.1522521972656,724.23583984375,130.71792602539062,566.5399780273438,299.509521484375,63.12558364868164,478.83258056640625,61.034786224365234,742.1588134765625,,63.426971435546875,77.34122467041016,512.4689331054688,451.480224609375,120.64099884033203,589.7035522460938,188.1699981689453,296.87451171875,181.83004760742188,107.55000305175781,203.9600067138672,137.58309936523438,151.3889617919922,750.5451049804688,112.45223236083984,163.41049194335938,559.3749389648438,162.44627380371094,96.29049682617188,34.63058090209961,481.6099853515625,92.41780090332031,489.2386474609375,659.9224243164062,367.1295166015625,86.84102630615234,461.2368469238281,443.2099914550781,180.4312744140625,340.2296447753906,338.7889404296875,395.30999755859375,217.71913146972656,102.65962219238281,112.47991180419922,141.9574432373047
2025-09-30,254.14559936523438,228.0479278564453,132.6749725341797,246.60000610351562,352.75,244.071044921875,77.67230987548828,161.7899932861328,278.2733154296875,219.57000732421875,145.7100067138672,356.5799865722656,267.29083251953125,328.5906677246094,329.5443115234375,51.0347785949707,145.42092895507812,215.0677490234375,1153.79931640625,502.739990234375,97.62999725341797,474.6724548339844,281.41925048828125,351.260009765625,285.0694274902344,262.67083740234375,923.061279296875,236.61807250976562,67.28277587890625,204.29856872558594,152.08702087402344,454.3548278808594,121.64755249023438,272.3643798828125,130.11325073242188,110.00503540039062,373.0866394042969,38.982696533203125,233.66017150878906,300.039306640625,109.64897155761719,243.2198486328125,242.77020263671875,788.2730102539062,424.93499755859375,399.9125061035156,279.02197265625,167.43804931640625,680.4110107421875,447.2300109863281,257.45806884765625,183.27584838867188,312.4942932128906,1075.39599609375,65.40768432617188,471.6727294921875,760.611572265625,133.5199432373047,567.2080078125,300.3992004394531,63.273372650146484,474.5105285644531,61.36879348754883,733.15380859375,,63.803646087646484,82.60688018798828,515.8051147460938,454.5717468261719,119.89199829101562,604.9229125976562,184.05599975585938,297.65728759765625,186.55950927734375,107.80999755859375,203.6199951171875,137.84812927246094,151.50729370117188,755.1067504882812,112.72785186767578,164.4583740234375,560.8912353515625,166.1195068359375,94.87928771972656,33.90068435668945,493.3900146484375,93.26412963867188,484.6284484863281,662.4082641601562,367.75628662109375,87.69153594970703,484.1768798828125,444.7200012207031,180.9236297607422,340.347900390625,340.0040283203125,391.6400146484375,219.10821533203125,102.63969421386719,111.03230285644531,145.1923370361328
2025-10-01,254.9640350341797,240.6942901611328,132.20941162109375,243.7100067138672,343.7200012207031,237.69361877441406,78.7601547241211,164.00999450683594,294.34649658203125,220.6300048828125,149.27000427246094,360.1300048828125,265.0908203125,332.0567932128906,325.97265625,50.13457107543945,148.35000610351562,213.12750244140625,1129.256103515625,498.20001220703125,95.8499984741211,478.3233947753906,280.58172607421875,351.9700012207031,288.4319152832031,258.44189453125,914.7943115234375,235.3101806640625,67.60729217529297,202.6861572265625,151.3916778564453,448.8599548339844,120.31066131591797,268.237060546875,130.1231689453125,109.17106628417969,372.67791748046875,38.85348129272461,237.36607360839844,300.0991516113281,109.79714965820312,245.2071533203125,244.5677490234375,777.5430297851562,424.80535888671875,391.8489074707031,283.3038024902344,161.63417053222656,677.0134887695312,438.0400085449219,256.62872314453125,183.89854431152344,307.8182067871094,1125.5166015625,65.86135864257812,463.5400695800781,822.836181640625,142.38470458984375,572.1541137695312,297.06787109375,63.16499710083008,477.83673095703125,62.056453704833984,716.142333984375,,64.02579498291016,88.70913696289062,517.5578002929688,454.2138671875,117.08999633789062,601.051025390625,182.48599243164062,295.943115234375,187.21945190429688,105.68000030517578,206.8000030517578,140.498291015625,151.04383850097656,752.1884765625,114.65718841552734,164.58689880371094,598.4688110351562,165.9904327392578,91.67920684814453,34.6108512878418,488.7799987792969,93.29366302490234,479.6100158691406,664.6654663085938,362.26483154296875,87.14408111572266,529.8074340820312,459.4599914550781,177.63465881347656,343.3049011230469,346.4280090332031,404.2099914550781,218.15570068359375,101.54418182373047,110.28387451171875,145.8174591064453
2025-10-02,256.6408386230469,232.99221801757812,131.73394775390625,244.33999633789062,351.4800109863281,240.0677490234375,78.7601547241211,169.72999572753906,293.2618103027344,222.41000366210938,144.4600067138672,360.7300109863281,266.9653015136719,336.8276062011719,327.8775634765625,49.93672561645508,148.86279296875,216.07472229003906,1148.5245361328125,495.9200134277344,96.22000122070312,488.02276611328125,280.5418395996094,347.239990234375,293.7030944824219,258.0433044433594,914.2258911132812,238.4950408935547,67.17459106445312,201.95957946777344,150.2066192626953,458.8858337402344,119.50458526611328,272.5036315917969,131.96804809570312,108.3174819946289,375.5888366699219,38.63481140136719,240.11082458496094,298.6728515625,109.21432495117188,246.095947265625,245.356689453125,771.4752197265625,425.42352294921875,389.8650817871094,283.53125,159.98443603515625,679.3648681640625,443.010009765625,257.4284362792969,183.82936096191406,304.6876220703125,1135.8758544921875,65.19071197509766,466.19140625,817.2836303710938,146.5727996826172,575.7040405273438,296.4352722167969,65.15522003173828,480.1770324707031,60.69095230102539,725.8360595703125,,63.50423812866211,88.09891510009766,513.6041870117188,445.3667907714844,116.25299835205078,600.64404296875,182.02000427246094,295.5666198730469,188.8692626953125,104.97000122070312,209.3000030517578,139.68360900878906,149.9296112060547,755.0967407226562,114.30281829833984,166.919921875,598.5286865234375,165.42457580566406,92.12641906738281,33.64423370361328,471.1499938964844,92.39812469482422,474.591552734375,665.4309692382812,364.5032043457031,87.50579833984375,524.0474853515625,436.0,179.53518676757812,348.6471862792969,344.55560302734375,408.8500061035156,215.21878051757812,101.28524017333984,109.59454345703125,145.3610076904297
2025-10-03,257.5291442871094,230.3822021484375,133.31883239746094,245.32000732421875,346.739990234375,240.38563537597656,80.12490844726562,164.6699981689453,293.7449951171875,219.50999450683594,145.5,363.80999755859375,267.8235778808594,337.016845703125,327.6394348144531,50.095001220703125,150.42445373535156,215.81582641601562,1148.6728515625,498.75,97.31999969482422,495.26495361328125,283.12420654296875,347.2699890136719,307.5683898925781,257.3044738769531,912.8397216796875,239.97265625,67.19438934326172,201.66098022460938,150.38291931152344,459.9391174316406,121.44112396240234,275.0794677734375,133.6641387939453,108.73936462402344,372.2991027832031,39.42997360229492,242.37994384765625,296.2292175292969,111.31840515136719,246.1159210205078,245.0171356201172,781.9676513671875,428.2650451660156,389.9144287109375,285.16290283203125,161.61428833007812,677.451904296875,452.3500061035156,256.7076721191406,186.45860290527344,307.14453125,1098.27783203125,65.73314666748047,463.4606628417969,837.2410278320312,145.39614868164062,578.8152465820312,297.52264404296875,65.55917358398438,483.03515625,61.56526565551758,709.3735961914062,,63.48492431640625,87.7839584350586,515.20751953125,450.20782470703125,115.33200073242188,605.1412963867188,182.4720001220703,297.399658203125,187.59939575195312,104.79000091552734,207.19000244140625,139.3596954345703,150.14654541015625,760.166259765625,115.22810363769531,167.2461395263672,598.5286865234375,165.37493896484375,93.49788665771484,33.79218292236328,469.1700134277344,93.03778839111328,477.7579345703125,665.421142578125,368.58197021484375,87.03655242919922,542.3755493164062,429.8299865722656,177.56573486328125,355.03424072265625,348.4299011230469,403.29998779296875,218.0465545654297,101.65373992919922,111.53453826904297,145.2915496826172
2025-10-06,256.2016906738281,226.71829223632812,132.47686767578125,248.1699981689453,350.1400146484375,240.8922576904297,82.1028060913086,203.7100067138672,290.0274353027344,220.89999389648438,149.5,365.70001220703125,267.31060791015625,334.1483459472656,329.3756408691406,49.847694396972656,149.16580200195312,215.8883056640625,1167.0606689453125,500.0199890136719,96.69999694824219,492.80780029296875,285.54705810546875,353.3599853515625,299.6467590332031,254.7573699951172,908.4120483398438,245.3839111328125,68.17382049560547,198.10769653320312,150.84323120117188,454.4045104980469,122.266845703125,278.2122802734375,133.67405700683594,108.36653137207031,378.83868408203125,40.07604217529297,244.7778778076172,297.446044921875,112.19757843017578,251.16905212402344,250.09024047851562,788.6987915039062,432.26312255859375,384.2590637207031,286.20123291015625,158.07630920410156,667.6380004882812,449.69000244140625,255.4340057373047,185.98416137695312,307.7916259765625,1136.324462890625,65.19071197509766,465.26788330078125,842.4047241210938,148.72665405273438,577.179931640625,292.6393737792969,65.60843658447266,481.4517517089844,60.69095230102539,714.465087890625,,63.13722229003906,87.40010833740234,526.3811645507812,454.4126892089844,116.33100128173828,614.0565795898438,182.5679931640625,296.90423583984375,185.51962280273438,103.30000305175781,212.5800018310547,137.12176513671875,148.31246948242188,760.37548828125,115.29700469970703,166.69253540039062,584.0442504882812,167.57887268066406,93.41838073730469,34.117679595947266,478.2200012207031,93.97269439697266,476.30419921875,667.8074951171875,364.3837890625,86.9681167602539,543.0044555664062,453.25,179.032958984375,353.6247253417969,347.8721923828125,402.8999938964844,215.99269104003906,102.28116607666016,112.46021270751953,144.23971557617188
2025-10-07,255.99208068847656,229.31846618652344,131.76365661621094,251.22999572753906,348.30999755859375,232.2002716064453,83.1214370727539,211.50999450683594,291.42767333984375,221.77999877929688,145.2899932861328,366.92999267578125,267.25140380859375,335.0646667480469,325.3872985839844,49.74877166748047,149.58535766601562,208.80325317382812,1154.1556396484375,502.29998779296875,95.9000015258789,484.18280029296875,288.388671875,345.4800109863281,303.75103759765625,256.2642517089844,912.2613525390625,239.35365295410156,68.2529525756836,198.23709106445312,151.71487426757812,458.57781982421875,123.42680358886719,277.46636962890625,130.4207305908203,108.36653137207031,369.78692626953125,40.44380187988281,240.1207275390625,300.9569091796875,115.3586196899414,246.7949981689453,245.42657470703125,781.6410522460938,436.2712097167969,381.77191162109375,290.60174560546875,160.97824096679688,655.5822143554688,440.94000244140625,252.51148986816406,186.70570373535156,306.3083190917969,1081.5177001953125,65.87122344970703,467.0751647949219,840.9891967773438,139.95164489746094,578.2069702148438,292.9161682128906,64.0024642944336,486.4111328125,61.496498107910156,711.889404296875,,64.37349700927734,86.22886657714844,521.8101196289062,455.7745361328125,119.10600280761719,617.1441040039062,180.84800720214844,293.1489562988281,185.01968383789062,101.8499984741211,211.0399932861328,138.191650390625,150.4127655029297,747.6666870117188,114.15515899658203,163.56866455078125,581.8097534179688,168.04547119140625,93.4283218383789,33.94013595581055,477.8299865722656,94.8879165649414,479.16192626953125,665.3316040039062,367.3284912109375,87.27117156982422,538.2327270507812,433.0899963378906,174.34567260742188,358.4446105957031,350.9995422363281,410.2799987792969,215.86370849609375,102.81896209716797,112.51929473876953,141.669677734375
2025-10-08,257.5690612792969,227.75245666503906,133.00186157226562,252.97999572753906,348.7699890136719,236.35255432128906,83.07198333740234,235.55999755859375,290.52044677734375,225.22000122070312,157.36000061035156,365.3800048828125,264.972412109375,344.11834716796875,321.27001953125,49.303611755371094,150.673095703125,204.3909912109375,1152.9383544921875,499.8399963378906,96.79000091552734,499.5128173828125,286.2549743652344,350.0,303.37518310546875,257.5669250488281,912.2613525390625,240.0425262451172,69.5786361694336,197.8787841796875,150.5690155029297,457.8226318359375,123.10240936279297,279.8135070800781,131.8589324951172,108.41559600830078,375.529052734375,42.590728759765625,237.7425994873047,301.7747802734375,116.81072998046875,245.1272735595703,244.2881317138672,768.6343383789062,425.0047302246094,378.7912292480469,286.24078369140625,158.38438415527344,655.3928833007812,448.0899963378906,249.5494842529297,187.4964599609375,302.6647644042969,1059.4334716796875,65.21044158935547,464.55291748046875,843.0726318359375,142.1354217529297,574.8165893554688,291.0181884765625,65.9335708618164,488.06427001953125,60.57307052612305,716.6414794921875,,63.185508728027344,85.0379409790039,522.676513671875,459.5122375488281,121.42500305175781,633.3463134765625,182.86399841308594,293.9020080566406,189.0892333984375,100.76000213623047,217.7899932861328,136.2776336669922,148.5885772705078,750.3160400390625,114.17484283447266,165.85227966308594,562.477294921875,167.3505401611328,93.20967864990234,33.50614547729492,489.3599853515625,94.6517333984375,480.3667297363281,669.2990112304688,373.3471984863281,88.35631561279297,535.2579956054688,438.69000244140625,178.82618713378906,364.6148376464844,349.94378662109375,421.1499938964844,218.26483154296875,102.48035430908203,112.28295135498047,142.38412475585938
2025-10-09,253.55670166015625,227.21075439453125,132.05091857910156,252.0399932861328,347.4700012207031,236.30288696289062,82.25115966796875,232.88999938964844,291.3192138671875,227.74000549316406,158.22999572753906,360.4200134277344,259.1812438964844,343.6402282714844,321.8851013183594,49.254150390625,146.90489196777344,206.808837890625,1155.34326171875,496.739990234375,97.27999877929688,497.76190185546875,283.49310302734375,348.6700134277344,302.7521667480469,261.3584289550781,940.2733764648438,244.9346466064453,69.21259307861328,190.8518524169922,148.5123291015625,453.3214416503906,122.59124755859375,271.0516052246094,130.4604034423828,109.80880737304688,376.01751708984375,43.047950744628906,234.83932495117188,298.5731201171875,115.31910705566406,241.88168334960938,241.2023162841797,772.04931640625,417.626708984375,372.7706604003906,285.02447509765625,158.3148193359375,643.734375,443.760009765625,245.1459503173828,188.87039184570312,304.15802001953125,1050.340576171875,65.4570083618164,454.95068359375,852.6724853515625,140.59979248046875,563.7032470703125,290.43499755859375,64.88919830322266,490.4244689941406,59.92470169067383,732.2852783203125,,63.47526550292969,86.12060546875,520.2366943359375,454.90972900390625,123.10700225830078,630.4275512695312,183.58999633789062,292.1878967285156,192.54885864257812,99.72000122070312,215.1699981689453,142.03932189941406,148.4801025390625,735.7745971679688,112.65894317626953,163.76638793945312,568.5025634765625,161.0067596435547,93.4382553100586,32.677616119384766,484.4100036621094,94.60252380371094,485.5245666503906,667.3600463867188,368.2835388183594,87.10497283935547,533.7505493164062,435.5400085449219,176.2265167236328,362.41680908203125,345.6412353515625,414.8599853515625,215.8339385986328,101.3549575805664,111.18987274169922,142.28489685058594
2025-10-10,244.80340576171875,227.0236053466797,131.3179168701172,240.94000244140625,337.510009765625,223.82615661621094,80.40182495117188,214.89999389648438,286.09295654296875,216.3699951171875,154.10000610351562,360.1499938964844,253.6268768310547,323.331787109375,314.5645446777344,48.12642288208008,144.94699096679688,205.7333526611328,1120.63623046875,489.1300048828125,95.41000366210938,488.74896240234375,282.177001953125,327.0,297.4117431640625,263.8957824707031,927.4291381835938,241.29051208496094,67.21417999267578,187.07960510253906,145.82882690429688,443.51416015625,124.86199188232422,270.5940856933594,124.98529052734375,106.03143310546875,367.9327087402344,40.632652282714844,222.58209228515625,290.7334899902344,115.75375366210938,237.16807556152344,236.24905395507812,756.6075439453125,413.9078063964844,370.85595703125,274.730224609375,156.5259552001953,640.610107421875,429.5899963378906,241.82850646972656,188.51455688476562,299.53887939453125,979.8306884765625,66.11778259277344,450.6410827636719,830.8809814453125,130.99713134765625,556.6438598632812,293.5982360839844,59.519535064697266,482.09906005859375,60.36677169799805,704.1223754882812,,64.26725006103516,84.6343994140625,508.84405517578125,453.587646484375,122.00800323486328,618.9906616210938,177.74200439453125,285.72760009765625,183.139892578125,102.1500015258789,208.5500030517578,147.31021118164062,147.60252380371094,713.783203125,109.48934936523438,151.8343505859375,563.2454833984375,156.5591583251953,91.39099884033203,31.286869049072266,438.9200134277344,96.72821044921875,484.02105712890625,649.32275390625,362.7125244140625,83.61491394042969,523.8877563476562,413.489990234375,169.07737731933594,349.4159851074219,342.2648620605469,407.7900085449219,217.54052734375,101.42467498779297,109.04307556152344,140.0224609375
2025-10-13,247.18885803222656,226.82662963867188,130.13914489746094,243.55999755859375,339.32000732421875,233.11416625976562,80.91606903076172,216.4199981689453,288.33135986328125,220.07000732421875,147.4499969482422,353.3599853515625,257.3561096191406,355.2735595703125,321.38775634765625,48.33415985107422,145.02468872070312,209.27528381347656,1143.16064453125,491.92999267578125,94.94999694824219,502.13909912109375,281.69842529296875,332.2300109863281,292.15045166015625,263.7304992675781,932.9636840820312,248.34913635253906,66.73930358886719,187.0596923828125,148.80612182617188,436.32012939453125,123.94779205322266,268.7442932128906,127.13764190673828,107.65030670166016,374.2031555175781,42.521156311035156,227.5563201904297,296.7578430175781,116.7712173461914,244.30838012695312,243.8187713623047,778.8001708984375,409.4610290527344,374.4288024902344,274.13690185546875,157.76821899414062,654.474609375,435.7300109863281,241.3644561767578,188.69247436523438,306.5870666503906,1021.9552001953125,65.88108825683594,453.44134521484375,816.8351440429688,137.41885375976562,558.4012451171875,296.66259765625,63.44086837768555,471.7619323730469,60.091705322265625,714.5050048828125,,62.73155975341797,84.3489761352539,511.9212646484375,453.5379333496094,121.90299987792969,614.4139404296875,184.74000549316406,286.9166259765625,188.29933166503906,102.87999725341797,213.27999877929688,146.1421661376953,145.43321228027344,725.7350463867188,110.95602416992188,159.9307403564453,556.3623046875,157.7008514404297,92.91152954101562,31.82935905456543,448.0,96.52154541015625,477.2899475097656,659.2860107421875,363.0308837890625,85.38438415527344,523.6681518554688,435.8999938964844,172.435302734375,353.51629638671875,341.916259765625,407.3699951171875,215.39736938476562,101.70352935791016,110.53006744384766,141.16360473632812
2025-10-14,247.29864501953125,225.67428588867188,132.0113067626953,244.1999969482422,335.94000244140625,233.8393096923828,81.99403381347656,218.08999633789062,289.7611999511719,216.38999938964844,138.7899932861328,360.510009765625,258.4808044433594,342.7538146972656,331.06561279296875,49.55092239379883,146.34548950195312,210.32247924804688,1181.8955078125,495.9700012207031,96.23999786376953,524.7311401367188,283.792236328125,325.75,298.7962951660156,259.7445983886719,943.8833618164062,239.38360595703125,67.92648315429688,187.3483428955078,149.24685668945312,445.1039733886719,125.64840698242188,271.5389099121094,128.71470642089844,107.06163024902344,373.18634033203125,41.716060638427734,232.5305633544922,299.30120849609375,117.03793334960938,245.85629272460938,245.11700439453125,762.942626953125,417.1581115722656,382.6700439453125,273.07879638671875,157.29119873046875,655.9518432617188,436.3900146484375,244.948486328125,188.64305114746094,300.7235107421875,1022.6630859375,66.5813217163086,456.0330505371094,809.80712890625,137.9174346923828,567.0681762695312,301.0614929199219,63.64777374267578,479.26080322265625,61.034786224365234,707.4668579101562,,63.166194915771484,83.36473846435547,511.4432067871094,457.8819580078125,121.53500366210938,622.4058227539062,182.2519989013672,287.64984130859375,180.01022338867188,103.05000305175781,207.55999755859375,148.74325561523438,147.0799102783203,733.523681640625,113.64329528808594,159.89120483398438,571.1958618164062,158.2468719482422,92.8121566772461,32.12526321411133,443.760009765625,98.09611511230469,484.6085205078125,658.4805908203125,368.08453369140625,86.9681167602539,524.9159545898438,429.239990234375,171.28317260742188,354.7680969238281,346.975830078125,412.2200012207031,216.40940856933594,106.77277374267578,110.57930755615234,142.3543701171875
2025-10-15,248.8656463623047,224.41441345214844,128.79757690429688,239.7100067138672,330.6300048828125,236.5710906982422,80.36225891113281,238.60000610351562,293.18292236328125,215.57000732421875,143.3800048828125,355.79998779296875,253.95245361328125,349.92498779296875,328.8873596191406,51.71735382080078,145.1101531982422,202.38462829589844,1190.13916015625,496.3900146484375,97.70999908447266,531.2770385742188,277.4908447265625,324.1000061035156,291.3197326660156,260.6876220703125,952.3397827148438,236.19874572753906,68.77729034423828,186.57199096679688,148.97262573242188,445.6107177734375,126.48396301269531,272.2052917480469,129.2106475830078,106.58086395263672,380.5334167480469,41.606327056884766,233.6502685546875,299.3410949707031,116.86012268066406,251.36880493164062,250.68943786621094,760.1412963867188,419.00262451171875,383.2424621582031,277.6276550292969,156.4862060546875,651.4901123046875,435.6099853515625,244.55355834960938,188.9593505859375,304.3172912597656,1083.781005859375,66.15723419189453,448.2579040527344,823.982666015625,144.3690643310547,561.9658813476562,301.7435607910156,64.248779296875,476.53216552734375,60.57307052612305,716.3519287109375,,62.654296875,82.78404235839844,511.3038330078125,436.3308410644531,120.3290023803711,604.5357055664062,180.61000061035156,287.04541015625,179.8102569580078,102.12000274658203,206.6999969482422,148.3702850341797,145.36416625976562,734.8981323242188,120.83890533447266,161.10714721679688,575.0064697265625,155.86422729492188,93.746337890625,32.12526321411133,435.8999938964844,98.13548278808594,480.8148193359375,661.4039916992188,367.83587646484375,88.87445831298828,526.952392578125,435.1499938964844,172.59286499023438,355.9706115722656,344.2966613769531,407.8999938964844,212.02389526367188,108.5853500366211,109.90966796875,141.02468872070312
2025-10-16,246.979248046875,225.05921936035156,126.98674011230469,234.02000427246094,329.2300109863281,240.00816345214844,76.16909790039062,234.55999755859375,291.69390869140625,214.47000122070312,146.00999450683594,343.1199951171875,249.77926635742188,352.7337341308594,321.38775634765625,49.897151947021484,143.94473266601562,197.2641143798828,1159.232421875,488.80999755859375,97.77999877929688,538.151123046875,267.4405212402344,324.25,287.8583068847656,255.20455932617188,923.05126953125,245.6035614013672,68.35188293457031,183.49647521972656,148.58087158203125,454.2554626464844,125.23554229736328,269.14208984375,127.84186553955078,105.22689819335938,374.4224853515625,41.59635543823242,234.75013732910156,299.06182861328125,116.41559600830078,251.53857421875,251.1188507080078,750.4011840820312,418.35455322265625,382.3443603515625,272.90081787109375,152.41156005859375,645.8005981445312,434.6199951171875,243.81304931640625,189.8983612060547,297.19940185546875,1095.5360107421875,66.66021728515625,441.128173828125,816.8151245117188,141.96591186523438,549.0552978515625,301.8226318359375,64.38671875,466.6232604980469,60.51412582397461,710.881103515625,,62.06513214111328,82.59703063964844,509.4913330078125,434.611083984375,118.35900115966797,594.6575317382812,178.8979949951172,285.84649658203125,181.7900390625,101.16999816894531,205.50999450683594,149.85240173339844,147.51377868652344,723.2450561523438,119.27378845214844,162.20443725585938,567.7742919921875,155.91387939453125,92.83203887939453,32.470481872558594,440.20001220703125,96.86598205566406,470.0311279296875,656.899658203125,367.33843994140625,88.05326080322266,535.846923828125,428.75,172.79965209960938,351.55487060546875,334.0481262207031,408.6099853515625,211.62698364257812,106.03579711914062,108.95445251464844,142.1558837890625
2025-10-17,251.81002807617188,227.73768615722656,127.89215087890625,238.38999938964844,333.260009765625,241.25979614257812,76.50534057617188,233.0800018310547,294.6521911621094,213.0399932861328,143.10000610351562,346.6000061035156,249.7989959716797,347.9329833984375,344.76177978515625,50.728111267089844,146.92044067382812,201.95281982421875,1149.13818359375,492.4200134277344,99.23999786376953,524.3432006835938,267.4205627441406,326.1199951171875,295.96783447265625,260.48345947265625,933.7315673828125,242.6882781982422,69.38077545166016,187.2189483642578,149.92262268066406,455.5869445800781,126.3463363647461,275.2386169433594,128.22869873046875,105.21699523925781,372.13958740234375,41.0776481628418,235.63201904296875,299.361083984375,121.31523132324219,253.4459686279297,252.95635986328125,743.1553955078125,424.8950500488281,386.79559326171875,278.1517639160156,152.6500701904297,660.1741333007812,446.1300048828125,246.10366821289062,190.98565673828125,296.22381591796875,1103.37255859375,67.49852752685547,447.73162841796875,800.3169555664062,141.10833740234375,560.1286010742188,304.5509338378906,64.17981719970703,469.0930480957031,61.35896682739258,715.7229614257812,,62.82815170288086,83.45332336425781,511.4532165527344,442.35479736328125,119.93599700927734,590.2098388671875,180.72000122070312,287.12469482421875,183.19989013671875,101.5999984741211,207.88999938964844,150.8732147216797,149.28866577148438,730.6453247070312,122.13825225830078,161.58164978027344,576.6325073242188,156.80735778808594,93.5575180053711,32.184444427490234,447.6400146484375,96.2459945678711,471.166259765625,660.62841796875,372.481689453125,88.80601501464844,537.983154296875,439.30999755859375,173.88284301757812,351.4858703613281,340.511962890625,416.80999755859375,213.7999267578125,107.29065704345703,110.53006744384766,142.94972229003906
2025-10-20,261.7411193847656,230.20779418945312,128.85726928710938,242.17999267578125,343.3999938964844,244.5876007080078,76.83170318603516,240.55999755859375,299.1092529296875,216.47999572753906,146.47999572753906,344.1099853515625,250.79544067382812,347.8433532714844,347.6064758300781,51.47993469238281,148.39663696289062,204.81520080566406,1147.9901123046875,494.0799865722656,100.52999877929688,529.9400634765625,267.4106140136719,329.6400146484375,303.4543151855469,260.17236328125,933.5121459960938,253.87022399902344,69.89521789550781,191.42913818359375,151.2937469482422,459.50189208984375,126.74938201904297,278.63995361328125,129.29000854492188,105.39530181884766,376.5159606933594,42.08513641357422,237.6237030029297,301.89447021484375,121.61157989501953,256.6716003417969,256.2019348144531,755.5780639648438,431.86431884765625,383.8248291015625,280.4953918457031,154.32962036132812,663.5479125976562,458.4700012207031,249.18417358398438,191.4798583984375,301.0022277832031,1149.46533203125,67.49852752685547,448.39691162109375,806.4277954101562,143.64114379882812,565.5105590820312,304.234619140625,66.08135986328125,472.4988708496094,61.70280075073242,730.947509765625,,62.20035171508789,84.95919799804688,514.6498413085938,445.77435302734375,123.85600280761719,597.65576171875,183.50999450683594,288.48211669921875,182.6199493408203,100.97000122070312,211.82000732421875,150.80450439453125,149.8408660888672,737.0394897460938,125.18973541259766,165.13059997558594,575.355712890625,159.54739379882812,94.36249542236328,32.97351837158203,453.3500061035156,96.13774871826172,475.5474548339844,667.499267578125,379.2464599609375,89.48057556152344,542.8947143554688,447.42999267578125,176.8468780517578,359.25286865234375,343.0218200683594,419.1000061035156,213.72055053710938,106.61343383789062,110.9830551147461,143.94203186035156
2025-10-21,262.2701110839844,229.54315185546875,126.89720153808594,250.50999450683594,357.54998779296875,244.73658752441406,77.51406860351562,238.02999877929688,296.94976806640625,222.02999877929688,145.94000244140625,343.42999267578125,251.28872680664062,341.2897033691406,353.315673828125,50.96553421020508,146.86605834960938,210.555908203125,1118.30078125,491.2900085449219,99.9000015258789,523.4253540039062,268.4674987792969,333.45001220703125,304.1070251464844,261.1347961425781,934.8983154296875,262.9855041503906,69.9644775390625,195.5696563720703,150.6179656982422,456.8985595703125,126.14974212646484,276.6707763671875,131.09519958496094,105.0386962890625,372.2991027832031,41.20732498168945,240.62606811523438,305.834228515625,122.56977081298828,250.99929809570312,250.12020874023438,751.2821044921875,430.72772216796875,385.8086242675781,278.9131774902344,155.82034301757812,673.7990112304688,462.739990234375,253.88389587402344,189.66114807128906,295.75592041015625,1144.0216064453125,70.24028015136719,446.92724609375,797.067138671875,144.62832641601562,571.1720581054688,303.9479675292969,66.52472686767578,482.9156799316406,60.66148376464844,732.0457153320312,,61.57255172729492,86.23870849609375,515.5162963867188,445.4363708496094,124.13500213623047,595.0248413085938,188.3000030517578,287.12469482421875,181.14010620117188,101.30999755859375,214.39999389648438,150.35299682617188,149.50558471679688,754.7879638671875,124.01835632324219,166.90016174316406,577.9193725585938,171.78817749023438,94.50163269042969,33.06229019165039,459.0400085449219,95.45870208740234,481.720947265625,667.4892578125,377.7940368652344,92.28630828857422,557.0200805664062,442.6000061035156,178.07778930664062,360.13006591796875,345.8105163574219,426.2699890136719,213.2145233154297,105.78681182861328,110.99291229248047,144.96409606933594
2025-10-22,257.9583435058594,226.85476684570312,127.30513000488281,249.13999938964844,354.0899963378906,238.7664337158203,78.0678939819336,230.22999572753906,291.861572265625,217.9499969482422,146.58999633789062,343.1000061035156,249.7496795654297,338.9391174316406,350.1129455566406,50.550052642822266,146.15126037597656,208.34877014160156,1117.984130859375,491.80999755859375,103.8499984741211,512.7103881835938,275.7060852050781,330.510009765625,304.4729309082031,260.3570861816406,942.0584106445312,256.2264404296875,69.90511322021484,192.63345336914062,152.36126708984375,459.4223937988281,126.83784484863281,274.4927062988281,129.0519561767578,105.20709228515625,359.4790954589844,40.67863845825195,237.2273406982422,297.1169128417969,119.9816665649414,252.18768310546875,251.34854125976562,737.0479125976562,439.8804626464844,383.9037780761719,284.3124694824219,155.97935485839844,669.536865234375,527.030029296875,249.7568359375,190.70889282226562,292.7892761230469,1111.0098876953125,69.8359146118164,446.7684020996094,809.8869018554688,140.84909057617188,570.5030517578125,306.5477294921875,63.54924392700195,470.8357849121094,60.87760925292969,732.1854248046875,,62.22932434082031,86.22886657714844,518.3843383789062,444.2037353515625,111.63700103759766,592.175537109375,187.1300048828125,285.9852294921875,180.2602081298828,101.20999908447266,212.4199981689453,150.2057647705078,150.07749938964844,738.4140014648438,123.97897338867188,167.3351287841797,583.30615234375,176.6924591064453,93.7264633178711,34.42344665527344,454.29998779296875,95.93107604980469,477.6882629394531,664.0191040039062,386.3395690917969,91.9148178100586,566.2140502929688,438.9700012207031,168.10252380371094,356.30572509765625,343.96795654296875,426.44000244140625,214.7722930908203,106.70306396484375,112.96244049072266,145.97622680664062
2025-10-23,259.0861511230469,226.42820739746094,125.7032470703125,249.80999755859375,354.1199951171875,241.67701721191406,77.9788818359375,234.99000549316406,288.8145751953125,221.08999633789062,152.75999450683594,341.3500061035156,251.50575256347656,342.9131774902344,353.0272216796875,51.20294952392578,144.92369079589844,202.88690185546875,1113.3525390625,490.1600036621094,102.38999938964844,519.2850341796875,282.1072082519531,337.2699890136719,301.703857421875,261.416748046875,939.4357299804688,254.63897705078125,69.51927947998047,191.4390869140625,153.33084106445312,466.4375915527344,125.0979232788086,273.5180358886719,132.10690307617188,107.05943298339844,371.2424011230469,41.12752151489258,235.9986572265625,305.5948486328125,119.27042388916016,253.3860626220703,252.7366485595703,743.1653442382812,438.853515625,380.01507568359375,281.83038330078125,156.47625732421875,676.4740600585938,551.2999877929688,254.18008422851562,190.24432373046875,293.2173767089844,1155.55712890625,68.97789001464844,446.92724609375,818.4699096679688,147.12123107910156,572.9094848632812,303.4438171386719,64.13054656982422,477.3188781738281,59.93452835083008,732.7744750976562,,62.36454391479492,85.8056411743164,518.404296875,442.1858215332031,111.35900115966797,601.3687744140625,187.83399963378906,281.22918701171875,182.13999938964844,98.2699966430664,215.02000427246094,148.7138214111328,150.08738708496094,763.1243896484375,123.80179595947266,168.08642578125,574.2783203125,178.14190673828125,94.01466369628906,35.518287658691406,456.0899963378906,94.6222152709961,480.6356201171875,667.9566650390625,381.07696533203125,92.1396713256836,570.9158325195312,448.9800109863281,169.55990600585938,355.2806701660156,344.5655517578125,422.6300048828125,214.4250030517578,106.42420196533203,114.21309661865234,145.26177978515625
2025-10-24,262.32000732421875,226.1702880859375,126.21067810058594,247.64999389648438,353.5199890136719,236.4320068359375,78.12722778320312,252.9199981689453,287.70025634765625,224.2100067138672,153.82000732421875,337.7300109863281,251.4860382080078,352.7138366699219,355.64312744140625,52.00423049926758,144.3798370361328,204.98570251464844,1124.862060546875,492.1000061035156,101.11000061035156,521.5098266601562,281.11016845703125,345.1000061035156,298.45013427734375,262.0389404296875,929.55322265625,254.41934204101562,69.87543487548828,189.93617248535156,152.35145568847656,469.7563781738281,125.20604705810547,275.71600341796875,131.60104370117188,105.37548065185547,375.12030029296875,41.267173767089844,238.95147705078125,303.08135986328125,119.4679946899414,260.1568603515625,259.5674133300781,775.9295654296875,445.7131042480469,381.6435852050781,304.04058837890625,156.67503356933594,681.834228515625,546.510009765625,242.63812255859375,188.1982421875,299.09088134765625,1179.306396484375,68.75105285644531,442.8758544921875,822.8660888671875,151.24948120117188,572.8095703125,302.2773742675781,62.23884963989258,488.7912902832031,59.698760986328125,737.1271362304688,,62.46112823486328,86.11075592041016,521.441650390625,436.3705749511719,109.46900177001953,601.2098999023438,186.03399658203125,277.9297180175781,186.23953247070312,97.2699966430664,217.11000061035156,148.75306701660156,151.41494750976562,768.9010620117188,124.45146942138672,167.00889587402344,576.5327758789062,177.35760498046875,93.83577728271484,35.34074783325195,464.17999267578125,94.35649871826172,487.35675048828125,673.4155883789062,379.81353759765625,92.14944458007812,571.5048217773438,433.7200012207031,166.54664611816406,357.3012390136719,345.9798583984375,421.3900146484375,212.986328125,105.73701477050781,113.632080078125,144.81524658203125
2025-10-27,268.2986145019531,226.2099609375,126.53901672363281,250.77000427246094,357.79998779296875,241.39886474609375,78.43379974365234,259.6700134277344,287.108642578125,226.97000122070312,156.80999755859375,336.8699951171875,252.32461547851562,360.6021423339844,359.7311096191406,52.44939041137695,145.31991577148438,209.29718017578125,1119.5972900390625,488.07000732421875,102.43000030517578,525.8397216796875,280.8509216308594,351.3999938964844,305.7684631347656,263.5457763671875,927.26953125,255.0583038330078,70.6273193359375,187.7962188720703,152.07723999023438,475.0624084472656,125.32401275634766,278.18243408203125,133.36659240722656,105.7717056274414,378.5595703125,40.99784469604492,245.0850372314453,312.0281066894531,119.00371551513672,269.5640869140625,268.9046630859375,781.9775390625,466.4712829589844,380.251953125,309.60797119140625,158.85147094726562,682.1336669921875,551.25,244.67202758789062,188.0994110107422,302.7842102050781,1211.5203857421875,69.09623718261719,441.7041320800781,823.8230590820312,156.4546661376953,571.5015258789062,306.43902587890625,63.5985107421875,493.0336608886719,60.57307052612305,749.56640625,,61.56289291381836,86.61271667480469,529.3189697265625,441.3507995605469,109.45600128173828,591.6494140625,189.25799560546875,279.0592956542969,191.46897888183594,95.79000091552734,220.2899932861328,149.8131561279297,150.6702423095703,771.0723266601562,125.09130096435547,185.53468322753906,583.8746948242188,177.94334411621094,94.25318145751953,35.66624069213867,465.4100036621094,93.8841323852539,494.5159912109375,681.3603515625,381.7335205078125,95.58084869384766,562.7999877929688,452.4200134277344,166.82237243652344,360.7313537597656,346.4180603027344,420.1700134277344,212.103271484375,104.04395294189453,114.1737060546875,146.3929901123047
2025-10-28,268.4882507324219,225.723876953125,125.97188568115234,253.35000610351562,359.9100036621094,237.7631378173828,77.52395629882812,258.010009765625,288.0256652832031,229.25,156.77000427246094,329.9599914550781,251.01246643066406,371.4784851074219,359.09454345703125,52.301002502441406,143.1211700439453,203.96636962890625,1113.302978515625,481.44000244140625,100.97000122070312,523.2457275390625,274.76885986328125,341.29998779296875,305.0069885253906,258.9182434082031,921.5953369140625,253.85025024414062,71.84417724609375,189.0005645751953,150.9509735107422,465.21539306640625,123.51527404785156,266.81488037109375,133.4261016845703,104.9000244140625,374.8411865234375,41.06766891479492,247.27491760253906,308.98602294921875,116.44522857666016,268.0661315917969,267.1071472167969,784.0563354492188,465.075439453125,380.7256774902344,309.0937805175781,156.29737854003906,677.681884765625,545.3900146484375,242.756591796875,184.7683868408203,303.98876953125,1202.45751953125,69.19486999511719,439.61883544921875,817.5328369140625,155.17828369140625,565.0811767578125,302.8803405761719,62.70192337036133,488.73150634765625,59.14862823486328,750.1853637695312,,61.11860275268555,85.65801239013672,539.8251953125,437.59326171875,110.25,590.7559204101562,187.58200073242188,277.83062744140625,201.0079345703125,96.30000305175781,221.3800048828125,147.34945678710938,150.30284118652344,763.93115234375,123.7525863647461,178.960693359375,652.8750610351562,177.37747192382812,93.2693099975586,35.370338439941406,456.8299865722656,92.41780090332031,491.5686340332031,683.1700439453125,373.9838562011719,94.93563079833984,556.6607055664062,460.54998779296875,164.36056518554688,362.5646667480469,345.50177001953125,422.3900146484375,202.63763427734375,102.7492446899414,113.2775650024414,144.28933715820312
2025-10-29,269.1869201660156,223.34303283691406,123.80287170410156,247.75,337.8599853515625,233.48170471191406,77.11849975585938,264.3299865722656,287.7101135253906,230.3000030517578,162.02999877929688,326.07000732421875,245.00428771972656,384.43646240234375,356.2995910644531,52.014129638671875,141.03118896484375,202.18544006347656,1086.6319580078125,475.760009765625,100.30000305175781,584.123291015625,277.1817626953125,341.42999267578125,295.8194885253906,254.2518310546875,909.887939453125,251.0547637939453,70.56795501708984,183.0386199951172,151.9009552001953,470.481689453125,122.17838287353516,256.06390380859375,135.320556640625,104.99907684326172,386.544677734375,42.08513641357422,247.3640899658203,313.46435546875,117.05768585205078,274.7969970703125,274.197509765625,775.117919921875,467.00970458984375,373.1161193847656,304.7822570800781,149.68849182128906,654.8339233398438,537.5900268554688,238.96522521972656,184.44219970703125,304.13812255859375,1231.610595703125,67.40975952148438,428.98388671875,810.9834594726562,160.21395874023438,553.7482299804688,298.87689208984375,61.61813735961914,469.75030517578125,56.830230712890625,750.4149780273438,,59.85334777832031,85.2151107788086,539.3073120117188,429.6109924316406,110.04100036621094,580.7684936523438,182.33999633789062,276.9685974121094,207.01727294921875,94.5199966430664,217.16000366210938,143.46255493164062,147.72117614746094,771.9189453125,121.53779602050781,176.62767028808594,651.3089599609375,175.0841827392578,94.02460479736328,36.32709503173828,455.3399963378906,92.02416229248047,471.02685546875,683.4981689453125,367.67669677734375,92.01258087158203,557.3395385742188,461.510009765625,157.81211853027344,350.16510009765625,339.9044189453125,417.2099914550781,195.98988342285156,102.04214477539062,114.6759262084961,142.83065795898438
2025-10-30,270.8836669921875,226.3786163330078,124.04166412353516,249.25,339.239990234375,231.35589599609375,77.326171875,254.83999633789062,287.9369201660156,222.86000061035156,158.44000244140625,328.19000244140625,241.37371826171875,374.9645080566406,356.9560546875,52.45927810668945,139.3685302734375,202.3587188720703,1086.6815185546875,478.5199890136719,100.56999969482422,581.788818359375,277.2415771484375,336.0899963378906,244.3734893798828,255.5740203857422,917.6264038085938,256.23638916015625,72.1310806274414,183.1182403564453,150.35354614257812,462.4530334472656,123.08274841308594,255.69593811035156,135.7073974609375,104.46417236328125,381.899169921875,41.626277923583984,246.66055297851562,309.9435119628906,116.99842071533203,281.5178527832031,281.09814453125,782.1458740234375,465.4144592285156,374.6064453125,306.6116943359375,147.6014862060547,654.9736938476562,530.02001953125,240.55484008789062,186.86387634277344,308.05047607421875,1210.8026123046875,68.03109741210938,426.8985595703125,841.8565063476562,160.55299377441406,552.8495483398438,298.9559631347656,61.155067443847656,476.990234375,56.7614631652832,665.357177734375,,55.17866134643555,84.91983032226562,523.582763671875,429.4122314453125,108.9000015258789,574.4246215820312,186.93600463867188,279.0394287109375,202.8677215576172,95.1500015258789,218.27000427246094,144.826904296875,148.5254669189453,771.2416381835938,122.28590393066406,175.23377990722656,652.4361572265625,176.13650512695312,93.82585144042969,35.82405471801758,442.92999267578125,93.55937194824219,489.4676818847656,675.98095703125,367.0698547363281,90.83944702148438,555.2530517578125,440.1000061035156,158.0583038330078,339.8058166503906,343.6393127441406,419.8900146484375,199.0061798095703,101.8130874633789,112.9427490234375,142.9894256591797
2025-10-31,269.85565185546875,216.29969787597656,122.99695587158203,250.10000610351562,340.30999755859375,232.57774353027344,78.0876693725586,256.1199951171875,294.2774353027344,244.22000122070312,157.69000244140625,340.67999267578125,239.33151245117188,368.15185546875,358.796142578125,52.87476348876953,138.8479766845703,202.2603302001953,1071.599365234375,477.5400085449219,100.72000122070312,575.9125366210938,276.1248779296875,338.69000244140625,241.7131805419922,258.1016540527344,910.20654296875,259.9903564453125,72.32894134521484,182.4115753173828,154.4669189453125,458.6970520019531,122.18821716308594,254.999755859375,138.43502807617188,104.84058380126953,380.3739318847656,41.59635543823242,251.5059814453125,308.148193359375,118.33199310302734,281.43798828125,280.80853271484375,781.3638916015625,458.3155822753906,374.64593505859375,303.99114990234375,145.38528442382812,666.32275390625,534.280029296875,240.831298828125,186.68594360351562,309.722900390625,1205.1494140625,67.95220184326172,415.3699035644531,860.1589965820312,157.01307678222656,551.162109375,295.0019226074219,61.49990463256836,478.3147277832031,56.447105407714844,647.2674560546875,,54.45428466796875,84.62456512451172,515.6656494140625,404.2923889160156,111.88600158691406,579.2396240234375,183.8560028076172,280.7833251953125,202.4677734375,94.44000244140625,220.24000549316406,143.3938446044922,149.3098907470703,769.727783203125,122.14808654785156,178.83216857910156,650.20166015625,177.2086944580078,93.9351577758789,35.56761169433594,453.82000732421875,92.54573822021484,485.1263122558594,678.1983642578125,354.3957824707031,90.64392852783203,566.4037475585938,456.55999755859375,160.41294860839844,336.66156005859375,339.3666076660156,425.57000732421875,198.21243286132812,100.76737213134766,112.6177749633789,143.4773406982422
2025-11-03,268.53814697265625,210.2682342529297,123.2158432006836,248.44000244140625,337.4700012207031,232.06118774414062,78.0876693725586,259.6499938964844,292.1770935058594,254.0,157.58999633789062,339.8399963378906,236.14491271972656,361.1001281738281,359.6813659667969,52.983577728271484,137.7524871826172,200.380615234375,1057.763916015625,475.67999267578125,98.58999633789062,569.2581176757812,277.4310302734375,335.4100036621094,255.76637268066406,256.80865478515625,926.7738647460938,260.9188537597656,73.65462493896484,181.1873321533203,150.86280822753906,459.0050964355469,121.56890869140625,256.0440368652344,138.8912811279297,104.64247131347656,385.36834716796875,41.0776481628418,250.6835479736328,307.8190612792969,120.56448364257812,283.73486328125,283.3350830078125,777.552978515625,460.19000244140625,373.4220886230469,301.3409423828125,144.6896209716797,674.9468994140625,544.2100219726562,240.05130004882812,184.1061248779297,307.96087646484375,1215.5184326171875,67.03498840332031,409.2927551269531,893.7236938476562,160.7823486328125,543.2539672851562,292.965576171875,61.490055084228516,483.94140625,55.651390075683594,636.645263671875,,54.734375,81.18958282470703,514.888916015625,389.1728210449219,110.00900268554688,571.2576293945312,182.76800537109375,279.5844421386719,206.85728454589844,91.69999694824219,219.22999572753906,140.94979858398438,146.97647094726562,768.7816162109375,122.27605438232422,178.6542510986328,640.6751098632812,175.75926208496094,92.57363891601562,36.51449966430664,445.7200012207031,91.66988372802734,494.8943176269531,679.4711303710938,356.30584716796875,89.40235900878906,563.8980712890625,468.3699951171875,160.41294860839844,329.00299072265625,335.5420837402344,426.0,195.23580932617188,101.17568969726562,112.02691650390625,143.7362518310547
2025-11-04,269.5262756347656,214.1668701171875,125.16596984863281,242.89999389648438,335.3500061035156,227.8592529296875,79.8183364868164,250.0500030517578,292.571533203125,249.32000732421875,153.5500030517578,344.2099914550781,237.5359649658203,350.5325622558594,358.55743408203125,52.96379470825195,139.10435485839844,198.83551025390625,1048.9364013671875,487.6600036621094,98.83999633789062,546.3018188476562,284.8092346191406,333.2200012207031,261.7397155761719,260.3959655761719,939.45654296875,254.02996826171875,71.5473861694336,183.2476348876953,150.22622680664062,465.32464599609375,121.7261962890625,257.2474060058594,136.6199188232422,104.26606750488281,376.5458679199219,39.322017669677734,249.5836639404297,303.4105529785156,121.50291442871094,277.6830749511719,277.1634826660156,782.80908203125,470.2799377441406,378.0904541015625,297.50408935546875,146.0709991455078,659.2058715820312,538.8200073242188,241.81863403320312,184.69918823242188,307.861328125,1189.9447021484375,67.71549987792969,415.0124206542969,904.0213012695312,155.3378448486328,551.9209594726562,295.77294921875,58.622947692871094,485.44512939453125,55.091434478759766,626.2725830078125,,55.352516174316406,82.5379867553711,512.2001342773438,391.8965148925781,109.2959976196289,572.9751586914062,177.51400756835938,281.1994934082031,198.66818237304688,93.83000183105469,214.52000427246094,140.26271057128906,146.1324462890625,765.9031982421875,122.05949401855469,170.8643035888672,626.4600219726562,174.33961486816406,93.25936889648438,35.62678527832031,416.3500061035156,91.25655364990234,497.0749816894531,671.4169921875,360.7327880859375,87.96527862548828,564.2573852539062,444.260009765625,158.32656860351562,326.0854187011719,338.9283447265625,421.6700134277344,199.1153106689453,101.85292053222656,112.401123046875,123.9308090209961
2025-11-05,269.6260986328125,215.0398406982422,123.91232299804688,247.82000732421875,335.5299987792969,234.4353485107422,75.4768295288086,256.3299865722656,315.4092712402344,250.1999969482422,140.4199981689453,341.70001220703125,234.36907958984375,357.54443359375,363.83892822265625,51.88552474975586,137.0454559326172,195.6245880126953,1062.454833984375,488.7699890136719,98.9000015258789,567.8214721679688,282.42626953125,327.6300048828125,256.71575927734375,260.5417785644531,933.75439453125,252.27279663085938,71.32972717285156,184.93968200683594,149.5112762451172,470.680419921875,121.66720581054688,257.51593017578125,131.3729248046875,104.19672393798828,384.2418518066406,40.11005783081055,253.76519775390625,304.3181457519531,121.08802795410156,284.364013671875,283.9242858886719,785.0462036132812,471.79547119140625,368.9708251953125,303.3582763671875,145.3057861328125,654.125244140625,548.5499877929688,241.9568634033203,183.84913635253906,310.2803955078125,1223.454833984375,67.56756591796875,415.3003845214844,922.9119873046875,164.58154296875,552.4801025390625,302.15875244140625,59.903785705566406,484.44927978515625,55.03248977661133,634.88818359375,,55.207637786865234,83.05962371826172,505.0597839355469,392.14501953125,109.84600067138672,566.383056640625,175.92599487304688,278.1972351074219,195.18858337402344,94.94000244140625,213.17999267578125,140.22344970703125,144.76217651367188,771.04248046875,121.88231658935547,177.66567993164062,642.6102905273438,172.7412567138672,93.1003646850586,36.05091857910156,409.1099853515625,89.95752716064453,494.9739990234375,673.7437133789062,355.81842041015625,89.88139343261719,566.6533203125,462.07000732421875,162.50926208496094,323.03973388671875,338.66943359375,417.0,198.97640991210938,101.05618286132812,111.94813537597656,119.9776840209961
2025-11-06,269.25677490234375,217.29171752929688,124.32025146484375,241.33999633789062,327.3500061035156,231.33604431152344,75.4372787475586,237.6999969482422,311.1986999511719,243.0399932861328,134.02000427246094,340.0,255.3139190673828,354.16796875,363.76934814453125,52.71648406982422,137.82240295410156,195.1426239013672,1058.36767578125,493.1499938964844,99.05000305175781,568.4500122070312,282.2168884277344,324.45001220703125,253.5511016845703,263.86663818359375,922.3200073242188,238.88441467285156,70.28105926513672,184.02398681640625,149.78550720214844,472.3597106933594,121.893310546875,251.67799377441406,130.4207305908203,104.00851440429688,376.2268371582031,38.55393600463867,256.5,304.4777526855469,121.8980484008789,284.9532165527344,284.36370849609375,779.592041015625,469.9609069824219,364.2629699707031,308.9454345703125,146.60768127441406,652.4383544921875,547.780029296875,241.2064971923828,184.80792236328125,312.0126037597656,1202.81640625,68.10999298095703,412.4107971191406,934.5055541992188,161.7296600341797,552.4501953125,294.9821472167969,58.475154876708984,480.2168273925781,55.199493408203125,617.9065551757812,,55.31388473510742,84.4277114868164,495.04144287109375,386.7870788574219,109.7020034790039,567.83251953125,171.75399780273438,279.51507568359375,188.05935668945312,95.0,211.3699951171875,138.96707153320312,145.09979248046875,830.8016357421875,122.05949401855469,171.22019958496094,645.2837524414062,173.83331298828125,93.61713409423828,35.86351013183594,396.1400146484375,89.45562744140625,487.9043884277344,666.514892578125,351.9783630371094,87.15386199951172,564.9961547851562,445.9100036621094,160.33346557617188,316.9483947753906,335.6018371582031,416.25,198.06356811523438,101.26532745361328,112.75564575195312,119.05164337158203
2025-11-07,267.9592590332031,217.4107666015625,125.72314453125,245.75999450683594,326.95001220703125,226.9652099609375,76.08009338378906,233.5399932861328,315.7445373535156,244.41000366210938,134.64999389648438,346.32000732421875,256.2511291503906,348.0325927734375,366.56427001953125,52.6274528503418,138.17202758789062,196.77377319335938,1070.99560546875,499.05999755859375,100.0199966430664,561.7855834960938,286.7036437988281,325.04998779296875,261.6606140136719,268.80523681640625,921.4810791015625,239.49342346191406,70.31073760986328,184.20315551757812,151.82261657714844,464.81793212890625,121.55908203125,254.73123168945312,128.43699645996094,104.4146499633789,372.6081237792969,39.71105194091797,259.7005615234375,306.4725341796875,117.39354705810547,279.32086181640625,278.4516906738281,778.3646240234375,475.1953125,366.2763671875,302.9726257324219,148.07852172851562,647.6571655273438,560.0,242.3814239501953,184.4125518798828,312.7990417480469,1189.824951171875,69.57949829101562,417.5644226074219,921.4765014648438,158.89772033691406,551.14208984375,296.2178039550781,55.450408935546875,485.9630126953125,56.17204284667969,620.6719360351562,,56.04792022705078,84.91983032226562,494.7626037597656,388.4272766113281,110.36599731445312,564.5066528320312,172.37399291992188,282.9996643066406,188.1293487548828,97.08999633789062,212.2899932861328,140.31178283691406,145.94378662109375,842.43994140625,123.63446044921875,168.9365997314453,655.9176635742188,175.6897735595703,94.65071105957031,36.1594123840332,393.42999267578125,89.98705291748047,494.29693603515625,667.1710815429688,354.1868896484375,89.19705963134766,571.4149169921875,429.5199890136719,159.50885009765625,319.56036376953125,334.6656188964844,409.4700012207031,200.3456573486328,102.1716079711914,115.4342041015625,119.72875213623047
2025-11-10,269.1781311035156,216.96437072753906,125.2555160522461,244.5500030517578,328.8500061035156,230.46188354492188,76.07019805908203,243.97999572753906,319.1564025878906,248.39999389648438,137.25999450683594,344.8699951171875,254.95875549316406,356.9568176269531,365.9078369140625,52.84508514404297,141.12442016601562,197.50669860839844,1071.421142578125,496.9800109863281,100.91000366210938,569.5174560546875,287.4015808105469,328.94000244140625,255.3114471435547,269.56353759765625,914.3109130859375,241.3204803466797,71.31983184814453,184.38229370117188,152.43960571289062,471.3759765625,120.84148406982422,257.14794921875,128.93292236328125,105.56369018554688,378.3901062011719,40.84822082519531,251.57533264160156,311.1304626464844,116.71194458007812,290.19610595703125,289.7064208984375,789.114501953125,457.93670654296875,365.605224609375,307.37750244140625,148.57542419433594,652.0690307617188,576.2000122070312,241.17686462402344,186.2312774658203,315.4670104980469,1214.3319091796875,69.54991149902344,417.72332763671875,963.6141967773438,165.8977813720703,552.1306762695312,295.6642150878906,54.59323501586914,482.92559814453125,55.25843811035156,630.7051391601562,,55.58431625366211,85.3824234008789,503.90460205078125,391.657958984375,112.00700378417969,558.9172973632812,173.25999450683594,285.6579284667969,199.0281524658203,98.0999984741211,216.5399932861328,139.98788452148438,144.47422790527344,839.0662231445312,122.94541931152344,169.6088409423828,653.1344604492188,177.73486328125,94.98860931396484,36.40599822998047,400.7699890136719,89.31785583496094,491.7279357910156,677.5819091796875,353.1820983886719,88.698486328125,575.34814453125,445.2300109863281,159.5386505126953,316.96807861328125,333.5003356933594,421.20001220703125,198.90696716308594,102.00231170654297,116.4189682006836,119.2806625366211
2025-11-11,274.99267578125,223.37278747558594,126.35992431640625,242.55999755859375,333.2200012207031,231.86251831054688,75.30870819091797,237.52000427246094,333.7406005859375,249.10000610351562,134.92999267578125,349.92999267578125,258.7077331542969,350.552490234375,368.17559814453125,53.052825927734375,146.8582763671875,201.1812744140625,1074.5186767578125,497.07000732421875,102.5,566.6043090820312,291.559326171875,318.510009765625,265.0428771972656,271.0801086425781,912.6132202148438,244.10598754882812,70.94390106201172,184.889892578125,153.01744079589844,474.9133605957031,121.56890869140625,260.6188659667969,128.47666931152344,108.30753326416016,366.766357421875,40.967918395996094,265.2792663574219,309.9136047363281,121.06827545166016,291.3445129394531,290.9147644042969,802.0914916992188,460.9377746582031,369.3656005859375,311.94146728515625,151.05003356933594,653.1171264648438,572.1699829101562,242.25306701660156,191.58859252929688,314.20269775390625,1187.3624267578125,70.62491607666016,423.6614074707031,985.525390625,158.7281951904297,557.5125732421875,303.305419921875,53.90355682373047,490.9622497558594,56.11309814453125,626.0330200195312,,56.41494369506836,89.51620483398438,506.573486328125,389.63006591796875,113.64399719238281,562.650146484375,172.13400268554688,286.3050842285156,193.1387939453125,99.22000122070312,218.27000427246094,142.40248107910156,147.49278259277344,856.3340454101562,124.28413391113281,171.99127197265625,672.8958740234375,177.92349243164062,95.52526092529297,37.096439361572266,395.6000061035156,89.69181823730469,495.601318359375,679.1329956054688,361.81719970703125,89.52944946289062,585.4705200195312,439.6199951171875,158.69415283203125,322.7539367675781,337.553955078125,429.2200012207031,201.6851348876953,103.01815032958984,117.9552001953125,119.60926818847656
2025-11-12,273.21435546875,231.3684539794922,128.17076110839844,246.52999877929688,337.04998779296875,239.8392791748047,77.13827514648438,258.8900146484375,331.60076904296875,244.1999969482422,134.97999572753906,350.1099853515625,258.0368347167969,353.7994689941406,370.7716064453125,53.52766036987305,149.2667999267578,206.15756225585938,1082.604248046875,502.3999938964844,104.12999725341797,571.6824340820312,294.0619201660156,315.5400085449219,267.6240539550781,271.79949951171875,912.7530517578125,245.62353515625,73.16986083984375,184.4121551513672,150.1576690673828,477.72540283203125,121.79500579833984,259.6343078613281,131.36300659179688,107.71320343017578,368.251708984375,41.70608139038086,266.2206115722656,308.218017578125,121.8980484008789,287.04034423828125,286.3210144042969,830.4608154296875,472.2042236328125,366.296142578125,313.1943359375,153.0972900390625,658.0879516601562,572.4500122070312,242.32215881347656,192.14210510253906,318.97119140625,1195.4083251953125,70.52629852294922,425.9552001953125,1014.5941162109375,160.9618377685547,560.3882446289062,303.4141845703125,54.80999755859375,488.8111572265625,56.00503921508789,607.9931640625,,56.067237854003906,90.0083236694336,509.0233154296875,389.6400146484375,115.75,554.5391235351562,172.80799865722656,285.22979736328125,193.7787322998047,98.08999633789062,210.0399932861328,141.7252197265625,146.96652221679688,852.7307739257812,122.8863525390625,174.65052795410156,680.0482788085938,176.40457153320312,97.10542297363281,35.57746887207031,398.80999755859375,90.42990112304688,493.7193908691406,679.5108642578125,365.4383239746094,90.98465728759766,586.9978637695312,430.6000061035156,162.03236389160156,334.1974182128906,338.1826477050781,434.19000244140625,202.21099853515625,103.01815032958984,116.32049560546875,120.73445892333984
2025-11-13,272.6948547363281,230.4359588623047,128.6085205078125,247.57000732421875,333.6000061035156,235.9552001953125,77.48440551757812,247.9600067138672,331.32470703125,237.5800018310547,130.3000030517578,350.94000244140625,259.4969787597656,338.6203918457031,362.77471923828125,52.301002502441406,149.98159790039062,202.1754913330078,1058.5755615234375,513.1099853515625,104.9800033569336,552.2578735351562,295.3481140136719,315.989990234375,267.9010009765625,275.6493225097656,923.8179321289062,240.0425262451172,76.5533218383789,187.02984619140625,152.3710479736328,470.4022216796875,121.49026489257812,260.5492858886719,127.41537475585938,108.20848083496094,352.9693908691406,40.439239501953125,264.9027099609375,303.380615234375,123.67613983154297,278.74163818359375,278.19207763671875,797.3302612304688,471.8752136230469,363.2760009765625,303.1316833496094,151.75563049316406,648.9148559570312,565.510009765625,242.18392944335938,192.99217224121094,308.0903015136719,1158.26904296875,70.09234619140625,425.6374816894531,1019.6681518554688,152.8848419189453,554.7367553710938,304.0467834472656,54.00208282470703,488.741455078125,55.96574783325195,608.8717041015625,,55.8354377746582,91.46499633789062,501.205810546875,381.10107421875,115.4229965209961,553.9732666015625,169.93800354003906,282.2828369140625,186.8394775390625,98.3499984741211,204.77000427246094,142.34359741210938,146.91688537597656,840.373779296875,122.05949401855469,172.50534057617188,693.2857055664062,172.70155334472656,94.76996612548828,35.81419372558594,393.92999267578125,89.72134399414062,500.8089294433594,668.2350463867188,371.48687744140625,89.7076416015625,579.12158203125,401.989990234375,161.17794799804688,327.7511901855469,335.3883972167969,434.5199890136719,202.9154510498047,102.121826171875,116.98028564453125,120.64484405517578
2025-11-14,272.15533447265625,230.5054168701172,129.93182373046875,245.2100067138672,331.1099853515625,233.33270263671875,76.89103698730469,246.80999755859375,332.05438232421875,234.69000244140625,131.3699951171875,350.1300048828125,255.8565216064453,341.0904541015625,355.2651672363281,52.043800354003906,149.98159790039062,201.0760955810547,1046.9866943359375,508.94000244140625,102.69000244140625,552.73681640625,294.6202697753906,314.92999267578125,266.6845703125,277.10760498046875,921.7207641601562,243.267333984375,77.16669464111328,186.29153442382812,154.3689727783203,473.2043151855469,121.67371368408203,257.1678161621094,127.09161376953125,109.35752868652344,351.29461669921875,40.0601806640625,265.1206970214844,304.0289306640625,123.49832916259766,276.60455322265625,276.0350036621094,782.8882446289062,471.2470703125,357.6403503417969,303.9570007324219,151.12954711914062,661.1921997070312,549.510009765625,240.8806610107422,193.664306640625,302.2466125488281,1130.9503173828125,70.18111419677734,420.42425537109375,1023.5716552734375,147.8391876220703,544.9114990234375,303.50311279296875,52.69168472290039,477.4981384277344,55.85768508911133,608.4424438476562,,56.202457427978516,91.45515441894531,508.0672912597656,377.7213134765625,111.21700286865234,553.9732666015625,170.08599853515625,282.7308654785156,190.1491241455078,98.80000305175781,205.25,143.1582794189453,146.62892150878906,830.40234375,120.90780639648438,171.99127197265625,691.7994384765625,174.29991149902344,94.07231903076172,36.43558883666992,389.8299865722656,89.24897003173828,491.78765869140625,668.125732421875,360.3448181152344,88.99488830566406,577.7041015625,404.3500061035156,158.2967529296875,317.24407958984375,329.3408508300781,437.1499938964844,207.53912353515625,102.06207275390625,118.50015258789062,120.30628204345703
2025-11-17,267.2099609375,232.13232421875,129.37464904785156,241.3300018310547,325.07000732421875,228.41552734375,75.61528778076172,240.52000427246094,336.9552307128906,232.8699951171875,127.26000213623047,350.0199890136719,249.6904754638672,341.2796936035156,339.42059326171875,50.92596435546875,148.38108825683594,191.35690307617188,1013.2002563476562,503.260009765625,101.76000213623047,550.7613525390625,294.7099914550781,311.2900085449219,268.3360900878906,271.362060546875,911.344970703125,236.64801025390625,76.94905090332031,183.33831787109375,151.62673950195312,472.9559020996094,124.12284851074219,254.0648956298828,126.44409942626953,108.44622039794922,341.6845703125,38.9030647277832,262.3165283203125,299.3511047363281,122.57965087890625,285.2128601074219,284.63330078125,767.6939697265625,475.6838684082031,353.36676025390625,295.48529052734375,149.40029907226562,644.7924194335938,546.7100219726562,238.3530731201172,197.27210998535156,299.02117919921875,1132.228759765625,69.70771026611328,414.9230651855469,1019.9976196289062,147.0414581298828,536.0447998046875,301.3975830078125,50.937923431396484,470.1685485839844,54.590423583984375,601.0048217773438,,56.144508361816406,91.39610290527344,505.388427734375,375.4449157714844,110.29000091552734,558.9669799804688,167.1580047607422,280.1721496582031,186.5795135498047,99.55999755859375,202.89999389648438,145.1017303466797,144.79197692871094,819.4427490234375,121.58700561523438,164.8439178466797,702.5828857421875,174.35946655273438,91.60066986083984,35.3111572265625,390.239990234375,89.87405395507812,486.85888671875,661.901123046875,358.2656555175781,87.58918762207031,566.174072265625,408.9200134277344,153.9849090576172,315.92327880859375,325.07965087890625,434.0199890136719,206.34848022460938,102.5301513671875,116.90081024169922,118.29487609863281
2025-11-18,267.19000244140625,232.00335693359375,129.3448028564453,240.0,324.4700012207031,228.60427856445312,76.21855163574219,230.2899932861328,339.2034912109375,222.5500030517578,123.44999694824219,348.5400085449219,248.77297973632812,339.1383361816406,338.8337707519531,51.0842399597168,149.4299774169922,190.5204315185547,1008.5885009765625,504.3699951171875,99.22000122070312,545.6034545898438,295.6971130371094,303.2099914550781,269.60198974609375,271.5079040527344,893.85888671875,233.1237030029297,76.54342651367188,183.48797607421875,152.1317901611328,470.83941650390625,122.75450897216797,254.2737274169922,126.26478576660156,108.53536224365234,337.2384338378906,39.90058135986328,260.6815490722656,295.2417907714844,125.63204193115234,284.5736999511719,283.8943176269531,768.4264526367188,476.7207946777344,332.09747314453125,288.3062438964844,151.83514404296875,648.5355224609375,546.77001953125,238.86648559570312,197.68724060058594,298.06549072265625,1121.632568359375,70.24028015136719,411.8149719238281,1028.333740234375,142.8334503173828,526.7887573242188,301.0911560058594,50.12015914916992,468.2166748046875,54.79671859741211,596.6920776367188,,56.92683792114258,94.90982055664062,491.74517822265625,370.1465759277344,114.08999633789062,562.6700439453125,163.593994140625,279.5050964355469,181.340087890625,98.33000183105469,201.0,146.02439880371094,145.9537353515625,815.7796020507812,121.86262512207031,163.17324829101562,723.5613403320312,173.45603942871094,91.96942138671875,35.54787826538086,383.82000732421875,89.98320007324219,488.1831970214844,656.3428344726562,357.6587829589844,87.63867950439453,575.0287475585938,401.25,156.2998046875,309.08282470703125,320.51904296875,435.5199890136719,209.65252685546875,100.97650909423828,118.24187469482422,117.63768005371094
2025-11-19,268.3089294433594,231.051025390625,125.51420593261719,241.0800018310547,318.1099853515625,230.66055297851562,74.91313171386719,223.5500030517578,337.6356201171875,222.69000244140625,124.80999755859375,344.1700134277344,249.84832763671875,353.0026550292969,342.79241943359375,51.46015167236328,148.56756591796875,186.84625244140625,1004.1746215820312,501.260009765625,97.01000213623047,551.8189086914062,293.0947570800781,306.760009765625,268.9888610839844,264.9068298339844,889.3849487304688,227.5127716064453,77.55253601074219,183.0489959716797,150.2303924560547,471.7535400390625,121.19776916503906,260.0718994140625,127.67935180664062,106.07878112792969,344.5755310058594,41.1474723815918,260.17620849609375,300.039306640625,126.51121520996094,292.59283447265625,292.4127502441406,778.0181884765625,479.63214111328125,330.1432189941406,286.8942565917969,152.69976806640625,649.4238891601562,564.6400146484375,238.0173797607422,200.168212890625,301.90814208984375,1165.9449462890625,70.13179779052734,410.3056335449219,1047.85107421875,148.37765502929688,529.5645141601562,299.26239013671875,50.05118942260742,470.9054870605469,55.091434478759766,589.3343505859375,,56.608116149902344,93.55157470703125,485.102783203125,369.3016662597656,110.0,560.9227294921875,163.2899932861328,280.53057861328125,186.49951171875,98.69999694824219,199.89999389648438,144.39501953125,145.9537353515625,819.143310546875,120.48454284667969,164.21124267578125,701.0267333984375,172.51292419433594,92.32820892333984,35.370338439941406,386.29998779296875,88.3559799194336,488.700927734375,658.87841796875,362.3444519042969,85.21334838867188,572.7925415039062,403.989990234375,156.07127380371094,304.6572265625,323.4530029296875,421.0299987792969,213.978515625,100.19969177246094,116.572998046875,116.58219146728516
2025-11-20,266.0010986328125,227.61863708496094,123.3451919555664,240.7899932861328,312.3999938964844,223.7069549560547,74.85379791259766,206.02000427246094,331.39373779296875,217.13999938964844,119.58999633789062,345.8900146484375,247.71734619140625,345.43304443359375,341.9568786621094,50.45112991333008,147.29336547851562,182.55746459960938,982.2440795898438,501.1199951171875,96.5999984741211,544.855224609375,295.4478454589844,302.1400146484375,266.6252136230469,267.5608825683594,892.0712890625,225.00680541992188,74.6340560913086,182.77960205078125,148.85385131835938,473.30364990234375,121.5051498413086,260.3105773925781,123.24639129638672,105.06841278076172,327.1698303222656,39.53150177001953,260.7013854980469,289.8657531738281,123.46869659423828,289.5869445800781,289.05731201171875,765.852783203125,474.8663024902344,328.05084228515625,288.753662109375,150.72207641601562,636.2681274414062,552.22998046875,238.04701232910156,200.72174072265625,297.0401306152344,1101.019287109375,70.23041534423828,405.64849853515625,1041.5516357421875,139.1938018798828,527.0882568359375,300.6661071777344,48.297428131103516,472.5586242675781,54.767250061035156,588.1663818359375,,56.19279861450195,93.47283935546875,477.3404846191406,364.8582458496094,105.66999816894531,563.2557983398438,160.0919952392578,278.9873962402344,180.6201629638672,99.01000213623047,185.07000732421875,143.40365600585938,147.145263671875,817.875732421875,121.19327545166016,157.76577758789062,736.114501953125,171.48043823242188,90.1854476928711,34.70948791503906,385.6000061035156,87.87972259521484,488.81048583984375,648.8355712890625,358.61383056640625,82.83750915527344,571.744384765625,395.2300109863281,152.33566284179688,307.07208251953125,323.1037292480469,422.32000732421875,215.10963439941406,106.67318725585938,116.24517822265625,115.39724731445312
2025-11-21,271.2361755371094,234.3941192626953,127.46432495117188,251.85000610351562,324.19000244140625,230.77975463867188,75.12080383300781,203.77999877929688,335.21722412109375,220.69000244140625,117.43000030517578,346.510009765625,253.91299438476562,338.8395080566406,350.9981994628906,51.005104064941406,149.73297119140625,189.92254638671875,1004.2142333984375,504.0400085449219,96.87999725341797,549.1451416015625,297.41204833984375,300.5799865722656,275.02154541015625,265.4901428222656,897.7835083007812,226.74400329589844,75.28699493408203,185.37364196777344,148.5270538330078,484.14434814453125,121.76295471191406,265.6114807128906,127.72916412353516,105.95991516113281,330.6788635253906,39.77090072631836,266.9736633300781,286.6940002441406,125.09861755371094,299.2438049316406,299.2534484863281,766.179443359375,489.5426330566406,338.8483581542969,295.7537536621094,153.4749298095703,661.930908203125,561.6099853515625,244.63255310058594,201.54214477539062,296.6817321777344,1095.6962890625,71.94647979736328,409.8488464355469,1057.9342041015625,142.24510192871094,539.5895385742188,305.7964782714844,50.14971923828125,478.61553955078125,55.995216369628906,593.2578125,,56.202457427978516,96.21885681152344,471.04486083984375,366.796630859375,104.30999755859375,562.6104736328125,162.68600463867188,285.03070068359375,178.86036682128906,100.43000030517578,182.89999389648438,143.62942504882812,149.85601806640625,838.0081787109375,123.82148742675781,161.43336486816406,754.9918212890625,169.11827087402344,90.20538330078125,35.695831298828125,388.3599853515625,88.57426452636719,491.4889831542969,655.2987670898438,366.3634948730469,86.73784637451172,586.4588012695312,391.0899963378906,158.36630249023438,315.3811950683594,327.3050842285156,426.760009765625,214.9310302734375,104.8904800415039,116.3047866821289,121.54100799560547
2025-11-24,275.6620788574219,227.6781463623047,126.54896545410156,243.6199951171875,318.7300109863281,237.81280517578125,74.28019714355469,215.0500030517578,331.99951171875,226.27999877929688,122.16999816894531,344.70001220703125,253.1335906982422,376.448486328125,354.0218811035156,51.371116638183594,148.36557006835938,194.19937133789062,1008.9348754882812,507.80999755859375,98.04000091552734,558.2937622070312,294.9393310546875,304.4700012207031,268.4745788574219,268.008056640625,884.9110717773438,226.45448303222656,75.42550659179688,181.74200439453125,148.29928588867188,484.1344299316406,121.05894470214844,267.33203125,128.12762451171875,105.58350372314453,329.4028625488281,40.68861770629883,264.5459899902344,293.2868347167969,123.74528503417969,318.0382995605469,318.14776611328125,782.6903076171875,499.5528259277344,332.1961364746094,302.3958740234375,151.9543914794922,652.0291137695312,568.47998046875,239.45889282226562,203.6672821044922,296.6618347167969,1135.2548828125,71.5914306640625,404.81439208984375,1068.3768310546875,149.95318603515625,537.0432739257812,301.3975830078125,50.95000457763672,477.7174987792969,55.199493408203125,612.0264282226562,,55.37183380126953,98.81724548339844,472.92059326171875,366.1405334472656,106.97000122070312,561.4786987304688,163.16799926757812,281.8646545410156,182.52996826171875,99.0,183.88999938964844,142.81472778320312,145.94378662109375,838.4573364257812,124.47115325927734,163.17324829101562,760.53515625,172.63661193847656,90.21534729003906,35.222381591796875,404.6300048828125,88.44527435302734,487.1476135253906,664.9437866210938,368.30340576171875,83.68885040283203,585.0512084960938,417.7799987792969,160.2142333984375,314.474365234375,328.6223449707031,424.0,210.1883087158203,103.6356201171875,115.20213317871094,122.34757232666016
2025-11-25,276.7110900878906,229.9498748779297,127.40463256835938,249.22999572753906,319.54998779296875,250.34915161132812,74.18131256103516,206.1300048828125,338.76263427734375,229.6699981689453,125.04000091552734,350.9599914550781,255.45204162597656,383.490234375,360.6959228515625,51.915199279785156,151.88511657714844,195.4290313720703,1019.1085205078125,508.57000732421875,101.36000061035156,565.287353515625,296.8935546875,303.6600036621094,275.1303405761719,269.2718811035156,893.10986328125,233.74270629882812,75.50464630126953,183.24851989746094,147.09109497070312,494.9651794433594,120.90029907226562,271.9665832519531,130.39889526367188,104.47408294677734,335.603515625,40.967918395996094,271.3731689453125,292.6784362792969,125.5727767944336,323.2012939453125,323.0011901855469,794.1825561523438,514.31884765625,346.4974060058594,302.75384521484375,154.9954833984375,646.8786010742188,578.8699951171875,245.2052001953125,205.57713317871094,301.6393737792969,1144.4029541015625,71.61116027832031,404.99310302734375,1108.0904541015625,151.49876403808594,545.6503295898438,306.88385009765625,51.526611328125,484.6225891113281,55.53350067138672,635.15771484375,,56.34733581542969,103.99432373046875,475.90374755859375,367.31353759765625,104.4000015258789,565.3108520507812,165.06199645996094,287.78851318359375,177.80047607421875,101.37999725341797,186.27000427246094,143.41346740722656,147.4431610107422,850.4549560546875,125.39644622802734,161.43336486816406,786.3740844726562,171.58010864257812,90.43460845947266,35.4097900390625,401.6099853515625,88.59410858154297,493.0439147949219,671.1981811523438,373.13824462890625,85.70831298828125,596.7409057617188,419.3999938964844,160.72093200683594,321.6007080078125,333.8415832519531,429.82000732421875,214.5440673828125,106.56362915039062,113.75180053710938,127.34622192382812
2025-11-26,277.29052734375,225.84292602539062,127.89215087890625,247.85000610351562,317.5199890136719,256.21002197265625,75.1999282836914,214.24000549316406,342.1988525390625,229.16000366210938,127.6500015258789,352.6099853515625,255.4816436767578,395.9801025390625,362.0187683105469,52.41971206665039,150.64976501464844,195.65248107910156,1029.2919921875,511.2300109863281,100.95999908447266,572.3907470703125,297.0231628417969,306.3500061035156,275.2786865234375,273.0536193847656,907.0208740234375,227.78231811523438,75.25731658935547,184.17640686035156,148.0615997314453,466.88470458984375,122.38763427734375,273.48822021484375,130.93682861328125,105.19718170166016,340.62786865234375,42.04523849487305,273.3152770996094,295.8501892089844,125.95802307128906,319.8458557128906,319.5159606933594,807.733642578125,513.2320556640625,350.840087890625,301.49102783203125,155.3234405517578,627.9734497070312,574.22998046875,245.83709716796875,206.46241760253906,306.258544921875,1157.5657958984375,71.87744903564453,405.042724609375,1102.4998779296875,154.6996612548828,544.1126708984375,308.8114318847656,52.26227569580078,486.0794372558594,56.201515197753906,632.5521240234375,,56.68537902832031,102.98055267333984,484.3943786621094,367.3035888671875,106.13999938964844,563.0175170898438,160.54400634765625,288.7542419433594,180.24020385742188,101.51000213623047,185.35000610351562,145.24896240234375,147.204833984375,859.8873901367188,126.15440368652344,163.2523193359375,783.6672973632812,172.61666870117188,91.49104309082031,35.17306900024414,409.67999267578125,89.53670501708984,494.46063232421875,675.8318481445312,370.3627014160156,88.8958969116211,592.21875,426.5799865722656,164.27772521972656,324.9814758300781,333.1031188964844,432.1700134277344,215.65536499023438,108.65506744384766,114.01007843017578,127.14707946777344
2025-11-28,278.5893249511719,225.88259887695312,128.25033569335938,250.0,320.1300048828125,263.580810546875,75.31861114501953,217.52999877929688,343.08270263671875,233.22000122070312,130.67999267578125,353.9200134277344,257.5435485839844,401.3485107421875,363.3117980957031,53.07261276245117,150.74301147460938,195.76559448242188,1036.45703125,513.8099975585938,101.58000183105469,574.4160766601562,295.3082275390625,311.8399963378906,274.220458984375,273.627197265625,912.3436279296875,230.16847229003906,76.11802673339844,185.5931396484375,149.66592407226562,461.53887939453125,122.89332580566406,273.65728759765625,132.86941528320312,106.83160400390625,344.8148193359375,42.873172760009766,273.1666564941406,297.67547607421875,124.308349609375,319.68603515625,319.74560546875,817.6619262695312,506.78131103515625,352.2712097167969,306.8305969238281,156.3271942138672,632.914306640625,573.47998046875,246.12342834472656,205.8258056640625,311.6741027832031,1173.944580078125,72.11415100097656,407.44580078125,1073.677978515625,155.55722045898438,549.704345703125,308.23809814453125,53.26636505126953,489.7215576171875,56.55516815185547,646.8681640625,,56.994449615478516,103.17740631103516,490.88958740234375,367.4825134277344,107.58000183105469,568.1204223632812,162.48199462890625,290.80517578125,176.98056030273438,101.69999694824219,190.1300048828125,145.99493408203125,147.115478515625,860.0970458984375,126.51860809326172,166.16860961914062,779.2526245117188,174.3309783935547,92.41791534423828,35.74515151977539,418.010009765625,90.40985107421875,497.67315673828125,679.5208129882812,369.2584228515625,89.7076416015625,589.802978515625,430.1700134277344,167.1787872314453,325.0406188964844,333.75177001953125,433.6099853515625,216.17129516601562,110.05931854248047,115.1524658203125,127.6349868774414
2025-12-01,282.8353576660156,223.3132781982422,127.36482238769531,257.42999267578125,322.8500061035156,264.7430725097656,75.76362609863281,219.75999450683594,335.1675720214844,233.8800048828125,128.11000061035156,351.1700134277344,257.3561096191406,384.5360107421875,358.3783874511719,52.667022705078125,149.03372192382812,194.85421752929688,1029.173095703125,508.54998779296875,101.01000213623047,566.7340087890625,293.0150146484375,309.6199951171875,270.5514221191406,271.2259216308594,910.7158203125,232.4547882080078,75.2276382446289,185.00448608398438,151.06224060058594,465.1358642578125,119.73026275634766,271.3698425292969,131.43492126464844,108.67404174804688,338.65399169921875,42.962947845458984,270.8479919433594,287.701416015625,122.81672668457031,314.6928405761719,314.4627990722656,802.6359252929688,501.5069885253906,352.67584228515625,303.9371032714844,155.96942138671875,630.4588623046875,567.3699951171875,244.35609436035156,204.254150390625,307.5328063964844,1155.6783447265625,71.45864868164062,404.2880859375,1056.1273193359375,154.35064697265625,543.1541137695312,301.88360595703125,53.11724090576172,486.1891784667969,55.405792236328125,639.7999877929688,,57.12001037597656,100.22469329833984,485.6315612792969,371.1307373046875,109.12999725341797,543.7684326171875,164.41400146484375,288.55511474609375,179.90025329589844,101.23999786376953,187.72999572753906,146.75071716308594,146.4005584716797,854.5274047851562,126.91233825683594,166.11917114257812,749.208740234375,167.4637908935547,92.37804412841797,36.1002311706543,438.2900085449219,88.31629180908203,494.12139892578125,676.4185180664062,370.3925476074219,90.440185546875,584.1328735351562,430.1400146484375,167.0695037841797,318.5747375488281,329.7101135253906,425.6000061035156,214.2464141845703,111.07514953613281,115.8577651977539,126.70894622802734
2025-12-02,285.9224548339844,222.5791778564453,125.683349609375,261.0199890136719,322.80999755859375,271.1602478027344,76.0998764038086,215.24000549316406,336.03155517578125,234.4199981689453,127.22000122070312,345.70001220703125,253.321044921875,380.0440979003906,358.7663269042969,52.617557525634766,147.98486328125,204.5439453125,1027.8668212890625,506.6499938964844,99.0199966430664,581.1103515625,293.6331787109375,317.94000244140625,271.0755615234375,269.7676696777344,920.7720947265625,234.33177185058594,76.04877471923828,183.767333984375,148.79443359375,466.16925048828125,118.67921447753906,269.4106140136719,131.33529663085938,108.03018188476562,332.07452392578125,42.863197326660156,267.90509033203125,288.56915283203125,122.40184020996094,315.59161376953125,315.38153076171875,810.9422607421875,498.8249816894531,349.4188537597656,300.06915283203125,154.39918518066406,634.4614868164062,567.719970703125,245.2348175048828,204.333740234375,306.4974670410156,1188.31591796875,70.18739318847656,405.926513671875,1044.376953125,157.7410125732422,545.0911865234375,299.0494384765625,56.3780403137207,486.7878723144531,55.003021240234375,646.01953125,,56.810935974121094,99.43730926513672,488.8841552734375,375.315673828125,109.3499984741211,545.2237548828125,164.87600708007812,290.4666748046875,181.44007873535156,99.83999633789062,189.8800048828125,145.86734008789062,144.83169555664062,857.3421630859375,126.91233825683594,168.748779296875,741.1085205078125,168.24119567871094,91.7601318359375,35.86351013183594,449.3500061035156,88.34606170654297,490.0708312988281,677.67138671875,364.78173828125,89.55915069580078,579.3611450195312,429.239990234375,174.12344360351562,319.8856506347656,328.9416809082031,433.1499938964844,212.86724853515625,111.95156860351562,114.61603546142578,123.91089630126953
2025-12-03,283.8843688964844,228.40232849121094,124.65853881835938,272.8500061035156,326.7799987792969,276.3952941894531,76.21855163574219,217.60000610351562,343.0429992675781,232.3800048828125,127.80000305175781,344.45001220703125,256.85296630859375,379.0879211425781,366.156494140625,53.50787353515625,150.39337158203125,201.0442352294922,1068.6898193359375,503.6000061035156,98.56999969482422,590.1093139648438,294.1815490722656,336.1099853515625,267.3372802734375,266.7053527832031,921.0017700195312,238.33529663085938,76.91937255859375,184.28614807128906,150.1214599609375,478.7587890625,117.61825561523438,262.88641357421875,134.37362670898438,110.45704650878906,334.5268859863281,44.41931915283203,267.984375,287.74127197265625,123.47857666015625,320.1853942871094,319.1963806152344,832.1904296875,485.3251647949219,353.2483215332031,300.9043884277344,155.87997436523438,646.4893188476562,569.7100219726562,246.87379455566406,204.2442169189453,310.7283935546875,1210.177490234375,70.32643127441406,407.7802734375,1031.837890625,159.55882263183594,552.8994750976562,306.0006103515625,63.23765182495117,490.94891357421875,55.04231643676758,638.5321044921875,,56.41494369506836,100.65775299072266,476.64208984375,373.456787109375,103.95999908447266,551.5535278320312,166.5800018310547,292.7565612792969,179.57028198242188,98.61000061035156,193.6300048828125,145.32748413085938,145.6757049560547,867.5830688476562,127.16828155517578,173.06883239746094,722.800537109375,167.89234924316406,93.67366790771484,37.329864501953125,466.44000244140625,87.29431915283203,498.7207336425781,680.0180053710938,364.0555419921875,90.0046157836914,579.4409790039062,446.739990234375,181.41586303710938,334.8381042480469,328.93170166015625,463.1300048828125,214.46469116210938,113.94341278076172,117.02001953125,122.04884338378906
2025-12-04,280.4375915527344,226.88455200195312,124.76799011230469,269.3399963378906,328.7300109863281,275.42181396484375,76.42622375488281,215.97999572753906,337.8192138671875,229.11000061035156,128.5500030517578,347.7099914550781,258.1059265136719,379.5062561035156,369.1602783203125,53.577117919921875,150.54100036621094,200.24717712402344,1064.444091796875,503.2300109863281,97.72000122070312,597.75146484375,293.7727966308594,337.29998779296875,266.9494323730469,265.5873718261719,894.6377563476562,247.06121826171875,76.92926788330078,183.60769653320312,150.7849578857422,479.9610900878906,116.97373962402344,262.9759521484375,136.11692810058594,111.10091400146484,337.8764343261719,44.499122619628906,271.5515441894531,291.1025390625,121.12754821777344,317.9584045410156,317.1890869140625,833.4437866210938,486.2125549316406,348.83782958984375,306.2439270019531,158.12599182128906,661.8610229492188,568.6300048828125,246.22216796875,201.40928649902344,314.6805725097656,1206.51220703125,69.9688949584961,402.3784484863281,1012.7996215820312,156.90200805664062,541.4966430664062,306.82598876953125,64.34115600585938,488.4243469238281,54.816368103027344,660.4254760742188,,56.34733581542969,99.29950714111328,479.7449951171875,369.2817687988281,103.22000122070312,551.2344970703125,167.7740020751953,293.8318176269531,183.37008666992188,99.51000213623047,195.67999267578125,144.19871520996094,144.33522033691406,872.0347290039062,126.17407989501953,173.2377471923828,721.9315795898438,170.74288940429688,94.71016693115234,37.896522521972656,463.739990234375,86.64938354492188,495.8374328613281,680.51513671875,362.46380615234375,90.6678695678711,574.2400512695312,454.5299987792969,178.95193481445312,328.707275390625,326.4268798828125,457.3599853515625,212.51998901367188,114.37165832519531,116.36438751220703,119.89803314208984
2025-12-05,278.5193786621094,224.27552795410156,124.44960021972656,266.5899963378906,346.260009765625,279.42510986328125,76.17898559570312,217.97000122070312,327.619873046875,229.52999877929688,128.58999633789062,345.20001220703125,257.1883850097656,388.6794128417969,368.3645935058594,53.646728515625,150.69639587402344,207.40846252441406,1066.2242431640625,504.3399963378906,97.5199966430664,601.7620239257812,294.1317138671875,337.5299987792969,263.9857482910156,263.3319396972656,893.4594116210938,260.15008544921875,77.13702392578125,186.3214569091797,148.54685974121094,472.0914001464844,115.53598022460938,258.2717590332031,136.8640594482422,111.11080932617188,336.6103820800781,45.08765411376953,271.78936767578125,283.2030944824219,119.74458312988281,321.65338134765625,320.8341064453125,850.086181640625,485.25537109375,352.25494384765625,306.1942443847656,156.843994140625,672.3916015625,575.3400268554688,246.53810119628906,200.8621826171875,313.6253356933594,1212.8839111328125,69.52196502685547,398.23236083984375,1008.6265869140625,158.5100860595703,544.7018432617188,309.5010681152344,65.42477416992188,495.42919921875,53.94205856323242,672.2955932617188,,56.0092887878418,98.14795684814453,482.0597229003906,372.16455078125,100.23999786376953,547.2173461914062,170.8719940185547,292.89593505859375,182.40013122558594,98.88999938964844,198.83999633789062,143.73585510253906,142.4386749267578,878.3629760742188,125.97721862792969,173.69479370117188,717.4968872070312,170.53358459472656,93.50424194335938,38.234527587890625,466.760009765625,85.6075668334961,497.3638610839844,681.8078002929688,362.135498046875,91.26183319091797,571.7744140625,455.0,181.35623168945312,326.1642761230469,330.558349609375,455.4800109863281,212.734130859375,114.64055633544922,115.76836395263672,118.14551544189453
2025-12-08,277.6302185058594,221.3391571044922,121.47466278076172,266.5,339.1199951171875,278.25872802734375,75.4669418334961,221.11000061035156,319.01947021484375,226.88999938964844,129.11000061035156,343.3900146484375,232.87936401367188,399.4959716796875,360.33782958984375,53.597007751464844,148.03257751464844,206.62423706054688,1056.140380859375,497.2300109863281,93.83999633789062,595.1076049804688,296.35516357421875,337.2900085449219,262.0961608886719,262.89447021484375,886.3092041015625,259.11175537109375,78.01751708984375,182.5601043701172,147.2693634033203,463.3870849609375,114.24696350097656,255.74563598632812,135.40963745117188,109.57545471191406,342.3226013183594,44.888153076171875,274.1179504394531,286.4446716308594,119.71495056152344,314.2286376953125,313.49932861328125,862.1527099609375,483.7099914550781,347.586181640625,307.42718505859375,156.05885314941406,655.0335693359375,566.8900146484375,244.9879913330078,200.5538330078125,313.7945556640625,1223.0008544921875,69.770263671875,388.07647705078125,995.9277954101562,162.54525756835938,539.6294555664062,308.0690612792969,66.95575714111328,486.0794372558594,53.794700622558594,665.6866455078125,,56.12519073486328,97.37040710449219,489.9018249511719,369.2022399902344,96.79000091552734,551.792724609375,170.70399475097656,291.711181640625,185.5399627685547,98.11000061035156,195.35000610351562,144.3404541015625,137.3647003173828,878.0335693359375,124.68771362304688,174.1916046142578,702.4151000976562,170.9521942138672,93.96269226074219,38.01581954956055,465.75,84.89317321777344,490.9587707519531,679.7594604492188,351.76947021484375,92.1230697631836,567.2222900390625,439.5799865722656,179.76661682128906,321.12347412109375,326.16741943359375,442.0400085449219,209.39739990234375,113.09687042236328,115.21207427978516,117.65760040283203
2025-12-09,276.9208679199219,221.210205078125,120.63890075683594,269.5299987792969,344.32000732421875,275.37774658203125,75.57572937011719,221.6199951171875,311.69024658203125,227.9199981689453,130.0399932861328,346.19000244140625,227.66041564941406,404.66522216796875,361.9591064453125,53.23903274536133,147.50137329101562,207.35736083984375,1065.3790283203125,491.42999267578125,92.52999877929688,592.9725952148438,300.3334045410156,335.07000732421875,261.27069091796875,262.602783203125,887.2279052734375,260.5993347167969,78.66057586669922,182.72972106933594,147.05149841308594,459.9192199707031,114.26679229736328,251.90673828125,134.7322540283203,108.35706329345703,340.6976623535156,44.68864822387695,272.6217041015625,284.5695495605469,117.9072265625,317.52630615234375,316.85693359375,871.990966796875,487.050048828125,342.97698974609375,308.7198486328125,157.03280639648438,654.5444946289062,558.1300048828125,243.50698852539062,198.90261840820312,299.16058349609375,1224.01953125,69.6113510131836,389.0731201171875,980.5833740234375,165.611572265625,536.7437744140625,309.0635070800781,66.45868682861328,485.321044921875,53.15616226196289,655.8630981445312,,56.19279861450195,95.36256408691406,490.8995361328125,369.1226806640625,96.70999908447266,548.8720703125,170.98199462890625,288.2564392089844,184.95999145507812,94.25,195.0,143.3592071533203,138.64561462402344,861.32470703125,125.45550537109375,174.87721252441406,691.7479248046875,171.36082458496094,93.84310150146484,38.07546615600586,465.8500061035156,84.82372283935547,489.5919494628906,679.1727294921875,347.4220886230469,92.67743682861328,562.0912475585938,445.1700134277344,178.3558349609375,321.1036376953125,325.828125,437.010009765625,208.4810333251953,114.59075927734375,117.467041015625,115.25784301757812
2025-12-10,278.5193786621094,223.38270568847656,121.9323501586914,272.2200012207031,343.1300048828125,280.6911315917969,80.18424987792969,221.4199981689453,313.209716796875,231.77999877929688,132.36000061035156,340.04998779296875,233.53050231933594,411.3185119628906,373.5566101074219,53.775997161865234,154.9850311279297,210.6075439453125,1077.3621826171875,490.42999267578125,92.69999694824219,613.91357421875,295.6672058105469,338.05999755859375,261.16131591796875,258.9182434082031,873.217041015625,263.77423095703125,79.39266204833984,185.11422729492188,149.94320678710938,465.9208679199219,113.03726959228516,256.0440368652344,136.48550415039062,110.37779998779297,352.351318359375,46.33454895019531,281.7179870605469,282.8639831542969,119.86312103271484,320.7740173339844,319.9847412109375,884.5846557617188,467.3387451171875,348.7980651855469,310.8974304199219,159.3881378173828,661.2122192382812,555.9199829101562,250.31961059570312,205.44781494140625,308.7174377441406,1237.30224609375,69.73052978515625,391.36541748046875,991.984375,168.0586395263672,538.0517578125,308.804931640625,67.5025405883789,478.9548034667969,52.94003677368164,649.0444946289062,,56.68537902832031,96.08106994628906,477.4701843261719,368.5262756347656,92.70999908447266,553.5869750976562,170.71200561523438,292.96563720703125,183.77005004882812,93.62999725341797,192.9600067138672,148.37440490722656,138.8342742919922,887.5957641601562,127.68014526367188,181.047607421875,725.3375244140625,174.1416015625,95.48754119873047,39.6959114074707,475.8299865722656,83.42471313476562,490.18060302734375,683.6771850585938,351.9684143066406,93.66736602783203,572.8125610351562,451.45001220703125,180.49188232421875,325.83685302734375,325.0596923828125,444.6400146484375,208.32167053222656,112.71842193603516,118.74849700927734,117.56797790527344
2025-12-11,277.77008056640625,222.19229125976562,122.6586685180664,270.3699951171875,350.42999267578125,282.5054626464844,81.93468475341797,221.42999267578125,315.1959533691406,230.27999877929688,134.38999938964844,347.3999938964844,240.45619201660156,404.7449035644531,382.8266296386719,54.253299713134766,156.57081604003906,210.70651245117188,1095.7398681640625,495.8500061035156,91.75,624.149658203125,305.07940673828125,335.42999267578125,270.76837158203125,264.82904052734375,883.2733154296875,261.9272155761719,78.42312622070312,188.3966827392578,149.2598876953125,472.9161376953125,113.4239730834961,259.9028015136719,139.0357208251953,108.47593688964844,349.2709045410156,47.990421295166016,282.1837158203125,287.6715087890625,121.71036529541016,313.4791564941406,312.210205078125,906.2606201171875,480.9183044433594,355.0860290527344,308.9783630371094,162.09132385253906,674.7672119140625,547.3599853515625,254.15048217773438,208.8994598388672,315.9548034667969,1244.5628662109375,68.63804626464844,401.9498596191406,1007.6981201171875,168.50811767578125,562.5250244140625,307.9894714355469,68.6855697631836,484.4629211425781,52.841800689697266,651.6202392578125,,56.71435546875,97.44915771484375,482.3690185546875,365.8622131347656,94.08999633789062,558.2520141601562,173.4980010986328,292.7665100097656,180.92019653320312,93.95999908447266,190.36000061035156,147.72024536132812,139.76763916015625,897.4573974609375,128.516845703125,180.1136016845703,745.9027709960938,176.83265686035156,96.72337341308594,40.10350799560547,477.260009765625,84.06964874267578,496.4060974121094,685.26806640625,351.1427001953125,95.99370574951172,577.8936767578125,446.8900146484375,180.49188232421875,334.1323547363281,344.91876220703125,445.92999267578125,211.21018981933594,115.04888153076172,118.74849700927734,117.15972900390625
2025-12-12,278.0198669433594,221.53756713867188,124.82768249511719,271.55999755859375,356.42999267578125,278.4481506347656,83.96204376220703,210.77999877929688,315.553466796875,226.19000244140625,124.76000213623047,353.7900085449219,239.7360076904297,358.4906005859375,380.5091247558594,54.83003616333008,156.93016052246094,211.58291625976562,1083.0604248046875,499.5199890136719,92.58000183105469,596.494384765625,307.56207275390625,323.2200012207031,273.19500732421875,267.1632385253906,883.2633056640625,261.80743408203125,76.96884155273438,187.09967041015625,148.53695678710938,481.7198181152344,114.3262939453125,262.1604309082031,136.11692810058594,106.99009704589844,330.94805908203125,47.262237548828125,281.7477111816406,299.03192138671875,118.93456268310547,310.3013916015625,309.07244873046875,883.3114013671875,483.3310852050781,357.261474609375,307.4868469238281,162.2006378173828,669.6965942382812,542.3200073242188,254.7527313232422,210.46116638183594,317.0896911621094,1192.3707275390625,70.03841400146484,414.8465576171875,1025.7979736328125,160.32791137695312,571.0722045898438,314.9605407714844,66.78675842285156,485.5505676269531,53.087398529052734,643.1543579101562,,56.74333190917969,98.71881866455078,477.4402770996094,362.5321350097656,95.19000244140625,567.9410400390625,173.01199340820312,295.6736755371094,175.01052856445312,94.11000061035156,191.69000244140625,149.3159942626953,141.83297729492188,883.223876953125,128.1427764892578,177.152587890625,740.3993530273438,178.0685577392578,96.32472229003906,39.218727111816406,452.95001220703125,83.78191375732422,499.8680725097656,677.9000244140625,352.25689697265625,96.11249542236328,571.2852783203125,458.9599914550781,178.2564697265625,339.20294189453125,347.11419677734375,452.0400085449219,214.75608825683594,116.46098327636719,118.03326416015625,118.15547180175781
2025-12-15,273.8537292480469,225.6345977783203,127.82251739501953,274.6600036621094,351.1499938964844,279.56463623046875,85.3465805053711,207.5800018310547,323.0713806152344,222.5399932861328,125.88999938964844,354.1000061035156,241.71900939941406,338.4510803222656,380.5190734863281,55.01897048950195,156.3052215576172,217.8111114501953,1076.1689453125,506.3800048828125,92.19000244140625,588.3833618164062,311.68988037109375,318.42999267578125,275.631591796875,265.8252258300781,859.3859252929688,254.16973876953125,77.41403198242188,188.01756286621094,148.3488006591797,484.9094543457031,115.74421691894531,259.6839904785156,136.7345428466797,104.92973327636719,332.1741943359375,47.40188980102539,280.0944519042969,300.1988830566406,119.10359954833984,309.10223388671875,308.003173828125,884.932861328125,476.2716064453125,354.619140625,306.91015625,160.40182495117188,653.3965454101562,559.52001953125,255.38465881347656,213.03746032714844,318.58294677734375,1223.5201416015625,70.48534393310547,415.5940246582031,1060.4200439453125,164.1033935546875,568.2764282226562,316.95941162109375,66.78675842285156,486.4486083984375,53.30351638793945,646.9561157226562,,57.07171630859375,99.52285766601562,473.73870849609375,363.8785400390625,93.7699966430664,573.9517211914062,153.0399932861328,298.172607421875,176.28045654296875,95.13999938964844,185.8800048828125,149.88095092773438,144.10684204101562,881.8264770507812,128.6152801513672,178.1164093017578,751.7157592773438,181.50714111328125,94.9593276977539,38.67195129394531,454.6700134277344,85.32975006103516,498.4713134765625,676.8758544921875,353.4705810546875,96.57776641845703,575.3411865234375,475.30999755859375,176.8158721923828,338.4686584472656,346.1761779785156,455.7099914550781,217.4553680419922,116.5508041381836,116.98028564453125,120.46560668945312
2025-12-16,274.353271484375,221.884765625,126.22062683105469,272.0400085449219,347.8900146484375,277.531005859375,84.04425811767578,209.1699981689453,324.4915466308594,222.55999755859375,126.12999725341797,351.79998779296875,238.99609375,339.93511962890625,378.7088317871094,54.50189208984375,153.4148712158203,216.98220825195312,1062.2265625,499.8399963378906,92.94999694824219,587.5552978515625,310.12451171875,319.5299987792969,274.5972595214844,266.5772705078125,859.2161865234375,254.49920654296875,76.72151184082031,187.189453125,145.32833862304688,482.35577392578125,114.61383819580078,258.8363037109375,133.57669067382812,100.81892395019531,328.9044189453125,47.42184066772461,281.3194580078125,297.9547119140625,118.10924530029297,307.51336669921875,306.3543395996094,874.5474853515625,469.09228515625,350.3377685546875,301.4612121582031,159.53463745117188,668.1194458007812,554.5800170898438,247.48594665527344,208.19322204589844,314.1330261230469,1221.782470703125,69.88944244384766,422.09222412109375,1052.5333251953125,163.0646209716797,565.1710815429688,312.7528991699219,65.51425170898438,491.936767578125,53.01862716674805,656.587890625,,57.30352020263672,97.5474853515625,475.3051452636719,362.8712158203125,94.56999969482422,566.904296875,156.2239990234375,292.706787109375,177.71038818359375,92.9000015258789,187.08999633789062,149.03846740722656,144.186279296875,872.8632202148438,126.59156036376953,174.99644470214844,745.4632568359375,179.3343505859375,95.6769027709961,37.38951110839844,463.3399963378906,85.04200744628906,498.7007751464844,675.0264282226562,349.8693542480469,96.68665313720703,569.5968627929688,489.8800048828125,176.40853881835938,331.62188720703125,344.3998107910156,454.9599914550781,218.03305053710938,115.18360900878906,113.9206771850586,122.70603942871094
2025-12-17,271.58587646484375,222.5196533203125,126.07138061523438,273.739990234375,354.6600036621094,270.1940002441406,85.63488006591797,198.11000061035156,323.7665710449219,221.27000427246094,122.36000061035156,352.0299987792969,243.07061767578125,324.7162170410156,373.5963439941406,54.24335479736328,152.61026000976562,213.1529541015625,1059.1038818359375,504.2699890136719,94.4800033569336,560.5784301757812,312.0388488769531,313.0199890136719,272.3397216796875,267.34881591796875,861.47314453125,257.7239990234375,75.18806457519531,186.94003295898438,148.07151794433594,477.9440002441406,116.43830108642578,261.19000244140625,131.1360626220703,103.75096893310547,314.8382873535156,47.701141357421875,281.0704650878906,291.4217224121094,120.6746826171875,297.85015869140625,296.5112609863281,867.76318359375,471.14923095703125,354.3807373046875,301.6004333496094,160.34202575683594,659.5652465820312,556.8599853515625,249.2039031982422,209.2177734375,313.5655822753906,1170.4990234375,70.18739318847656,420.9261169433594,1040.05419921875,154.79454040527344,564.6218872070312,316.91961669921875,63.61542892456055,497.9437561035156,52.871273040771484,648.9443969726562,,57.15864181518555,98.45079803466797,475.0357360839844,373.50311279296875,94.79000091552734,562.3887939453125,156.47799682617188,293.1348876953125,170.93075561523438,92.8499984741211,183.44000244140625,148.7510528564453,146.7679443359375,861.584228515625,127.04789733886719,171.2405548095703,748.88916015625,176.61338806152344,96.28485107421875,38.30411911010742,453.07000732421875,86.35172271728516,509.4058837890625,667.5986938476562,350.7547302246094,97.60729217529297,562.00439453125,467.260009765625,173.3584442138672,329.07171630859375,343.7012634277344,449.5199890136719,218.89962768554688,115.42312622070312,116.63260650634766,121.73020935058594
2025-12-18,271.935546875,221.04156494140625,124.4894027709961,269.9599914550781,355.80999755859375,274.0618896484375,85.68458557128906,201.05999755859375,322.1875305175781,226.75999450683594,124.62000274658203,353.0199890136719,240.47593688964844,328.560791015625,373.5068664550781,53.95498275756836,152.09469604492188,213.33213806152344,1059.0938720703125,503.3900146484375,96.11000061035156,564.5092163085938,310.04473876953125,315.1000061035156,272.49884033203125,259.81884765625,856.4200439453125,257.8500061035156,76.12791442871094,189.45425415039062,146.25924682617188,472.0317687988281,116.55728912353516,262.2172546386719,131.09622192382812,101.64108276367188,314.9678955078125,47.8008918762207,285.96063232421875,300.90704345703125,120.7840576171875,303.5361633300781,302.2472229003906,871.71240234375,465.8670654296875,352.6324157714844,298.7467041015625,159.55458068847656,667.6503295898438,561.8900146484375,247.99935913085938,207.2084503173828,311.594482421875,1220.8037109375,69.87950897216797,417.58734130859375,1055.1190185546875,164.50289916992188,565.3607788085938,317.874267578125,63.68501663208008,496.61663818359375,53.81434631347656,663.881591796875,,56.395626068115234,99.94969940185547,482.87786865234375,372.7550964355469,94.0,557.7337036132812,153.3800048828125,290.54632568359375,174.1305694580078,91.79000091552734,185.8800048828125,148.04733276367188,144.4940948486328,866.3353881835938,126.64116668701172,173.07876586914062,747.8104858398438,177.69976806640625,96.90277099609375,37.906463623046875,458.1300048828125,86.54024505615234,505.5348815917969,672.6399536132812,351.281982421875,98.05276489257812,561.8345947265625,483.3699951171875,175.04742431640625,325.608642578125,345.2979736328125,447.3800048828125,217.4553680419922,114.59481811523438,115.76836395263672,122.238037109375
2025-12-19,273.4141845703125,225.00962829589844,124.81773376464844,272.25,355.8599853515625,273.5833740234375,85.52552032470703,213.42999267578125,325.12713623046875,227.35000610351562,131.1199951171875,350.0400085449219,236.73684692382812,338.99884033203125,374.4915466308594,54.95930862426758,152.78993225097656,215.258544921875,1054.3006591796875,494.5299987792969,95.61000061035156,574.8749389648438,309.685791015625,314.9100036621094,270.4004211425781,262.807373046875,854.4526977539062,259.9100036621094,77.58221435546875,187.13958740234375,146.3186492919922,467.58026123046875,114.58409118652344,262.88543701171875,132.47093200683594,100.9675064086914,316.8121032714844,49.02783966064453,287.61395263671875,306.4126892089844,123.588134765625,308.3927307128906,306.9439392089844,888.8024291992188,472.2775573730469,342.7087707519531,299.2737121582031,159.78382873535156,670.0658569335938,572.469970703125,246.9725341796875,205.27871704101562,315.7855529785156,1244.053466796875,69.58155822753906,420.0191650390625,1069.6546630859375,172.06385803222656,571.3717041015625,314.08544921875,64.53004455566406,501.9949951171875,53.539283752441406,658.2064819335938,,56.0865592956543,100.34675598144531,484.8134460449219,368.99505615234375,94.38999938964844,566.6452026367188,155.30999755859375,290.128173828125,180.98020935058594,91.0,186.8800048828125,146.84805297851562,143.4415740966797,873.1826171875,126.21459197998047,174.13198852539062,767.037353515625,181.40745544433594,98.48741149902344,37.85675811767578,463.7300109863281,84.6153564453125,511.41119384765625,678.7363891601562,353.3611755371094,97.02323913574219,567.2692260742188,481.20001220703125,175.14675903320312,324.8941955566406,348.5312805175781,456.20001220703125,215.4832000732422,114.12578582763672,115.91736602783203,121.72024536132812
2025-12-22,270.7166748046875,226.09092712402344,124.5689926147461,270.6700134277344,357.5299987792969,274.9590759277344,85.92317962646484,214.9499969482422,329.10955810546875,228.42999267578125,130.72999572753906,355.4599914550781,241.4921112060547,340.7352600097656,378.80828857421875,55.565879821777344,153.68829345703125,215.78733825683594,1082.185302734375,499.95001220703125,96.43000030517578,581.0504760742188,310.0347900390625,317.57000732421875,274.090087890625,266.8214416503906,848.84033203125,264.6300048828125,77.27552795410156,191.5494384765625,148.3488006591797,465.79168701171875,115.3178482055664,266.6653137207031,134.47325134277344,102.44343566894531,319.3940734863281,50.51413345336914,291.5978088378906,313.9132080078125,123.45886993408203,311.1108093261719,309.56207275390625,894.2935791015625,471.3289489746094,344.0895690917969,301.07342529296875,160.9301300048828,673.96875,579.8300170898438,248.3844451904297,206.22369384765625,321.63916015625,1264.017578125,69.73052978515625,422.09222412109375,1074.686279296875,175.05026245117188,574.8365478515625,314.46331787109375,65.85225677490234,508.55084228515625,53.35263442993164,660.9341430664062,,56.608116149902344,103.95006561279297,483.81573486328125,371.7178649902344,93.2300033569336,582.7933959960938,156.67999267578125,290.3173522949219,183.6800537109375,91.75,189.49000549316406,145.7478790283203,141.6840362548828,884.8209228515625,126.57171630859375,173.1085662841797,778.4236450195312,185.0653076171875,101.0687026977539,38.10529327392578,481.239990234375,85.05193328857422,520.689697265625,682.96484375,354.67431640625,94.24152374267578,575.1314086914062,488.7300109863281,177.66036987304688,322.651611328125,351.3654479980469,460.30999755859375,218.79005432128906,112.369384765625,117.3676986694336,123.25370025634766
2025-12-23,272.1053771972656,226.96389770507812,123.91232299804688,270.7699890136719,352.4200134277344,275.8662414550781,86.08223724365234,214.89999389648438,329.2088623046875,232.13999938964844,131.32000732421875,355.8699951171875,241.48223876953125,348.5887756347656,380.14111328125,55.655372619628906,152.85243225097656,217.07559204101562,1080.53466796875,500.510009765625,96.08999633789062,581.0604858398438,312.3778381347656,316.92999267578125,272.2502136230469,269.0970153808594,853.623779296875,263.42999267578125,77.18647766113281,190.2224884033203,149.05191040039062,463.2479248046875,115.80370330810547,264.0323486328125,134.97132873535156,103.008056640625,321.8065490722656,51.77100372314453,294.0179748535156,314.71112060546875,124.4830551147461,315.457763671875,314.1288757324219,896.9893798828125,473.3359680175781,342.6789855957031,302.0578308105469,161.4285125732422,672.9006958007812,577.3400268554688,248.64112854003906,204.69183349609375,324.4664001464844,1267.103515625,69.39286041259766,423.6769104003906,1069.8543701171875,174.9503936767578,575.4855346679688,309.11322021484375,64.96746826171875,514.2785034179688,53.195457458496094,664.3711547851562,,56.74333190917969,104.26771545410156,485.7413330078125,377.38287353515625,93.5,578.2081298828125,154.36000061035156,290.5960998535156,189.19976806640625,92.06999969482422,188.1199951171875,142.40771484375,142.1705780029297,885.4896850585938,126.75028228759766,173.6351776123047,784.2266235351562,185.14505004882812,100.83946990966797,37.97605514526367,475.4700012207031,85.71671295166016,523.9221801757812,686.0863037109375,352.983154296875,93.35059356689453,579.3672485351562,485.55999755859375,175.93165588378906,322.29437255859375,352.6528015136719,459.2099914550781,219.4673614501953,110.67286682128906,118.62928771972656,123.01472473144531
2025-12-24,273.55401611328125,228.0551300048828,124.18095397949219,269.9800109863281,352.9800109863281,276.6936340332031,86.01264953613281,215.0399932861328,331.661865234375,232.3800048828125,130.77000427246094,356.6499938964844,242.53785705566406,349.48687744140625,381.05615234375,55.93379592895508,153.20396423339844,217.36453247070312,1082.93115234375,501.3399963378906,96.12999725341797,582.3973999023438,312.3977966308594,317.760009765625,273.3541259765625,269.92718505859375,870.6705322265625,265.260009765625,77.18647766113281,190.7412872314453,149.04202270507812,464.4701232910156,116.48788452148438,264.8701171875,135.77822875976562,102.88919067382812,322.66387939453125,51.790950775146484,294.7052001953125,315.9279479980469,124.96034240722656,315.4477844238281,313.8690490722656,906.0119018554688,473.3559265136719,345.0332336425781,302.8334045410156,162.10633850097656,673.5894165039062,577.1500244140625,248.75961303710938,206.68125915527344,327.6918640136719,1275.332763671875,69.63121795654297,423.4775695800781,1075.1854248046875,177.1177978515625,578.5809326171875,311.5893859863281,64.97740936279297,516.1644287109375,53.65716552734375,666.9789428710938,,56.96547317504883,105.66734313964844,486.90863037109375,375.4878845214844,93.63999938964844,580.4907836914062,152.58999633789062,291.4224548339844,188.59979248046875,92.4000015258789,187.22000122070312,142.46719360351562,143.4713592529297,886.1085205078125,128.1192626953125,173.65505981445312,782.7684326171875,185.76300048828125,101.50721740722656,37.74740219116211,475.75,86.49063110351562,524.520751953125,688.4996948242188,352.903564453125,95.55813598632812,578.5480346679688,485.3999938964844,175.9813232421875,325.05291748046875,354.4091796875,462.989990234375,220.4833221435547,111.38141632080078,118.43061828613281,124.95642852783203
2025-12-26,273.1444091796875,228.14439392089844,124.21080780029297,271.0899963378906,353.79998779296875,275.9758605957031,85.97288513183594,214.99000549316406,330.6389465332031,232.52000427246094,131.83999633789062,356.6499938964844,244.09664916992188,351.39288330078125,379.0072021484375,55.854244232177734,153.36801147460938,217.11032104492188,1082.0859375,498.29998779296875,96.05999755859375,581.63916015625,312.54736328125,318.8900146484375,274.9950866699219,270.2690124511719,872.158447265625,266.0799865722656,77.32498931884766,190.70138549804688,148.56666564941406,465.9506530761719,116.19041442871094,265.0396728515625,135.19049072265625,102.5226821899414,321.1685485839844,52.90816879272461,295.1334533691406,314.3221435546875,123.99581909179688,314.7382507324219,313.2894592285156,902.2914428710938,476.42138671875,347.45703125,303.3603820800781,162.99346923828125,675.3062133789062,577.8099975585938,249.26315307617188,206.5320587158203,326.4375305175781,1277.939453125,69.39286041259766,423.3479919433594,1075.9542236328125,177.85691833496094,578.7306518554688,308.9541015625,64.55986785888672,518.9183959960938,53.676815032958984,662.7225952148438,,56.6507453918457,105.99491882324219,486.599365234375,376.0464172363281,94.47000122070312,575.5267333984375,153.88999938964844,289.6801452636719,190.51968383789062,92.25,188.4499969482422,142.5068359375,143.71958923339844,886.427978515625,127.68278503417969,173.69479370117188,784.02685546875,184.5570068359375,101.54708099365234,37.568458557128906,477.1400146484375,86.49063110351562,528.22216796875,688.4298706054688,352.3862609863281,98.54773712158203,580.1664428710938,475.19000244140625,175.7329559326172,329.2701416015625,354.26947021484375,462.8999938964844,220.22434997558594,111.51114654541016,118.32134246826172,125.69328308105469
2025-12-29,273.50408935546875,228.99754333496094,123.94216918945312,271.3399963378906,353.1600036621094,274.7696533203125,85.97288513183594,215.61000061035156,327.3616638183594,232.07000732421875,134.14999389648438,356.7300109863281,244.5208740234375,348.65863037109375,373.30792236328125,55.038856506347656,152.4540252685547,217.15780639648438,1082.3743896484375,501.04998779296875,95.76000213623047,577.2593994140625,313.52447509765625,317.7099914550781,274.4978332519531,271.9195556640625,866.6560668945312,266.2300109863281,76.95894622802734,190.6016082763672,149.5272674560547,467.2523498535156,116.52753448486328,264.8102722167969,134.70236206054688,103.65191650390625,320.4507751464844,51.352046966552734,291.7073669433594,311.12677001953125,124.20463562011719,314.168701171875,313.33941650390625,887.50927734375,473.31597900390625,345.14251708984375,304.0066833496094,163.4519805908203,672.9107055664062,575.4000244140625,249.0360565185547,206.46241760253906,322.29620361328125,1258.75439453125,69.68087768554688,425.1120910644531,1076.9324951171875,175.65953063964844,577.0332641601562,306.8160400390625,64.27156829833984,517.9405517578125,54.069766998291016,658.1265258789062,,56.67041778564453,105.83609771728516,485.9907531738281,376.2857666015625,94.1500015258789,575.9354248046875,154.5800018310547,290.7653503417969,188.20980834960938,91.77999877929688,186.85000610351562,142.9627685546875,143.55079650878906,888.893310546875,127.4546127319336,172.32359313964844,779.562255859375,183.8094940185547,100.96903228759766,37.67781448364258,478.9700012207031,86.85774993896484,528.87060546875,685.9765625,350.6751403808594,97.1123275756836,584.4921875,459.6400146484375,174.5506591796875,326.4024353027344,353.8802490234375,459.7799987792969,221.4096221923828,112.29953002929688,119.73194122314453,125.44435119628906
2025-12-30,272.82470703125,227.9063262939453,125.14607238769531,270.0,352.510009765625,273.9621887207031,85.62493133544922,215.33999633789062,326.4281311035156,232.52999877929688,132.44000244140625,356.489990234375,245.47784423828125,349.1176452636719,371.3883056640625,54.9692497253418,152.82901000976562,216.59190368652344,1077.3126220703125,503.7099914550781,96.01000213623047,576.042236328125,313.21539306640625,315.6000061035156,274.96527099609375,269.3900146484375,864.4690551757812,265.9200134277344,76.5830078125,189.9132080078125,150.83447265625,466.9542541503906,116.68618774414062,263.7730712890625,134.7720947265625,104.66229248046875,319.8625793457031,51.28221893310547,289.8847351074219,311.33648681640625,122.48440551757812,314.32855224609375,313.6292419433594,879.7898559570312,472.55712890625,344.0498352050781,300.3376159667969,162.63462829589844,668.6484985351562,572.6300048828125,247.65379333496094,205.81585693359375,321.96771240234375,1242.0361328125,69.59149169921875,426.92596435546875,1077.950927734375,173.57203674316406,576.553955078125,306.3188171386719,64.3013916015625,514.6376953125,53.84382247924805,665.3803100585938,,56.81794738769531,105.28021240234375,486.3699035644531,382.92822265625,93.77999877929688,572.7356567382812,154.22999572753906,288.8338623046875,187.52984619140625,91.47000122070312,186.85000610351562,142.8834686279297,143.03445434570312,887.1665649414062,127.98037719726562,172.5421905517578,773.0101318359375,183.4008331298828,100.21159362792969,38.32400131225586,474.489990234375,86.88751220703125,526.4662475585938,685.138916015625,352.2867736816406,96.4490737915039,582.873779296875,454.42999267578125,174.28240966796875,329.5976257324219,352.8923034667969,453.739990234375,221.2403106689453,111.69078063964844,120.18889617919922,125.87252044677734
2025-12-31,271.6058349609375,226.6663055419922,124.65853881835938,268.29998779296875,349.989990234375,270.3534851074219,85.04833984375,214.16000366210938,325.0576171875,230.82000732421875,131.02999877929688,352.8800048828125,243.7020263671875,345.3755187988281,367.96673583984375,54.69082260131836,151.60255432128906,213.7256317138672,1064.414306640625,502.6499938964844,95.3499984741211,571.5327758789062,311.2013244628906,312.5799865722656,273.72210693359375,266.7042236328125,861.16357421875,264.9100036621094,76.20706176757812,187.63844299316406,150.9335174560547,464.2122802734375,116.22016143798828,261.81829833984375,132.21192932128906,104.01842498779297,317.5199279785156,50.663761138916016,287.693603515625,307.5819396972656,122.04688262939453,313.5790710449219,312.7798156738281,874.3982543945312,466.1666259765625,341.81475830078125,294.5307312011719,161.43849182128906,661.2022094726562,566.3599853515625,244.7521514892578,205.85565185546875,320.7730712890625,1213.503173828125,69.43258666992188,424.96258544921875,1072.889404296875,170.9751434326172,570.0238037109375,303.9321594238281,63.34701156616211,509.7482604980469,53.367942810058594,659.5253295898438,,56.70975875854492,104.48609924316406,482.5186767578125,382.30987548828125,93.76000213623047,568.3895874023438,153.19000244140625,287.45001220703125,186.4899139404297,91.20999908447266,184.1999969482422,142.24913024902344,142.29966735839844,877.324951171875,126.64116668701172,169.9587860107422,770.942626953125,182.79286193847656,99.57374572753906,38.154998779296875,469.7200012207031,86.52039337158203,521.3781127929688,680.062744140625,350.52154541015625,96.76585388183594,578.8777465820312,449.7200012207031,172.36492919921875,327.56341552734375,349.98828125,453.3599853515625,218.83985900878906,111.18183135986328,119.54319763183594,125.28502655029297
2026-01-02,270.75665283203125,227.47975158691406,123.5640869140625,259.95001220703125,333.29998779296875,272.88555908203125,83.77584075927734,223.47000122070312,325.3853759765625,226.5,133.60000610351562,344.2699890136719,248.90936279296875,346.8923034667969,371.5553894042969,55.6354866027832,152.28216552734375,212.443359375,1079.0528564453125,496.8500061035156,94.70999908447266,597.0131225585938,309.14739990234375,310.3999938964844,277.5907897949219,263.38360595703125,853.334228515625,253.6199951171875,75.63018798828125,184.4557647705078,154.3896942138672,465.43865966796875,116.4482192993164,261.93798828125,135.30007934570312,106.257080078125,326.29254150390625,51.800926208496094,291.9463806152344,320.283447265625,120.91332244873047,315.0980224609375,314.9283142089844,909.5532836914062,469.69140625,343.5233459472656,289.8474426269531,159.47483825683594,628.3028564453125,561.97998046875,247.93203735351562,206.2535400390625,324.0184326171875,1272.8160400390625,68.64797973632812,427.6734619140625,1078.559814453125,184.8385467529297,562.285400390625,301.5753479003906,64.64933776855469,497.90386962890625,53.18948745727539,649.8535766601562,,56.36552810668945,105.66734313964844,471.8630065917969,380.0158996582031,90.98999786376953,583.7902221679688,147.4499969482422,286.5539855957031,188.83978271484375,90.33999633789062,179.3699951171875,140.97055053710938,140.79037475585938,892.3169555664062,128.0200653076172,171.87646484375,775.3773193359375,186.630126953125,101.22815704345703,39.96432876586914,480.4200134277344,86.50055694580078,511.4710693359375,681.309326171875,347.24041748046875,99.4980697631836,591.9248046875,438.07000732421875,176.36880493164062,333.8049011230469,345.7669982910156,452.1300048828125,217.5350341796875,112.52906036376953,121.83790588378906,125.38459777832031
2026-01-05,267.0101623535156,218.42262268066406,125.81269073486328,263.9800109863281,331.55999755859375,276.4244689941406,83.88519287109375,221.0800018310547,318.5129699707031,233.05999755859375,137.19000244140625,351.2900085449219,252.25836181640625,342.7011413574219,378.60308837890625,56.57019805908203,155.42250061035156,214.2061309814453,1113.5606689453125,498.5199890136719,95.4800033569336,614.661865234375,314.2622985839844,301.2200012207031,282.4142150878906,268.63800048828125,874.5452270507812,256.260009765625,75.17266845703125,185.034423828125,162.2626953125,464.74072265625,115.82353210449219,262.4765319824219,142.30316162109375,105.19718170166016,321.2582702636719,54.27476119995117,296.2588806152344,323.8482666015625,117.63196563720703,317.09661865234375,316.3173522949219,943.4747314453125,477.1203308105469,341.8048095703125,293.2977600097656,165.08670043945312,632.6748046875,566.3800048828125,248.02146911621094,203.22959899902344,332.5400085449219,1350.69482421875,67.47603607177734,431.6501159667969,1039.7745361328125,194.5269317626953,567.7172241210938,298.1942138671875,66.6674575805664,525.7437133789062,53.278717041015625,658.2264404296875,,55.372169494628906,106.65007019042969,471.773193359375,381.6715393066406,91.45999908447266,609.3683471679688,147.60000610351562,286.6535339355469,188.1098175048828,90.58000183105469,182.1199951171875,138.68101501464844,139.38038635253906,905.2029418945312,128.65496826171875,175.1852264404297,762.31298828125,187.6367645263672,103.39085388183594,43.5432243347168,494.19000244140625,86.1929702758789,531.6641845703125,685.846923828125,347.8487854003906,101.07205200195312,610.5963745117188,451.6700134277344,176.02105712890625,339.38153076171875,353.0719299316406,448.79998779296875,218.5709228515625,112.47916412353516,124.52996063232422,128.81993103027344
2026-01-06,262.1147155761719,222.14268493652344,127.135986328125,275.92999267578125,335.989990234375,292.025634765625,77.61219787597656,214.35000610351562,327.89794921875,240.92999267578125,132.5800018310547,349.6700134277344,256.75018310546875,343.0503845214844,382.3512268066406,56.92817687988281,160.42202758789062,213.4486541748047,1106.1221923828125,499.04998779296875,97.79000091552734,621.6355590820312,308.3796691894531,314.6400146484375,283.19989013671875,262.8659973144531,887.886962890625,262.8999938964844,74.82455444335938,186.9500274658203,155.02349853515625,484.562744140625,116.74568176269531,270.8042297363281,145.0625457763672,104.00851440429688,331.9349670410156,56.010440826416016,306.6866149902344,327.0635681152344,120.6746826171875,314.32855224609375,314.1188659667969,950.4678955078125,482.88177490234375,346.9703063964844,300.7552490234375,165.47543334960938,646.0101928710938,592.8499755859375,252.5528106689453,203.70706176757812,334.6099853515625,1393.189697265625,67.37671661376953,435.696533203125,1062.26708984375,206.71234130859375,579.4696044921875,301.0880432128906,74.43174743652344,531.750732421875,52.277381896972656,660.0548706054688,,54.25095748901367,108.0695571899414,477.4203186035156,380.0558166503906,90.6500015258789,608.6605834960938,148.80999755859375,289.86932373046875,187.22987365722656,90.38999938964844,185.86000061035156,137.72952270507812,138.92364501953125,927.0322875976562,126.44275665283203,181.2860565185547,775.6069946289062,189.76968383789062,103.22142791748047,43.37422180175781,508.7699890136719,86.83789825439453,538.3984985351562,689.92578125,365.40130615234375,103.24990844726562,620.10693359375,432.9599914550781,190.854248046875,346.2779235839844,356.8241882324219,468.3800048828125,218.2123565673828,114.10581970214844,120.24850463867188,128.80001831054688
2026-01-07,260.08660888671875,231.55694580078125,126.39971923828125,273.9800109863281,338.1000061035156,291.9757995605469,76.6180648803711,210.02000427246094,339.2890319824219,241.55999755859375,130.0800018310547,349.9200134277344,260.23834228515625,342.78094482421875,377.028076171875,55.32722473144531,158.35189819335938,217.3330078125,1069.137939453125,496.1199951171875,98.6500015258789,595.1276245117188,305.72747802734375,320.5400085449219,277.5907897949219,260.61968994140625,881.3759155273438,266.1199951171875,74.31729888916016,186.27157592773438,153.6964874267578,473.814208984375,115.20877838134766,268.0316467285156,141.6058349609375,101.58165740966797,321.6669921875,55.36205291748047,306.0890197753906,323.16925048828125,123.64779663085938,322.2030029296875,321.7535095214844,936.0935668945312,469.95098876953125,346.7418212890625,295.04779052734375,161.3986053466797,649.9529418945312,592.27001953125,245.4378204345703,206.39279174804688,326.989990234375,1357.9254150390625,67.07876586914062,432.6866455078125,1106.24365234375,202.83697509765625,579.0501708984375,302.4703369140625,73.50718688964844,530.2938842773438,51.06785202026367,648.1350708007812,,53.81821060180664,107.8015365600586,482.3690185546875,376.4952087402344,90.7300033569336,575.1679077148438,150.89999389648438,282.8403625488281,189.09976196289062,90.8499984741211,193.89999389648438,135.79676818847656,137.0668182373047,906.7001953125,125.8872299194336,179.0404815673828,811.2941284179688,185.11514282226562,101.58694458007812,42.121604919433594,519.7000122070312,85.59764099121094,536.2534790039062,687.701904296875,366.7575988769531,102.62625122070312,616.54052734375,431.4100036621094,184.5056915283203,339.06402587890625,355.14764404296875,484.1499938964844,215.1146697998047,112.48914337158203,117.7054443359375,125.13566589355469
2026-01-08,258.7978515625,222.34109497070312,125.54405212402344,281.82000732421875,339.0400085449219,298.2262268066406,77.44319915771484,204.67999267578125,327.8383483886719,246.2899932861328,123.72000122070312,351.9700012207031,259.5923767089844,331.7840270996094,381.7730712890625,55.864192962646484,160.28140258789062,217.3042755126953,1081.8970947265625,499.7699890136719,98.37999725341797,606.7105102539062,312.0787353515625,318.79998779296875,282.35455322265625,260.41461181640625,914.0612182617188,260.5299987792969,73.56139373779297,189.82339477539062,157.70724487304688,499.3395080566406,116.32923126220703,271.0136413574219,143.29933166503906,104.57313537597656,319.5834655761719,54.085235595703125,307.76226806640625,313.9826354980469,119.98857116699219,325.7804870605469,325.2110595703125,929.9359741210938,478.3085632324219,357.1720886230469,301.0038146972656,161.4584197998047,651.5499877929688,585.0800170898438,252.1354522705078,204.6619873046875,329.7900085449219,1322.8809814453125,68.89627075195312,438.2180480957031,1083.3817138671875,200.7195281982422,579.2000122070312,307.16412353515625,73.0995864868164,530.0244140625,53.52656936645508,645.50732421875,,54.978763580322266,110.17396545410156,477.0212097167969,380.8836364746094,90.52999877929688,588.9038696289062,146.19000244140625,288.44561767578125,185.0299835205078,91.62999725341797,190.8000030517578,138.13587951660156,140.53221130371094,904.78369140625,127.3653335571289,180.7097625732422,800.047607421875,186.55038452148438,100.99893188476562,44.16952896118164,514.489990234375,86.54024505615234,540.3040771484375,687.632080078125,366.21905517578125,105.25946807861328,605.9010009765625,435.79998779296875,187.2279052734375,344.1742858886719,351.50518798828125,469.67999267578125,216.99717712402344,112.83842468261719,122.09618377685547,126.3106460571289
2026-01-09,259.1275329589844,218.32342529296875,125.28536224365234,280.6700134277344,333.95001220703125,299.9906921386719,74.98767852783203,203.1699981689453,323.85595703125,247.3800048828125,122.88999938964844,350.79998779296875,262.0768127441406,344.24786376953125,374.42626953125,55.53604507446289,158.38314819335938,219.18438720703125,1079.092529296875,499.1000061035156,97.63999938964844,616.1783447265625,305.9069519042969,327.30999755859375,277.4217224121094,256.3224182128906,923.6182250976562,259.94000244140625,73.48182678222656,192.6768341064453,160.53955078125,486.6566162109375,115.8136215209961,271.0036926269531,143.64797973632812,103.92926788330078,323.50128173828125,56.38949203491211,311.0987243652344,321.1222229003906,120.41614532470703,328.9082946777344,328.3388671875,934.064208984375,471.368896484375,372.1519470214844,302.4953308105469,165.44554138183594,646.9000244140625,586.239990234375,253.51670837402344,203.30918884277344,329.19000244140625,1398.1832275390625,70.02848815917969,442.5933532714844,1061.7879638671875,218.09869384765625,575.5399780273438,305.61279296875,74.77969360351562,530.4635009765625,54.61712646484375,652.5013427734375,,56.5818977355957,109.71734619140625,478.1885681152344,382.1303405761719,89.45999908447266,616.8444213867188,141.8000030517578,285.9466247558594,184.84999084472656,93.80000305175781,189.02000427246094,138.6710968017578,140.86981201171875,919.2767333984375,128.3672637939453,176.64585876464844,795.5929565429688,187.8759765625,99.83287048339844,44.93501663208008,525.1799926757812,86.33187866210938,540.6831665039062,692.1796264648438,366.5481872558594,104.4576187133789,618.248779296875,445.010009765625,189.0758514404297,341.3264465332031,349.0502014160156,463.8599853515625,220.0351104736328,114.2954330444336,123.78492736816406,126.62928771972656
2026-01-12,260.0067138671875,218.2837371826172,124.0118179321289,280.9599914550781,327.6499938964844,292.9427490234375,73.65553283691406,207.69000244140625,323.2998046875,246.47000122070312,123.41999816894531,350.489990234375,265.3761291503906,351.47271728515625,358.456787109375,54.879756927490234,158.37533569335938,215.16993713378906,1083.2296142578125,498.6700134277344,95.72000122070312,628.2999877929688,305.7174987792969,325.510009765625,274.50775146484375,258.7933654785156,941.7933959960938,259.3999938964844,73.61112976074219,192.58705139160156,160.76730346679688,489.3088684082031,115.72438049316406,270.275634765625,144.8035430908203,104.44436645507812,328.0769958496094,58.5640754699707,310.6605224609375,323.698486328125,121.90767669677734,332.4957580566406,331.62652587890625,944.5789184570312,473.6155700683594,372.449951171875,310.4101867675781,165.7146759033203,635.4400024414062,572.75,252.9403533935547,208.6110076904297,324.489990234375,1426.316650390625,70.0185546875,442.1448669433594,1079.19873046875,220.13624572753906,566.280029296875,305.0459289550781,72.96040344238281,533.9659423828125,54.44858169555664,641.4207763671875,,57.57525634765625,108.38720703125,476.09332275390625,384.6237487792969,89.41000366210938,627.3108520507812,142.63999938964844,287.4599609375,184.92999267578125,95.5999984741211,188.8800048828125,140.10826110839844,142.44862365722656,927.2119140625,128.0299835205078,168.19015502929688,767.0772705078125,193.20828247070312,101.55705261230469,44.885311126708984,533.4199829101562,86.06398010253906,543.21728515625,693.2666625976562,360.39483642578125,105.07138061523438,614.8421630859375,448.9599914550781,187.84390258789062,337.8832092285156,342.4937438964844,460.5899963378906,217.70437622070312,117.7283935546875,123.2087631225586,124.78715515136719
2026-01-13,260.8059387207031,218.9880828857422,123.67353057861328,276.79998779296875,309.92999267578125,295.285400390625,71.86609649658203,220.97000122070312,322.0683288574219,242.60000610351562,129.92999267578125,344.5899963378906,264.521484375,353.86767578125,356.8717956542969,54.2334098815918,157.42230224609375,212.10452270507812,1083.508056640625,495.239990234375,94.13999938964844,635.044189453125,299.8049621582031,323.05999755859375,270.3208312988281,262.1823425292969,940.6448974609375,241.05999755859375,75.06326293945312,192.2777557373047,162.28248596191406,498.0632629394531,116.39863586425781,272.8088684082031,145.78976440429688,107.01981353759766,331.3468017578125,59.192508697509766,308.4096374511719,326.7540283203125,121.07242584228516,336.1931457519531,335.7336730957031,933.2386474609375,478.6081237792969,377.2180480957031,301.44134521484375,166.15325927734375,605.280029296875,561.8200073242188,255.14642333984375,212.5202178955078,310.8999938964844,1439.9488525390625,70.75350189208984,441.41729736328125,1075.39501953125,214.1234588623047,544.989990234375,307.72100830078125,73.63642120361328,533.7463989257812,55.4598274230957,630.5501708984375,,59.15872573852539,107.46404266357422,469.5981750488281,389.9696350097656,90.31999969482422,623.5030517578125,138.19000244140625,286.93231201171875,185.79994201660156,94.62999725341797,190.85000610351562,142.20948791503906,143.22311401367188,936.6043701171875,129.18072509765625,164.23553466796875,757.9981689453125,193.43751525878906,100.83946990966797,45.63091278076172,511.79998779296875,86.86767578125,540.9026489257812,691.8804931640625,354.85980224609375,107.53630828857422,606.4804077148438,447.20001220703125,187.30738830566406,331.35394287109375,327.2052917480469,454.6700134277344,215.32382202148438,120.11349487304688,125.7021484375,124.09013366699219
2026-01-14,259.71697998046875,220.1189727783203,124.37000274658203,288.5400085449219,304.44000244140625,297.0598449707031,72.6116943359375,223.60000610351562,326.7062072753906,236.64999389648438,125.08999633789062,346.0,265.5848083496094,339.17852783203125,357.1309814453125,52.18498992919922,162.03123474121094,207.00856018066406,1085.80517578125,493.1499938964844,93.73999786376953,637.259033203125,300.1240234375,313.1700134277344,269.5152893066406,268.8040466308594,949.6825561523438,239.57000732421875,74.00897216796875,193.78428649902344,165.61985778808594,510.6065368652344,117.67774200439453,274.9132080078125,147.58285522460938,109.6943130493164,330.11065673828125,60.19999694824219,312.2839050292969,318.4161682128906,123.36937713623047,336.0732421875,335.603759765625,927.7872924804688,478.12884521484375,373.4532470703125,307.2780456542969,172.3831329345703,566.5999755859375,546.760009765625,257.2630310058594,217.39430236816406,307.8699951171875,1432.638427734375,70.95214080810547,438.507080078125,1071.501708984375,208.54013061523438,546.8200073242188,306.41827392578125,74.24285125732422,534.8240356445312,56.7387580871582,614.9934692382812,,60.45697021484375,110.1938247680664,458.3338928222656,388.20428466796875,88.55000305175781,651.0548095703125,134.61000061035156,285.1103515625,183.1300811767578,95.0199966430664,190.92999267578125,144.6278839111328,145.3182373046875,934.4684448242188,131.1548614501953,163.4903106689453,753.2339477539062,198.18174743652344,101.57698059082031,46.69464111328125,505.3399963378906,87.73088836669922,543.736083984375,688.479736328125,358.4201965332031,108.7143325805664,621.2158813476562,439.20001220703125,192.19549560546875,332.3760070800781,328.4926452636719,449.5299987792969,217.92349243164062,119.79415130615234,129.33790588378906,125.30493927001953
2026-01-15,257.9685974121094,215.02000427246094,123.52999877929688,287.7699890136719,304.0899963378906,301.15704345703125,73.59588623046875,227.9199981689453,327.7589111328125,238.17999267578125,130.58999633789062,344.8399963378906,264.3227233886719,342.30194091796875,356.2437744140625,52.29437255859375,162.75772094726562,207.24960327148438,1150.2464599609375,492.6199951171875,90.02999877929688,645.6693115234375,300.2237243652344,320.6000061035156,276.4172668457031,266.2256774902344,955.4447021484375,233.52999877929688,74.84444427490234,195.13119506835938,164.55030822753906,513.5379638671875,117.89588928222656,276.9876708984375,147.453369140625,107.0,332.4234313964844,59.959999084472656,311.8955078125,319.474609375,120.57524871826172,332.92547607421875,332.5458984375,970.7511596679688,483.0814514160156,376.6419372558594,296.2608947753906,172.72203063964844,554.5800170898438,541.3400268554688,260.24420166015625,218.40892028808594,309.260009765625,1542.955078125,69.99869537353516,438.56689453125,1031.248779296875,217.2097625732422,542.6500244140625,306.9055480957031,74.01419830322266,538.4462280273438,56.80815505981445,620.2689208984375,,60.56515884399414,110.15411376953125,455.6200866699219,393.4005432128906,88.05000305175781,652.5201416015625,131.1699981689453,289.490966796875,187.03988647460938,93.63999938964844,187.72999572753906,145.27212524414062,143.61036682128906,942.8228759765625,131.69053649902344,160.36041259765625,741.0286254882812,199.16847229003906,102.41415405273438,46.2969856262207,508.19000244140625,88.08808135986328,544.1651000976562,690.3546142578125,361.5118103027344,110.01113891601562,624.0330810546875,438.57000732421875,187.89356994628906,336.34515380859375,327.0755310058594,438.9200134277344,218.9892578125,118.95586395263672,128.27500915527344,124.74732208251953
2026-01-16,255.29112243652344,214.35000610351562,121.76000213623047,286.2099914550781,296.1199951171875,299.31280517578125,72.5023422241211,231.8300018310547,328.13629150390625,239.1199951171875,129.8300018310547,343.8599853515625,265.8630676269531,350.9737548828125,363.6404113769531,52.672237396240234,161.7890625,204.17063903808594,1156.73046875,493.2900085449219,88.06999969482422,645.3800048828125,299.8847351074219,317.45001220703125,270.7186279296875,272.9743347167969,962.2953491210938,227.11000061035156,74.7847671508789,194.9715576171875,164.6493377685547,512.89990234375,118.21318817138672,276.3294372558594,148.8878631591797,105.31999969482422,342.68145751953125,58.709999084472656,306.93560791015625,324.6470642089844,124.20463562011719,330.1074523925781,329.7678527832031,956.9637451171875,468.5930480957031,377.6452331542969,303.9371032714844,173.41976928710938,545.2899780273438,535.0,261.8142395019531,217.50372314453125,312.4700012207031,1565.785400390625,69.95896911621094,437.490478515625,1036.6697998046875,222.6931915283203,539.489990234375,305.72216796875,74.26273345947266,537.7576904296875,56.74867248535156,619.7194213867188,,60.7421875,108.02985382080078,458.8127746582031,399.5542907714844,88.0,664.7709350585938,127.30999755859375,289.35162353515625,186.21990966796875,94.69999694824219,187.66000366210938,145.02435302734375,143.5110626220703,942.513427734375,132.14686584472656,158.40298461914062,732.1592407226562,201.25155639648438,103.47058868408203,46.45604705810547,516.3099975585938,88.2071533203125,545.0829467773438,689.7761840820312,362.7983093261719,110.15962982177734,618.10888671875,437.5,190.33761596679688,328.4664001464844,327.6243896484375,441.3599853515625,220.3538360595703,119.45484161376953,129.02996826171875,124.12000274658203
2026-01-20,246.46937561035156,214.0399932861328,121.13999938964844,272.7099914550781,290.3699951171875,294.74713134765625,72.01522064208984,231.9199981689453,328.72222900390625,231.0,127.5199966430664,339.5,256.5713195800781,331.9037780761719,351.0801086425781,51.807125091552734,158.8831024169922,200.62232971191406,1103.904541015625,485.3900146484375,91.19999694824219,629.0,300.17388916015625,307.0,269.75396728515625,273.3747863769531,962.9444580078125,220.07000732421875,72.95468139648438,193.29542541503906,163.69863891601562,507.196533203125,118.54039764404297,272.2702941894531,144.66407775878906,106.20999908447266,336.54058837890625,60.06999969482422,299.8144836425781,311.88568115234375,123.43898010253906,321.9331970214844,321.77349853515625,938.4312744140625,463.6903076171875,372.6188049316406,289.69830322265625,170.3995361328125,528.9500122070312,527.4400024414062,252.85092163085938,217.0561065673828,302.739990234375,1484.25146484375,71.26001739501953,431.699951171875,1039.554931640625,222.1438446044922,531.739990234375,301.15765380859375,72.74169158935547,516.184326171875,57.49223327636719,603.6032104492188,,60.142242431640625,108.6452865600586,453.48492431640625,390.0494079589844,87.26000213623047,655.2015380859375,125.4000015258789,279.15667724609375,178.06036376953125,95.23999786376953,184.05999755859375,146.35247802734375,145.96365356445312,927.7609252929688,129.76602172851562,153.0871124267578,732.8984375,195.7099609375,100.65010833740234,46.17768859863281,510.9700012207031,88.12776947021484,517.8363037109375,675.7345581054688,358.6395568847656,108.2391586303711,618.3986206054688,419.25,188.3605194091797,335.8192443847656,325.1495056152344,442.0799865722656,220.42355346679688,118.46687316894531,129.59620666503906,123.23999786376953
2026-01-21,247.41848754882812,216.14999389648438,120.7300033569336,280.7200012207031,294.2300109863281,304.01806640625,71.46843719482422,249.8000030517578,341.23553466796875,231.30999755859375,127.29000091552734,332.760009765625,261.4705810546875,328.1116943359375,358.4767150878906,51.77729415893555,161.0625762939453,206.0742950439453,1121.60595703125,483.8299865722656,91.70999908447266,645.3800048828125,299.0970764160156,313.8399963378906,273.40386962890625,272.55438232421875,981.5191040039062,221.5800018310547,73.29285430908203,194.9615936279297,165.11477661132812,527.9658203125,118.36192321777344,279.1119384765625,148.9974365234375,108.05000305175781,336.9094543457031,60.58000183105469,305.7106018066406,318.0367126464844,128.38092041015625,328.1488342285156,328.1490173339844,948.0208129882812,464.7487487792969,382.0855407714844,295.85321044921875,171.34646606445312,524.9199829101562,523.6900024414062,258.3064270019531,216.85716247558594,302.0400085449219,1518.0274658203125,71.51824188232422,437.87921142578125,1076.722900390625,228.11668395996094,527.5700073242188,303.9918212890625,75.75395202636719,523.6881713867188,56.85772705078125,612.4356689453125,,60.07339859008789,110.2930908203125,443.0986328125,393.9092102050781,85.36000061035156,662.0396118164062,125.30000305175781,287.8283386230469,183.31008911132812,98.77999877929688,181.47000122070312,145.4406280517578,145.0302734375,943.531494140625,130.0933837890625,155.3724365234375,748.4297485351562,196.84619140625,101.44741821289062,48.23555374145508,521.9500122070312,88.4552001953125,529.9281616210938,683.5332641601562,361.9606018066406,104.9723892211914,635.6715698242188,431.44000244140625,193.14927673339844,345.0673522949219,324.6106262207031,461.1400146484375,225.59300231933594,119.11553955078125,132.725341796875,125.08000183105469
2026-01-22,248.1178436279297,218.11000061035156,108.61000061035156,285.0899963378906,299.7300109863281,307.5569763183594,71.88597106933594,253.72999572753906,344.681640625,234.33999633789062,138.41000366210938,335.9599914550781,262.3948059082031,324.8086242675781,366.8601989746094,52.15515899658203,160.9532012939453,205.56704711914062,1133.41015625,484.489990234375,91.29000091552734,648.4099731445312,300.0343017578125,317.0899963378906,278.8538513183594,274.8202209472656,974.8381958007812,228.08999633789062,73.92940521240234,192.62696838378906,165.04547119140625,520.8566284179688,116.71593475341797,280.7276306152344,149.68478393554688,106.31999969482422,333.00164794921875,58.849998474121094,308.55902099609375,294.5708923339844,130.39944458007812,330.6070861816406,330.3074951171875,949.6522216796875,465.64739990234375,378.49951171875,292.9994812011719,173.78858947753906,547.6900024414062,525.8099975585938,258.0580139160156,217.33462524414062,303.6300048828125,1498.053466796875,71.37920379638672,444.1481628417969,1085.568115234375,220.43588256835938,532.8599853515625,304.3299255371094,75.02822875976562,529.096435546875,57.08575439453125,647.0759887695312,,60.02421951293945,108.37727355957031,450.1126403808594,396.4425048828125,83.54000091552734,668.2996215820312,128.55999755859375,287.80841064453125,184.82998657226562,98.87999725341797,182.27000427246094,143.121337890625,148.87298583984375,937.522705078125,125.6590576171875,156.79331970214844,754.602294921875,195.6900177001953,103.69981384277344,49.030860900878906,509.4700012207031,86.8279800415039,538.5481567382812,687.103515625,357.7021179199219,105.4277572631836,638.8184814453125,449.3599853515625,193.7255096435547,351.7355041503906,325.6883850097656,467.3500061035156,228.0930633544922,117.58867645263672,132.75514221191406,124.4000015258789
2026-01-23,247.80812072753906,219.25999450683594,107.41999816894531,281.07000732421875,301.07000732421875,304.6461181640625,71.89591979980469,259.67999267578125,342.37762451171875,239.16000366210938,136.33999633789062,338.69000244140625,259.7215881347656,319.3800354003906,360.5501708984375,51.429264068603516,157.6332244873047,203.47581481933594,1123.654541015625,478.9700012207031,92.51000213623047,626.6199951171875,300.0243225097656,318.32000732421875,277.6703796386719,276.138671875,981.9085693359375,228.0500030517578,74.18799591064453,192.5172119140625,165.10488891601562,512.9297485351562,116.43830108642578,281.1465148925781,147.11465454101562,108.33000183105469,330.1903991699219,60.40999984741211,302.98162841796875,293.4425354003906,135.1623992919922,328.19879150390625,327.6993103027344,914.0695190429688,470.1806640625,381.2212829589844,290.7821044921875,172.37315368652344,563.969970703125,523.989990234375,256.6369934082031,218.97589111328125,297.7200012207031,1510.81689453125,72.3823013305664,450.05828857421875,1062.5167236328125,217.67919921875,524.739990234375,307.53204345703125,74.27267456054688,522.9097900390625,57.89871597290039,658.1964721679688,,60.88971710205078,107.38462829589844,464.888916015625,400.6015319824219,86.12000274658203,670.8015747070312,133.11000061035156,286.1457824707031,187.6598358154297,99.2300033569336,180.17999267578125,143.29974365234375,150.14999389648438,926.263671875,126.1352310180664,154.82595825195312,752.6446533203125,195.2813720703125,101.83610534667969,48.86186218261719,501.3900146484375,86.85774993896484,532.3724975585938,687.352783203125,354.0819091796875,107.01165008544922,625.3617553710938,449.05999755859375,192.056396484375,353.5116882324219,325.5087585449219,468.4100036621094,228.3221435546875,117.48888397216797,134.0763397216797,124.05000305175781
2026-01-26,255.17123413085938,220.77000427246094,108.7699966430664,280.7099914550781,304.7200012207031,303.0610656738281,73.3572998046875,251.30999755859375,347.28363037109375,238.4199981689453,143.72000122070312,338.8699951171875,260.983642578125,324.16998291015625,362.1052551269531,51.727577209472656,158.9065399169922,203.8262176513672,1115.3309326171875,483.4700012207031,93.55000305175781,635.9199829101562,302.5967102050781,322.0199890136719,278.87371826171875,277.4180908203125,976.336181640625,229.39999389648438,76.59496307373047,193.44508361816406,165.8773193359375,515.0336303710938,117.77690124511719,282.9117736816406,148.55911254882812,107.5999984741211,331.2471008300781,61.16999816894531,303.2406005859375,294.63079833984375,137.001953125,333.35516357421875,333.02557373046875,926.9815063476562,471.6784362792969,383.9629821777344,294.6500244140625,174.5361785888672,561.77001953125,528.8099975585938,257.5213928222656,220.3187713623047,301.0400085449219,1541.027587890625,72.06448364257812,453.5066833496094,1060.979248046875,222.60328674316406,527.3599853515625,311.2115173339844,74.35221099853516,524.2868041992188,58.02759552001953,671.7847900390625,,61.94208526611328,106.61036682128906,469.20904541015625,400.0130920410156,85.69999694824219,658.8598022460938,136.33999633789062,286.9920349121094,186.4599151611328,100.23999786376953,184.22000122070312,144.5783233642578,149.49000549316406,931.3142700195312,125.42097473144531,153.53424072265625,761.7337646484375,193.4873504638672,102.59355163574219,49.408634185791016,503.010009765625,87.47291564941406,533.9887084960938,690.84326171875,356.0166931152344,102.913330078125,626.0010986328125,435.20001220703125,195.31512451171875,348.9273376464844,327.8139953613281,476.8399963378906,229.33810424804688,117.39906311035156,133.9471893310547,123.91999816894531
2026-01-27,258.0285339355469,223.92999267578125,108.2699966430664,275.79998779296875,297.4200134277344,302.8816223144531,73.43682861328125,252.02999877929688,348.90240478515625,244.67999267578125,146.69000244140625,330.75,257.5054626464844,332.0933837890625,358.3172302246094,51.876731872558594,158.89089965820312,205.66722106933594,1100.56298828125,474.6700134277344,93.61000061035156,638.9099731445312,300.5826721191406,318.3699951171875,268.6102600097656,277.83807373046875,968.956298828125,228.52999877929688,78.2559585571289,190.771240234375,167.4123077392578,517.6759033203125,119.2741470336914,283.3306579589844,147.10470581054688,108.58999633789062,340.1294250488281,62.869998931884766,311.15850830078125,297.03729248046875,140.1739501953125,334.76416015625,334.31463623046875,924.8527221679688,505.0887451171875,377.83392333984375,292.19403076171875,172.72203063964844,545.4000244140625,525.0399780273438,257.0643005371094,223.25315856933594,300.30999755859375,1614.232421875,73.0477294921875,451.5133972167969,1037.7779541015625,238.17465209960938,520.4099731445312,312.38494873046875,74.72004699707031,517.7509765625,58.51339340209961,672.394287109375,,62.571537017822266,107.12654113769531,479.485595703125,405.0098571777344,85.58000183105469,676.5730590820312,131.8000030517578,287.69891357421875,188.50979614257812,100.62000274658203,183.5,147.46255493164062,148.33999633789062,924.2474365234375,127.67285919189453,152.0636749267578,770.3233642578125,200.61367797851562,103.37092590332031,50.363006591796875,502.70001220703125,88.14761352539062,525.4486083984375,693.5957641601562,353.6131896972656,103.05191802978516,623.2937622070312,430.8999938964844,195.35487365722656,280.5191650390625,324.5906677246094,474.1700134277344,230.42379760742188,116.70050048828125,135.92401123046875,124.95999908447266
2026-01-28,256.2002868652344,218.6699981689453,106.05000305175781,270.42999267578125,299.5799865722656,316.6385498046875,72.95964050292969,252.74000549316406,339.8650207519531,243.00999450683594,150.14999389648438,333.0,254.29559326171875,332.54241943359375,355.8649597167969,51.51875686645508,157.73477172851562,202.94583129882812,1115.460205078125,473.489990234375,93.79000091552734,643.280029296875,302.7562561035156,320.489990234375,270.8877258300781,279.37139892578125,959.46923828125,227.9600067138672,78.5344467163086,188.72593688964844,168.28378295898438,523.4789428710938,119.22457122802734,280.7076721191406,147.85183715820312,111.0199966430664,346.2403564453125,63.630001068115234,313.3794860839844,292.0545654296875,138.93099975585938,336.04327392578125,335.7736511230469,931.9056396484375,490.5004577636719,372.80755615234375,292.49237060546875,171.88473510742188,538.7000122070312,522.0399780273438,256.6270446777344,226.5158233642578,300.7699890136719,1625.0882568359375,72.56106567382812,449.988525390625,1022.0940551757812,239.29330444335938,521.3699951171875,311.06231689453125,79.81007385253906,515.5057983398438,57.23446273803711,668.1578979492188,,62.08961486816406,106.11404418945312,480.533203125,404.01251220703125,84.63999938964844,686.929931640625,129.6199951171875,283.21868896484375,191.5096435546875,101.37000274658203,183.74000549316406,147.18502807617188,147.33999633789062,914.5654907226562,126.11538696289062,151.72584533691406,750.2275390625,198.79971313476562,103.12176513671875,48.583499908447266,511.3500061035156,87.64159393310547,526.895263671875,693.5259399414062,356.8643798828125,100.71568298339844,607.4194946289062,431.4599914550781,214.76815795898438,291.7518310546875,326.30712890625,477.9100036621094,230.68276977539062,116.33125305175781,136.66905212402344,121.93000030517578
2026-01-29,258.0385437011719,220.42999267578125,106.08999633789062,261.2200012207031,291.6499938964844,317.7052307128906,73.92395782470703,252.17999267578125,340.580078125,241.72999572753906,148.14999389648438,342.95001220703125,254.42477416992188,330.0376892089844,357.3702087402344,52.781620025634766,157.08641052246094,204.06727600097656,1121.536376953125,476.7900085449219,92.33000183105469,665.239990234375,305.26885986328125,302.6700134277344,269.7837829589844,283.0631408691406,951.5899658203125,214.0800018310547,78.00730895996094,189.2147979736328,169.53158569335938,528.524169921875,119.86907958984375,282.0740051269531,150.14303588867188,112.08000183105469,353.2684326171875,65.12999725341797,318.6381530761719,298.4252624511719,138.761962890625,338.4216003417969,338.0120544433594,935.1983032226562,481.8133544921875,369.3407287597656,307.4868469238281,174.5361785888672,502.9800109863281,507.54998779296875,261.20806884765625,226.0880889892578,306.4200134277344,1682.523681640625,72.92854309082031,453.476806640625,1022.4335327148438,247.87301635742188,543.72998046875,313.7572937011719,78.89546203613281,514.33837890625,56.81807327270508,737.6784057617188,,58.775146484375,107.54344940185547,432.5128173828125,402.08758544921875,83.16000366210938,693.1300659179688,116.7300033569336,288.8836669921875,192.49957275390625,98.8499984741211,176.1999969482422,147.37335205078125,149.89999389648438,946.6357421875,129.3692169189453,151.24891662597656,748.5396118164062,199.2183074951172,103.12176513671875,48.16596221923828,480.0,88.44527435302734,527.404052734375,692.1497192382812,353.3439025878906,101.80460357666016,591.5751342773438,416.55999755859375,217.5500030517578,290.0351867675781,331.1171875,475.67999267578125,222.24630737304688,117.16954040527344,139.57965087890625,121.72000122070312
2026-01-30,259.2374267578125,223.00999450683594,109.30000305175781,263.6400146484375,293.25,309.9096374511719,74.44090270996094,236.72999572753906,339.5273742675781,239.3000030517578,141.74000549316406,349.6400146484375,270.8020935058594,330.6064758300781,351.0601806640625,52.900943756103516,158.95339965820312,199.6182098388672,1112.7452392578125,480.5299987792969,93.52999877929688,657.3599853515625,308.64886474609375,296.3599853515625,272.60821533203125,282.3111267089844,940.25,212.2899932861328,77.89789581298828,190.9508056640625,175.18626403808594,526.460205078125,120.3251953125,281.23626708984375,146.39743041992188,112.12999725341797,350.32763671875,60.22999954223633,320.94879150390625,306.34375,141.14840698242188,338.29168701171875,337.7622375488281,930.512939453125,487.5448303222656,372.1022644042969,304.9612731933594,173.22042846679688,498.9200134277344,504.2200012207031,259.6181335449219,226.0482940673828,305.8900146484375,1426.0869140625,74.29911804199219,455.4402160644531,1035.421875,233.18063354492188,538.7899780273438,313.2501220703125,75.47559356689453,514.4481201171875,57.96811294555664,715.8870849609375,,60.96840286254883,109.45925903320312,429.31011962890625,401.4792175292969,83.48999786376953,690.0499267578125,117.01000213623047,289.95892333984375,191.11965942382812,98.41000366210938,176.97000122070312,152.2696075439453,151.77000427246094,934.09912109375,129.5180206298828,150.6229248046875,740.5592041015625,200.26483154296875,103.57024383544922,48.09637451171875,465.1199951171875,88.61395263671875,526.5659790039062,690.0853271484375,368.5627136230469,104.40812683105469,578.0385131835938,430.4100036621094,215.5500030517578,284.7165222167969,321.1676940917969,469.8999938964844,221.35983276367188,118.89598846435547,140.4637451171875,124.81999969482422
2026-02-02,269.7575988769531,225.63999938964844,109.41000366210938,266.7900085449219,293.3800048828125,315.8709411621094,73.48653411865234,246.27000427246094,342.3080749511719,242.9600067138672,138.3699951171875,349.6099853515625,269.3014831542969,330.4168701171875,351.71807861328125,53.72627639770508,157.7269744873047,204.4236602783203,1113.4613037109375,487.2900085449219,91.87000274658203,690.9099731445312,310.3338928222656,289.19000244140625,270.0523376464844,283.981201171875,968.3599853515625,210.80999755859375,80.20539093017578,190.471923828125,172.3440704345703,530.6978149414062,118.48090362548828,282.8918151855469,148.06103515625,108.41000366210938,358.32269287109375,60.7599983215332,333.94610595703125,308.2609558105469,142.08309936523438,344.6571960449219,343.4482421875,941.3757934570312,496.1120910644531,375.60882568359375,312.94573974609375,172.62234497070312,487.1199951171875,496.7300109863281,262.5495910644531,229.52980041503906,308.1400146484375,1408.61962890625,74.8155746459961,458.6195373535156,1042.3902587890625,237.21578979492188,555.3699951171875,316.760498046875,77.62295532226562,515.9348754882812,58.186222076416016,705.8056640625,,61.204444885253906,112.5364761352539,422.4058837890625,402.6162109375,82.76000213623047,682.8330688476562,118.0,290.1679992675781,185.59996032714844,98.01000213623047,175.4199981689453,153.82569885253906,153.19000244140625,950.22900390625,128.64503479003906,151.6463623046875,754.1129150390625,200.42430114746094,104.8160400390625,47.768306732177734,457.8900146484375,87.502685546875,526.436279296875,693.5159912109375,367.1465759277344,108.42725372314453,581.1954345703125,421.80999755859375,225.00999450683594,283.3868713378906,333.15301513671875,472.010009765625,222.2761993408203,123.80591583251953,137.48361206054688,124.94000244140625
2026-02-03,269.22808837890625,225.66000366210938,109.0199966430664,241.2100067138672,271.92999267578125,310.318359375,73.69530487060547,242.11000061035156,336.260009765625,238.6199951171875,139.38999938964844,346.8399963378906,276.2280578613281,319.659423828125,348.5281677246094,54.143917083740234,161.31256103515625,185.36273193359375,1064.15576171875,493.739990234375,91.62000274658203,702.8900146484375,312.4576110839844,268.5,273.8812561035156,286.2275085449219,977.9199829101562,196.3800048828125,82.6620864868164,190.29232788085938,176.31521606445312,543.41064453125,120.64249420166016,281.6651306152344,151.5177459716797,110.43000030517578,361.403076171875,64.66999816894531,352.0028991699219,309.4791564941406,142.4709014892578,340.4601745605469,339.47100830078125,934.07421875,498.46856689453125,378.56903076171875,292.6415100097656,162.544921875,434.0899963378906,478.8800048828125,277.1572265625,231.86737060546875,314.8500061035156,1353.7808837890625,76.36491394042969,462.01812744140625,1001.7880249023438,229.82464599609375,550.719970703125,317.7052307128906,76.21126556396484,470.0340881347656,58.959529876708984,691.1082763671875,,63.10264205932617,114.9883041381836,410.2735595703125,408.3909606933594,79.94000244140625,702.7293090820312,109.7699966430664,297.0077819824219,180.33023071289062,97.0999984741211,166.24000549316406,161.40797424316406,155.32000732421875,962.5361328125,130.82748413085938,146.24105834960938,758.2678833007812,202.82632446289062,103.38088989257812,49.46828079223633,419.1400146484375,89.42755889892578,467.1241760253906,687.6520385742188,359.8463134765625,110.17943572998047,569.5269775390625,421.9599914550781,225.2100067138672,281.98773193359375,328.25311279296875,465.6099853515625,224.19854736328125,127.44844055175781,142.7783203125,122.41000366210938
2026-02-04,276.23150634765625,217.11000061035156,108.19999694824219,241.64999389648438,279.7099914550781,319.4397888183594,75.92217254638672,200.19000244140625,363.6800231933594,232.99000549316406,130.27999877929688,350.2099914550781,284.8042907714844,307.4051513671875,352.5554504394531,55.06869125366211,162.3827667236328,183.86575317382812,1070.2021484375,503.8299865722656,75.5,691.8200073242188,328.4803161621094,271.4200134277344,270.22137451171875,287.7413330078125,978.3499755859375,199.44000244140625,80.72259521484375,192.1680145263672,179.47430419921875,565.605712890625,121.17793273925781,287.3897705078125,156.7177734375,114.66999816894531,363.8653869628906,61.86000061035156,361.07611083984375,307.8914794921875,145.40423583984375,333.1053161621094,332.80572509765625,908.5186767578125,492.9068908691406,384.6285400390625,287.41131591796875,164.31918334960938,445.6400146484375,478.489990234375,286.98504638671875,233.23011779785156,317.2699890136719,1305.5235595703125,76.82176971435547,471.74542236328125,1105.2752685546875,209.52896118164062,553.52001953125,321.891845703125,77.77207946777344,460.2153015136719,58.890132904052734,668.417724609375,,64.0861587524414,117.46000671386719,413.2467956542969,415.20294189453125,80.16000366210938,687.5479125976562,111.06999969482422,305.49029541015625,174.18057250976562,96.73999786376953,166.72000122070312,164.70846557617188,156.8699951171875,966.1892700195312,133.76385498046875,147.94015502929688,774.1287841796875,196.08871459960938,103.53038024902344,51.0489616394043,418.9800109863281,89.58631896972656,464.4304504394531,684.3211059570312,359.6867370605469,112.9809341430664,564.6617431640625,406.010009765625,222.9199981689453,273.7914733886719,329.2710266113281,470.5199890136719,225.53323364257812,127.73784637451172,146.61276245117188,126.69999694824219
2026-02-05,275.6520690917969,219.02000427246094,109.08000183105469,233.5800018310547,269.3900146484375,321.1145324707031,75.51457214355469,192.5,365.26898193359375,222.69000244140625,128.6699981689453,343.3599853515625,281.7335510253906,309.8600158691406,353.50244140625,54.631160736083984,161.32037353515625,177.33226013183594,1048.96044921875,503.8900146484375,77.63999938964844,678.3099975585938,330.304931640625,270.1400146484375,282.9711608886719,290.4368896484375,989.2899780273438,189.97000122070312,81.91612243652344,193.66456604003906,177.49368286132812,564.0801391601562,122.36780548095703,286.42236328125,150.3621826171875,112.48999786376953,353.5675354003906,59.220001220703125,362.4903869628906,305.9243469238281,148.52650451660156,331.09674072265625,331.0169677734375,885.7484741210938,512.9970092773438,379.8305969238281,288.24658203125,167.7480926513672,434.9100036621094,476.32000732421875,286.478271484375,236.53256225585938,310.1600036621094,1329.302734375,77.9738540649414,458.1510925292969,1019.1390380859375,213.0547332763672,551.8900146484375,321.6830139160156,77.58318328857422,456.712890625,59.792320251464844,669.63671875,,64.31236267089844,118.86956024169922,392.7735290527344,416.0506896972656,80.87000274658203,694.2763671875,102.62999725341797,305.55999755859375,171.87069702148438,92.86000061035156,154.77000427246094,166.04652404785156,158.61000061035156,965.8199462890625,135.05348205566406,135.43048095703125,765.7089233398438,195.32125854492188,101.65670776367188,49.21974563598633,410.44000244140625,90.37016296386719,450.6624450683594,675.7744750976562,361.4420166015625,109.73396301269531,541.8243408203125,397.2099914550781,223.97999572753906,266.4783020019531,328.45269775390625,458.80999755859375,225.70257568359375,126.68002319335938,145.11277770996094,126.7300033569336
2026-02-06,277.8599853515625,223.42999267578125,110.83000183105469,240.6199951171875,268.3800048828125,319.44976806640625,76.2701187133789,208.44000244140625,381.6753234863281,210.32000732421875,137.49000549316406,342.0400085449219,281.3559265136719,332.2231140136719,358.0181579589844,56.212223052978516,164.06228637695312,177.88101196289062,1050.5316162109375,508.0899963378906,76.2699966430664,726.2000122070312,329.995849609375,283.5199890136719,290.449951171875,295.21270751953125,1001.1599731445312,191.35000610351562,84.36286926269531,195.4205322265625,179.10789489746094,581.4094848632812,120.83088684082031,289.553955078125,156.7775421142578,113.69999694824219,372.6579895019531,60.66999816894531,367.7391052246094,320.5330810546875,151.63882446289062,322.87255859375,322.63287353515625,923.8878173828125,500.9449157714844,382.5921325683594,297.23529052734375,168.455810546875,443.7699890136719,488.1499938964844,291.72509765625,238.72093200683594,322.3999938964844,1441.077392578125,78.49030303955078,446.7394104003906,1056.4168701171875,230.73355102539062,548.739990234375,325.3425598144531,75.56507110595703,451.5141296386719,59.50481033325195,660.8941650390625,,64.32220458984375,121.03353881835938,400.22650146484375,421.06744384765625,82.19999694824219,706.8461303710938,100.73999786376953,306.4800109863281,185.39996337890625,94.22000122070312,159.32000732421875,168.98031616210938,159.1699981689453,976.489990234375,135.8570098876953,136.46383666992188,784.5662841796875,198.00234985351562,104.72634887695312,50.402774810791016,426.8800048828125,89.3779525756836,438.2612609863281,688.739013671875,357.3231506347656,114.38664245605469,542.2938842773438,411.1099853515625,221.44000244140625,274.5158386230469,330.89764404296875,477.9200134277344,225.8917999267578,130.9113311767578,148.0631103515625,127.41999816894531
2026-02-09,274.6199951171875,223.25999450683594,111.06999969482422,236.75999450683594,266.8999938964844,321.9618835449219,74.4607925415039,216.0,373.23382568359375,208.72000122070312,141.74000549316406,310.3399963378906,284.5856628417969,343.22003173828125,358.52655029296875,56.092899322509766,162.00779724121094,169.0962371826172,1073.92138671875,498.0799865722656,74.12000274658203,742.1199951171875,325.2099914550781,291.0,292.7870788574219,300.0666809082031,997.5900268554688,194.02999877929688,86.31230163574219,194.31307983398438,180.8310546875,583.9620361328125,120.69207000732422,287.3897705078125,159.3974609375,113.87000274658203,375.8879089355469,63.61000061035156,363.1278076171875,316.2792663574219,150.82345581054688,324.171630859375,324.09185791015625,938.679931640625,496.80108642578125,378.4696960449219,294.6600036621094,168.93426513671875,437.5,492.8399963378906,288.7538757324219,237.37806701660156,322.1000061035156,1438.2911376953125,77.43754577636719,454.81231689453125,1042.9293212890625,229.00563049316406,535.3300170898438,323.7912292480469,73.97444152832031,448.5006408691406,60.20871353149414,676.640625,,63.33868408203125,116.78500366210938,412.65814208984375,421.47637939453125,81.47000122070312,695.7915649414062,103.87000274658203,305.7200012207031,190.0297088623047,92.72000122070312,166.0,164.99591064453125,157.3300018310547,978.8699951171875,136.18438720703125,138.04368591308594,779.3425903320312,195.54052734375,106.84917449951172,50.243709564208984,438.8999938964844,88.68340301513672,443.1598815917969,692.0599975585938,355.11907958984375,114.35694122314453,546.2200317382812,417.32000732421875,218.77000427246094,273.57318115234375,324.9100036621094,470.8699951171875,229.58712768554688,128.75576782226562,150.20880126953125,127.30000305175781
2026-02-10,273.67999267578125,222.44000244140625,112.27999877929688,240.86000061035156,264.6700134277344,324.1450500488281,74.5602035522461,213.57000732421875,362.1406555175781,206.9600067138672,143.4499969482422,317.9200134277344,288.958251953125,339.72735595703125,362.055419921875,55.07863235473633,170.5905303955078,170.8558349609375,1081.7578125,500.29998779296875,74.25,742.3699951171875,325.28973388671875,299.0,286.2331848144531,299.597900390625,971.22998046875,193.4499969482422,85.82494354248047,198.85263061523438,180.4943389892578,591.679443359375,122.59585571289062,298.81915283203125,161.07102966308594,112.69999694824219,376.296630859375,63.2599983215332,366.46429443359375,315.8698425292969,146.39859008789062,318.40570068359375,318.3558654785156,944.0218505859375,501.3043518066406,387.092041015625,291.760009765625,164.27931213378906,421.3900146484375,495.1499938964844,292.40081787109375,237.08961486816406,318.2799987792969,1428.983154296875,76.28546142578125,458.9683532714844,1023.2921142578125,226.3388214111328,540.3900146484375,324.1591796875,76.41009521484375,418.0564270019531,60.12940216064453,670.1461791992188,,63.33868408203125,116.28868103027344,412.328857421875,418.5840148925781,82.20999908447266,682.8131103515625,106.4800033569336,315.45001220703125,188.52978515625,93.44000244140625,165.50999450683594,165.49148559570312,159.0800018310547,991.5700073242188,139.3588409423828,139.1962890625,754.0029907226562,194.54383850097656,98.91596984863281,50.025001525878906,437.45001220703125,90.0129623413086,400.14984130859375,690.2349243164062,360.0856628417969,112.09000396728516,539.266845703125,425.2099914550781,220.9199981689453,271.1123046875,328.1700134277344,463.4800109863281,230.8022918701172,126.44050598144531,150.58628845214844,128.1300048828125
2026-02-11,275.5,220.88999938964844,113.58999633789062,230.42999267578125,257.1600036621094,335.9480895996094,77.98003387451172,213.5800018310547,364.057373046875,204.0800018310547,140.66000366210938,309.9700012207031,291.3135070800781,342.0425109863281,352.8943786621094,53.54728698730469,179.4738006591797,172.10499572753906,1076.8848876953125,500.0199890136719,73.47000122070312,775.0,328.1014404296875,299.6499938964844,293.1152648925781,295.4178161621094,978.1400146484375,185.0,85.07898712158203,199.90023803710938,184.0198516845703,610.9032592773438,124.1426773071289,302.7386169433594,154.07791137695312,118.22000122070312,394.8587646484375,65.45999908447266,365.6774597167969,313.2736511230469,154.92019653320312,311.1108093261719,310.7412414550781,939.6448974609375,530.6806640625,388.0854187011719,272.80999755859375,151.50059509277344,399.69000244140625,496.1199951171875,296.1968078613281,239.58633422851562,310.82000732421875,1477.580078125,78.06324005126953,465.9449157714844,1013.5184326171875,234.83863830566406,537.4600219726562,321.41448974609375,80.2773208618164,411.3409729003906,60.94236373901367,668.1179809570312,,64.83363342285156,118.43279266357422,403.4491271972656,420.0202331542969,79.62000274658203,676.662841796875,100.58000183105469,317.2900085449219,190.0397186279297,94.11000061035156,165.3000030517578,167.6521759033203,160.0,995.8300170898438,138.76364135742188,140.14022827148438,778.0340576171875,195.85946655273438,95.12875366210938,51.560001373291016,438.2099914550781,90.15187072753906,389.8537902832031,690.075439453125,362.71856689453125,114.61000061035156,526.6493530273438,428.2699890136719,226.55999755859375,276.7583923339844,329.239990234375,461.239990234375,233.73065185546875,128.5062713623047,154.52999877929688,128.6699981689453
2026-02-12,261.7300109863281,227.5,111.47000122070312,222.0500030517578,262.5,330.32568359375,78.33792114257812,205.94000244140625,363.6800231933594,199.60000610351562,135.1199951171875,314.489990234375,289.6837158203125,330.4767761230469,341.7994384765625,52.22476577758789,176.68162536621094,165.98533630371094,1049.7857666015625,500.010009765625,74.12000274658203,758.2899780273438,331.53131103515625,288.3299865722656,286.0342712402344,294.5974426269531,998.8599853515625,185.42999267578125,74.59579467773438,195.65000915527344,180.6329803466797,596.36572265625,125.04499816894531,299.88629150390625,144.4250030517578,117.8499984741211,389.11663818359375,62.040000915527344,367.9681701660156,312.43487548828125,150.95272827148438,309.1521911621094,308.7826232910156,899.8145141601562,534.425048828125,387.62847900390625,259.5199890136719,149.34754943847656,397.9599914550781,478.6000061035156,296.6340637207031,243.25682067871094,302.6400146484375,1448.9671630859375,78.46051025390625,471.2770080566406,1036.5400390625,231.01321411132812,527.4600219726562,330.2351989746094,78.4580307006836,414.1947937011719,61.32901382446289,649.254150390625,,65.90567016601562,118.36331176757812,400.9248962402344,452.2450866699219,75.86000061035156,692.8410034179688,103.29000091552734,314.5400085449219,186.9298858642578,95.20999908447266,162.80999755859375,165.7194366455078,161.2100067138672,982.2100219726562,135.29156494140625,137.58663940429688,782.70849609375,200.47413635253906,94.76000213623047,50.63999938964844,423.3500061035156,91.838623046875,396.27886962890625,679.41455078125,364.86273193359375,112.69000244140625,509.3164978027344,417.07000732421875,223.0,282.17626953125,324.17999267578125,465.0199890136719,230.0950927734375,133.3662872314453,149.92999267578125,125.63999938964844
2026-02-13,255.77999877929688,231.5,112.68000030517578,224.22999572753906,263.9700012207031,336.04779052734375,77.81102752685547,207.32000732421875,369.19000244140625,198.7899932861328,141.58999633789062,321.70001220703125,277.9969787597656,324.48931884765625,336.4364013671875,52.25459671020508,174.77381896972656,165.2470245361328,1065.577880859375,497.54998779296875,74.7300033569336,774.2000122070312,323.9935607910156,299.4599914550781,289.8432922363281,295.9940490722656,1018.47998046875,189.72000122070312,76.43582153320312,193.44000244140625,181.9600067138672,601.1616821289062,128.1999969482422,298.370361328125,148.1300048828125,120.7300033569336,388.0400085449219,62.84000015258789,373.2069396972656,314.9512023925781,154.10482788085938,305.8045654296875,305.50494384765625,900.4014282226562,539.487548828125,388.45294189453125,262.3800048828125,151.78965759277344,399.3999938964844,485.8399963378906,297.7171936035156,242.16262817382812,302.54998779296875,1462.22998046875,78.14269256591797,479.3897705078125,1040.0,235.24813842773438,518.3599853515625,325.7602233886719,78.10013580322266,425.52032470703125,62.05274963378906,639.2227172851562,,66.14171600341797,120.51736450195312,400.4060974121094,460.54315185546875,76.87000274658203,700.3270263671875,107.08000183105469,314.94000244140625,182.80010986328125,96.66000366210938,166.9499969482422,164.47061157226562,160.07000732421875,1001.75,137.86090087890625,139.80239868164062,802.2050170898438,199.397705078125,93.72000122070312,50.38999938964844,437.0899963378906,94.20999145507812,408.5902404785156,679.8931884765625,365.06219482421875,115.76000213623047,504.3214111328125,417.44000244140625,226.16000366210938,290.92822265625,314.0799865722656,491.4700012207031,233.59120178222656,133.61578369140625,148.4499969482422,126.6500015258789
2026-02-17,263.8800048828125,232.86000061035156,112.26000213623047,219.88999938964844,260.45001220703125,336.4565124511719,78.93440246582031,203.0800018310547,373.3599853515625,201.14999389648438,142.5800018310547,325.9599914550781,275.95977783203125,331.8439025878906,343.4442443847656,52.44353103637695,176.25436401367188,165.2290802001953,1066.7314453125,503.4100036621094,76.29000091552734,764.760009765625,330.91314697265625,283.4599914550781,289.1172790527344,296.1502990722656,1012.0499877929688,184.2899932861328,76.43582153320312,194.9199981689453,180.5500030517578,599.0878295898438,126.70999908447266,302.9879455566406,148.85000610351562,119.75,390.2730407714844,61.09000015258789,373.7845764160156,326.6042175292969,154.3931884765625,302.6068115234375,301.8075256347656,911.2443237304688,533.9857788085938,380.49615478515625,258.30999755859375,152.9459228515625,379.1700134277344,493.3500061035156,295.5509033203125,242.04327392578125,307.1300048828125,1470.18994140625,79.01667785644531,480.6056823730469,1036.050048828125,235.29808044433594,521.9299926757812,325.79998779296875,78.47792053222656,422.3072509765625,59.34618377685547,638.7431030273438,,65.44341278076172,120.67617797851562,395.95623779296875,456.5537109375,77.0,698.8816528320312,105.91000366210938,316.1199951171875,184.95999145507812,92.5999984741211,163.5,160.4862060546875,159.5500030517578,1009.9299926757812,140.6385498046875,141.7200927734375,792.57666015625,202.82632446289062,93.08000183105469,49.84000015258789,421.95001220703125,92.0,409.4981384277344,680.9901733398438,368.1837463378906,116.54000091552734,501.0946044921875,410.6300048828125,225.69000244140625,286.85986328125,319.5,477.32000732421875,234.28842163085938,128.5861053466797,146.19000244140625,125.55999755859375
2026-02-18,264.3500061035156,228.72000122070312,113.29000091552734,223.61000061035156,263.1700134277344,345.2888488769531,79.32211303710938,200.1199951171875,379.7300109863281,204.7899932861328,139.5399932861328,322.9800109863281,280.6304931640625,332.8118591308594,345.1488342285156,53.06004333496094,181.52072143554688,170.41085815429688,1086.2130126953125,499.07000732421875,76.27999877929688,751.969970703125,328.32080078125,305.010009765625,288.530517578125,295.4861755371094,996.0800170898438,187.7899932861328,77.75865173339844,196.41000366210938,183.8699951171875,591.5398559570312,125.23999786376953,301.78118896484375,151.13999938964844,122.2699966430664,379.1976013183594,62.54999923706055,381.5331726074219,329.1005859375,151.8774871826172,303.7260437011719,303.1166076660156,928.8417358398438,534.2254028320312,380.97296142578125,260.7900085449219,154.69029235839844,389.57000732421875,500.760009765625,294.2987976074219,243.6945037841797,308.7799987792969,1480.300048828125,78.94715881347656,483.6554260253906,1020.5599975585938,239.8026885986328,527.97998046875,326.0685119628906,78.64691925048828,449.7878723144531,59.56429672241211,642.6697387695312,,65.66962432861328,120.7655258178711,398.69000244140625,450.4099426269531,77.98999786376953,722.5159912109375,107.80999755859375,316.760009765625,187.96981811523438,92.75,152.35000610351562,162.934326171875,156.86000061035156,997.5,138.51564025878906,142.32620239257812,791.208251953125,204.13198852539062,95.37999725341797,51.59000015258789,442.30999755859375,91.04000091552734,418.40740966796875,684.4208374023438,376.3017883300781,115.66000366210938,513.0527954101562,411.32000732421875,223.32000732421875,285.97674560546875,320.29998779296875,470.30999755859375,233.13302612304688,126.36067199707031,150.67999267578125,129.1300048828125
2026-02-19,260.5799865722656,224.35000610351562,112.19000244140625,214.9499969482422,259.2099914550781,344.22216796875,79.07357788085938,203.3699951171875,375.5,204.86000061035156,137.22999572753906,324.29998779296875,278.97088623046875,333.29083251953125,341.5701599121094,52.47336196899414,181.3120574951172,159.9331512451172,1075.2938232421875,496.94000244140625,75.72000122070312,760.530029296875,328.191162109375,296.5899963378906,284.3535461425781,296.8144226074219,987.8200073242188,185.2899932861328,78.13660430908203,197.97000122070312,184.77999877929688,660.0693969726562,126.37000274658203,300.1954650878906,151.3000030517578,123.87000274658203,376.1470947265625,62.56999969482422,381.59295654296875,334.2530822753906,150.26661682128906,303.3462829589844,302.636962890625,911.8511962890625,527.8748168945312,376.0657653808594,256.2799987792969,153.61376953125,381.5400085449219,499.5299987792969,291.9735107421875,245.60433959960938,308.04998779296875,1469.9000244140625,78.37112426757812,488.46923828125,1023.219970703125,237.10592651367188,520.260009765625,325.2928161621094,76.70834350585938,448.321044921875,58.136653900146484,644.2284545898438,,66.86951446533203,120.96405029296875,398.4599914550781,452.48443603515625,77.0,734.5175170898438,107.37000274658203,314.04998779296875,187.88983154296875,94.16999816894531,150.99000549316406,163.13255310058594,158.55999755859375,1012.4400024414062,137.93032836914062,140.3687744140625,781.4400024414062,204.73001098632812,93.87000274658203,51.540000915527344,442.44000244140625,95.05000305175781,415.7037048339844,682.61572265625,371.65435791015625,115.66000366210938,514.6112670898438,411.7099914550781,218.0500030517578,287.6933898925781,318.92999267578125,469.2699890136719,232.4955596923828,124.6142578125,150.97000122070312,127.27999877929688
2026-02-20,264.5799865722656,224.80999755859375,112.20999908447266,215.35000610351562,258.6099853515625,353.92181396484375,79.96830749511719,200.14999389648438,374.75,210.11000061035156,132.7899932861328,325.07000732421875,279.4280090332031,331.9536437988281,345.08905029296875,52.7617301940918,184.21353149414062,162.700439453125,1087.5853271484375,498.20001220703125,74.58000183105469,759.739990234375,330.6439208984375,296.2799987792969,278.7742614746094,300.8968200683594,985.27001953125,185.16000366210938,78.77315521240234,200.02000427246094,183.92999267578125,660.5579833984375,126.77999877929688,303.3470153808594,148.6199951171875,123.08000183105469,372.2193603515625,64.33999633789062,386.911376953125,342.72076416015625,150.5450439453125,314.6783142089844,314.7584228515625,917.411865234375,531.5094604492188,379.7113952636719,257.1600036621094,153.5140838623047,380.54998779296875,504.04998779296875,293.126220703125,241.2077178955078,310.7900085449219,1496.0,79.29476928710938,494.84783935546875,1009.52001953125,244.6269073486328,526.4099731445312,327.40106201171875,77.2750015258789,446.8542175292969,58.29528045654297,655.09912109375,,66.4564437866211,121.36111450195312,397.2300109863281,461.54052734375,78.66999816894531,721.25,104.2699966430664,316.2300109863281,189.8097381591797,93.5,148.6999969482422,163.47946166992188,160.77999877929688,1022.22998046875,140.380615234375,141.968505859375,779.6699829101562,204.9199981689453,94.02999877929688,50.849998474121094,439.94000244140625,94.30000305175781,416.5118408203125,687.5523071289062,379.2039489746094,116.69000244140625,510.4253845214844,411.82000732421875,219.72999572753906,287.7628479003906,320.95001220703125,476.8999938964844,229.3978729248047,122.73810577392578,147.27999877929688,128.77999877929688
2026-02-23,266.17999267578125,229.47999572753906,115.29000091552734,201.17999267578125,246.67999267578125,354.04144287109375,79.51100158691406,196.60000610351562,379.4200134277344,205.27000427246094,127.43000030517578,315.30999755859375,281.485107421875,329.64849853515625,320.2276306152344,50.78291702270508,183.17018127441406,154.4807891845703,1065.08056640625,494.0899963378906,74.37000274658203,756.469970703125,332.4087219238281,279.79998779296875,281.6285400390625,306.6688537597656,986.02001953125,178.16000366210938,77.3210220336914,198.3300018310547,184.91000366210938,644.9536743164062,127.79000091552734,304.8529968261719,145.50999450683594,122.30999755859375,360.924560546875,65.55000305175781,382.1606140136719,338.49688720703125,148.98391723632812,311.4705810546875,311.2708740234375,887.6386108398438,535.1739501953125,374.486328125,223.35000610351562,153.6038055419922,359.54998779296875,492.1000061035156,291.3772888183594,244.5399932861328,297.6700134277344,1487.6600341796875,80.00984954833984,496.522216796875,1058.56005859375,241.98008728027344,496.0299987792969,332.7014465332031,76.5999984741211,436.1672668457031,59.86172103881836,636.7048950195312,,67.84320831298828,122.90963745117188,384.4700012207031,463.8045349121094,76.0199966430664,725.3900146484375,100.80000305175781,315.0299987792969,191.53964233398438,95.3499984741211,144.13999938964844,166.82952880859375,165.1699981689453,1008.969970703125,139.6167755126953,139.51426696777344,787.0399780273438,201.9199981689453,92.75,51.2400016784668,420.82000732421875,95.18000030517578,403.8412780761719,680.531494140625,383.6918029785156,113.33999633789062,515.929931640625,399.8299865722656,219.86000061035156,280.16192626953125,306.5199890136719,481.010009765625,229.64688110351562,125.55233001708984,150.75999450683594,125.79000091552734
2026-02-24,272.1400146484375,228.44000244140625,114.58000183105469,196.72999572753906,255.1699981689453,354.978515625,79.37181854248047,213.83999633789062,382.8699951171875,208.55999755859375,128.77000427246094,319.3299865722656,277.7286682128906,324.8086242675781,319.47003173828125,50.126625061035156,181.33193969726562,162.3719940185547,1075.0650634765625,494.510009765625,75.1500015258789,768.22998046875,335.8585510253906,290.6300048828125,279.4604797363281,311.5814208984375,998.4299926757812,185.4199981689453,77.71886444091797,198.5500030517578,185.33999633789062,642.6603393554688,128.4600067138672,307.3363342285156,150.8800048828125,123.69999694824219,373.39569091796875,67.87999725341797,384.9991149902344,345.1372375488281,146.8062744140625,310.7011413574219,310.6813049316406,897.5464477539062,525.738037109375,381.9266052246094,229.32000732421875,154.8597412109375,358.7099914550781,494.0199890136719,292.7088623046875,246.27999877929688,297.29998779296875,1506.6500244140625,80.16876220703125,502.3127746582031,1042.1500244140625,243.9577178955078,498.0,331.1998291015625,75.93000030517578,451.5939636230469,60.605281829833984,638.7531127929688,,68.10875701904297,123.01882934570312,389.0,469.60919189453125,78.04000091552734,727.72998046875,102.48999786376953,316.0899963378906,192.83956909179688,94.33000183105469,141.6699981689453,168.03871154785156,165.27999877929688,1023.02001953125,139.18028259277344,143.85638427734375,772.1900024414062,198.4600067138672,93.12000274658203,51.849998474121094,440.7200012207031,95.80999755859375,417.29998779296875,685.4779052734375,380.30096435546875,115.5199966430664,515.0907592773438,409.3800048828125,213.35000610351562,271.836669921875,307.2200012207031,487.42999267578125,228.67076110839844,126.49040985107422,149.25999450683594,128.66000366210938
2026-02-25,274.2300109863281,226.9199981689453,114.76000213623047,191.5,257.80999755859375,359.6737976074219,79.68000793457031,210.86000061035156,384.3299865722656,210.63999938964844,132.88999938964844,324.6600036621094,278.5534973144531,331.6143798828125,326.0592041015625,51.39942932128906,179.8116455078125,166.1409912109375,1087.724609375,493.989990234375,73.4800033569336,766.6099853515625,333.55535888671875,301.8399963378906,282.88165283203125,300.1838684082031,994.760009765625,191.75,78.69358825683594,196.77999877929688,184.22000122070312,621.7913818359375,128.92999267578125,305.70068359375,148.44000244140625,122.5,372.3688659667969,68.81999969482422,381.045166015625,342.3912353515625,146.28921508789062,312.80963134765625,312.67987060546875,916.556396484375,539.7671508789062,373.0757751464844,237.5399932861328,159.81373596191406,381.2300109863281,506.1700134277344,287.9191589355469,245.1699981689453,303.29998779296875,1546.6800537109375,79.92047119140625,506.5684509277344,1028.8299560546875,249.1814422607422,509.3900146484375,331.1600646972656,75.47000122070312,462.37066650390625,59.60395050048828,653.1307983398438,,68.55133819580078,121.55963897705078,400.6000061035156,470.0879211425781,82.69999694824219,703.6500244140625,104.2300033569336,311.8500061035156,195.54940795898438,91.44000244140625,144.83999633789062,167.6719970703125,163.38999938964844,1011.7999877929688,138.9124298095703,144.88975524902344,784.280029296875,195.97999572753906,95.3499984741211,51.65999984741211,449.1700134277344,95.91999816894531,423.6099853515625,691.26220703125,382.9936828613281,116.44000244140625,513.1726684570312,417.3999938964844,213.89999389648438,282.0075988769531,312.989990234375,483.04998779296875,227.19662475585938,125.4924545288086,149.05999755859375,128.9499969482422
2026-02-26,272.95001220703125,224.69000244140625,116.26000213623047,207.3800048828125,259.0400085449219,353.24395751953125,79.87882995605469,203.67999267578125,379.3299865722656,207.9199981689453,130.25,330.2699890136719,274.5088806152344,321.0265808105469,334.2632751464844,52.00600051879883,175.53892517089844,169.6234588623047,1084.2340087890625,502.6700134277344,75.75,752.9299926757812,336.9254150390625,297.6000061035156,287.2376403808594,309.0616455078125,986.739990234375,199.47000122070312,77.67908477783203,198.27999877929688,184.16000366210938,617.6535034179688,129.22999572753906,305.9400634765625,152.72000122070312,121.12999725341797,373.4255676269531,68.37999725341797,386.1145935058594,340.3442077636719,142.9581298828125,306.93377685546875,307.1637878417969,924.136474609375,525.0989990234375,372.59893798828125,242.00999450683594,162.36549377441406,394.4200134277344,506.8800048828125,288.45574951171875,243.47000122070312,306.1300048828125,1524.31005859375,79.95026397705078,496.8411560058594,1022.02001953125,238.78392028808594,514.77001953125,332.6716003417969,74.97000122070312,478.4359436035156,59.42549514770508,656.447998046875,,68.32512664794922,118.4228744506836,401.7200012207031,470.706298828125,84.58999633789062,710.9000244140625,109.30000305175781,313.010009765625,184.87998962402344,91.33000183105469,149.39999389648438,166.09608459472656,163.75,1014.969970703125,141.52145385742188,144.6612091064453,770.7899780273438,197.6300048828125,97.5199966430664,51.4900016784668,426.0,96.3499984741211,437.489990234375,687.422607421875,385.0181884765625,114.79000091552734,519.6063232421875,408.5799865722656,212.6300048828125,284.4486083984375,316.70001220703125,480.1300048828125,232.97364807128906,124.16517639160156,148.5399932861328,129.75999450683594
2026-02-27,264.17999267578125,232.0800018310547,116.3499984741211,208.72000122070312,262.4100036621094,354.679443359375,80.01800537109375,200.2100067138672,388.1600036621094,210.0,133.5,335.4700012207031,273.9523620605469,318.8810729980469,307.926513671875,49.549888610839844,175.3600616455078,169.18804931640625,1057.3436279296875,504.95001220703125,76.8499984741211,742.8300170898438,339.8567199707031,301.3999938964844,288.232177734375,312.0404357910156,1010.7899780273438,194.7899932861328,79.03175354003906,201.1300048828125,186.75999450683594,627.8735961914062,130.85000610351562,307.52581787109375,150.75,124.08000183105469,374.75146484375,68.08000183105469,385.4373474121094,341.76214599609375,148.10887145996094,311.21075439453125,311.54071044921875,855.0700073242188,528.913330078125,378.1915588378906,240.2100067138672,163.60150146484375,409.0299987792969,503.510009765625,288.8035583496094,248.42999267578125,300.29998779296875,1524.550048828125,81.00302124023438,506.37908935546875,1051.989990234375,233.610107421875,517.2100219726562,339.16534423828125,74.63999938964844,476.55999755859375,61.05141830444336,647.62548828125,,67.90221405029297,122.90963745117188,392.739990234375,480.9891357421875,96.23999786376953,724.3800048828125,108.01000213623047,314.739990234375,177.180419921875,93.87999725341797,148.9199981689453,168.23695373535156,167.1999969482422,1009.1799926757812,141.4321746826172,141.45181274414062,781.6699829101562,202.6199951171875,95.19999694824219,51.34000015258789,414.0,97.37999725341797,441.8800048828125,684.1216430664062,386.4144287109375,113.79000091552734,520.5953369140625,402.510009765625,212.11000061035156,291.0075988769531,320.1400146484375,496.8299865722656,239.88616943359375,127.68794250488281,152.5,131.10000610351562
2026-03-02,264.7200012207031,234.25999450683594,114.12000274658203,205.92999267578125,260.8800048828125,351.30999755859375,80.64431762695312,198.6199951171875,385.70001220703125,208.38999938964844,129.3000030517578,337.79998779296875,274.7076110839844,318.1526184082031,306.4611511230469,49.53000259399414,175.419677734375,166.81065368652344,1062.3956298828125,480.1700134277344,76.22000122070312,752.3200073242188,341.75115966796875,303.3599853515625,289.25653076171875,318.8379211425781,1002.77001953125,192.9499969482422,78.9919662475586,201.60000610351562,189.60000610351562,629.0401611328125,131.6300048828125,302.64886474609375,152.0800018310547,128.64999389648438,376.2268371582031,68.29000091552734,385.68634033203125,345.2370910644531,149.1827850341797,306.1443176269531,306.3043518066406,861.7000122070312,532.1284790039062,368.3473815917969,239.3699951171875,164.24940490722656,419.05999755859375,496.25,289.3401794433594,248.55999755859375,297.55999755859375,1534.949951171875,79.67218017578125,507.6348876953125,1017.969970703125,230.72357177734375,521.0,332.96002197265625,74.30999755859375,466.1000061035156,59.92120361328125,653.0009155273438,,67.5579833984375,120.51736450195312,398.54998779296875,484.8289794921875,97.08999633789062,768.02001953125,109.41999816894531,317.4700012207031,182.47012329101562,95.02999877929688,150.14999389648438,165.79873657226562,163.50999450683594,1011.4099731445312,141.58096313476562,140.1302947998047,790.8099975585938,212.16000366210938,95.48999786376953,51.27000045776367,424.6600036621094,97.2300033569336,443.0799865722656,684.5106201171875,385.9755859375,113.16999816894531,508.07769775390625,403.32000732421875,209.82000732421875,292.6548156738281,320.510009765625,486.0299987792969,242.1073455810547,126.83969116210938,154.22000122070312,128.9600067138672
2026-03-03,263.75,233.86000061035156,113.61000061035156,209.88999938964844,270.989990234375,338.989990234375,78.59638977050781,190.9499969482422,377.0,208.72999572753906,124.5999984741211,339.07000732421875,271.3387451171875,313.18304443359375,306.8499450683594,49.68910217285156,173.10447692871094,165.77662658691406,1046.7625732421875,481.3599853515625,73.8499984741211,722.1799926757812,337.30426025390625,300.6300048828125,282.3744201660156,317.53900146484375,1007.77001953125,196.0500030517578,78.5344467163086,201.5500030517578,188.77000427246094,617.4141845703125,131.42999267578125,297.6622314453125,146.57000732421875,128.00999450683594,354.4547424316406,65.56999969482422,380.9853820800781,333.65399169921875,146.99520874023438,303.3462829589844,303.3664245605469,862.5800170898438,540.9953002929688,364.48321533203125,245.27999877929688,164.24940490722656,433.3500061035156,497.4200134277344,284.18280029296875,246.75,300.260009765625,1441.3499755859375,78.79817962646484,500.0005187988281,1007.72998046875,217.00999450683594,524.3200073242188,332.1700134277344,71.38999938964844,464.29998779296875,58.26553726196289,654.5196533203125,,67.75468444824219,118.948974609375,403.92999267578125,478.9544982910156,97.69999694824219,759.1099853515625,113.19000244140625,317.260009765625,180.04025268554688,93.87000274658203,156.08999633789062,163.44972229003906,159.72000122070312,988.6699829101562,139.87469482421875,137.24880981445312,766.6599731445312,206.52000427246094,95.23999786376953,48.58000183105469,424.32000732421875,96.79000091552734,443.989990234375,678.4771118164062,383.5521545410156,120.80000305175781,507.5981750488281,392.42999267578125,202.6699981689453,286.97894287109375,320.8299865722656,474.2699890136719,242.4758758544922,127.64803314208984,151.8300018310547,125.93000030517578
2026-03-04,262.5199890136719,236.19000244140625,113.0999984741211,210.0,273.1199951171875,341.510009765625,77.84085083007812,202.07000732421875,379.2699890136719,216.82000732421875,134.8300018310547,341.17999267578125,272.49151611328125,316.86529541015625,310.229248046875,50.017242431640625,170.40174865722656,169.75595092773438,1043.421142578125,487.4800109863281,72.20999908447266,731.969970703125,333.1565246582031,305.42999267578125,283.17999267578125,312.52874755859375,1006.739990234375,193.0800018310547,80.43415832519531,200.1199951171875,186.02999877929688,612.249267578125,131.8800048828125,297.08380126953125,145.2100067138672,127.81999969482422,353.358154296875,65.93000030517578,382.5390930175781,339.3157043457031,147.38299560546875,303.23638916015625,302.9167785644531,867.25,543.6014404296875,366.6586608886719,250.05999755859375,165.75453186035156,440.1400146484375,501.17999267578125,285.3653259277344,245.3000030517578,299.3900146484375,1475.9100341796875,77.566650390625,497.51885986328125,1003.5700073242188,222.99000549316406,522.9199829101562,331.739990234375,69.9000015258789,471.010009765625,58.186222076416016,667.1587524414062,,66.99737548828125,119.39566802978516,405.20001220703125,476.9497985839844,98.66000366210938,753.8400268554688,113.86000061035156,317.8299865722656,183.03009033203125,94.2699966430664,158.55999755859375,162.46849060058594,158.3000030517578,987.7899780273438,138.3072967529297,138.6199951171875,787.5,208.82000732421875,96.04000091552734,47.88999938964844,430.9800109863281,97.62999725341797,445.5,683.2639770507812,380.8594665527344,120.08000183105469,512.1836547851562,405.94000244140625,202.38999938964844,289.70770263671875,320.4700012207031,477.8900146484375,242.98385620117188,127.54823303222656,149.82000732421875,125.95999908447266
2026-03-05,260.2900085449219,232.35000610351562,111.04000091552734,214.0,281.739990234375,329.7200012207031,79.60047149658203,199.4499969482422,367.6000061035156,218.94000244140625,139.39999389648438,338.7699890136719,274.62811279296875,332.0733947753906,306.2418518066406,49.53000259399414,168.861572265625,184.1112060546875,1029.27001953125,500.3999938964844,72.98999786376953,706.0800170898438,331.4814453125,299.8399963378906,281.2699890136719,309.4132385253906,982.5700073242188,201.38999938964844,79.57878875732422,204.52999877929688,189.89999389648438,588.9674072265625,131.61000061035156,286.1630554199219,142.22000122070312,131.02999877929688,353.6871337890625,62.65999984741211,371.84246826171875,326.51434326171875,144.3203887939453,300.6981506347656,300.6683349609375,835.4600219726562,533.6762084960938,359.27801513671875,256.54998779296875,163.471923828125,466.7900085449219,496.70001220703125,280.7345886230469,239.6300048828125,293.54998779296875,1429.3599853515625,76.50395965576172,488.41943359375,983.260009765625,214.67999267578125,524.6599731445312,327.45001220703125,67.80999755859375,470.04998779296875,57.68060302734375,660.0049438476562,,65.87616729736328,115.21662139892578,410.67999267578125,465.9289245605469,99.16999816894531,740.010009765625,120.37999725341797,310.9200134277344,183.330078125,94.36000061035156,163.16000366210938,159.27700805664062,153.99000549316406,965.4199829101562,136.74984741210938,137.0,764.9299926757812,203.86000061035156,95.41000366210938,47.400001525878906,442.29998779296875,97.19999694824219,451.1099853515625,679.4544067382812,369.50018310546875,120.36000061035156,518.3275756835938,405.54998779296875,197.97999572753906,286.5423278808594,319.79998779296875,460.82000732421875,245.11537170410156,123.05744934082031,150.75999450683594,122.2300033569336
2026-03-06,257.4599914550781,230.11000061035156,109.55999755859375,215.0,283.6199951171875,315.80999755859375,78.25839233398438,192.42999267578125,369.5299987792969,213.2100067138672,132.88999938964844,340.6000061035156,270.4841003417969,329.7882080078125,300.0514221191406,48.63999938964844,166.05946350097656,182.01719665527344,955.4500122070312,498.9800109863281,71.3499984741211,680.9000244140625,327.0345764160156,296.94000244140625,271.6300048828125,309.69647216796875,998.0999755859375,202.11000061035156,78.21617126464844,203.61000061035156,189.94000244140625,588.0501098632812,132.5,281.93438720703125,138.36000061035156,131.41000366210938,346.66900634765625,59.36000061035156,357.6500244140625,322.6399841308594,143.11721801757812,298.0899963378906,298.30999755859375,821.4199829101562,532.0186767578125,355.5429992675781,258.8500061035156,165.6548614501953,481.1700134277344,490.1600036621094,275.418212890625,240.39999389648438,289.4800109863281,1344.550048828125,76.5138931274414,483.1172180175781,990.3300170898438,199.3300018310547,522.3400268554688,328.05999755859375,64.7699966430664,471.9700012207031,57.89871597290039,644.308349609375,,65.41390991210938,114.93868255615234,408.9599914550781,459.5458068847656,99.0199966430664,756.1300048828125,124.33999633789062,302.8399963378906,177.8103790283203,94.5999984741211,165.0500030517578,159.42999267578125,153.6300048828125,923.719970703125,133.46624755859375,135.69000244140625,759.8599853515625,209.75999450683594,95.2300033569336,46.900001525878906,437.4100036621094,97.4800033569336,452.3599853515625,670.5487060546875,363.5762023925781,120.79000091552734,501.4742431640625,396.7300109863281,193.22999572753906,284.27001953125,317.3599853515625,456.69000244140625,245.07554626464844,123.54644775390625,151.2100067138672,121.43000030517578
2026-03-09,259.8800048828125,227.4499969482422,112.6500015258789,209.36000061035156,282.44000244140625,319.7099914550781,77.16484069824219,202.67999267578125,376.9700012207031,213.49000549316406,137.1699981689453,332.8399963378906,272.69024658203125,345.0262451171875,304.4176330566406,47.900001525878906,164.41000366210938,177.62759399414062,957.6699829101562,497.20001220703125,71.9000015258789,704.8200073242188,323.4451904296875,298.04998779296875,269.6600036621094,311.6400146484375,1005.2999877929688,198.7899932861328,75.79927062988281,200.77000427246094,189.44000244140625,597.7317504882812,131.0800018310547,281.1065979003906,141.1199951171875,131.6699981689453,352.7699890136719,60.4900016784668,361.1000061035156,321.92999267578125,145.80198669433594,306.010009765625,306.3599853515625,832.030029296875,544.3203735351562,351.2119445800781,253.3300018310547,165.26612854003906,473.6700134277344,493.55999755859375,274.84185791015625,242.58999633789062,289.9200134277344,1429.0999755859375,77.26870727539062,482.0009765625,1008.3900146484375,211.14999389648438,517.719970703125,330.79998779296875,65.0,462.69000244140625,57.670684814453125,646.836181640625,,65.93517303466797,116.24897003173828,409.4100036621094,456.8229675292969,98.31999969482422,747.3400268554688,121.93000030517578,302.42999267578125,182.64010620117188,94.61000061035156,165.10000610351562,161.52999877929688,155.22000122070312,932.1699829101562,134.07138061523438,138.11000061035156,781.5999755859375,208.22999572753906,94.37999725341797,47.189998626708984,437.2200012207031,97.25,445.2799987792969,676.4227294921875,364.93255615234375,120.13999938964844,509.4663391113281,398.67999267578125,196.1999969482422,285.1700134277344,315.9700012207031,460.8699951171875,245.53370666503906,124.08534240722656,150.44000244140625,122.36000061035156
2026-03-10,260.8299865722656,227.00999450683594,110.55000305175781,201.6300048828125,275.1300048828125,318.80999755859375,77.59232330322266,203.22999572753906,375.42999267578125,214.3300018310547,139.6199951171875,320.9599914550781,273.40576171875,341.86285400390625,302.19464111328125,48.560001373291016,163.8800048828125,174.8708038330078,967.3599853515625,494.1400146484375,69.95999908447266,716.6799926757812,324.2826843261719,293.2900085449219,262.44000244140625,306.3399963378906,997.3599853515625,194.91000366210938,77.28123474121094,196.27999877929688,186.2899932861328,590.991455078125,129.69000244140625,280.63787841796875,140.10000610351562,127.88999938964844,361.05999755859375,62.400001525878906,359.4700012207031,326.5199890136719,147.72108459472656,306.92999267578125,307.0400085449219,833.8099975585938,536.841552734375,354.778076171875,250.1999969482422,159.6542510986328,453.95001220703125,485.8500061035156,271.5725402832031,243.7100067138672,288.7300109863281,1452.93994140625,77.34815216064453,476.3399963378906,1001.3499755859375,215.22999572753906,514.719970703125,327.94000244140625,65.33000183105469,452.2300109863281,56.094337463378906,653.510498046875,,66.03352355957031,116.22911834716797,405.760009765625,462.8869323730469,96.94000244140625,734.97998046875,116.61000061035156,298.489990234375,184.760009765625,94.70999908447266,165.5800018310547,160.77999877929688,156.00999450683594,950.3900146484375,135.07333374023438,135.1999969482422,772.030029296875,207.0,93.16999816894531,48.11000061035156,432.6499938964844,96.2699966430664,435.44000244140625,675.3356323242188,357.6821594238281,120.73999786376953,499.5860900878906,399.239990234375,197.4600067138672,282.3399963378906,314.42999267578125,499.1700134277344,234.60714721679688,124.8637466430664,148.1300048828125,120.48999786376953
2026-03-11,260.80999755859375,227.67999267578125,110.25,201.47999572753906,273.7099914550781,319.2200012207031,77.51278686523438,204.8300018310547,377.6400146484375,212.64999389648438,138.22999572753906,316.8999938964844,275.95977783203125,340.85498046875,305.02569580078125,48.52000045776367,163.1699981689453,172.8968048095703,951.1699829101562,493.57000732421875,69.62999725341797,707.5900268554688,321.8100280761719,294.1600036621094,260.8699951171875,303.3299865722656,992.22998046875,194.1300048828125,77.67908477783203,198.33999633789062,191.7899932861328,592.3076171875,130.02999877929688,276.2596130371094,139.57000732421875,132.50999450683594,355.7900085449219,61.540000915527344,361.3900146484375,325.1499938964844,145.175537109375,308.4200134277344,308.70001220703125,823.760009765625,536.4820556640625,348.510009765625,248.8699951171875,156.51438903808594,440.45001220703125,492.8699951171875,269.81365966796875,242.99000549316406,287.5199890136719,1465.0,77.09986114501953,481.54998779296875,999.8400268554688,218.8699951171875,504.0,325.2099914550781,65.79000091552734,445.92999267578125,54.88480758666992,654.2998046875,,65.2467041015625,115.3555908203125,404.8800048828125,461.3410339355469,94.88999938964844,733.1799926757812,115.62999725341797,297.55999755859375,186.02999877929688,94.38999938964844,164.92999267578125,160.14999389648438,153.32000732421875,940.47998046875,133.32736206054688,134.1199951171875,774.6599731445312,207.25999450683594,92.66999816894531,48.16999816894531,432.9800109863281,96.26000213623047,428.9599914550781,674.4879760742188,344.8468933105469,118.77999877929688,495.23040771484375,407.82000732421875,198.6699981689453,285.25,308.9599914550781,492.3800048828125,235.5633544921875,123.2370834350586,151.5800018310547,119.79000091552734
2026-03-12,255.75999450683594,225.3699951171875,108.13999938964844,196.0500030517578,269.7799987792969,307.2699890136719,76.03152465820312,197.74000549316406,367.7900085449219,209.52999877929688,134.02999877929688,315.9100036621094,288.6700744628906,335.2667236328125,300.9386291503906,47.130001068115234,159.6300048828125,168.70840454101562,922.9000244140625,491.8900146484375,68.55000305175781,700.6900024414062,328.5899963378906,290.32000732421875,265.8800048828125,311.19000244140625,1003.3200073242188,199.27999877929688,77.3210220336914,193.25999450683594,196.97000122070312,584.12158203125,131.82000732421875,275.152587890625,132.17999267578125,133.0399932861328,348.6400146484375,59.209999084472656,353.1300048828125,306.70001220703125,144.38999938964844,303.2099914550781,303.54998779296875,787.52001953125,531.7890625,338.92999267578125,247.67999267578125,158.09927368164062,435.1300048828125,479.2699890136719,263.9507141113281,242.0399932861328,282.8900146484375,1409.5699462890625,77.08000183105469,490.4100036621094,977.25,209.49000549316406,497.30999755859375,323.9100036621094,62.72999954223633,426.4700012207031,53.88347625732422,637.6340942382812,,66.60397338867188,115.05780029296875,401.8599853515625,461.4108581542969,94.30999755859375,736.2999877929688,112.97000122070312,291.260009765625,183.13999938964844,92.9800033569336,168.1199951171875,158.86000061035156,150.5,902.1699829101562,130.84732055664062,131.14999389648438,746.6099853515625,203.0399932861328,91.23999786376953,44.560001373291016,418.7200012207031,97.83999633789062,419.70001220703125,664.2459106445312,336.3000183105469,115.75,475.4200134277344,395.010009765625,190.0500030517578,277.04998779296875,306.5,478.1300048828125,237.66500854492188,125.07331848144531,153.52999877929688,115.45999908447266
2026-03-13,250.1199951171875,219.67999267578125,108.02999877929688,196.64999389648438,249.32000732421875,306.07000732421875,76.29000091552734,193.38999938964844,366.2099914550781,207.6699981689453,133.57000732421875,321.4100036621094,286.1856689453125,321.4856262207031,299.0146789550781,46.720001220703125,159.36000061035156,169.65040588378906,924.1099853515625,490.0299987792969,69.12999725341797,693.989990234375,328.9700012207031,287.0299987792969,267.19000244140625,311.3999938964844,1008.4299926757812,192.8300018310547,77.90784454345703,194.27999877929688,196.82000732421875,575.8158569335938,133.14999389648438,273.4471435546875,132.24000549316406,133.60000610351562,355.3999938964844,56.380001068115234,351.67999267578125,299.69000244140625,144.99000549316406,301.4599914550781,302.2799987792969,782.2100219726562,532.1784057617188,339.0299987792969,246.27999877929688,158.68736267089844,439.9599914550781,472.1600036621094,265.3121032714844,241.52000427246094,283.44000244140625,1418.6400146484375,77.33999633789062,493.9200134277344,985.0800170898438,212.1999969482422,497.989990234375,326.4599914550781,61.939998626708984,430.010009765625,54.41884231567383,613.1849975585938,,66.77116394042969,114.76000213623047,395.54998779296875,471.8731994628906,95.30999755859375,733.7100219726562,113.62000274658203,289.3699951171875,180.25,91.54000091552734,167.02000427246094,159.8800048828125,150.64999389648438,889.8599853515625,130.69851684570312,129.82000732421875,745.77001953125,204.52000427246094,93.05999755859375,44.720001220703125,412.6300048828125,98.01000213623047,422.489990234375,660.4862060546875,335.8612060546875,117.33999633789062,464.3699951171875,391.20001220703125,190.77999877929688,282.0899963378906,307.1400146484375,469.3399963378906,238.52999877929688,126.26087188720703,156.1199951171875,115.62000274658203
2026-03-16,252.82000732421875,221.4499969482422,109.94999694824219,199.30999755859375,251.86000061035156,310.9200134277344,76.54000091552734,196.5800018310547,366.25,211.74000549316406,135.35000610351562,326.75,287.3583068847656,324.2398681640625,297.26025390625,47.060001373291016,160.27000427246094,171.72079467773438,943.260009765625,492.2099914550781,69.79000091552734,699.780029296875,330.1199951171875,292.7200012207031,268.3500061035156,313.8299865722656,1001.739990234375,198.33999633789062,78.47477722167969,192.74000549316406,196.83999633789062,570.8104858398438,133.4600067138672,272.3799743652344,133.08999633789062,134.50999450683594,361.0400085449219,57.93000030517578,352.3500061035156,304.0,145.2100067138672,304.4200134277344,305.55999755859375,794.77001953125,524.4100341796875,342.5799865722656,249.25,160.97000122070312,452.30999755859375,483.4599914550781,266.9517822265625,243.19000244140625,286.1600036621094,1438.239990234375,77.81999969482422,497.4100036621094,989.1199951171875,219.39999389648438,508.5,326.6499938964844,63.83000183105469,432.69000244140625,56.66935729980469,627.4500122070312,,66.41709899902344,115.43000030517578,399.95001220703125,469.54937744140625,95.19999694824219,735.9600219726562,114.87999725341797,290.70001220703125,183.22000122070312,90.45999908447266,167.4499969482422,157.72000122070312,152.1199951171875,894.6400146484375,133.00001525878906,129.38999938964844,756.9099731445312,206.05999755859375,93.62999725341797,44.959999084472656,425.8800048828125,99.11000061035156,426.5899963378906,667.2078857421875,348.61669921875,117.05000305175781,470.0,395.55999755859375,194.1300048828125,285.489990234375,310.1099853515625,466.1000061035156,236.9600067138672,125.73196411132812,157.22999572753906,118.1500015258789
2026-03-17,254.22999572753906,219.75999450683594,110.70999908447266,198.66000366210938,254.1999969482422,313.6600036621094,76.63999938964844,196.30999755859375,361.1300048828125,215.1999969482422,133.07000732421875,321.17999267578125,284.3670349121094,320.63739013671875,299.3236999511719,47.279998779296875,161.63999938964844,177.69320678710938,971.010009765625,492.5799865722656,71.19999694824219,702.0,330.8699951171875,293.75,263.4700012207031,313.3299865722656,996.1599731445312,195.30999755859375,78.8427734375,192.83999633789062,197.97000122070312,572.5853271484375,132.9499969482422,272.5899963378906,132.49000549316406,135.72000122070312,363.95001220703125,58.09000015258789,354.6600036621094,302.0899963378906,144.39999389648438,309.4100036621094,310.9200134277344,807.0399780273438,509.8699951171875,341.42999267578125,256.1099853515625,160.82000732421875,459.2799987792969,482.760009765625,266.0574035644531,238.11000061035156,286.8900146484375,1481.3499755859375,77.58000183105469,494.04998779296875,930.3499755859375,226.47000122070312,506.5799865722656,326.29998779296875,64.58999633789062,441.0299987792969,57.44266128540039,622.6599731445312,,65.8663330078125,115.87000274658203,399.4100036621094,467.85382080078125,94.36000061035156,724.030029296875,116.72000122070312,291.32000732421875,181.92999267578125,89.38999938964844,169.19000244140625,156.5,151.47999572753906,893.3099975585938,133.2100067138672,131.58999633789062,759.0499877929688,203.3300018310547,93.93000030517578,46.130001068115234,429.2900085449219,98.2699966430664,432.94000244140625,668.9630126953125,348.16790771484375,116.76000213623047,472.7099914550781,399.2699890136719,194.4499969482422,287.57000732421875,308.4599914550781,462.489990234375,236.0500030517578,124.8238296508789,158.80999755859375,121.68000030517578
2026-03-18,249.94000244140625,208.33999633789062,108.48999786376953,195.14999389648438,246.0,308.5899963378906,74.33000183105469,199.4600067138672,351.4800109863281,209.8699951171875,136.07000732421875,317.8800048828125,279.6665344238281,315.2686462402344,293.4622802734375,46.83000183105469,158.0800018310547,175.25559997558594,968.3099975585938,484.4700012207031,71.27999877929688,693.6199951171875,327.9800109863281,289.6400146484375,264.6099853515625,308.8999938964844,979.9199829101562,194.33999633789062,77.18177795410156,185.44000244140625,198.61000061035156,569.3547973632812,130.75,261.8399963378906,129.8800048828125,137.52000427246094,360.5400085449219,55.45000076293945,349.739990234375,300.9599914550781,141.2899932861328,306.29998779296875,307.69000244140625,805.47998046875,502.04998779296875,330.92999267578125,251.60000610351562,157.16000366210938,446.7900085449219,477.7300109863281,259.10137939453125,237.27999877929688,287.739990234375,1482.3599853515625,75.97000122070312,488.57000732421875,918.0499877929688,224.7100067138672,488.4700012207031,315.7300109863281,64.70999908447266,438.6700134277344,55.98528289794922,615.6799926757812,,64.05664825439453,114.5,391.7900085449219,466.0486145019531,94.69999694824219,724.8400268554688,113.70999908447266,284.3599853515625,180.39999389648438,87.72000122070312,168.91000366210938,153.5399932861328,146.7100067138672,912.4000244140625,131.1999969482422,130.47000122070312,744.1199951171875,204.55999755859375,93.27999877929688,45.31999969482422,428.6700134277344,96.54000091552734,426.6400146484375,659.6285400390625,344.8768005371094,115.05000305175781,464.69000244140625,392.7799987792969,190.77999877929688,284.3299865722656,299.0199890136719,451.5899963378906,233.7899932861328,121.73017883300781,157.58999633789062,117.3499984741211
2026-03-19,248.9600067138672,206.22999572753906,107.19000244140625,203.5500030517578,245.99000549316406,310.44000244140625,73.88999938964844,205.27000427246094,349.9200134277344,208.75999450683594,136.25999450683594,316.989990234375,282.3795166015625,319.17047119140625,294.00054931640625,47.0099983215332,156.52999877929688,171.7716064453125,969.5999755859375,481.4800109863281,69.88999938964844,688.6500244140625,323.6400146484375,287.3999938964844,264.57000732421875,310.7099914550781,974.780029296875,194.99000549316406,78.08687591552734,181.8300018310547,201.44000244140625,565.9248046875,129.74000549316406,258.70001220703125,129.89999389648438,138.82000732421875,360.2300109863281,53.619998931884766,356.1099853515625,291.6099853515625,141.11000061035156,305.7300109863281,307.1300048828125,809.5,499.6499938964844,328.2099914550781,250.3699951171875,158.5,455.239990234375,479.92999267578125,258.9821472167969,237.60000610351562,287.9700012207031,1511.52001953125,75.55000305175781,489.79998779296875,917.5,233.99000549316406,491.1400146484375,309.5799865722656,63.290000915527344,435.79998779296875,56.00511169433594,606.7000122070312,,63.99763870239258,114.19999694824219,389.0199890136719,457.95001220703125,91.73999786376953,714.1500244140625,113.2699966430664,278.19000244140625,178.55999755859375,87.91000366210938,169.74000549316406,152.74000549316406,144.83999633789062,900.010009765625,131.08999633789062,131.27999877929688,737.4500122070312,200.72999572753906,93.98999786376953,47.81999969482422,428.25,96.2300033569336,426.1400146484375,658.0029907226562,338.8431396484375,114.47000122070312,470.2099914550781,380.29998779296875,188.2899932861328,280.44000244140625,299.7099914550781,458.04998779296875,233.8300018310547,120.84199523925781,158.16000366210938,115.98999786376953
2026-03-20,247.99000549316406,205.07000732421875,105.45999908447266,199.99000549316406,248.14999389648438,309.42999267578125,74.38999938964844,201.3300018310547,347.79998779296875,205.3699951171875,131.22000122070312,325.6300048828125,279.25909423828125,309.8600158691406,294.5687561035156,47.15999984741211,154.1300048828125,172.9615936279297,957.9099731445312,480.94000244140625,69.4800033569336,680.8800048828125,322.5799865722656,283.8999938964844,262.8399963378906,307.32000732421875,972.3300170898438,195.3800048828125,77.23151397705078,179.33999633789062,201.72999572753906,558.09765625,126.80999755859375,256.4800109863281,128.14999389648438,138.72999572753906,356.79998779296875,52.09000015258789,358.8500061035156,286.7900085449219,137.2100067138672,298.7900085449219,301.0,813.530029296875,493.8800048828125,320.75,241.77000427246094,158.42999267578125,455.55999755859375,477.9700012207031,256.0606384277344,235.3699951171875,286.55999755859375,1498.6700439453125,74.75,488.1499938964844,906.7000122070312,228.36000061035156,496.32000732421875,308.8500061035156,62.970001220703125,435.1199951171875,55.72751235961914,593.6599731445312,,63.40753173828125,114.18000030517578,381.8699951171875,452.3500061035156,91.81999969482422,706.9500122070312,110.37999725341797,281.0899963378906,172.6999969482422,87.30000305175781,162.9499969482422,150.0399932861328,144.27999877929688,894.4099731445312,128.00999450683594,129.89999389648438,732.8699951171875,198.16000366210938,94.66000366210938,46.630001068115234,420.32000732421875,93.38999938964844,424.42999267578125,648.5700073242188,334.7641906738281,113.26000213623047,474.3900146484375,367.9599914550781,187.19000244140625,275.5899963378906,301.6199951171875,454.0,231.24000549316406,119.0199966430664,159.6699981689453,115.66999816894531
2026-03-23,251.49000549316406,204.92999267578125,104.8499984741211,200.02000427246094,247.63999938964844,312.19000244140625,75.08999633789062,202.67999267578125,349.7699890136719,210.13999938964844,135.8800048828125,325.9700012207031,276.9237060546875,322.510009765625,300.95855712890625,47.52000045776367,156.22999572753906,175.87159729003906,974.5800170898438,479.9800109863281,69.54000091552734,701.7000122070312,326.3699951171875,292.5199890136719,261.489990234375,306.55999755859375,965.72998046875,195.17999267578125,78.39520263671875,181.2100067138672,205.2100067138672,567.37060546875,127.33999633789062,261.1300048828125,129.8300018310547,139.67999267578125,359.739990234375,54.939998626708984,355.7799987792969,291.5400085449219,137.33999633789062,299.0199890136719,302.05999755859375,831.27001953125,494.5799865722656,330.8999938964844,248.44000244140625,157.1699981689453,457.0199890136719,478.0400085449219,261.0987548828125,235.4199981689453,289.9100036621094,1511.4300537109375,75.11000061035156,478.04998779296875,910.5499877929688,233.30999755859375,500.3800048828125,308.4700012207031,64.33999633789062,441.07000732421875,56.37193298339844,604.0599975585938,,63.3288459777832,115.68000030517578,383.0,456.6400146484375,93.37999725341797,680.0,110.94999694824219,284.95001220703125,175.63999938964844,88.69999694824219,164.0500030517578,150.8800048828125,143.99000549316406,906.0599975585938,130.30999755859375,128.35000610351562,736.530029296875,194.82000732421875,95.30000305175781,49.25,432.4800109863281,93.75,428.8699951171875,655.3800048828125,331.6924743652344,114.93000030517578,478.1199951171875,380.8500061035156,188.6300048828125,269.5400085449219,304.44000244140625,451.239990234375,227.52999877929688,120.72000122070312,161.1300048828125,115.2300033569336
2026-03-24,251.63999938964844,205.1999969482422,104.05999755859375,193.5399932861328,238.8699951171875,321.8299865722656,74.33999633789062,205.3699951171875,348.42999267578125,207.24000549316406,130.8000030517578,327.0299987792969,284.4664306640625,318.2900085449219,301.04827880859375,48.13999938964844,155.9199981689453,171.62600708007812,976.0599975585938,479.3299865722656,68.1500015258789,716.6300048828125,325.6099853515625,284.32000732421875,265.8699951171875,302.67999267578125,973.8200073242188,183.02000427246094,80.42420959472656,178.1300048828125,206.7899932861328,581.3197631835938,127.37999725341797,264.489990234375,130.14999389648438,142.52999877929688,374.1000061035156,56.47999954223633,359.9599914550781,290.6300048828125,138.11000061035156,289.20001220703125,290.44000244140625,835.719970703125,485.7200012207031,330.9100036621094,240.58999633789062,155.82000732421875,432.45001220703125,471.9100036621094,263.3743896484375,235.27000427246094,292.3999938964844,1566.18994140625,74.66999816894531,479.8399963378906,903.02001953125,238.83999633789062,498.92999267578125,307.8399963378906,65.62999725341797,428.4599914550781,56.689186096191406,592.9199829101562,,63.26000213623047,116.37000274658203,372.739990234375,454.75,90.91999816894531,682.1599731445312,104.6500015258789,283.6400146484375,175.1999969482422,87.98999786376953,157.2100067138672,150.58999633789062,143.16000366210938,924.5800170898438,130.35000610351562,128.6699981689453,741.6900024414062,194.0,95.68000030517578,50.5099983215332,415.6199951171875,93.9800033569336,411.20001220703125,653.1799926757812,327.6235046386719,115.91999816894531,490.2900085449219,383.0299987792969,194.6300048828125,272.2799987792969,303.760009765625,448.6199951171875,224.94000244140625,122.05000305175781,165.3800048828125,115.93000030517578
2026-03-25,252.6199951171875,207.17999267578125,104.83000183105469,192.2899932861328,237.25,322.0299987792969,75.47000122070312,220.27000427246094,353.92999267578125,211.7100067138672,135.00999450683594,321.45001220703125,288.2825012207031,318.80999755859375,299.2938232421875,48.75,158.27000427246094,169.50999450683594,981.3499755859375,476.19000244140625,69.77999877929688,719.0399780273438,323.2099914550781,281.3900146484375,270.3599853515625,293.92999267578125,974.8599853515625,181.9600067138672,81.38898468017578,176.85000610351562,205.14999389648438,576.3043823242188,128.16000366210938,268.5400085449219,130.86000061035156,143.2100067138672,375.0,57.09000015258789,357.5199890136719,296.55999755859375,138.25999450683594,289.5899963378906,290.92999267578125,841.8400268554688,484.0199890136719,332.510009765625,241.38999938964844,156.8300018310547,426.8599853515625,469.9800109863281,264.7755432128906,239.92999267578125,295.4200134277344,1543.8199462890625,75.25,492.3399963378906,916.3099975585938,233.4499969482422,502.760009765625,311.70001220703125,65.16000366210938,428.04998779296875,56.937042236328125,594.8900146484375,,63.779998779296875,119.37000274658203,371.0400085449219,451.010009765625,92.27999877929688,691.2100219726562,103.05999755859375,282.6099853515625,178.67999267578125,91.16000366210938,153.22000122070312,151.72999572753906,143.9199981689453,921.5599975585938,130.36000061035156,130.35000610351562,749.469970703125,195.0,94.98999786376953,51.88999938964844,410.1300048828125,94.61000061035156,408.4800109863281,656.8200073242188,326.76580810546875,116.37000274658203,490.7699890136719,385.95001220703125,196.77000427246094,270.54998779296875,304.9100036621094,454.9700012207031,224.85000610351562,123.05999755859375,163.25999450683594,116.70999908447266
2026-03-26,252.88999938964844,211.1199951171875,104.56999969482422,196.4199981689453,240.8800048828125,313.4200134277344,74.2699966430664,203.77000427246094,353.1600036621094,207.5399932861328,122.55000305175781,323.7699890136719,291.34332275390625,309.4200134277344,298.4465026855469,48.2400016784668,157.3800048828125,168.55039978027344,968.4600219726562,475.2699890136719,70.16999816894531,703.1900024414062,324.30999755859375,280.6199951171875,272.0799865722656,297.5799865722656,979.6500244140625,185.63999938964844,81.71720886230469,168.85000610351562,207.7899932861328,579.4951171875,129.3800048828125,264.25,126.30999755859375,147.49000549316406,357.1000061035156,55.83000183105469,349.54998779296875,285.239990234375,136.8800048828125,280.739990234375,280.9200134277344,822.6400146484375,480.32000732421875,328.42999267578125,241.6699981689453,155.9600067138672,432.54998779296875,468.54998779296875,259.7274475097656,239.24000549316406,291.6600036621094,1451.1300048828125,74.69000244140625,495.489990234375,897.0,211.6199951171875,500.75,308.92999267578125,64.19999694824219,432.2799987792969,57.08575439453125,547.5399780273438,,64.62000274658203,118.93000030517578,365.9700012207031,450.010009765625,93.31999969482422,691.989990234375,103.63999938964844,283.2799987792969,171.24000549316406,92.2699966430664,156.36000061035156,150.8300018310547,142.4199981689453,901.4600219726562,129.74000549316406,130.5399932861328,756.72998046875,192.85000610351562,94.47000122070312,52.310001373291016,401.95001220703125,95.41999816894531,412.45001220703125,645.0900268554688,331.7822570800781,117.0,488.8500061035156,372.1099853515625,193.41000366210938,268.04998779296875,305.5299987792969,453.739990234375,226.50999450683594,122.18000030517578,165.42999267578125,116.62999725341797
2026-03-27,248.8000030517578,209.39999389648438,103.98999786376953,192.60000610351562,234.83999633789062,307.44000244140625,72.94999694824219,201.99000549316406,348.7699890136719,199.33999633789062,120.7699966430664,313.6600036621094,290.3694152832031,300.67999267578125,291.34893798828125,46.970001220703125,154.50999450683594,162.485595703125,933.8499755859375,468.489990234375,69.16999816894531,695.4000244140625,319.0899963378906,271.7699890136719,261.9599914550781,293.7799987792969,983.8599853515625,179.30999755859375,79.48927307128906,165.7100067138672,211.14999389648438,564.987548828125,129.99000549316406,261.3699951171875,125.4000015258789,149.55999755859375,357.3599853515625,56.2400016784668,343.9700012207031,282.80999755859375,134.25,273.760009765625,274.3399963378906,802.8900146484375,471.8500061035156,321.6499938964844,236.33999633789062,152.6699981689453,416.44000244140625,452.6600036621094,257.4120788574219,240.4499969482422,282.8399963378906,1443.2099609375,75.70999908447266,491.1199951171875,878.239990234375,211.41000366210938,484.239990234375,305.8999938964844,62.0,424.8399963378906,57.76982879638672,525.719970703125,,66.4800033569336,119.62999725341797,356.7699890136719,438.32000732421875,93.43000030517578,679.0,99.41000366210938,283.25,167.52000427246094,90.11000061035156,147.02000427246094,153.0399932861328,142.7100067138672,888.4400024414062,128.89999389648438,127.11000061035156,737.7100219726562,189.7100067138672,92.36000061035156,53.5,380.4700012207031,95.55000305175781,406.239990234375,634.0900268554688,326.556396484375,119.83999633789062,473.3599853515625,361.8299865722656,190.3300018310547,259.0199890136719,295.5199890136719,433.07000732421875,225.05999755859375,122.88999938964844,170.99000549316406,113.3499984741211
2026-03-30,246.6300048828125,213.1199951171875,101.87999725341797,197.5500030517578,241.1300048828125,303.1000061035156,74.05000305175781,196.0399932861328,349.0,200.9499969482422,116.12999725341797,324.05999755859375,289.74334716796875,293.4100036621094,296.552490234375,47.22999954223633,154.69000244140625,164.7003936767578,934.0599975585938,474.6600036621094,62.93000030517578,667.4299926757812,325.3500061035156,270.8800048828125,258.0799865722656,297.5799865722656,996.5800170898438,185.02999877929688,76.62479400634766,168.66000366210938,210.7100067138672,553.8800048828125,131.7100067138672,262.489990234375,123.30000305175781,149.88999938964844,343.5299987792969,54.650001525878906,341.760009765625,273.25,136.33999633789062,273.1400146484375,273.5,807.5999755859375,467.8299865722656,323.5,237.25,156.94000244140625,429.0299987792969,452.7799987792969,254.5800018310547,242.49000549316406,283.7699890136719,1382.5799560546875,76.2699966430664,499.260009765625,886.6300048828125,199.92999267578125,494.0,308.5299987792969,60.060001373291016,432.04998779296875,57.75,536.3800048828125,,67.0199966430664,118.0999984741211,358.9599914550781,426.7799987792969,92.97000122070312,671.5900268554688,104.97000122070312,282.3299865722656,165.1699981689453,92.11000061035156,154.35000610351562,156.82000732421875,144.72000122070312,861.47998046875,128.77999877929688,127.06999969482422,749.2899780273438,187.14999389648438,93.05999755859375,51.529998779296875,383.1400146484375,96.93000030517578,417.5899963378906,631.969970703125,325.2200012207031,118.77999877929688,480.04998779296875,355.2799987792969,186.4199981689453,261.7900085449219,299.5400085449219,443.1600036621094,229.9600067138672,123.5,171.47000122070312,116.33000183105469
2026-03-31,253.7899932861328,217.49000549316406,102.66999816894531,198.2899932861328,243.0800018310547,318.1400146484375,75.25,203.42999267578125,351.8500061035156,208.27000427246094,122.77999877929688,322.7799987792969,288.67999267578125,309.510009765625,301.5267639160156,48.75,157.22999572753906,168.4127960205078,961.7100219726562,479.20001220703125,62.75,708.4600219726562,325.92999267578125,277.8699951171875,266.75,295.3500061035156,996.4299926757812,186.6699981689453,77.17182922363281,169.13999938964844,206.89999389648438,563.2999877929688,130.94000244140625,266.0199890136719,131.02000427246094,144.57000732421875,357.6700134277344,58.779998779296875,356.17999267578125,283.7699890136719,139.3699951171875,286.8599853515625,287.55999755859375,845.989990234375,473.239990234375,328.8900146484375,242.38999938964844,157.27999877929688,432.3800048828125,460.989990234375,260.2900085449219,244.44000244140625,294.1600036621094,1472.4100341796875,76.05000305175781,495.760009765625,919.77001953125,213.66000366210938,499.6600036621094,310.7900085449219,64.61000061035156,436.25,57.63999938964844,572.1300048828125,,65.98999786376953,120.29000091552734,370.1700134277344,433.9700012207031,96.1500015258789,682.239990234375,104.55000305175781,287.0,174.39999389648438,92.30999755859375,160.32000732421875,155.2899932861328,144.44000244140625,895.239990234375,132.17999267578125,128.77999877929688,772.6400146484375,192.89999389648438,93.9800033569336,51.38999938964844,396.4800109863281,96.5199966430664,425.3399963378906,650.3400268554688,328.5899963378906,121.19999694824219,491.5299987792969,371.75,194.13999938964844,270.5899963378906,302.239990234375,446.5400085449219,229.7899932861328,124.27999877929688,169.66000366210938,118.20999908447266
2026-04-01,255.6300048828125,214.97999572753906,102.37999725341797,197.05999755859375,241.3699951171875,320.5799865722656,75.55999755859375,210.2100067138672,353.2799987792969,210.57000732421875,124.8499984741211,321.3399963378906,289.42999267578125,313.489990234375,300.5000305175781,49.27000045776367,156.33999633789062,167.3824005126953,957.4000244140625,478.5,62.0,730.3200073242188,327.1600036621094,280.19000244140625,267.32000732421875,296.94000244140625,996.5599975585938,186.24000549316406,77.51000213623047,172.0399932861328,197.41000366210938,570.7000122070312,130.89999389648438,269.5400085449219,132.3699951171875,140.4199981689453,365.55999755859375,61.20000076293945,359.30999755859375,292.67999267578125,140.3000030517578,294.8999938964844,297.3900146484375,860.2100219726562,474.75,329.55999755859375,243.13999938964844,158.0800018310547,425.8699951171875,464.45001220703125,260.5400085449219,244.1199951171875,295.3800048828125,1519.8399658203125,76.08000183105469,493.8299865722656,954.52001953125,222.00999450683594,491.6499938964844,307.2900085449219,65.37999725341797,438.7799987792969,57.06999969482422,579.22998046875,,65.4800033569336,120.83999633789062,369.3699951171875,434.1300048828125,95.55000305175781,697.0,104.04000091552734,287.0,175.75,92.0999984741211,160.6699981689453,154.64999389648438,144.08999633789062,920.77001953125,133.3300018310547,127.27999877929688,777.25,194.72000122070312,92.36000061035156,50.029998779296875,396.739990234375,96.94000244140625,425.1700134277344,655.239990234375,329.3999938964844,120.44999694824219,494.5400085449219,381.260009765625,196.3000030517578,273.9800109863281,298.510009765625,447.260009765625,231.0,124.73999786376953,160.77999877929688,117.29000091552734
2026-04-02,255.9199981689453,208.83999633789062,102.87000274658203,201.3300018310547,242.9199981689453,318.3399963378906,75.41999816894531,217.5,347.94000244140625,209.77000427246094,126.68000030517578,323.1400146484375,293.54998779296875,314.54998779296875,300.17999267578125,49.380001068115234,154.50999450683594,167.77239990234375,966.5599975585938,477.3500061035156,62.81999969482422,717.219970703125,328.3299865722656,278.7200012207031,270.0199890136719,305.1099853515625,1014.9600219726562,187.17999267578125,79.0199966430664,174.33999633789062,198.97000122070312,575.7100219726562,132.22000122070312,264.2799987792969,131.6999969482422,142.63999938964844,361.1000061035156,61.380001068115234,361.6300048828125,281.1600036621094,139.7100067138672,294.4599914550781,295.7699890136719,863.0399780273438,471.8399963378906,321.6300048828125,248.16000366210938,162.97999572753906,422.4800109863281,452.07000732421875,258.2099914550781,243.0399932861328,294.6000061035156,1516.8399658203125,76.72000122070312,502.6000061035156,935.5800170898438,218.44000244140625,493.44000244140625,307.1400146484375,65.5999984741211,440.7900085449219,57.540000915527344,574.4600219726562,,65.76000213623047,120.87000274658203,373.4599914550781,438.9599914550781,98.66000366210938,702.5,102.0,288.0,177.38999938964844,91.41999816894531,163.2100067138672,157.00999450683594,143.1199951171875,908.0599975585938,133.77000427246094,126.80000305175781,761.8499755859375,196.2100067138672,93.7699966430664,49.439998626708984,395.95001220703125,97.44999694824219,431.1600036621094,655.8300170898438,331.5400085449219,120.44999694824219,491.4599914550781,360.5899963378906,194.8699951171875,277.260009765625,300.79998779296875,438.7099914550781,235.4199981689453,125.79000091552734,160.69000244140625,117.94000244140625
