Date,AAL.L,ABB.ST,ADM.L,ADS.DE,AIR.PA,ALC.SW,ALV.DE,ASML.AS,ASSA-B.ST,AUTO.L,AZN.L,BA.L,BAER.SW,BARC.L,BDEV.L,BMW.DE,BNP.PA,BP.L,BT-A.L,COLOPLAST-B.CO,CPG.L,CS.PA,CSGN.SW,DANSKE.CO,DGE.L,DPLM.L,DTE.DE,ENEL.MI,ENI.MI,EQT.ST,ERICB.ST,EXPN.L,EXW1.DE,FLTR.L,GIVN.SW,GSK.L,HLMA.L,HSBA.L,IFX.DE,III.L,IMB.L,INVE-B.ST,ISP.MI,JD.L,KGF.L,LGEN.L,LLOY.L,LONN.SW,LSEG.L,MAERSK-B.CO,MBG.DE,MC.PA,MGGT.L,MKS.L,NDA-SE.ST,NESN.SW,NOVN.SW,NWG.L,NXT.L,OCDO.L,OR.PA,ORSTED.CO,PGHN.SW,PRU.L,REL.L,RIO.L,RKT.L,RMS.PA,ROG.SW,RR.L,SAN.PA,SAP.DE,SBRY.L,SDR.L,SGSN.SW,SHEL.L,SIE.DE,SIKA.SW,SMDS.L,STAN.L,SWED-A.ST,TSCO.L,TTE.PA,UBS.SW,UCG.MI,ULVR.L,VOD.L,VOLV-B.ST,VOW3.DE,WEIR.L,ZURN.SW
2024-02-06,1786.9010009765625,453.2899169921875,2485.217529296875,174.0601806640625,145.86416625976562,66.33160400390625,225.79547119140625,819.49169921875,277.569091796875,730.6016235351562,10528.40625,1204.9886474609375,41.05777359008789,146.18003845214844,,87.16731262207031,46.88957214355469,478.3577575683594,106.9442138671875,,2167.146728515625,27.39946174621582,,153.06723022460938,2969.396240234375,3293.15478515625,20.601253509521484,5.386877536773682,12.576204299926758,265.2204895019531,,3296.141357421875,44.53448486328125,16690.0,3393.8876953125,1651.5283203125,2173.666748046875,630.8319702148438,32.69217300415039,2315.0517578125,1889.8333740234375,239.2320098876953,2.486905336380005,110.72874450683594,217.1163787841797,251.07400512695312,41.83784484863281,440.8160400390625,8819.73046875,10773.1640625,54.6096076965332,747.07861328125,,244.95217895507812,120.0303955078125,92.92225646972656,81.3522720336914,219.65725708007812,8360.3291015625,527.7999877929688,439.11724853515625,385.5,1088.8182373046875,848.6813354492188,3285.884521484375,5385.251953125,6027.85302734375,1969.688720703125,207.9161834716797,317.760498046875,80.2197265625,162.84927368164062,275.2472839355469,401.9359436035156,70.05658721923828,2486.768798828125,155.7152557373047,225.29507446289062,,599.162353515625,164.32354736328125,289.6837158203125,53.31011199951172,,25.301605224609375,4230.6708984375,66.14861297607422,227.80197143554688,102.43514251708984,1831.842529296875,394.6130676269531
2024-02-07,1720.23291015625,452.59320068359375,2486.21630859375,173.28965759277344,144.84519958496094,66.13294982910156,223.20169067382812,835.4136962890625,275.4465637207031,726.602783203125,10484.4296875,1197.9915771484375,41.28257369995117,144.28160095214844,,88.5790023803711,46.651206970214844,474.0130920410156,105.1959457397461,,2149.154052734375,27.22061538696289,,151.65213012695312,2937.918701171875,3289.15576171875,20.319480895996094,5.346094131469727,12.37639045715332,265.12298583984375,,3289.143310546875,44.43058395385742,16490.0,3454.03955078125,1671.11083984375,2181.665283203125,626.0408325195312,31.018648147583008,2333.04443359375,1865.367919921875,239.03883361816406,2.4337735176086426,107.32939910888672,217.61595153808594,243.6865692138672,41.538150787353516,430.172607421875,8859.7197265625,10752.2705078125,54.626686096191406,751.4872436523438,,240.9529571533203,118.59913635253906,92.21170806884766,81.9301986694336,216.96145629882812,8350.3359375,520.7999877929688,437.4244384765625,378.6000061035156,1092.0838623046875,829.69287109375,3267.890625,5369.27783203125,6027.85302734375,1989.702880859375,205.79689025878906,322.85986328125,80.36687469482422,164.41513061523438,258.5686340332031,398.6405029296875,70.5538101196289,2468.784912109375,156.44088745117188,226.71261596679688,,593.168701171875,165.4123077392578,279.7911071777344,51.621517181396484,,25.20926284790039,4169.22412109375,63.52184295654297,229.03909301757812,102.15744018554688,1808.8505859375,396.0487060546875
2024-02-08,1705.52685546875,454.8825378417969,2528.169677734375,170.30633544921875,145.47962951660156,65.59657287597656,221.92755126953125,840.4261474609375,276.02545166015625,720.2044677734375,9817.783203125,1194.4931640625,41.714195251464844,143.04261779785156,,91.09860229492188,46.42987060546875,475.66107177734375,105.59555053710938,,2210.1298828125,26.89421844482422,,150.6693878173828,2923.9287109375,3385.131103515625,20.155866622924805,5.277827262878418,12.372945785522461,270.7784423828125,,3337.130859375,44.723388671875,16720.0,3425.84326171875,1649.530029296875,2212.660888671875,616.5584106445312,32.254337310791016,2381.02490234375,1855.881103515625,240.0529327392578,2.4140632152557373,104.47994232177734,219.7141876220703,240.89129638671875,41.473209381103516,438.64794921875,8789.736328125,9172.65234375,55.5317268371582,771.038818359375,,236.9537353515625,117.71683502197266,91.94058227539062,79.43789672851562,215.1642608642578,8284.37890625,525.4000244140625,438.3433837890625,384.0,1118.674560546875,817.7002563476562,3299.8798828125,5353.30419921875,5998.72265625,2025.826171875,202.82086181640625,317.6605224609375,78.89546203613281,164.41513061523438,259.0679931640625,399.5392761230469,71.27391815185547,2476.278076171875,157.94798278808594,225.3895721435547,,578.7840576171875,163.54586791992188,280.1908264160156,52.3199462890625,,25.34117889404297,4300.6650390625,63.431949615478516,230.541259765625,103.04259490966797,1801.8531494140625,388.2425842285156
2024-02-09,1669.25146484375,453.88714599609375,2531.166259765625,169.65435791015625,144.69139099121094,66.80838775634766,221.1539764404297,861.065673828125,274.1923828125,712.6065063476562,9755.818359375,1208.9869384765625,41.76814651489258,142.16334533691406,,91.13433837890625,45.493438720703125,477.8583984375,104.8462905883789,,2226.12353515625,26.818206787109375,,152.6741485595703,2897.447265625,3379.1328125,20.14678192138672,5.20778751373291,12.310934066772461,271.46099853515625,,3357.125732421875,44.794227600097656,16905.0,3375.090087890625,1658.52197265625,2210.6611328125,608.37353515625,32.73109817504883,2413.01171875,1879.8475341796875,239.28030395507812,2.3870692253112793,103.98003387451172,217.61595153808594,233.4040069580078,41.35832977294922,437.9580993652344,8833.7255859375,9114.1484375,55.429264068603516,773.9140014648438,,237.75360107421875,116.71691131591797,89.20126342773438,79.74491882324219,210.37171936035156,8216.427734375,513.2000122070312,405.1157531738281,389.29998779296875,1119.6075439453125,797.5125732421875,3348.863037109375,5335.33251953125,5982.07763671875,2122.96826171875,202.82086181640625,318.06048583984375,79.54839324951172,164.7283172607422,255.67233276367188,399.2396240234375,70.6052474975586,2485.269775390625,158.3689727783203,225.4840850830078,,573.1900024414062,162.61265563964844,280.29071044921875,52.7973518371582,,25.552248001098633,4280.361328125,62.89262008666992,230.23196411132812,102.90375518798828,1800.3536376953125,385.7302551269531
2024-02-12,1717.2916259765625,455.5793151855469,2544.151611328125,172.12400817871094,144.153076171875,67.10636901855469,224.11178588867188,862.5399780273438,276.5078125,725.403076171875,9495.955078125,1223.480712890625,42.451541900634766,142.7628631591797,,91.25942993164062,46.11488723754883,478.8571472167969,104.39673614501953,,2199.13427734375,27.390520095825195,,153.85340881347656,2888.45361328125,3385.131103515625,20.233131408691406,5.245910167694092,12.434956550598145,276.0438232421875,,3379.119873046875,45.091758728027344,16760.0,3390.128173828125,1624.951904296875,2203.662353515625,607.2757568359375,33.339210510253906,2408.013916015625,1893.328369140625,241.54995727539062,2.419633626937866,105.62971496582031,220.61341857910156,235.1011199951172,41.35832977294922,440.32330322265625,8881.7138671875,9197.7255859375,56.052547454833984,787.715087890625,,239.2532958984375,118.16777801513672,90.50080871582031,79.17601776123047,207.37640380859375,8342.341796875,536.7999877929688,414.6438903808594,398.20001220703125,1135.0020751953125,811.90380859375,3333.8681640625,5346.3154296875,5988.3203125,2133.70751953125,205.1656036376953,309.0616149902344,79.1529541015625,164.18023681640625,255.772216796875,404.1328125,70.87957000732422,2493.262451171875,158.00540161132812,232.38279724121094,,580.981689453125,166.5788116455078,279.3914489746094,52.88575744628906,,26.005159378051758,4267.0029296875,64.17105102539062,232.57363891601562,103.9277572631836,1813.3489990234375,387.8836364746094
2024-02-13,1721.60546875,452.09552001953125,2531.166259765625,168.52821350097656,143.13412475585938,66.53026580810547,223.61123657226562,836.1016845703125,272.4556884765625,704.2088012695312,9594.9013671875,1211.985595703125,41.54334259033203,140.3648223876953,,90.1336441040039,45.82544708251953,479.1567687988281,102.19890594482422,,2184.14013671875,27.394990921020508,,154.16787719726562,2858.474853515625,3299.153564453125,20.19222640991211,5.215766429901123,12.462517738342285,267.170654296875,,3303.1396484375,44.54865264892578,16375.0,3397.647216796875,1640.338134765625,2150.67041015625,609.3717041015625,31.685138702392578,2375.02734375,1880.8460693359375,240.87387084960938,2.404636859893799,105.42975616455078,215.61764526367188,230.40907287597656,41.1435432434082,435.5928649902344,8821.7294921875,9072.359375,55.87324905395508,767.4926147460938,,234.2542724609375,119.0696792602539,90.1268310546875,79.4830322265625,204.08155822753906,8170.45703125,519.5999755859375,414.0151672363281,401.29998779296875,1121.007080078125,790.3170166015625,3263.89208984375,5277.42724609375,5942.5439453125,2084.324951171875,206.0674285888672,306.2619323730469,78.8034896850586,159.2869415283203,249.4802703857422,393.3479919433594,71.23963165283203,2486.26904296875,156.60845947265625,228.03567504882812,,576.9859619140625,165.95668029785156,273.4958190917969,53.31011199951172,,25.846858978271484,4266.46875,64.0711669921875,233.7665252685547,102.93846893310547,1791.8568115234375,391.4726867675781
2024-02-14,1712.9779052734375,460.95428466796875,2545.150634765625,172.73646545410156,144.44146728515625,67.5036849975586,222.61012268066406,838.75537109375,273.8064270019531,712.6065063476562,9718.8359375,1229.4781494140625,42.577430725097656,141.90354919433594,,90.38382720947266,45.902061462402344,475.9107971191406,104.6964340209961,,2185.1396484375,27.394990921020508,,152.79208374023438,2866.46923828125,3309.15087890625,20.087697982788086,5.243250846862793,12.490077018737793,267.2681579589844,,3358.12548828125,44.77061462402344,16605.0,3454.03955078125,1666.5150146484375,2189.66455078125,619.5528564453125,32.103519439697266,2387.0224609375,1889.333984375,242.22601318359375,2.412778377532959,108.22921752929688,218.31536865234375,234.80162048339844,41.398284912109375,455.894287109375,8859.7197265625,9038.927734375,55.95008850097656,769.2177734375,,234.8541259765625,118.91282653808594,90.52884674072266,79.28437805175781,208.67437744140625,8290.3759765625,532.7999877929688,417.2073059082031,402.5,1132.2030029296875,789.917236328125,3334.867919921875,5300.39013671875,5921.73583984375,2097.037353515625,204.89505004882812,312.1612243652344,78.84027862548828,161.36170959472656,250.47900390625,397.94146728515625,71.25677490234375,2495.2607421875,157.9097137451172,231.43777465820312,,575.3876953125,166.34552001953125,276.99322509765625,53.416202545166016,,26.176651000976562,4259.5234375,65.2896728515625,234.915283203125,102.20951080322266,1800.8536376953125,392.4596862792969
2024-02-15,1732.39013671875,466.5283203125,2578.11376953125,172.00543212890625,143.13412475585938,67.92086029052734,223.88426208496094,846.0282592773438,276.2183837890625,712.0067138671875,9820.783203125,1224.4803466796875,44.33088684082031,143.30239868164062,,91.68829345703125,45.97867965698242,468.226318359375,106.19495391845703,,2187.13916015625,27.524656295776367,,152.6348419189453,2895.948486328125,3331.14501953125,20.124053955078125,5.253003120422363,12.577927589416504,270.3883972167969,,3354.12646484375,45.0728645324707,16870.0,3441.8212890625,1661.5191650390625,2195.66357421875,625.44189453125,32.43920135498047,2427.005859375,1828.4215087890625,242.75721740722656,2.4239187240600586,109.82891082763672,224.9097900390625,236.99789428710938,41.538150787353516,451.7551574707031,8901.708984375,9114.1484375,57.077117919921875,781.6771240234375,,231.65476989746094,119.46180725097656,91.72555541992188,79.42886352539062,213.96612548828125,8394.3056640625,539.0,423.4465637207031,404.1000061035156,1140.6002197265625,807.1066284179688,3312.87548828125,5319.359375,5932.14013671875,2139.57470703125,204.6696014404297,319.9602355957031,79.5575942993164,160.8723907470703,250.6787567138672,403.2341003417969,71.56539154052734,2462.055908203125,159.7850341796875,233.70584106445312,,580.1824951171875,167.9786376953125,275.9939880371094,52.82387161254883,,26.057926177978516,4254.18017578125,66.48818969726562,237.9196319580078,103.42443084716797,1800.3536376953125,396.2281799316406
2024-02-16,1766.9005126953125,472.9981994628906,2586.104736328125,174.09970092773438,140.6732635498047,68.00032806396484,224.8853759765625,859.5914916992188,276.89373779296875,721.4041137695312,10088.640625,1241.4732666015625,44.43878936767578,146.59970092773438,,93.01063537597656,46.29365921020508,471.4726257324219,106.09505462646484,,2190.137939453125,27.703502655029297,,152.16314697265625,2925.42724609375,3425.12109375,20.16495704650879,5.20778751373291,12.19035816192627,272.1435546875,,3395.115478515625,45.271217346191406,17085.0,3446.5205078125,1674.907470703125,2252.65478515625,637.6193237304688,32.55595779418945,2474.986328125,1842.9049072265625,246.6687469482422,2.420919418334961,112.07848358154297,227.40768432617188,239.79315185546875,43.15651321411133,450.4739990234375,8885.712890625,8804.9091796875,57.529632568359375,781.8687744140625,,236.9537353515625,121.06952667236328,90.8280258178711,79.8623046875,229.14247131347656,8464.2587890625,536.0,427.9446105957031,397.20001220703125,1147.59765625,833.8903198242188,3400.845458984375,5506.05615234375,5998.72265625,2150.331298828125,205.79689025878906,323.25982666015625,79.51160430908203,161.5574493408203,253.07565307617188,407.7277526855469,72.54269409179688,2495.030517578125,161.90911865234375,240.32106018066406,,593.9678955078125,169.4562225341797,279.3914489746094,52.94763946533203,,26.198638916015625,4306.0078125,65.54934692382812,238.58236694335938,103.84097290039062,1869.8287353515625,396.0487060546875
2024-02-19,1743.1748046875,471.0074768066406,2564.129150390625,177.53744506835938,138.71226501464844,67.9605941772461,226.2960205078125,844.7506103515625,278.726806640625,726.202880859375,10412.46875,1247.4705810546875,43.854305267333984,148.87783813476562,,91.86698913574219,46.625667572021484,474.2695007324219,106.6445083618164,,2190.137939453125,27.730331420898438,,152.1238250732422,2938.41796875,3405.1259765625,20.242218017578125,5.196261405944824,12.204137802124023,273.3136291503906,,3404.11328125,45.252323150634766,16865.0,3481.2958984375,1667.7138671875,2274.6513671875,637.0205078125,32.24460983276367,2462.9912109375,1839.908447265625,247.44143676757812,2.4329164028167725,113.07828521728516,222.4119110107422,238.2957000732422,42.83683776855469,449.38995361328125,8861.7197265625,8976.244140625,57.74308776855469,787.715087890625,,238.4534454345703,122.10867309570312,92.1930160522461,80.87367248535156,224.64947509765625,8494.23828125,534.5999755859375,426.8805847167969,397.6000061035156,1157.86083984375,820.698486328125,3410.84228515625,5419.19677734375,6002.884765625,2163.5322265625,209.2238311767578,334.15850830078125,79.29090118408203,160.73538208007812,253.67491149902344,403.833251953125,72.57697296142578,2506.021484375,162.25357055664062,243.81765747070312,,598.9625854492188,169.84506225585938,280.8902893066406,52.77082061767578,,26.216224670410156,4323.640625,67.01753997802734,239.33346557617188,104.1186752319336,1859.33251953125,395.2411804199219
2024-02-20,1685.9185791015625,470.11163330078125,2580.111328125,178.92042541503906,139.34669494628906,68.4175033569336,226.9785919189453,823.3247680664062,283.5507507324219,722.6038818359375,10198.5810546875,1252.4683837890625,43.38671875,161.66732788085938,,90.9735107421875,47.24711227416992,466.0287780761719,106.74442291259766,,2206.131591796875,27.868938446044922,,151.61282348632812,2964.399658203125,3401.127197265625,20.237672805786133,5.233498573303223,12.17141056060791,272.8260803222656,,3389.117431640625,45.22399139404297,16590.0,3518.890869140625,1676.3065185546875,2281.650146484375,642.6102294921875,31.68027687072754,2450.99609375,1821.928955078125,246.8619384765625,2.4419145584106445,112.178466796875,223.71078491210938,240.99110412597656,43.60606384277344,447.714599609375,8841.724609375,8763.12109375,57.01734924316406,786.0857543945312,,241.85276794433594,121.97142791748047,93.11859130859375,81.96631622314453,228.4435577392578,8528.21484375,531.7999877929688,429.10540771484375,389.5,1154.59521484375,814.502197265625,3434.833984375,5221.5185546875,6050.7412109375,2170.37744140625,209.4041748046875,330.4589538574219,80.12776184082031,159.58053588867188,255.97193908691406,402.0357360839844,72.59412384033203,2486.037109375,161.43072509765625,241.36058044433594,,600.1613159179688,169.53399658203125,284.2877502441406,51.80717468261719,,26.33934783935547,4331.12060546875,66.98757934570312,242.11692810058594,102.4698486328125,1837.8404541015625,398.2918395996094
2024-02-21,1684.153564453125,471.7042236328125,2573.119140625,179.23655700683594,140.21185302734375,68.63602447509766,228.16172790527344,819.6881713867188,282.2000732421875,726.602783203125,10096.634765625,1240.9732666015625,43.26082992553711,162.62655639648438,,93.1893310546875,47.5876350402832,469.8743896484375,108.49267578125,,2200.1337890625,27.877880096435547,,151.101806640625,2986.8837890625,3387.130859375,20.187681198120117,5.281373977661133,12.317825317382812,272.0460510253906,,3377.120361328125,45.35622024536133,16165.0,3506.672607421875,1659.5211181640625,2309.64599609375,588.7098999023438,32.006229400634766,2440.000732421875,1804.44873046875,245.75123596191406,2.4727654457092285,112.42840576171875,224.70997619628906,239.59349060058594,43.24642562866211,447.2218017578125,8777.7392578125,8692.080078125,58.1187629699707,787.4275512695312,,242.8525848388672,121.8537826538086,92.66983032226562,81.30712890625,228.64324951171875,8548.201171875,519.0,430.02435302734375,391.1000061035156,1150.8631591796875,821.2980346679688,3432.834716796875,5142.64599609375,6040.33740234375,2179.17822265625,208.18673706054688,329.45904541015625,80.34848022460938,158.8171844482422,258.9681091308594,402.93450927734375,72.28550720214844,2506.021484375,162.10047912597656,244.10116577148438,,600.361083984375,169.68954467773438,285.2869873046875,52.090087890625,,26.77467155456543,4332.7236328125,65.87894439697266,244.06092834472656,103.77155303955078,1853.8345947265625,401.1630859375
2024-02-22,1735.13525390625,475.2875671386719,2566.126953125,185.53907775878906,141.5768585205078,70.22528076171875,232.16616821289062,861.7537231445312,282.7789306640625,726.202880859375,10032.2197265625,1231.477294921875,43.027034759521484,163.54579162597656,,93.88623809814453,47.860050201416016,467.6769104003906,107.34381103515625,,2202.133056640625,28.669282913208008,,150.63011169433594,2982.886474609375,3423.12158203125,20.310388565063477,5.260096073150635,12.255814552307129,278.9690856933594,,3435.105224609375,46.14017868041992,16485.0,3525.469970703125,1667.4749755859375,2350.6396484375,589.4086303710938,32.701908111572266,2441.000244140625,1815.9356689453125,248.648681640625,2.482192277908325,113.42821502685547,225.90895080566406,240.59178161621094,45.90874481201172,452.74066162109375,8841.724609375,8763.12109375,60.850948333740234,805.4456176757812,,239.15330505371094,121.95182037353516,88.10739135742188,81.78572082519531,227.74462890625,8436.27734375,523.0,436.4087219238281,385.29998779296875,1158.3272705078125,822.0975952148438,3473.820556640625,5161.615234375,6050.7412109375,2219.759765625,206.38308715820312,356.7556457519531,81.6083755493164,163.6517791748047,253.77479553222656,402.3353271484375,73.03990173339844,2504.522705078125,164.66470336914062,241.6440887451172,,604.9561767578125,173.18907165527344,276.593505859375,52.27573776245117,,26.78786277770996,4274.888671875,65.65921020507812,245.91656494140625,106.21875,1865.3304443359375,411.75067138671875
2024-02-23,1751.01806640625,471.1070251464844,2530.16748046875,186.48741149902344,142.23052978515625,70.02662658691406,224.3393096923828,850.1561889648438,284.2261047363281,734.4005737304688,10216.150390625,1239.9737548828125,42.541465759277344,163.6057586669922,,95.35153198242188,48.00476837158203,465.5792541503906,106.79436492919922,,2180.141845703125,28.88389778137207,,152.51690673828125,2983.885986328125,3427.120361328125,20.114965438842773,5.282260417938232,12.278205871582031,286.087158203125,,3431.1064453125,46.3101921081543,16670.0,3563.065185546875,1671.072021484375,2361.63818359375,596.0963134765625,32.205684661865234,2435.0029296875,1826.92333984375,251.063232421875,2.5186126232147217,115.37785339355469,229.1062469482422,241.59010314941406,45.44920349121094,456.8797912597656,8919.7041015625,8478.95703125,61.20101547241211,814.7421264648438,,240.9529571533203,122.3243408203125,89.14515686035156,82.74290466308594,231.1393280029297,8438.2763671875,528.4000244140625,435.4897766113281,377.1000061035156,1168.59033203125,819.0994262695312,3498.812255859375,5188.5712890625,6056.9833984375,2250.07373046875,209.5845489501953,353.0561218261719,82.50042724609375,166.17672729492188,253.67491149902344,396.9429016113281,73.60570526123047,2492.03271484375,167.72645568847656,244.5736846923828,,634.3248901367188,172.17811584472656,279.4913330078125,52.74430465698242,,27.27155876159668,4277.025390625,66.16858673095703,248.12567138671875,107.60723114013672,1861.8316650390625,415.429443359375
2024-02-26,1692.7813720703125,470.4102478027344,2577.11474609375,185.91445922851562,141.63453674316406,69.96703338623047,223.5657196044922,854.8738403320312,282.39300537109375,736.2001342773438,10250.138671875,1255.4671630859375,42.03791046142578,165.7040252685547,,96.03057861328125,47.11090850830078,465.77899169921875,104.896240234375,,2170.145751953125,28.950965881347656,,152.83139038085938,2990.38134765625,3449.114990234375,20.042251586914062,5.209560394287109,12.274761199951172,297.2029724121094,,3427.107177734375,46.22991180419922,16695.0,3586.56201171875,1673.270263671875,2367.63720703125,594.5990600585938,32.67279052734375,2447.99755859375,1816.4351806640625,251.54611206054688,2.531895875930786,114.47801208496094,229.6058349609375,240.89129638671875,45.86878204345703,454.81024169921875,8897.7099609375,8317.6513671875,60.927791595458984,807.1707763671875,,238.85336303710938,122.28512573242188,88.15414428710938,82.49909973144531,230.83981323242188,8416.291015625,491.5,435.9250793457031,377.70001220703125,1183.0518798828125,814.1024169921875,3502.810791015625,5058.78271484375,6109.00146484375,2243.71728515625,206.65362548828125,361.1551208496094,82.10498046875,169.30844116210938,253.3752899169922,387.65594482421875,72.2169189453125,2468.55126953125,167.34371948242188,242.1166229248047,,635.7234497070312,172.7224884033203,278.292236328125,52.32878494262695,,27.108861923217773,4270.61328125,65.9988021850586,247.86056518554688,106.75678253173828,1856.83349609375,417.49310302734375
2024-02-27,1727.8802490234375,469.4148864746094,2574.1181640625,185.8749542236328,142.26898193359375,70.46367645263672,225.70445251464844,864.1126708984375,282.2000732421875,737.7997436523438,10324.109375,1234.9759521484375,42.17279052734375,166.7231903076172,,96.20926666259766,47.33224105834961,465.7290954589844,106.14500427246094,,2156.1513671875,28.95990753173828,,152.91000366210938,3024.85693359375,3447.115478515625,20.10133171081543,5.266302108764648,12.385004043579102,293.6927185058594,,3415.1103515625,46.428260803222656,17080.0,3520.7705078125,1669.6732177734375,2364.637451171875,601.2866821289062,33.99052047729492,2415.010986328125,1728.5350341796875,250.24227905273438,2.530182123184204,114.87794494628906,230.3052215576172,239.89297485351562,46.26338577270508,457.2739562988281,8931.701171875,8320.9951171875,61.610843658447266,815.0297241210938,,239.75320434570312,122.93214416503906,87.5838394165039,81.85796356201172,233.33590698242188,8356.33203125,493.79998779296875,436.6022033691406,379.0,1177.92041015625,807.5064086914062,3452.827880859375,5103.70947265625,6073.62939453125,2246.16259765625,209.17874145507812,358.5554504394531,81.69114685058594,171.07003784179688,254.57374572753906,389.1538391113281,72.09690856933594,2471.548828125,168.9894256591797,242.30560302734375,,641.9168701171875,172.87802124023438,277.3929138183594,52.60285186767578,,27.056095123291016,4184.58056640625,68.31595611572266,248.61166381835938,107.67665100097656,1862.33154296875,417.22393798828125
2024-02-28,1676.5067138671875,471.9032897949219,2596.093505859375,187.53453063964844,147.76748657226562,74.15869903564453,226.20501708984375,854.4808349609375,283.3578186035156,742.598388671875,10176.166015625,1228.9783935546875,41.94799041748047,168.7615203857422,,97.5316162109375,47.204551696777344,461.7834777832031,104.04708099365234,,2164.148193359375,29.250534057617188,,154.6788787841797,3001.873291015625,3441.116943359375,19.987714767456055,5.189169406890869,12.36433219909668,292.2301025390625,,3400.114501953125,46.423545837402344,16920.0,3492.574462890625,1668.47412109375,2277.651123046875,608.37353515625,32.61870574951172,2447.99755859375,1701.06640625,250.14569091796875,2.5280396938323975,117.67739868164062,233.5025177001953,238.59518432617188,46.52812194824219,457.4710998535156,8909.70703125,8428.8095703125,62.66956329345703,812.4420166015625,,240.65301513671875,124.65750885009766,86.05990600585938,81.27100372314453,236.1315460205078,8348.3369140625,490.70001220703125,431.9590148925781,370.1000061035156,1179.31982421875,790.3170166015625,3437.8330078125,5033.8232421875,5266.30810546875,2265.23046875,208.32200622558594,370.4539794921875,81.7003402709961,168.4472198486328,253.27542114257812,384.3605651855469,72.09690856933594,2457.5595703125,172.0894317626953,239.65953063964844,,648.5098266601562,174.43338012695312,277.0931396484375,52.51444625854492,,27.26276206970215,4146.64111328125,68.2060775756836,252.4554901123047,109.23868560791016,1875.82666015625,422.0691223144531
2024-02-29,1667.6829833984375,476.3824462890625,2663.0185546875,184.84756469726562,147.01768493652344,74.67520141601562,231.02854919433594,855.5619506835938,284.9979553222656,740.1990966796875,9979.240234375,1241.4732666015625,42.51448440551758,164.37673950195312,,97.58522033691406,47.144962310791016,460.185302734375,104.3467788696289,,2169.14599609375,29.402557373046875,,159.1993408203125,2960.218994140625,3455.11328125,19.983169555664062,5.215766429901123,12.271316528320312,295.44781494140625,,3384.118408203125,46.37630844116211,17105.0,3484.115478515625,1663.2783203125,2301.6474609375,613.3643188476562,32.54495620727539,2466.98974609375,1702.564453125,251.49783325195312,2.5177559852600098,117.87737274169922,234.3018341064453,241.68994140625,46.52312088012695,455.302978515625,8873.7158203125,8145.48193359375,62.87447738647461,807.7457275390625,,236.7537841796875,123.46151733398438,85.78878021240234,80.81047058105469,238.7274932861328,8308.3642578125,511.3999938964844,427.2675476074219,386.70001220703125,1183.9849853515625,777.1249389648438,3459.82568359375,5070.7626953125,5199.72607421875,2261.80810546875,209.17874145507812,369.0541687011719,80.8266830444336,169.19100952148438,249.28053283691406,392.748779296875,72.6969985961914,2455.0615234375,175.036376953125,241.455078125,,666.8902587890625,176.84417724609375,278.5920104980469,52.15196990966797,,27.18361473083496,4132.2138671875,69.03506469726562,251.92529296875,108.77008056640625,1832.3421630859375,421.710205078125
2024-03-01,1726.3114013671875,472.898681640625,2675.005126953125,184.72903442382812,146.7292938232422,75.60889434814453,229.16282653808594,878.6585693359375,284.129638671875,747.1972045898438,10076.2041015625,1249.4697265625,43.045021057128906,169.43417358398438,,98.10343170166016,47.80046081542969,471.1230773925781,104.54658508300781,,2166.147216796875,28.937551498413086,,160.5358428955078,2961.718017578125,3481.106689453125,19.983169555664062,5.223746299743652,12.340218544006348,299.7381896972656,,3357.125732421875,46.527435302734375,16985.0,3486.93505859375,1660.48046875,2301.6474609375,611.6675415039062,33.420162200927734,2505.9736328125,1695.5723876953125,251.1597900390625,2.5747439861297607,119.87698364257812,232.20359802246094,242.68824768066406,47.32231521606445,458.8507995605469,9013.6796875,8041.84521484375,63.25869369506836,811.1961059570312,,234.354248046875,124.18695068359375,86.51802062988281,81.39743041992188,246.41549682617188,8404.298828125,476.0,427.5093688964844,387.20001220703125,1179.786376953125,781.9221801757812,3409.84228515625,5118.685546875,5351.619140625,2256.9189453125,210.3060302734375,374.75341796875,80.29330444335938,169.6411895751953,249.08078002929688,393.1482238769531,72.64555358886719,2492.531982421875,173.44808959960938,244.10116577148438,,690.0656127929688,178.16624450683594,277.3929138183594,52.868072509765625,,27.25836753845215,4133.8173828125,70.37340545654297,256.2109680175781,103.4070816040039,1851.33544921875,419.0184631347656
2024-03-04,1669.055419921875,475.0884704589844,2647.03662109375,182.2593994140625,149.34396362304688,75.50955963134766,229.34486389160156,897.5291137695312,284.6120300292969,736.6000366210938,10042.2158203125,1259.4654541015625,43.1439323425293,170.0538787841797,,98.22852325439453,48.7539176940918,469.2251892089844,106.04510498046875,,2164.148193359375,29.170053482055664,,162.10818481445312,2928.238037109375,3429.1201171875,20.0195255279541,5.233498573303223,12.39189338684082,298.9581298828125,,3359.125,46.68800735473633,16845.0,3477.53662109375,1666.475830078125,2298.6474609375,607.2757568359375,33.02189636230469,2483.982666015625,1679.5906982421875,250.6768798828125,2.570887565612793,118.22730255126953,225.90895080566406,242.4885711669922,47.347286224365234,456.68267822265625,9067.666015625,8000.056640625,62.95985794067383,804.87060546875,,230.15505981445312,124.59868621826172,86.03185272216797,81.43354034423828,247.91314697265625,8178.4521484375,445.0,429.10540771484375,368.5,1180.2529296875,772.3280029296875,3408.8427734375,5081.7451171875,5337.052734375,2249.095703125,210.6216583251953,376.3532409667969,79.84268188476562,171.48106384277344,245.4853973388672,384.46038818359375,72.30265045166016,2458.55908203125,173.25672912597656,242.96714782714844,,681.6746215820312,178.24400329589844,275.6941833496094,52.50559997558594,,27.530996322631836,4128.4736328125,69.40460968017578,255.76914978027344,104.72612762451172,1851.33544921875,417.67254638671875
2024-03-05,1670.427978515625,471.4056091308594,2678.001708984375,182.85211181640625,151.47801208496094,74.77452850341797,231.5745849609375,884.0642700195312,285.7698059082031,731.8013305664062,10108.19140625,1279.45703125,42.81122589111328,169.37420654296875,,97.7103042602539,48.72837448120117,470.3738708496094,106.6445083618164,,2192.13671875,29.263948440551758,,160.06414794921875,2921.242431640625,3381.13232421875,20.22858428955078,5.353187561035156,12.495245933532715,292.81512451171875,,3347.1279296875,46.527435302734375,16925.0,3477.53662109375,1682.0633544921875,2279.650634765625,608.9725341796875,32.6088752746582,2494.97802734375,1664.1082763671875,250.6286163330078,2.6227338314056396,117.52743530273438,223.71078491210938,244.98434448242188,47.751888275146484,448.6015625,9039.671875,7761.0244140625,62.97693634033203,794.6156005859375,,238.95335388183594,125.20648956298828,85.94771575927734,81.75863647460938,249.4108123779297,8294.3740234375,444.29998779296875,424.0269775390625,366.5,1159.7266845703125,756.7374877929688,3418.83935546875,5017.84912109375,5320.4072265625,2216.33740234375,211.6587677001953,374.8534240722656,80.55998992919922,169.77818298339844,247.38296508789062,389.4533996582031,74.2400894165039,2450.565185546875,170.8264617919922,239.84854125976562,,687.0687866210938,179.09945678710938,276.0938415527344,52.30226516723633,,27.623336791992188,4136.48876953125,70.1936264038086,258.9060363769531,103.4070816040039,1879.3251953125,421.8896789550781
2024-03-06,1732.7822265625,471.6046447753906,2661.020751953125,183.70167541503906,152.11245727539062,75.44995880126953,231.7111053466797,896.5462646484375,285.9627380371094,730.8015747070312,10136.181640625,1275.4588623046875,43.233856201171875,170.83348083496094,,96.22713470458984,48.7539176940918,478.36492919921875,106.79436492919922,,2186.139404296875,29.268421173095703,,159.27796936035156,2874.270751953125,3415.123291015625,20.214950561523438,5.409041404724121,12.59859848022461,316.99700927734375,,3411.111572265625,46.76829147338867,17155.0,3534.868896484375,1671.8712158203125,2303.646728515625,610.868896484375,33.267738342285156,2520.96728515625,1676.59423828125,251.6427001953125,2.6591546535491943,116.9775390625,226.8081817626953,242.88790893554688,48.35128402709961,447.61602783203125,9249.619140625,7842.9306640625,62.19997024536133,797.9700317382812,,240.7530059814453,125.44175720214844,86.78915405273438,82.22819519042969,252.00677490234375,8410.294921875,437.8999938964844,423.83349609375,375.79998779296875,1176.52099609375,758.7362670898438,3412.84130859375,5066.76904296875,5216.37158203125,2221.2265625,212.74093627929688,378.9529113769531,80.11856842041016,171.539794921875,248.9809112548828,393.8472595214844,74.75445556640625,2486.536865234375,172.223388671875,242.1166229248047,,676.879638671875,178.63284301757812,280.1908264160156,53.0272102355957,,27.58376121520996,4122.0615234375,69.5344467163086,260.0989685058594,101.34170532226562,1927.3082275390625,425.5683898925781
2024-03-07,1821.0196533203125,473.3963623046875,2609.078857421875,186.11203002929688,152.2085723876953,75.78768920898438,233.2582550048828,932.911376953125,287.6029052734375,733.600830078125,10230.1455078125,1271.46044921875,43.6564826965332,172.97238159179688,,95.56596374511719,49.707366943359375,475.5181579589844,107.39376068115234,,2151.153076171875,29.599288940429688,,159.51382446289062,2874.77001953125,3411.124755859375,20.064973831176758,5.442731857299805,12.602042198181152,315.9244384765625,,3410.11181640625,47.32083511352539,17120.0,3628.856201171875,1709.84130859375,2287.6494140625,589.84765625,34.29045104980469,2529.963623046875,1690.578125,252.8016815185547,2.6454432010650635,115.72777557373047,229.00631713867188,244.3853759765625,48.55607223510742,459.0478820800781,9297.607421875,7911.46435546875,61.81576156616211,804.87060546875,,244.2523193359375,125.32411193847656,87.2379150390625,82.24693298339844,250.00987243652344,8314.359375,458.29998779296875,430.7982482910156,370.0,1185.384521484375,780.722900390625,3393.847900390625,4969.42626953125,5289.1962890625,2263.763916015625,214.5446014404297,389.9515380859375,80.92784881591797,173.98643493652344,251.67747497558594,392.6489562988281,74.3944091796875,2480.041748046875,173.6968536376953,247.31430053710938,,663.8995361328125,179.7993621826172,283.48834228515625,52.974159240722656,,27.588157653808594,4098.548828125,69.69424438476562,260.31988525390625,101.13343811035156,1907.3153076171875,429.6060485839844
2024-03-08,1814.3525390625,475.0884704589844,2570.122314453125,186.84303283691406,151.93942260742188,76.2843246459961,235.53350830078125,907.55419921875,291.9444274902344,740.7988891601562,10192.1611328125,1257.46630859375,45.21210861206055,172.15281677246094,,95.72679138183594,50.16707229614258,471.5726013183594,109.2918930053711,,2152.15283203125,29.974868774414062,,161.08616638183594,2872.271728515625,3417.123291015625,19.919544219970703,5.434752941131592,12.662330627441406,323.8225402832031,,3401.114013671875,47.1886100769043,16935.0,3668.3310546875,1671.6715087890625,2292.648681640625,579.0631713867188,33.725006103515625,2521.967041015625,1690.578125,254.2504119873047,2.658726453781128,115.67778778076172,227.40768432617188,249.17724609375,48.50612258911133,457.86529541015625,9261.6162109375,7921.494140625,61.94383239746094,809.7584228515625,,242.7526092529297,125.69664764404297,87.70537567138672,82.55613708496094,250.20957946777344,8366.3232421875,448.3999938964844,434.3289794921875,372.5,1183.0518798828125,778.5241088867188,3403.844482421875,4863.55517578125,5372.42529296875,2261.80810546875,214.8151397705078,386.35198974609375,80.64276123046875,173.16436767578125,249.87977600097656,389.85284423828125,74.80590057373047,2469.050537109375,174.06044006347656,249.298828125,,655.305908203125,179.7216033935547,285.9864807128906,53.08909606933594,,27.073684692382812,4099.08251953125,70.85282897949219,263.3242492675781,101.0987319946289,1917.311767578125,429.2471618652344
2024-03-11,1814.5487060546875,475.5861511230469,2694.98291015625,186.56643676757812,150.72821044921875,76.681640625,236.85317993164062,869.3215942382812,290.4972229003906,747.7969360351562,10446.064453125,1259.4654541015625,45.373966217041016,173.71200561523438,,95.4944839477539,50.269229888916016,471.1730651855469,109.94125366210938,,2133.160400390625,29.760251998901367,,159.43521118164062,2889.76123046875,3399.127685546875,19.8241024017334,5.457804203033447,12.538308143615723,320.9948425292969,,3345.128662109375,46.88163375854492,16950.0,3702.166259765625,1673.6700439453125,2264.65283203125,574.9690551757812,33.16939926147461,2517.968994140625,1738.523681640625,254.20211791992188,2.6317319869995117,114.1780776977539,225.90895080566406,246.28213500976562,49.0006217956543,451.5580749511719,9315.6025390625,7961.611328125,61.81576156616211,815.0297241210938,,246.25192260742188,123.4026870727539,87.8736572265625,83.20264434814453,249.5106658935547,8386.3115234375,456.79998779296875,433.603515625,363.1000061035156,1181.1859130859375,787.7185668945312,3358.859619140625,4803.62890625,5378.66748046875,2253.49609375,218.24209594726562,383.1524353027344,81.22213745117188,169.81735229492188,248.18194580078125,389.4533996582031,74.72016906738281,2470.54931640625,172.8166046142578,246.08572387695312,,659.5027465820312,177.69961547851562,281.989501953125,53.15982437133789,,27.289148330688477,4117.7861328125,70.06379699707031,261.8662414550781,101.72354125976562,1892.820556640625,433.1053771972656
2024-03-12,1814.94091796875,482.1555480957031,2729.943603515625,190.39932250976562,151.88174438476562,76.76110076904297,240.12953186035156,876.9878540039062,295.9964904785156,754.9949951171875,10432.068359375,1281.9560546875,45.895503997802734,177.4901123046875,,98.08556365966797,50.831085205078125,476.9166564941406,109.64154052734375,,2176.143310546875,30.368331909179688,,160.3000030517578,2906.251220703125,3449.114990234375,19.724119186401367,5.453371047973633,12.653719902038574,326.6502685546875,,3406.113037109375,47.396400451660156,17215.0,3736.94189453125,1683.86181640625,2287.6494140625,591.7448120117188,34.30028533935547,2571.946533203125,1751.009521484375,259.3691711425781,2.6925761699676514,117.87737274169922,228.80650329589844,247.97926330566406,49.5001220703125,451.85369873046875,9365.5888671875,8123.75244140625,62.601261138916016,823.2720336914062,,250.7510528564453,124.55946350097656,88.13543701171875,82.06890869140625,253.6042938232422,8492.23828125,466.5,435.876708984375,356.5,1212.908203125,811.90380859375,3408.8427734375,4908.0009765625,5414.03955078125,2279.89892578125,220.7221221923828,391.7513122558594,81.24051666259766,173.22308349609375,250.8784942626953,391.85003662109375,75.1488037109375,2495.030517578125,174.8450164794922,250.24383544921875,,669.2953491210938,180.73257446289062,285.5867919921875,53.637229919433594,,27.913551330566406,4152.51953125,69.21483612060547,267.4331359863281,104.89968872070312,1931.806640625,435.438232421875
2024-03-13,1899.060302734375,487.82916259765625,2647.03662109375,197.71932983398438,153.11216735839844,76.44325256347656,241.58567810058594,863.8178100585938,296.9612731933594,748.3967895507812,10454.060546875,1289.95263671875,46.075347900390625,176.97036743164062,,96.9419174194336,51.886695861816406,484.4581604003906,108.9422378540039,,2196.13525390625,30.243139266967773,,163.44467163085938,2909.24951171875,3399.127685546875,19.66958236694336,5.5047926902771,12.900039672851562,328.79541015625,,3377.120361328125,47.58530807495117,17475.0,3735.06201171875,1693.853759765625,2264.65283203125,588.8489379882812,34.31011962890625,2554.953857421875,1753.5068359375,259.5624084472656,2.7277119159698486,113.07828521728516,227.30775451660156,244.98434448242188,49.20542526245117,464.3695983886719,9393.58203125,7988.35595703125,61.89259719848633,831.1309204101562,,247.05177307128906,125.57901000976562,89.26670837402344,81.63790130615234,252.40614318847656,8450.267578125,471.70001220703125,439.35906982421875,346.70001220703125,1219.439208984375,806.9069213867188,3409.84228515625,4898.51318359375,5478.54248046875,2305.3232421875,217.3402557373047,393.7510681152344,81.37847137451172,171.77467346191406,250.37913513183594,391.45062255859375,75.6288833618164,2525.506103515625,175.95489501953125,251.37789916992188,,652.7078857421875,181.0436553955078,285.78662109375,54.58320236206055,,28.274127960205078,4173.35986328125,66.4382553100586,268.84698486328125,98.72095489501953,1952.7989501953125,437.23272705078125
2024-03-14,1798.0389404296875,492.6069030761719,2679.999755859375,203.99221801757812,154.15036010742188,76.38365936279297,240.81210327148438,865.8817138671875,295.3211669921875,752.795654296875,10398.08203125,1293.9508056640625,45.94945526123047,174.31170654296875,,93.99345397949219,51.29079055786133,489.4526062011719,108.34283447265625,,2206.131591796875,30.4085750579834,,162.4226531982422,2908.749755859375,3389.13037109375,19.61504554748535,5.433866024017334,12.507305145263672,325.28515625,,3350.127197265625,47.500301361083984,17460.0,3737.8818359375,1686.459716796875,2244.65576171875,585.5537719726562,33.390663146972656,2533.962158203125,1738.0242919921875,258.88629150390625,2.717427968978882,111.82852935791016,225.7091064453125,245.28382873535156,49.28034591674805,476.294189453125,9397.580078125,7829.55859375,61.93528747558594,836.4979858398438,,244.55224609375,124.42222595214844,88.89273071289062,81.3287124633789,239.73513793945312,8482.2470703125,462.20001220703125,436.5054626464844,353.20001220703125,1206.843505859375,798.3121337890625,3389.849365234375,4836.0888671875,5463.9775390625,2339.54833984375,218.27951049804688,389.35162353515625,81.1209716796875,171.1678924560547,249.38040161132812,386.9569396972656,73.14277648925781,2535.998046875,176.05056762695312,251.18887329101562,,645.5133056640625,180.26597595214844,285.8865661621094,55.44075393676758,,28.32249641418457,4151.98486328125,66.00878143310547,269.59808349609375,98.00936126708984,1985.287353515625,436.60467529296875
2024-03-15,1818.6318359375,494.8962707519531,2730.942138671875,202.51043701171875,156.45741271972656,75.0129165649414,242.67779541015625,842.9816284179688,296.6719055175781,754.7951049804688,10290.1220703125,1294.4505615234375,45.068233489990234,176.83042907714844,,94.42232513427734,52.1080322265625,490.4514465332031,108.44273376464844,,2201.133544921875,30.694730758666992,,162.26539611816406,2905.251953125,3379.1328125,19.8241024017334,5.435638904571533,12.493523597717285,332.8907470703125,,3338.130615234375,47.50739288330078,17115.0,3775.476806640625,1648.2900390625,2213.660888671875,597.1370239257812,31.379648208618164,2553.953857421875,1693.57470703125,261.5906066894531,2.7658467292785645,111.82852935791016,226.70826721191406,243.48687744140625,49.520103454589844,467.1290283203125,9447.568359375,8009.09130859375,62.41341781616211,826.4347534179688,,245.85198974609375,122.6184310913086,89.03297424316406,80.24182891845703,239.9349365234375,8496.2373046875,459.0,431.57208251953125,348.6000061035156,1199.8460693359375,795.5138549804688,3373.8544921875,4856.0654296875,4667.06103515625,2337.10400390625,216.7767333984375,393.4511413574219,81.11177825927734,168.25148010253906,250.9783477783203,389.65313720703125,72.40552520751953,2546.4892578125,176.9691162109375,249.0153350830078,,653.5072631835938,177.62185668945312,287.3854675292969,55.23741149902344,,28.9337100982666,4115.64892578125,69.76416015625,272.028076171875,98.73831176757812,2009.2786865234375,436.60467529296875
2024-03-18,1793.135986328125,496.48883056640625,2759.91015625,197.66993713378906,156.8996124267578,74.53614044189453,242.2682647705078,855.856689453125,290.111328125,754.7951049804688,10286.125,1304.4464111328125,44.76250457763672,176.43064880371094,,94.69036102294922,52.2357292175293,492.74884033203125,104.54658508300781,,2170.145751953125,30.61425018310547,,162.81573486328125,2866.77490234375,3373.13427734375,19.710485458374023,5.385103702545166,12.449734687805176,325.6751708984375,,3361.12451171875,47.412696838378906,16840.0,3821.53076171875,1659.481201171875,2213.660888671875,601.6305541992188,31.46815299987793,2525.965576171875,1716.0494384765625,254.15379333496094,2.767132043838501,111.128662109375,225.30946350097656,246.68148803710938,49.34027862548828,471.071044921875,9397.580078125,7881.73779296875,62.635414123535156,822.409423828125,,243.85238647460938,121.7753677368164,88.52810668945312,80.13876342773438,239.8350372314453,8450.267578125,462.20001220703125,427.1224060058594,354.70001220703125,1208.2431640625,787.7185668945312,3387.849853515625,4880.03515625,4759.65283203125,2324.88037109375,215.64964294433594,389.9515380859375,80.92784881591797,168.5450897216797,249.7799072265625,381.56451416015625,72.78272247314453,2558.47998046875,175.68699645996094,250.14935302734375,,649.7101440429688,174.97775268554688,287.5852966308594,55.37002944946289,,29.171154022216797,4073.43408203125,67.24726867675781,270.1724548339844,100.1614990234375,1999.2823486328125,435.61767578125
2024-03-19,1786.0755615234375,490.218017578125,2767.901123046875,198.4108428955078,159.74497985839844,74.63546752929688,246.68222045898438,854.6773681640625,294.83880615234375,747.1972045898438,10224.1474609375,1326.9368896484375,44.69057083129883,174.97137451171875,,95.70893096923828,52.78056335449219,497.7432861328125,104.29683685302734,,2151.153076171875,30.958532333374023,,164.54530334472656,2825.799560546875,3343.14208984375,19.91045379638672,5.386877536773682,12.747491836547852,329.2829895019531,,3348.1279296875,47.63996505737305,16850.0,3839.38818359375,1663.078369140625,2207.661865234375,602.0299682617188,30.794536590576172,2523.96630859375,1724.539794921875,257.0029602050781,2.8074095249176025,110.52877807617188,224.0105438232422,245.88282775878906,49.49512481689453,475.2101745605469,9387.583984375,7828.673828125,63.30992126464844,824.4220581054688,,243.1525115966797,123.63797760009766,87.70537567138672,80.12939453125,239.73513793945312,8472.251953125,461.1000061035156,426.7838439941406,357.1000061035156,1170.456298828125,780.1231689453125,3380.852294921875,4930.97265625,4544.29736328125,2351.282958984375,215.133056640625,400.6502380371094,80.192138671875,169.54331970214844,249.87977600097656,379.9667053222656,72.85130310058594,2591.953857421875,165.5640869140625,249.0153350830078,,658.3036499023438,176.53311157226562,287.4853820800781,56.84645080566406,,29.786767959594727,4199.009765625,66.41828155517578,270.5700988769531,101.7756118774414,1995.7835693359375,436.3354797363281
2024-03-20,1802.9422607421875,495.0953063964844,2805.858642578125,197.5118865966797,161.55218505859375,74.39707946777344,246.63673400878906,859.4932250976562,298.50494384765625,741.798583984375,10160.171875,1335.433349609375,44.555686950683594,175.6510467529297,,95.0298843383789,52.720970153808594,493.0984802246094,104.896240234375,,2154.152099609375,30.936174392700195,,162.5012664794922,2824.800537109375,3371.135009765625,19.887731552124023,5.4108147621154785,12.546069145202637,328.6979064941406,,3370.122314453125,47.61155700683594,16825.0,3854.42626953125,1645.492431640625,2292.648681640625,604.5263061523438,30.484773635864258,2526.965087890625,1706.5601806640625,254.78160095214844,2.80312442779541,113.62818145751953,229.6058349609375,247.7796173095703,49.989627838134766,502.2129821777344,9437.5712890625,8003.78466796875,63.01109313964844,811.0044555664062,,240.7530059814453,123.2850570678711,88.397216796875,79.74523162841797,245.2290802001953,8504.2314453125,466.70001220703125,422.479248046875,365.3999938964844,1171.8558349609375,744.7448120117188,3377.853271484375,4934.46875,4507.88525390625,2351.771728515625,216.91761779785156,406.6495056152344,80.5967788696289,169.8369140625,248.7812042236328,378.9681396484375,73.58856964111328,2589.455810546875,168.16656494140625,252.13392639160156,,657.1045532226562,176.14427185058594,285.4869079589844,56.52446746826172,,29.82194709777832,4138.09228515625,67.19731140136719,271.1886291503906,102.00123596191406,1950.2998046875,437.9505310058594
2024-03-21,1886.4896240234375,497.3846740722656,2829.83154296875,196.78086853027344,162.7441864013672,75.1718521118164,248.36590576171875,907.455810546875,303.0394287109375,762.9928588867188,10424.072265625,1350.9267578125,46.50696563720703,181.74795532226562,,93.63607025146484,53.32538986206055,496.0950927734375,106.9442138671875,,2241.117919921875,30.98535919189453,,162.97296142578125,2868.77392578125,3447.115478515625,19.933176040649414,5.381557941436768,12.575843811035156,340.7888488769531,,3467.096923828125,48.10395431518555,17115.0,3855.365966796875,1672.470947265625,2361.63818359375,620.2036743164062,31.3599796295166,2746.875,1722.0426025390625,258.21026611328125,2.8219776153564453,117.0775146484375,232.9030303955078,252.17214965820312,51.43817138671875,515.6158447265625,9557.5400390625,8113.44970703125,62.61833572387695,812.6337890625,,249.6512451171875,124.3634033203125,88.78053283691406,81.25375366210938,253.12037658691406,9071.845703125,476.70001220703125,420.7380676269531,367.1000061035156,1222.2381591796875,758.5363159179688,3449.828857421875,5041.83740234375,4473.552734375,2357.14990234375,211.37608337402344,420.1477966308594,80.6611557006836,176.70712280273438,254.1742706298828,378.4186706542969,75.09736633300781,2619.431884765625,167.28631591796875,257.0480651855469,,675.4906616210938,179.09945678710938,291.78216552734375,56.27404022216797,,29.82194709777832,4175.4970703125,67.41705322265625,275.9161071777344,102.20951080322266,2014.2769775390625,435.7074279785156
2024-03-22,1891.981201171875,501.2666320800781,2814.8486328125,197.818115234375,163.32093811035156,74.41694641113281,247.41030883789062,890.5509033203125,302.8465270996094,762.193115234375,10478.052734375,1362.921630859375,46.57889938354492,180.70846557617188,,93.02850341796875,53.46160125732422,498.292724609375,107.49366760253906,,2265.1083984375,30.833337783813477,,166.0725555419922,2899.25537109375,3451.1142578125,19.865005493164062,5.391310214996338,12.570590019226074,340.7888488769531,,3485.09228515625,47.92404556274414,17195.0,3858.185791015625,1685.460693359375,2340.6416015625,623.998291015625,30.696199417114258,2759.86962890625,1732.0311279296875,260.23846435546875,2.8236918449401855,109.72892761230469,233.40260314941406,255.76605224609375,52.12747573852539,522.1201782226562,9649.5166015625,8074.53564453125,62.754947662353516,794.1363525390625,,250.45111083984375,117.51029205322266,88.21958923339844,81.05699157714844,260.8118896484375,9185.7685546875,468.29998779296875,418.5132141113281,380.8999938964844,1216.1737060546875,777.924560546875,3456.826416015625,4990.89990234375,4583.83203125,2333.192626953125,211.61090087890625,419.84783935546875,81.5256118774414,176.43310546875,256.4713439941406,376.9201965332031,74.60015106201172,2629.923828125,167.82212829589844,255.53604125976562,,672.0932006835938,174.2000732421875,293.98052978515625,56.21143341064453,,29.544921875,4249.7734375,68.34591674804688,278.3019104003906,102.4698486328125,2024.2734375,435.0793151855469
2024-03-25,1893.74609375,489.9696044921875,2826.835205078125,201.47317504882812,163.5324249267578,74.25802612304688,250.4591522216797,897.33251953125,300.62750244140625,741.9985961914062,10390.0859375,1359.4229736328125,46.560916900634766,181.38812255859375,,94.92266082763672,53.19770050048828,505.33477783203125,107.84331512451172,,2258.111083984375,30.918292999267578,,167.1329345703125,2885.763671875,3395.128662109375,20.037704467773438,5.378897190093994,12.745739936828613,340.7888488769531,,3501.087890625,48.09449005126953,17285.0,3885.901123046875,1693.254638671875,2326.643310546875,623.6986083984375,30.36676597595215,2789.857666015625,1731.53173828125,260.2867431640625,2.8464014530181885,110.07886505126953,239.39755249023438,253.86927795410156,51.67792510986328,518.375244140625,9575.53515625,8051.54150390625,62.94278335571289,791.1653442382812,,254.05039978027344,117.01654815673828,88.5842056274414,80.96329498291016,259.71307373046875,9203.755859375,452.6000061035156,421.22174072265625,377.29998779296875,1195.6474609375,773.9270629882812,3426.8369140625,5006.88037109375,4469.392578125,2349.81640625,211.7987518310547,421.0476989746094,82.44524383544922,176.88328552246094,256.67108154296875,376.32080078125,74.85733032226562,2648.4091796875,166.54000854492188,252.98446655273438,,674.8912353515625,176.2220458984375,293.48089599609375,56.55129623413086,,29.971454620361328,4229.46728515625,68.29595947265625,278.21356201171875,103.59799194335938,2011.278076171875,435.3485107421875
2024-03-26,1880.4100341796875,493.5591125488281,2826.835205078125,201.81893920898438,164.03228759765625,74.2381591796875,252.09732055664062,884.9487915039062,302.8465270996094,705.408447265625,10436.0673828125,1368.4193115234375,47.02850341796875,180.6884765625,,95.20858001708984,54.74706268310547,499.2416076660156,108.742431640625,,2285.100341796875,30.940645217895508,,168.43801879882812,2925.23974609375,3425.12109375,20.1967716217041,5.393969535827637,12.74223804473877,337.1810607910156,,3441.103759765625,48.27440643310547,17095.0,3855.318603515625,1696.4517822265625,2333.64208984375,626.3948364257812,30.833873748779297,2820.8447265625,1739.0233154296875,260.2867431640625,2.8669683933258057,114.1780776977539,249.5889129638672,254.56808471679688,51.55805206298828,526.0621337890625,9671.5107421875,7839.28662109375,62.712257385253906,787.6192626953125,,263.8485107421875,118.3595199584961,89.26670837402344,80.71968078613281,262.11041259765625,9281.7041015625,467.29998779296875,419.770751953125,374.79998779296875,1200.3126220703125,760.7350463867188,3408.8427734375,4912.49609375,4527.65185546875,2334.17041015625,213.39544677734375,427.94683837890625,83.962646484375,178.70359802246094,262.1640319824219,375.221923828125,74.15437316894531,2644.91162109375,167.72645568847656,254.5909881591797,,694.4764404296875,180.73257446289062,296.57855224609375,56.327701568603516,,30.358407974243164,4238.5517578125,68.5956039428711,280.99700927734375,105.22945404052734,2016.276123046875,435.5279541015625
2024-03-27,1885.5091552734375,492.4623107910156,2825.836181640625,202.21408081054688,164.9551239013672,74.7149429321289,252.50686645507812,879.8379516601562,298.69793701171875,699.8099975585938,10737.953125,1352.9259033203125,46.90261459350586,181.42811584472656,,94.85118865966797,55.05352783203125,492.2494201660156,109.14203643798828,,2303.09326171875,31.021127700805664,,168.5196075439453,2936.233154296875,3749.0380859375,20.364927291870117,5.468442916870117,12.759753227233887,334.2558288574219,,3471.09619140625,48.43539047241211,15675.0,3837.16015625,1703.845947265625,2335.64208984375,614.1124877929688,30.951879501342773,2800.85302734375,1754.006103515625,260.624755859375,2.869110584259033,116.27767944335938,245.79212951660156,255.06723022460938,51.617984771728516,527.6389770507812,9589.5302734375,7954.25830078125,62.77202224731445,795.7657470703125,,265.84808349609375,118.53726959228516,89.75286102294922,81.1975326538086,262.5099792480469,9181.771484375,466.5,424.6557312011719,384.3999938964844,1196.114013671875,755.3383178710938,3425.837158203125,4971.92333984375,4617.12353515625,2335.148193359375,212.97280883789062,421.94757080078125,84.38567352294922,178.15553283691406,271.552001953125,372.125,74.89161682128906,2610.9384765625,169.2764434814453,252.41744995117188,,678.6883544921875,174.9508056640625,297.9775695800781,56.38136672973633,,30.270462036132812,4234.2763671875,69.33468627929688,280.95281982421875,105.6633529663086,2020.27490234375,435.1690368652344
2024-03-28,1913.9466552734375,493.1603088378906,2833.8271484375,204.48614501953125,164.10919189453125,74.2381591796875,252.8253936767578,876.8895263671875,296.2859802246094,700.010009765625,10673.9775390625,1348.927490234375,46.83068084716797,183.10723876953125,,95.56596374511719,56.06657791137695,495.14617919921875,109.5416488647461,,2322.086181640625,31.132905960083008,,,2923.74072265625,3721.044921875,20.451276779174805,5.4250006675720215,12.828062057495117,330.1605529785156,,3453.1005859375,48.43539047241211,15790.0,3838.11572265625,1707.2430419921875,2367.63720703125,618.106689453125,30.991212844848633,2807.85009765625,1767.990234375,259.46575927734375,2.881965160369873,134.47418212890625,249.1892547607422,253.96908569335938,51.7078971862793,532.3694458007812,9487.55859375,,63.019622802734375,799.0242919921875,,265.0482482910156,117.70777893066406,89.51913452148438,81.86277770996094,265.20703125,9225.7412109375,455.1000061035156,424.317138671875,,1201.7120361328125,742.6576538085938,3422.837890625,5010.87548828125,4694.1103515625,2313.635009765625,215.74356079101562,426.64703369140625,83.64996337890625,176.60926818847656,270.05389404296875,376.2209167480469,75.01164245605469,2622.929443359375,169.3147430419922,257.0103454589844,,670.8941650390625,176.6146240234375,296.3787536621094,56.76594924926758,,30.934444427490234,4248.70458984375,70.37340545654297,271.7266845703125,106.60057830810547,2021.2744140625,436.3354797363281
2024-04-02,2001.9071044921875,490.8669738769531,2774.8935546875,199.94200134277344,160.68704223632812,73.58258819580078,249.2760009765625,875.4152221679688,294.93524169921875,692.2120971679688,10600.0068359375,1330.4354248046875,46.99253463745117,184.02679443359375,,95.28899383544922,55.6920051574707,508.0317687988281,109.64154052734375,,2252.11328125,31.083724975585938,,169.090576171875,2953.22314453125,3633.0673828125,20.296754837036133,5.3088579177856445,13.162599563598633,325.6751708984375,,3392.116455078125,48.066078186035156,15455.0,3844.8056640625,1661.6793212890625,2352.639404296875,620.5033569335938,30.258596420288086,2791.856689453125,1758.001708984375,259.12774658203125,2.868682384490967,133.0244598388672,246.19178771972656,250.57485961914062,51.90769577026367,525.2737426757812,9421.57421875,7979.021484375,62.72933578491211,787.6192626953125,,261.9488525390625,120.96647644042969,88.64965057373047,80.29804229736328,266.8052062988281,9043.865234375,435.8999938964844,416.8687744140625,376.70001220703125,1168.59033203125,739.6589965820312,3354.861083984375,5110.7529296875,4447.54443359375,2308.745849609375,213.30154418945312,418.84796142578125,81.4152603149414,173.28179931640625,267.4572448730469,370.2269287109375,77.58070373535156,2714.856689453125,168.01348876953125,250.79078674316406,,678.0887451171875,177.446533203125,294.67999267578125,58.992942810058594,,30.912456512451172,4205.4208984375,70.213623046875,273.8810119628906,106.47908020019531,2003.2808837890625,433.91290283203125
2024-04-03,2008.281005859375,492.6617431640625,2690.9873046875,198.9541473388672,161.55218505859375,74.49641418457031,249.73106384277344,889.4698486328125,295.610595703125,701.0096435546875,10558.0224609375,1319.93994140625,47.15439224243164,188.44454956054688,,99.93505096435547,56.63694763183594,511.0284729003906,104.5965347290039,,2248.114990234375,31.182090759277344,,170.8850555419922,2923.2412109375,3605.07470703125,20.251306533813477,5.310630798339844,13.290460586547852,327.1378173828125,,3364.123779296875,48.29334259033203,15600.0,3875.388427734375,1652.6866455078125,2335.64208984375,630.1892700195312,30.986297607421875,2804.851318359375,1762.4964599609375,258.98291015625,2.916243553161621,131.92466735839844,248.9894256591797,250.4750213623047,52.327274322509766,535.9171752929688,9357.591796875,8247.8779296875,63.10501480102539,782.0604248046875,,266.64794921875,122.25019836425781,88.10739135742188,80.3917465209961,272.3990783691406,9007.890625,439.29998779296875,407.58245849609375,378.8999938964844,1177.92041015625,720.068115234375,3322.8720703125,5071.80126953125,4390.32470703125,2341.993408203125,212.64405822753906,423.94732666015625,81.82909393310547,174.41705322265625,269.8541564941406,374.222900390625,78.37897491455078,2745.33251953125,168.91287231445312,252.60879516601562,,693.2772827148438,178.6112060546875,293.3809509277344,59.61900329589844,,31.3521785736084,4145.572265625,71.11250305175781,269.385009765625,108.86553192138672,2041.2672119140625,429.15740966796875
2024-04-04,2069.56884765625,493.1603088378906,2634.051025390625,200.63351440429688,161.45606994628906,75.66849517822266,247.91087341308594,885.8333129882812,298.1190490722656,700.6098022460938,10731.9560546875,1312.4429931640625,47.927711486816406,193.06222534179688,,102.48145294189453,57.17326736450195,508.3314208984375,105.59555053710938,,2220.126220703125,31.164203643798828,,170.8850555419922,2908.25,3587.07958984375,20.251306533813477,5.360279560089111,13.441089630126953,328.4053955078125,,3400.114501953125,48.35015869140625,15715.0,3780.7734375,1636.1998291015625,2314.64501953125,640.77392578125,31.350147247314453,2817.845947265625,1753.0072021484375,258.98291015625,2.900818109512329,131.52474975585938,249.28916931152344,254.36842346191406,53.90568161010742,541.2389526367188,9411.578125,8481.3583984375,64.26618194580078,785.319091796875,,265.84808349609375,121.70708465576172,88.61225128173828,82.67794036865234,280.1904602050781,8941.93359375,417.20001220703125,406.7118835449219,392.0,1188.6500244140625,727.6644897460938,3311.875732421875,5087.78125,4505.8046875,2331.23681640625,211.23519897460938,418.94793701171875,81.5899887084961,174.2213134765625,270.8529052734375,377.6194763183594,78.11907958984375,2761.819580078125,168.53016662597656,257.29736328125,,701.4711303710938,178.3616180419922,292.0819091796875,59.96780776977539,,31.176288604736328,4138.09228515625,70.01386260986328,272.1013488769531,111.51232147216797,2073.255859375,429.7855224609375
2024-04-05,2047.505126953125,491.9637756347656,2657.025146484375,199.15171813964844,161.51373291015625,75.5492935180664,244.63449096679688,890.1578369140625,295.80352783203125,697.2107543945312,10616.0,1325.4373779296875,46.86664581298828,189.64393615722656,,100.51581573486328,56.65397644042969,505.5345764160156,104.8462905883789,,2220.126220703125,30.529296875,,170.80349731445312,2847.786376953125,3585.079833984375,19.996803283691406,5.237044334411621,13.581210136413574,325.1876525878906,,3390.116943359375,47.763065338134766,15895.0,3772.171875,1628.2061767578125,2269.65234375,640.4744873046875,31.07480239868164,2808.849853515625,1723.0413818359375,253.18798828125,2.85282826423645,126.22576141357422,242.19515991210938,250.67469787597656,53.26633071899414,538.6765747070312,9375.5869140625,8520.271484375,63.78805160522461,766.5341796875,,261.1490478515625,121.95394897460938,86.873291015625,80.63534545898438,278.0927429199219,8816.0205078125,379.70001220703125,399.2151184082031,383.29998779296875,1179.786376953125,717.2693481445312,3316.874267578125,4968.42724609375,4447.54443359375,2293.099853515625,206.16329956054688,421.0476989746094,80.32088470458984,173.63412475585938,265.0603332519531,367.6295471191406,77.9705581665039,2777.806884765625,164.91346740722656,254.04408264160156,,697.6740112304688,180.85736083984375,289.3840026855469,59.74421691894531,,30.692594528198242,4100.6865234375,68.4957275390625,272.19500732421875,109.68994903564453,2043.2666015625,424.9403381347656
2024-04-08,2113.205810546875,489.8699035644531,2655.027587890625,202.11529541015625,163.9361572265625,75.66849517822266,244.36148071289062,898.0204467773438,294.93524169921875,693.0118408203125,10606.00390625,1336.9324951171875,47.53206253051758,193.0821990966797,,102.52613067626953,57.02854537963867,509.330322265625,105.89524841308594,,2213.12890625,30.699203491210938,,170.23251342773438,2820.802734375,3659.06103515625,20.051340103149414,5.229951858520508,13.586465835571289,326.7477722167969,,3374.12109375,48.085018157958984,15535.0,3794.1533203125,1618.713623046875,2248.655517578125,643.5699462890625,31.79266929626465,2821.84423828125,1730.532958984375,254.1055450439453,2.8759663105010986,124.42610168457031,244.393310546875,252.27195739746094,53.665924072265625,549.7142944335938,9233.623046875,8384.07421875,65.41029357910156,773.7223510742188,,256.4499206542969,122.05269622802734,87.19116973876953,80.90707397460938,277.9928894042969,8824.013671875,375.1000061035156,397.76409912109375,388.0,1187.2503662109375,719.668212890625,3297.880859375,5177.67236328125,4431.93896484375,2287.232666015625,206.44508361816406,429.04669189453125,80.00821685791016,173.4384002685547,263.6620788574219,374.6225280761719,77.19084930419922,2811.7802734375,166.7313690185547,255.19229125976562,,698.4733276367188,184.93373107910156,287.78515625,60.75486373901367,,31.119121551513672,4079.31201171875,68.41581726074219,275.09869384765625,109.42960357666016,2029.271484375,426.5553894042969
2024-04-09,2148.998046875,488.7731018066406,2652.031005859375,198.5590057373047,158.30307006835938,74.59574127197266,240.2660369873047,883.86767578125,293.4880676269531,689.412841796875,10703.9658203125,1276.458251953125,47.388187408447266,188.8043670654297,,101.72200012207031,56.7305908203125,516.0228881835938,107.09405517578125,,2198.134521484375,30.278911590576172,,167.29608154296875,2807.310791015625,3593.077880859375,20.187681198120117,5.164344787597656,13.526914596557617,323.04248046875,,3369.12255859375,47.554744720458984,15575.0,3800.84326171875,1614.7169189453125,2293.6484375,643.7697143554688,32.98747253417969,2775.86328125,1698.0699462890625,252.46360778808594,2.837831497192383,124.6260757446289,243.99365234375,251.57315063476562,52.806793212890625,537.099853515625,9187.6357421875,8288.560546875,65.04315948486328,762.1256103515625,,254.75025939941406,123.92891693115234,87.41554260253906,80.92581939697266,275.6954345703125,8736.07421875,380.6000061035156,401.9236145019531,394.8999938964844,1180.2529296875,720.068115234375,3318.873291015625,5244.59033203125,4411.13232421875,2231.494140625,208.3235626220703,412.1488037109375,80.21054077148438,168.74081420898438,264.4610900878906,374.6225280761719,77.22798156738281,2826.268310546875,165.65975952148438,254.9052276611328,,672.2930908203125,181.68927001953125,287.2855529785156,60.28083801269531,,30.358407974243164,4083.587158203125,67.9364013671875,272.663330078125,108.2580795288086,2053.262939453125,422.4280090332031
2024-04-10,2103.89013671875,495.9521484375,2669.01171875,198.06509399414062,157.86090087890625,74.47655487060547,239.719970703125,897.62744140625,295.5141296386719,689.212890625,10727.9580078125,1274.9588623046875,46.47099685668945,189.3840789794922,,99.6223373413086,56.80720901489258,519.5189819335938,105.99515533447266,,2218.126953125,30.26996612548828,,167.7854766845703,2823.30126953125,3619.0712890625,20.542171478271484,5.052635192871094,13.46561050415039,318.5571594238281,,3306.138916015625,47.602088928222656,15700.0,3852.451416015625,1619.712646484375,2277.651123046875,662.242919921875,33.0317268371582,2825.8427734375,1678.09228515625,252.75340270996094,2.8708245754241943,124.07617950439453,241.8954315185547,249.77622985839844,53.0665283203125,527.6389770507812,9267.6142578125,8161.20703125,64.88947296142578,760.01708984375,,255.65008544921875,123.6326675415039,87.3781509399414,80.70094299316406,278.0927429199219,8891.9677734375,367.70001220703125,401.4399108886719,381.79998779296875,1186.783935546875,711.6719360351562,3307.876953125,5228.609375,4478.75537109375,2230.5166015625,210.7655792236328,408.4492492675781,81.0382080078125,167.64471435546875,266.8580322265625,374.6225280761719,77.22798156738281,2866.73681640625,166.84620666503906,253.37425231933594,,678.8881225585938,184.10182189941406,296.7784423828125,60.88901138305664,,30.736570358276367,4079.31201171875,67.07746887207031,272.9443359375,107.60723114013672,2069.25732421875,426.2862243652344
2024-04-11,2082.31689453125,496.15155029296875,2666.01513671875,197.3735809326172,155.97677612304688,74.31761932373047,237.53575134277344,893.4995727539062,296.6719055175781,691.6122436523438,10957.87109375,1285.4544677734375,46.11131286621094,183.5470428466797,,99.97972869873047,55.76862335205078,519.4190673828125,105.4457015991211,,2176.143310546875,29.91227149963379,,164.52276611328125,2803.31298828125,3589.078857421875,19.9587459564209,5.059727668762207,13.414816856384277,316.60699462890625,,3315.13671875,47.332210540771484,15365.0,3827.60302734375,1627.7064208984375,2257.654052734375,645.7667846679688,32.25485610961914,2817.845947265625,1704.5623779296875,251.2080841064453,2.8125510215759277,122.52647399902344,247.7904510498047,247.8794403076172,50.62654113769531,532.3694458007812,9303.6044921875,8527.3466796875,64.66747283935547,757.62109375,,258.6495056152344,121.90457916259766,87.7147216796875,80.23246002197266,272.19927978515625,8979.908203125,370.1000061035156,405.1641540527344,387.6000061035156,1190.982421875,716.269775390625,3317.873779296875,5223.615234375,4376.93798828125,2241.27294921875,212.3623046875,406.8494567871094,79.7047348022461,167.56642150878906,259.46746826171875,377.2198791503906,76.13267517089844,2854.745849609375,166.0807647705078,256.24481201171875,,665.4982299804688,180.108642578125,281.7896423339844,60.54914855957031,,29.874713897705078,4075.037353515625,66.63801574707031,265.07635498046875,106.73942565917969,2045.265869140625,420.992431640625
2024-04-12,2158.80419921875,498.7439880371094,2668.01318359375,194.01486206054688,156.5919952392578,73.68191528320312,238.4458465576172,891.9268798828125,295.0317077636719,687.2134399414062,11059.83203125,1317.9407958984375,46.18325424194336,182.76742553710938,,97.83539581298828,55.640926361083984,538.4976806640625,106.9941635131836,,2181.141357421875,30.100061416625977,,165.82785034179688,2782.32568359375,3567.084716796875,19.930517196655273,5.2069010734558105,13.775629043579102,314.8518371582031,,3310.1376953125,47.24699020385742,15220.0,3742.545166015625,1642.1949462890625,2226.65869140625,652.4571533203125,31.527156829833984,2827.842041015625,1713.0526123046875,251.88412475585938,2.819406747817993,118.67721557617188,249.28916931152344,247.18063354492188,50.946327209472656,527.2448120117188,9311.603515625,8530.884765625,64.35157012939453,748.7078857421875,,255.3501434326172,123.38579559326172,86.98548889160156,80.67283630371094,274.1970520019531,9037.869140625,356.70001220703125,400.9562683105469,405.0,1185.8509521484375,706.0745239257812,3337.8671875,5368.4384765625,4370.69384765625,2219.759765625,211.32913208007812,404.64971923828125,79.52080535888672,167.4098358154297,261.26519775390625,374.6225280761719,75.79852294921875,2934.68310546875,165.20050048828125,252.03469848632812,,662.3006591796875,179.2767333984375,282.6889343261719,61.792335510253906,,29.9406681060791,4055.80029296875,67.13739776611328,266.3876647949219,107.34688568115234,2029.271484375,428.87652587890625
2024-04-15,2126.9345703125,500.53875732421875,2707.96826171875,202.11529541015625,157.26490783691406,74.27788543701172,240.2660369873047,895.2686157226562,298.8908386230469,693.0118408203125,11019.8486328125,1336.9324951171875,46.30638122558594,183.0472869873047,,98.01408386230469,55.989959716796875,526.7107543945312,104.896240234375,,2173.144287109375,30.243139266967773,,167.62234497070312,2768.334228515625,3579.08154296875,19.883464813232422,5.184736251831055,13.603981971740723,315.1443786621094,,3313.136962890625,47.50739288330078,14985.0,3722.475341796875,1642.1949462890625,2238.656982421875,650.1603393554688,31.80742073059082,2849.8330078125,1728.0357666015625,253.18798828125,2.8506860733032227,119.57704162597656,248.48985290527344,249.17724609375,51.12621307373047,526.2593383789062,9267.6142578125,8564.4912109375,65.09437561035156,761.7421875,,254.15037536621094,122.34894561767578,86.48062133789062,81.04761505126953,276.4945068359375,8943.9326171875,363.8999938964844,401.875244140625,396.3999938964844,1195.6474609375,709.27294921875,3352.862060546875,5403.39599609375,4351.96240234375,2252.029541015625,211.4230499267578,406.7494812011719,80.42204284667969,167.99703979492188,260.06671142578125,374.6225280761719,74.70321655273438,2887.220458984375,168.30052185058594,252.03469848632812,,664.2991943359375,178.77757263183594,286.0863952636719,61.07683563232422,,30.208904266357422,4029.08251953125,67.05748748779297,268.822998046875,106.99977111816406,2045.265869140625,430.96630859375
2024-04-16,2054.369384765625,494.9550476074219,2688.98974609375,200.04078674316406,155.5044708251953,72.45024871826172,235.71554565429688,897.7257080078125,295.5141296386719,676.0164184570312,10873.90234375,1320.939453125,45.1224365234375,178.3896484375,,95.11029052734375,54.338443756103516,515.02392578125,102.3487548828125,,2141.156982421875,29.70659828186035,,163.78863525390625,2744.348388671875,3525.09521484375,19.601163864135742,5.1368608474731445,13.311478614807129,299.835693359375,,3275.14697265625,46.877689361572266,15000.0,3708.139892578125,1609.22119140625,2203.662353515625,630.7883911132812,31.556657791137695,2799.853515625,1714.5509033203125,251.6427001953125,2.7868423461914062,116.87755584716797,244.1934814453125,242.88790893554688,49.66717529296875,518.5723266601562,9149.6455078125,8375.23046875,63.702674865722656,749.2828979492188,,246.9517822265625,120.27523803710938,85.93836212158203,79.64216613769531,268.5033264160156,8832.0078125,342.8999938964844,401.53668212890625,383.3999938964844,1159.26025390625,687.083251953125,3303.878173828125,5247.5859375,4308.255859375,2238.33935546875,208.0417938232422,397.7505798339844,79.8150863647461,166.74435424804688,256.67108154296875,366.83038330078125,75.59431457519531,2832.263671875,165.60235595703125,250.50372314453125,,634.721435546875,174.118896484375,280.5904846191406,60.14667510986328,,29.588895797729492,4001.29541015625,65.97882080078125,264.6080017089844,104.7000961303711,2007.2794189453125,423.27215576171875
2024-04-17,2126.444091796875,500.3393249511719,2685.992919921875,217.32826232910156,156.38467407226562,71.51655578613281,237.8997802734375,837.7724609375,296.4788818359375,674.8168334960938,10857.9091796875,1319.4400634765625,45.378170013427734,179.84890747070312,,94.66355895996094,54.61085891723633,516.2225341796875,103.0480728149414,,2139.157958984375,29.921213150024414,,164.84902954101562,2797.31689453125,3527.094970703125,19.64821434020996,5.129767894744873,13.425326347351074,300.03076171875,,3280.1455078125,46.89188766479492,14760.0,3706.228271484375,1588.737548828125,2189.66455078125,635.1820678710938,30.971546173095703,2838.837158203125,1733.030029296875,253.33285522460938,2.827119827270508,119.02714538574219,243.19432067871094,242.58840942382812,50.386695861816406,514.8274536132812,9127.650390625,8463.6708984375,63.523372650146484,770.5596313476562,,248.0515594482422,122.3983154296875,87.28466033935547,79.50162506103516,272.099365234375,8822.015625,348.20001220703125,404.583740234375,375.8999938964844,1160.1932373046875,691.881103515625,3303.878173828125,5381.42236328125,4277.03662109375,2290.166015625,206.7268524169922,401.3501281738281,79.25411224365234,165.15890502929688,259.2677307128906,367.6295471191406,75.57574462890625,2843.755126953125,165.21963500976562,247.92022705078125,,642.7154541015625,175.86590576171875,281.989501953125,60.513370513916016,,30.23967933654785,3994.883056640625,66.39830017089844,269.85333251953125,105.0472183227539,2009.2786865234375,423.3671569824219
2024-04-18,2139.681884765625,530.451416015625,2706.96923828125,223.1566162109375,157.1279754638672,71.63575744628906,238.4458465576172,825.880126953125,294.2598876953125,676.4163208007812,10909.8896484375,1286.63427734375,45.85174560546875,183.88685607910156,,95.55703735351562,55.72605514526367,511.8275146484375,104.5965347290039,,2168.146484375,30.243139266967773,,165.4199981689453,2821.30224609375,3537.092529296875,19.71408462524414,5.206014633178711,13.337750434875488,282.3818664550781,,3205.1650390625,47.076541900634766,14765.0,3729.165283203125,1582.24267578125,2199.662841796875,643.6697998046875,30.37168312072754,2844.8349609375,1746.5147705078125,252.8982696533203,2.8703958988189697,120.27690887451172,247.9902801513672,244.58502197265625,50.966312408447266,502.8042907714844,9034.4599609375,8290.328125,63.87343215942383,763.6589965820312,,250.15115356445312,123.38579559326172,87.17247009277344,79.19242095947266,275.0960693359375,8838.0048828125,350.0,409.7589416503906,389.3999938964844,1122.406494140625,722.4668579101562,3327.870361328125,5364.443359375,4307.21484375,2273.54248046875,206.6329345703125,402.4499816894531,78.3804702758789,165.5699462890625,262.2638854980469,368.6285400390625,76.1141128540039,2839.25830078125,167.9369354248047,249.83392333984375,,661.1015625,177.2801513671875,282.4891357421875,60.29871368408203,,30.850900650024414,4029.08251953125,66.29843139648438,273.7873229980469,105.82823181152344,1992.490966796875,420.80242919921875
2024-04-19,2136.740478515625,534.2403564453125,2731.94140625,221.87242126464844,156.5216064453125,71.99333953857422,239.5379638671875,806.9113159179688,294.6457824707031,668.4185180664062,10941.876953125,1295.6317138671875,45.88016128540039,185.74591064453125,,94.57421112060547,55.70051574707031,514.32470703125,105.29584503173828,,2202.133056640625,30.314680099487305,,165.50157165527344,2834.794189453125,3505.100341796875,19.91169548034668,5.279600620269775,13.362272262573242,280.91925048828125,,3197.167236328125,46.89188766479492,14840.0,3775.994873046875,1597.730224609375,2182.665283203125,645.2675170898438,29.6341495513916,2833.83935546875,1771.9857177734375,252.12557983398438,2.8939626216888428,116.92755126953125,245.39247131347656,244.18569946289062,50.88636779785156,495.51153564453125,8982.4677734375,8461.9013671875,63.301387786865234,763.4673461914062,,245.75201416015625,125.01513671875,89.04231262207031,80.13876342773438,276.3946533203125,8768.0517578125,347.20001220703125,430.41131591796875,385.1000061035156,1109.344482421875,721.667236328125,3300.87939453125,5373.4326171875,4336.35302734375,2268.653076171875,208.6053466796875,395.45086669921875,79.90705871582031,162.2620849609375,258.46875,366.23095703125,76.1141128540039,2848.751220703125,165.487548828125,244.85829162597656,,666.2976684570312,178.69439697265625,281.1900634765625,60.17351531982422,,31.022388458251953,4072.89990234375,66.91766357421875,262.4537048339844,105.17738342285156,1979.4942626953125,425.9318542480469
2024-04-22,2118.10888671875,527.061279296875,2775.892333984375,221.08212280273438,157.89083862304688,72.70849609375,242.7233123779297,799.2451782226562,295.3211669921875,679.615478515625,11245.763671875,1315.6260986328125,45.662315368652344,189.08421325683594,,94.57421112060547,56.71356964111328,521.916259765625,108.04312133789062,,2230.1220703125,30.699203491210938,,167.45921325683594,2855.281982421875,3541.091064453125,20.33514976501465,5.36293888092041,13.434086799621582,280.82171630859375,,3240.15625,47.209110260009766,14735.0,3770.2607421875,1638.197998046875,2204.662109375,665.5382080078125,29.309635162353516,2842.835693359375,1816.9346923828125,255.21621704101562,2.938096046447754,118.42725372314453,247.9902801513672,249.9758758544922,51.106224060058594,499.45355224609375,9098.4482421875,8217.322265625,63.344078063964844,763.6589965820312,,256.5499267578125,126.9901123046875,90.58685302734375,81.85340881347656,279.391357421875,9049.861328125,358.3999938964844,426.59039306640625,379.6000061035156,1101.88037109375,735.0610961914062,3346.864013671875,5379.4248046875,4439.37646484375,2258.87451171875,212.0805206298828,406.24951171875,81.08418273925781,162.55567932128906,268.65570068359375,372.025146484375,76.3368911743164,2904.706787109375,166.5017547607422,246.38926696777344,,670.8941650390625,179.77589416503906,290.8828430175781,60.72803497314453,,31.632139205932617,4151.98486328125,69.5344467163086,264.7016906738281,105.26416778564453,1994.490478515625,428.7815246582031
2024-04-23,2070.05908203125,527.2607421875,2795.869873046875,225.13232421875,159.14268493652344,73.28460693359375,246.1816864013672,819.9830932617188,299.3732604980469,694.8113403320312,11263.755859375,1339.619384765625,46.63788604736328,192.14268493652344,,95.11029052734375,57.93092346191406,522.5155639648438,106.89425659179688,,2229.122314453125,31.2268009185791,,170.31410217285156,2817.3046875,3563.085693359375,20.466890335083008,5.425886631011963,13.591720581054688,291.25506591796875,,3272.14794921875,47.933509826660156,15095.0,3802.7548828125,1649.68896484375,2235.6572265625,666.7364501953125,29.309635162353516,2857.82958984375,1803.4498291015625,259.41754150390625,3.0160796642303467,122.87641143798828,249.08934020996094,252.6713104248047,51.30609130859375,518.7694702148438,8996.4658203125,8338.1650390625,63.224544525146484,773.6244506835938,,262.84869384765625,128.66883850097656,90.99229431152344,83.33382415771484,285.484619140625,9183.76953125,377.79998779296875,426.3002014160156,389.29998779296875,1137.334716796875,742.2578125,3362.8583984375,5310.5087890625,4422.72607421875,2302.878662109375,215.74356079101562,417.148193359375,81.70954132080078,171.12875366210938,268.65570068359375,373.2239074707031,75.6500015258789,2892.71630859375,167.7647247314453,246.5806427001953,,680.0872802734375,182.3548126220703,292.78143310546875,60.736976623535156,,32.74431228637695,4126.3359375,69.5344467163086,264.7016906738281,105.30754852294922,2011.486083984375,431.061279296875
2024-04-24,2162.236083984375,530.451416015625,2760.908935546875,224.93475341796875,158.6536865234375,72.31118774414062,242.7233123779297,820.4745483398438,290.30426025390625,693.0118408203125,11347.724609375,1363.1126708984375,45.88963317871094,191.04322814941406,,95.19964599609375,57.658512115478516,525.0128173828125,105.14598083496094,,2237.119384765625,30.627662658691406,,167.05137634277344,2810.30908203125,3581.0810546875,20.4857120513916,5.397515773773193,13.343006134033203,284.5269775390625,,3261.150634765625,47.79146957397461,14865.0,3829.514404296875,1634.7010498046875,2215.660400390625,662.6423950195312,30.90762710571289,2848.833251953125,1802.451171875,260.7696228027344,3.01393723487854,119.12712860107422,247.890380859375,248.17892456054688,51.74580001831055,515.2216186523438,8806.498046875,8387.5234375,63.19892120361328,774.2050170898438,,257.7496643066406,126.15074920654297,90.72200012207031,83.50247192382812,285.5845031738281,9193.7646484375,364.6000061035156,425.8648681640625,382.20001220703125,1115.408935546875,734.8612670898438,3303.878173828125,5443.3466796875,4551.765625,2300.9228515625,208.69924926757812,416.9482116699219,80.6519546508789,171.81381225585938,267.656982421875,366.83038330078125,76.07698822021484,2904.706787109375,167.09495544433594,248.30296325683594,,678.6883544921875,173.0373992919922,291.1826171875,60.736976623535156,,32.424564361572266,4128.4736328125,69.25479125976562,264.79534912109375,104.22280883789062,1989.4918212890625,423.93707275390625
2024-04-25,2510.351318359375,530.65087890625,2688.98974609375,223.65054321289062,155.0350341796875,71.07950592041016,239.08291625976562,819.3934936523438,286.7995910644531,688.4130249023438,12021.470703125,1319.625,45.68125915527344,203.89671325683594,,93.85943603515625,58.194828033447266,525.7119750976562,104.5965347290039,,2231.121826171875,30.225255966186523,,165.2568817138672,2757.3408203125,3563.085693359375,20.39160919189453,5.372691631317139,13.358769416809082,282.869384765625,,3224.160400390625,47.308536529541016,14875.0,3752.102294921875,1639.197265625,2177.666259765625,660.9449462890625,32.01884460449219,2841.836181640625,1825.4249267578125,257.0029602050781,3.0019400119781494,116.27767944335938,246.89122009277344,232.5425262451172,51.16618347167969,506.3520812988281,8888.484375,8280.2958984375,62.51588439941406,752.7261352539062,,260.64910888671875,125.65701293945312,88.88787078857422,84.3270034790039,289.48016357421875,9097.8291015625,362.29998779296875,421.5119323730469,380.0,1101.88037109375,713.6710205078125,3279.88671875,5372.43408203125,4533.0341796875,2246.16259765625,205.50582885742188,405.6496276855469,84.25692749023438,166.5681915283203,256.2716064453125,346.8504943847656,76.20693969726562,2898.711181640625,166.19557189941406,245.3367156982422,,682.2855224609375,174.70123291015625,289.58380126953125,60.871124267578125,,32.23919677734375,4362.52294921875,68.91520690917969,259.5500183105469,103.09467315673828,1966.4976806640625,420.4224853515625
2024-04-26,2591.741455078125,537.8299560546875,2695.9814453125,228.09588623046875,153.60711669921875,71.51655578613281,241.63119506835938,845.838134765625,291.5698547363281,695.2113037109375,11983.4833984375,1339.619384765625,46.51475524902344,204.24656677246094,,95.06562805175781,57.045570373535156,524.213623046875,104.896240234375,,2228.122802734375,30.26996612548828,,165.4199981689453,2774.33056640625,3615.072021484375,20.560991287231445,5.434752941131592,13.364025115966797,288.0372314453125,,3271.14794921875,48.066078186035156,14935.0,3786.5078125,1651.6875,2218.66015625,662.6423950195312,32.48103332519531,2877.821533203125,1809.443115234375,261.78375244140625,3.0422170162200928,120.12694549560547,246.79129028320312,234.14076232910156,52.26546096801758,520.1491088867188,8932.4765625,8790.900390625,63.48922348022461,766.46484375,,261.4489440917969,126.29887390136719,89.48637390136719,83.8585205078125,307.060791015625,9113.818359375,353.1000061035156,427.896240234375,388.8999938964844,1114.9425048828125,723.4664916992188,3327.870361328125,5446.3427734375,4602.75732421875,2297.9892578125,207.57217407226562,421.0476989746094,83.89826965332031,170.28709411621094,261.0654296875,353.0442199707031,77.17228698730469,2901.209228515625,169.9462127685547,252.80018615722656,,680.8866577148438,174.2020721435547,288.6844787597656,62.141143798828125,,32.88333511352539,4417.02783203125,68.9951171875,263.4840087890625,104.22280883789062,2009.4866943359375,417.8577575683594
2024-04-29,2696.666748046875,541.8182373046875,2729.943603515625,229.47889709472656,152.4726104736328,71.33776092529297,242.35926818847656,834.9056396484375,291.47247314453125,696.4109497070312,12019.4716796875,1354.614990234375,46.978858947753906,203.54689025878906,,95.42301177978516,57.649993896484375,522.7153930664062,104.39673614501953,,2215.1279296875,30.574007034301758,,165.5831298828125,2767.83447265625,3607.074462890625,20.50452995300293,5.4968132972717285,13.3762845993042,292.132568359375,,3256.152099609375,47.81987762451172,14910.0,3765.482177734375,1668.6739501953125,2238.656982421875,667.1358642578125,32.25485610961914,2873.822998046875,1821.928955078125,262.7978515625,3.0362181663513184,116.5776138305664,248.68966674804688,237.23733520507812,51.84573745727539,514.8274536132812,8788.501953125,9016.4169921875,63.856361389160156,753.8871459960938,,259.6492919921875,126.5951156616211,88.88787078857422,83.26823425292969,302.16619873046875,9035.8701171875,355.3999938964844,428.7311096191406,392.5,1119.1409912109375,741.058349609375,3291.882568359375,5450.33837890625,4638.13916015625,2247.139892578125,207.760009765625,414.74847412109375,84.45923614501953,167.7621612548828,262.0641174316406,358.43878173828125,76.31832122802734,2885.22216796875,169.96534729003906,252.70448303222656,,683.2847900390625,176.2818603515625,291.78216552734375,61.935428619384766,,32.50334167480469,4387.103515625,69.91397857666016,266.4813537597656,104.78688049316406,2041.478515625,422.03729248046875
2024-04-30,2582.916015625,542.6159057617188,2725.947998046875,223.65054321289062,151.27943420410156,70.62259674072266,242.63230895996094,820.132080078125,287.18896484375,698.21044921875,12057.45703125,1332.621337890625,46.98833465576172,202.5973663330078,,91.5363998413086,57.55635452270508,519.818603515625,102.49861145019531,,2231.121826171875,30.792325973510742,,164.7674560546875,2773.8310546875,3627.06884765625,20.222227096557617,5.479968547821045,13.255430221557617,294.7652893066406,,3243.1552734375,47.33694839477539,14925.0,3771.216552734375,1671.6715087890625,2206.661865234375,694.59619140625,32.17618942260742,2874.822509765625,1826.423828125,263.039306640625,3.0216498374938965,115.57781219482422,247.890380859375,235.73899841308594,51.86572265625,503.0013732910156,8844.4921875,9011.99609375,60.56919860839844,749.2431030273438,,255.7500762939453,126.9901123046875,89.00370025634766,83.4368896484375,303.1650695800781,9001.892578125,353.1000061035156,431.8250427246094,385.70001220703125,1109.81103515625,700.6770629882812,3301.879150390625,5465.31982421875,4649.58544921875,2201.18017578125,207.19647216796875,413.0486755371094,85.59959411621094,166.07884216308594,263.0628662109375,352.4448547363281,75.24158477783203,2860.7412109375,168.30052185058594,251.9390106201172,,689.2803344726562,176.69781494140625,296.0789489746094,61.34513854980469,,32.0492057800293,4424.509765625,67.57686614990234,265.4510192871094,99.92720031738281,2049.476318359375,421.94232177734375
2024-05-01,2583.40625,,2697.9794921875,,,,,,,702.0094604492188,12165.416015625,1337.619873046875,,203.34698486328125,,,,508.8309020996094,103.74737548828125,,2201.133544921875,,,164.93060302734375,2740.8505859375,3617.07177734375,,,,,,3219.161865234375,,14900.0,,1703.6461181640625,2205.661865234375,696.4933471679688,,2843.83544921875,1832.4169921875,,,112.12847137451172,248.19007873535156,235.03977966308594,52.165523529052734,,8838.4931640625,8936.822265625,,,,254.45034790039062,,,,304.463623046875,9057.8564453125,343.1000061035156,,381.5,,704.6751098632812,3298.8798828125,5419.37646484375,4657.9111328125,,,407.44940185546875,,,264.06158447265625,348.24908447265625,,2816.7763671875,,,,694.4764404296875,,299.77618408203125,,,,4424.509765625,67.39707946777344,,,2025.482666015625,
2024-05-02,2609.8828125,536.2345581054688,2687.990478515625,221.27969360351562,150.20362854003906,70.721923828125,243.36036682128906,799.1535034179688,286.6048889160156,715.40576171875,12151.421875,1329.122314453125,48.28593444824219,200.89825439453125,,91.08966064453125,57.42013931274414,515.2236938476562,103.44767761230469,,2220.126220703125,30.251279830932617,,165.5831298828125,2726.859375,3709.048095703125,20.448068618774414,5.534049987792969,12.982194900512695,291.4500427246094,,3255.152099609375,47.014991760253906,15265.0,3785.552001953125,1727.12744140625,2216.66015625,703.9826049804688,30.8142032623291,2840.836669921875,1841.406982421875,260.5765075683594,3.062784194946289,113.82814025878906,243.79380798339844,235.53921508789062,52.02561569213867,506.5491943359375,9054.4560546875,8545.0341796875,60.543582916259766,742.08349609375,,254.55029296875,126.052001953125,88.63687896728516,83.26823425292969,302.86541748046875,8971.9140625,350.0,428.9275817871094,391.79998779296875,1103.746337890625,728.2642211914062,3283.301513671875,5435.35693359375,4650.626953125,2211.546875,201.09141540527344,406.4494934082031,84.5144271850586,164.943603515625,263.8618469238281,347.8494873046875,75.44580078125,2870.7333984375,167.63076782226562,251.9390106201172,,755.4304809570312,174.0356903076172,299.57635498046875,59.7889289855957,,32.34578323364258,4467.2587890625,67.73665618896484,259.9246826171875,99.23295593261719,2009.4866943359375,418.6177062988281
2024-05-03,2641.26220703125,536.2345581054688,2698.978271484375,222.26754760742188,150.94691467285156,71.67548370361328,240.4480743408203,823.2837524414062,290.2069396972656,722.8037719726562,12045.4609375,1361.1131591796875,49.25203323364258,202.24755859375,,91.58106994628906,57.58189010620117,509.82977294921875,104.99614715576172,,2243.116943359375,29.833627700805664,,157.95652770996094,2727.358642578125,3709.048095703125,20.382200241088867,5.541142463684082,12.880607604980469,295.1553039550781,,3276.146484375,47.33694839477539,15705.0,3815.178955078125,1732.12353515625,2240.65673828125,704.4818725585938,30.91254234313965,2889.816650390625,1823.9266357421875,264.1016845703125,2.966804265975952,115.67778778076172,248.48985290527344,240.63357543945312,52.14553451538086,512.0679931640625,9160.4375,8456.595703125,61.11563491821289,756.59619140625,,258.24957275390625,125.95325469970703,88.54034423828125,82.42496490478516,304.6634216308594,9091.83203125,355.6000061035156,433.05279541015625,406.3999938964844,1123.8060302734375,755.8515625,3357.285888671875,5460.326171875,4657.9111328125,2255.975341796875,204.09698486328125,418.0480651855469,83.962646484375,167.0771026611328,265.0603332519531,354.4428405761719,76.44827270507812,2856.2451171875,169.9462127685547,257.68011474609375,,754.4312133789062,176.4482421875,298.07745361328125,59.350685119628906,,31.6923828125,4475.80810546875,68.35589599609375,254.3046875,100.23092651367188,2013.4857177734375,417.00286865234375
2024-05-06,,540.4223022460938,,222.3663330078125,153.21591186523438,72.01319885253906,244.99856567382812,833.8223266601562,292.0566101074219,,,,49.74455261230469,,,92.0724868774414,58.08415603637695,,,,,30.57400894165039,,162.36119079589844,,,20.45747947692871,5.607635974884033,13.008467674255371,299.835693359375,,,47.725189208984375,,3812.311767578125,,,,31.684497833251953,,,266.9025573730469,3.0533573627471924,,,,,510.88543701171875,,8688.3076171875,61.926753997802734,756.3059692382812,,,127.68135070800781,88.19282531738281,82.54676818847656,,,,435.11541748046875,413.6000061035156,1134.53564453125,,,,,2245.114990234375,205.22406005859375,,83.70513916015625,167.8208770751953,,,76.48540496826172,,171.61105346679688,258.15850830078125,,,180.85736083984375,,60.15563201904297,,32.29017639160156,,,257.3020324707031,101.48922729492188,,423.6521301269531
2024-05-07,2628.02392578125,545.40771484375,2737.9345703125,219.40277099609375,155.3675537109375,72.82769775390625,248.00189208984375,841.3076782226562,296.340087890625,735.6002807617188,12113.435546875,1372.60986328125,50.25601577758789,210.24351501464844,,93.0999755859375,59.25043487548828,503.1372985839844,105.34578704833984,,2272.105712890625,30.982168197631836,,159.05770874023438,2753.843017578125,3747.0380859375,20.43865966796875,5.659945011138916,13.108304977416992,308.12384033203125,,3382.119140625,48.283878326416016,16200.0,3891.63525390625,1759.601806640625,2283.64990234375,711.5716552734375,35.7802734375,2948.792236328125,1845.402099609375,270.4277648925781,3.08378005027771,118.82717895507812,253.68544006347656,246.32728576660156,53.68452072143555,512.6593017578125,9306.412109375,8972.1982421875,62.58418273925781,763.7557983398438,,261.0490417480469,129.40943908691406,88.96509552001953,84.12086486816406,311.65570068359375,9099.828125,360.0,436.9815979003906,433.0,1154.59521484375,759.0501098632812,3410.2744140625,5584.1748046875,4734.91943359375,2264.86083984375,207.85394287109375,418.3480224609375,84.49602508544922,170.63941955566406,267.4572448730469,360.2370300292969,76.46683502197266,2892.71630859375,172.35733032226562,262.1773376464844,,750.0344848632812,182.18841552734375,304.0729675292969,59.985694885253906,,33.44868850708008,4501.45654296875,67.83653259277344,260.1120300292969,102.4438247680664,2077.46923828125,428.9715270996094
2024-05-08,2602.5283203125,554.3815307617188,2769.898681640625,219.79791259765625,157.9690704345703,72.45024871826172,249.0029754638672,832.2464599609375,298.5792236328125,743.1982421875,12259.380859375,1381.1075439453125,49.74455261230469,211.5428466796875,,90.37488555908203,59.539878845214844,499.9408264160156,104.5965347290039,,2283.10107421875,31.589662551879883,,155.59104919433594,2806.3115234375,3815.02099609375,20.363378524780273,5.7149128913879395,13.080279350280762,304.2235107421875,,3400.114501953125,48.52061080932617,16060.0,3899.281005859375,1772.091796875,2327.64306640625,719.7598876953125,35.46067428588867,2972.782470703125,1869.8743896484375,272.9715881347656,3.0794947147369385,116.77758026123047,256.3831787109375,247.72572326660156,53.90437316894531,518.7694702148438,9178.4345703125,9228.6728515625,61.96090316772461,762.3045043945312,,266.0480651855469,128.02696228027344,90.93437194824219,84.83296966552734,316.6501770019531,9181.771484375,345.8999938964844,439.09332275390625,431.1000061035156,1154.59521484375,776.6419677734375,3432.269775390625,5521.251953125,4731.79736328125,2275.72119140625,208.79318237304688,428.6467590332031,85.59959411621094,172.69461059570312,270.8529052734375,365.6315612792969,76.46683502197266,2889.218994140625,173.73513793945312,264.0910339355469,,750.8339233398438,176.9473876953125,307.57037353515625,60.12880325317383,,33.33284378051758,4519.62548828125,67.45700073242188,259.45635986328125,101.70618438720703,2095.464599609375,432.67608642578125
2024-05-09,2682.937744140625,,2745.441650390625,220.58819580078125,158.8688507080078,,252.41163635253906,835.1026611328125,,747.9969482421875,12327.35546875,1391.6046142578125,,213.1420440673828,,90.82162475585938,60.110252380371094,503.5368347167969,105.89524841308594,,2281.10205078125,31.751028060913086,,,2835.294189453125,3847.012451171875,20.60803985595703,5.769880771636963,13.164350509643555,,,3397.115478515625,48.814151763916016,16045.0,,1779.086181640625,2303.646728515625,690.1361083984375,36.276878356933594,2818.845703125,1864.3807373046875,,3.067497491836548,120.17691040039062,257.68206787109375,248.62472534179688,53.90437316894531,,9160.4375,,62.90630340576172,763.3688354492188,,270.54718017578125,,,,317.44927978515625,9197.759765625,353.79998779296875,445.7723388671875,,,787.43701171875,3450.265869140625,5577.18310546875,4782.78857421875,2273.74658203125,,433.8460998535156,85.6915512084961,173.98643493652344,273.84906005859375,367.6295471191406,,2906.205322265625,176.1271209716797,,,754.2313842773438,,309.9686279296875,61.130489349365234,,33.36064147949219,4559.16845703125,67.99634552001953,,101.87974548339844,2113.460205078125,
2024-05-10,2719.710693359375,561.1617431640625,2747.439697265625,221.67483520507812,156.3260040283203,73.1058120727539,254.5206756591797,851.4520263671875,307.0488586425781,747.9969482421875,12365.33984375,1393.60400390625,51.22211456298828,213.84169006347656,,90.77694702148438,60.61251449584961,505.63446044921875,105.29584503173828,,2307.091796875,32.00731658935547,,,2848.286376953125,3900.998779296875,20.67391014099121,5.988866806030273,13.293964385986328,317.48455810546875,,3452.100830078125,49.041412353515625,16245.0,3873.476806640625,1798.0709228515625,2327.64306640625,695.23046875,37.368431091308594,2849.8330078125,1865.87890625,276.24920654296875,3.085493803024292,121.87660217285156,261.3789367675781,248.3250732421875,54.26413345336914,518.5723266601562,9126.4443359375,,62.75905227661133,762.7882690429688,,272.5467834472656,130.64378356933594,91.88040161132812,86.50076293945312,318.9476318359375,9287.7001953125,348.29998779296875,445.37945556640625,,1174.1883544921875,801.4305419921875,3458.26416015625,5598.1572265625,4783.82861328125,2266.83544921875,211.4230499267578,423.5473937988281,86.74913787841797,172.3031463623047,275.646728515625,372.6245422363281,76.3368911743164,2943.67578125,180.26048278808594,266.10040283203125,,774.4161376953125,182.52117919921875,311.4674987792969,61.42563247680664,,33.38844680786133,4582.68017578125,69.3147201538086,264.7016906738281,101.48922729492188,2111.460693359375,434.48089599609375
2024-05-13,2654.50048828125,567.7425537109375,2694.489013671875,221.67483520507812,154.48733520507812,73.8408432006836,255.0958709716797,840.1256713867188,306.8541564941406,745.19775390625,12313.361328125,1348.61669921875,50.71065139770508,214.44140625,,91.9831314086914,60.97856903076172,504.4358215332031,108.84233093261719,,2306.092041015625,31.978836059570312,,157.8341827392578,2829.79736328125,4058.95849609375,20.711551666259766,5.986207008361816,13.344758033752441,319.5322265625,,3431.1064453125,49.05088806152344,16190.0,3922.218017578125,1808.5628662109375,2307.646484375,698.4268798828125,36.56206130981445,2917.804931640625,1861.8834228515625,276.44488525390625,3.107774496078491,123.07637023925781,265.0758056640625,246.02761840820312,54.26413345336914,512.8126831054688,9092.44921875,9940.6123046875,62.91551208496094,757.1766967773438,,274.5464172363281,132.12501525878906,91.7066421508789,87.2034912109375,319.6468811035156,9255.720703125,342.0,447.4420471191406,415.1000061035156,1155.5281982421875,790.0358276367188,3410.2744140625,5557.2080078125,4785.91015625,2255.975341796875,213.95899963378906,420.64776611328125,88.79885864257812,172.909912109375,278.64288330078125,369.02813720703125,75.55718231201172,2934.68310546875,179.85862731933594,266.5788269042969,,775.4153442382812,184.3513946533203,312.3668212890625,61.488250732421875,,33.25406265258789,4610.46728515625,69.89400482177734,265.07635498046875,103.05127716064453,2087.466552734375,432.296142578125
2024-05-14,2568.697265625,566.94482421875,2693.490234375,224.34205627441406,155.2110595703125,79.6604232788086,254.4248046875,828.0113525390625,305.58856201171875,755.5949096679688,12241.38671875,1351.6158447265625,51.33577346801758,217.0900421142578,,92.69791412353516,60.88492965698242,501.73883056640625,112.08911895751953,,2320.086669921875,31.722549438476562,,158.11965942382812,2837.292724609375,4084.95166015625,20.711551666259766,5.952517032623291,13.290460586547852,326.9427490234375,,3469.09619140625,49.08876419067383,15875.0,3885.901123046875,1808.5628662109375,2331.642822265625,705.6189575195312,36.581729888916016,2948.792236328125,1876.3671875,275.5643310546875,3.173332452774048,123.12635803222656,268.2731018066406,244.92881774902344,54.50397872924805,503.8751525878906,9046.45703125,10113.0693359375,63.808258056640625,766.1746215820312,,273.8465270996094,131.28564453125,91.35911560058594,87.59701538085938,323.242919921875,9289.69921875,369.79998779296875,448.7680358886719,410.0,1167.6573486328125,791.8349609375,3443.267333984375,5548.21875,4786.9501953125,2270.784912109375,210.95343017578125,419.5478820800781,87.82189178466797,170.9525909423828,278.243408203125,375.221923828125,75.46436309814453,2898.711181640625,177.2370147705078,266.19610595703125,,777.8136596679688,181.93885803222656,313.6658020019531,61.103660583496094,,33.75453567504883,4583.74951171875,73.18994903564453,266.01300048828125,105.741455078125,2093.46533203125,429.826416015625
2024-05-15,2574.0908203125,568.9390258789062,2671.510498046875,229.2813262939453,156.48248291015625,80.43769073486328,252.41163635253906,838.1559448242188,308.2170715332031,755.5949096679688,12167.4150390625,1362.61279296875,51.9040641784668,212.99212646484375,,91.93846893310547,61.08073043823242,496.39483642578125,113.0381851196289,,2251.11376953125,31.675090789794922,,157.01849365234375,2801.314697265625,4120.94189453125,20.815061569213867,6.0659990310668945,13.234413146972656,338.3511657714844,,3751.02294921875,49.287620544433594,16575.0,3929.863525390625,1811.0606689453125,2355.63916015625,700.9241943359375,37.368431091308594,2964.785888671875,1984.2445068359375,275.5154113769531,3.193899393081665,126.82564544677734,268.772705078125,251.52151489257812,54.46400451660156,528.5028686523438,9116.4443359375,10024.62890625,63.504539489746094,763.3688354492188,,275.74615478515625,129.6562957763672,92.22792053222656,87.41899108886719,326.039794921875,9327.671875,363.1000061035156,448.6697998046875,431.29998779296875,1193.3150634765625,803.4296264648438,3461.263671875,5515.2587890625,4782.78857421875,2256.962646484375,213.67723083496094,426.447021484375,86.73955535888672,172.34228515625,276.8452453613281,374.6225280761719,75.35297393798828,2866.73681640625,179.59072875976562,271.1717224121094,,773.6167602539062,180.60780334472656,310.46820068359375,60.343448638916016,,33.624786376953125,4595.50439453125,76.00648498535156,268.7293395996094,105.17738342285156,2109.4609375,430.5863342285156
2024-05-16,2578.012939453125,561.760009765625,2668.513427734375,227.50318908691406,155.46536254882812,80.59712982177734,255.28758239746094,846.133544921875,304.22564697265625,754.7951049804688,12161.41796875,1363.612548828125,51.75251770019531,214.7912139892578,,91.52098846435547,60.9615478515625,488.8092041015625,132.46897888183594,,2250.114013671875,31.845949172973633,,159.9957275390625,2815.305908203125,4208.919921875,20.598630905151367,6.045608043670654,12.9436616897583,336.5960388183594,,3746.024169921875,49.079288482666016,16595.0,3925.085205078125,1782.231201171875,2351.6396484375,695.7298583984375,36.47847366333008,2975.781494140625,1991.73583984375,272.0420837402344,3.1990413665771484,125.42591094970703,261.4625549316406,254.41830444335938,54.98366165161133,523.7362670898438,9228.4248046875,10347.43359375,62.87869644165039,760.4662475585938,,278.34564208984375,129.85379028320312,92.11207580566406,86.78185272216797,326.039794921875,9385.6337890625,360.0,445.4285583496094,432.3999938964844,1190.5159912109375,827.0187377929688,3454.264892578125,5642.103515625,4805.68212890625,2254.000732421875,220.53369140625,420.3477783203125,86.43305969238281,175.1568603515625,281.8388366699219,374.0230712890625,75.26014709472656,2827.03369140625,167.4394073486328,269.2580261230469,,785.2079467773438,180.69097900390625,306.5526123046875,59.440128326416016,,33.652587890625,4574.541015625,77.42473602294922,265.9193420410156,104.43975830078125,2119.45849609375,445.5946350097656
2024-05-17,2625.57275390625,556.7745971679688,2666.515380859375,226.8095703125,155.46536254882812,79.79993438720703,256.34210205078125,840.1256713867188,300.81829833984375,729.8018798828125,12105.439453125,1361.1131591796875,51.600975036621094,216.64027404785156,,91.103515625,61.557456970214844,490.80718994140625,134.11732482910156,,2255.1123046875,31.978836059570312,,164.03335571289062,2798.81591796875,4190.923828125,20.70214080810547,6.028763294219971,12.985696792602539,332.69573974609375,,3690.0390625,49.0035400390625,16215.0,3994.851806640625,1773.7373046875,2332.642333984375,696.2293090820312,36.38996887207031,2956.789306640625,1963.268310546875,270.67236328125,3.229891777038574,121.47667694091797,260.46307373046875,252.52041625976562,55.483333587646484,525.5237426757812,9334.408203125,10108.646484375,62.639400482177734,757.7572021484375,,276.64599609375,131.6312713623047,93.2704849243164,87.48458862304688,320.645751953125,9419.6103515625,363.1000061035156,439.6335754394531,419.5,1173.721923828125,818.822509765625,3457.264404296875,5777.9375,4779.66650390625,2265.84814453125,222.69395446777344,418.0480651855469,85.40819549560547,175.43434143066406,283.2370300292969,369.6275329589844,74.92599487304688,2802.55078125,165.10482788085938,269.5450744628906,,781.0111083984375,181.68927001953125,310.7505798339844,59.87837219238281,,33.624786376953125,4613.0185546875,77.08515167236328,266.2003479003906,104.48314666748047,2119.45849609375,448.1593322753906
2024-05-20,2628.02392578125,557.771728515625,2695.48828125,225.62054443359375,157.40182495117188,,256.7255554199219,851.6490478515625,302.278564453125,727.4025268554688,12091.4443359375,1371.6102294921875,,216.64027404785156,,90.13574981689453,62.059722900390625,490.75726318359375,132.1193084716797,,2226.12353515625,32.035789489746094,,,2792.31982421875,4210.9189453125,20.89975357055664,5.9941864013671875,13.040850639343262,335.42596435546875,,3681.041015625,49.173988342285156,16310.0,,1773.7373046875,2345.640625,694.8307495117188,36.871822357177734,2975.781494140625,1937.2977294921875,277.17864990234375,3.1780991554260254,123.7762451171875,263.96124267578125,252.6202850341797,56.16288375854492,,9326.4091796875,,61.783470153808594,753.7903442382812,,276.7459716796875,131.28564453125,,,316.6501770019531,9361.6484375,354.29998779296875,440.910400390625,,,804.8289794921875,3465.2626953125,5787.92626953125,4720.349609375,2271.77197265625,,436.7457275390625,85.39862060546875,177.77320861816406,284.2357482910156,370.0271301269531,,2802.051025390625,165.640625,,,784.0089111328125,182.18841552734375,310.2508239746094,59.923095703125,,33.66185760498047,4579.88525390625,77.065185546875,269.1976623535156,103.44178771972656,2199.438232421875,
2024-05-21,2634.88818359375,565.7484130859375,2730.45556640625,225.9178009033203,157.79302978515625,80.15867614746094,256.150390625,840.8152465820312,301.4997863769531,726.4027709960938,12359.34375,1386.6058349609375,51.22211456298828,217.4398651123047,,89.9649658203125,62.096065521240234,490.3077087402344,127.87350463867188,,2229.122314453125,32.18766403198242,,163.62551879882812,2749.84521484375,4208.919921875,20.824472427368164,5.97113561630249,12.976801872253418,335.2309265136719,,3638.052490234375,48.937259674072266,16365.0,4010.14306640625,1754.750732421875,2334.64208984375,696.9285888671875,35.745853424072266,2958.78857421875,1942.2921142578125,280.06494140625,3.170062303543091,120.57685089111328,264.2610778808594,252.120849609375,56.14289855957031,504.2723693847656,9344.40625,10174.9765625,61.488956451416016,743.147705078125,,273.74652099609375,129.90318298339844,91.9962387084961,87.9718017578125,314.7522888183594,9373.640625,355.0,439.5844421386719,415.5,1178.8533935546875,797.232421875,3464.262939453125,5817.88916015625,4722.4306640625,2252.026123046875,220.15797424316406,432.9461975097656,86.20318603515625,178.3876495361328,283.03729248046875,384.4126281738281,75.46436309814453,2801.55126953125,166.13816833496094,270.21484375,,778.2132568359375,180.52459716796875,311.7500915527344,59.3864631652832,,33.82868576049805,4572.404296875,75.14753723144531,266.668701171875,103.39839935302734,2167.4462890625,449.1092224121094
2024-05-22,2646.16552734375,562.1588134765625,2753.434326171875,223.34153747558594,156.87368774414062,82.15167999267578,255.5751953125,841.2090454101562,303.057373046875,741.1987915039062,12355.3447265625,1373.1097412109375,51.41154479980469,211.3429412841797,,88.42790985107422,61.35098648071289,481.2168884277344,129.02236938476562,,2259.110595703125,31.85544204711914,,164.03335571289062,2743.84912109375,4250.90869140625,20.805652618408203,5.91705322265625,12.854044914245605,331.4281311035156,,3670.043701171875,48.747867584228516,16300.0,3991.984619140625,1787.2275390625,2312.645751953125,692.0338745117188,37.083248138427734,2896.813720703125,1958.2738037109375,279.96710205078125,3.1606862545013428,120.87679290771484,260.1632080078125,248.3250732421875,56.3427619934082,507.0529479980469,9288.416015625,10002.51953125,60.522586822509766,727.4740600585938,,287.94378662109375,128.96507263183594,91.76455688476562,87.2878189086914,313.154052734375,9267.712890625,343.5,445.330322265625,410.3999938964844,1177.453857421875,782.2393798828125,3481.259521484375,5683.05419921875,4645.423828125,2156.258056640625,217.8098907470703,427.94683837890625,86.96943664550781,177.7137451171875,283.03729248046875,382.21484375,77.19084930419922,2758.581298828125,166.19557189941406,269.35369873046875,,772.0178833007812,179.77589416503906,311.8500671386719,58.286380767822266,,33.318939208984375,4569.197265625,75.2274398803711,267.23065185546875,102.74755096435547,2159.4482421875,447.9693603515625
2024-05-23,2594.193115234375,573.3262939453125,2702.4814453125,220.86436462402344,157.73434448242188,82.4705581665039,253.08270263671875,863.172607421875,305.0044250488281,749.396484375,12399.328125,1396.6031494140625,53.0406494140625,214.8911590576172,,87.97248840332031,60.96027374267578,482.06597900390625,127.17420196533203,,2230.1220703125,31.684585571289062,,164.84902954101562,2707.87060546875,4225.087890625,20.4857120513916,5.856766223907471,12.887847900390625,331.3305969238281,,3722.03076171875,48.8520393371582,15855.0,4051.23828125,1776.7349853515625,2308.646240234375,690.6355590820312,37.4372673034668,2925.802001953125,1938.01904296875,278.84197998046875,3.1647045612335205,121.47667694091797,258.5640563964844,244.92881774902344,55.74315643310547,508.4432067871094,9326.4091796875,10183.8212890625,60.476566314697266,728.3447875976562,,292.54290771484375,129.3600616455078,90.0655746459961,86.92240142822266,306.8609924316406,9301.6904296875,352.1000061035156,442.9239501953125,404.20001220703125,1174.6549072265625,768.4456787109375,3489.2578125,5673.06591796875,4621.48828125,2160.207275390625,217.99774169921875,440.34527587890625,86.35643768310547,179.7354736328125,277.04498291015625,390.60638427734375,78.56462097167969,2770.572998046875,169.5252227783203,271.650146484375,,774.8157958984375,181.7724609375,312.14990234375,58.760398864746094,,33.49966812133789,4608.744140625,74.0888442993164,268.2610168457031,102.40042877197266,2133.454833984375,448.0643615722656
2024-05-24,2564.28466796875,571.73095703125,2722.463134765625,221.85523986816406,155.621826171875,81.73314666748047,253.9454803466797,867.210693359375,305.0044250488281,747.5970458984375,12291.3681640625,1385.606201171875,52.908050537109375,216.0405731201172,,88.08634185791016,61.069313049316406,482.5155334472656,126.97440338134766,,2220.126220703125,31.893407821655273,,163.9517822265625,2691.380615234375,4175.0986328125,20.476299285888672,5.812437534332275,12.795333862304688,332.69573974609375,,3710.03369140625,48.833091735839844,15990.0,4037.8583984375,1773.2376708984375,2314.64501953125,692.6333618164062,37.37826156616211,2948.792236328125,1934.023193359375,278.6951904296875,3.1709554195404053,121.42668151855469,261.9623107910156,247.62582397460938,54.7638053894043,511.6210021972656,9322.41015625,10701.1923828125,60.771080017089844,725.6357421875,,299.1416320800781,128.37257385253906,89.21607971191406,85.95732116699219,307.16064453125,9359.650390625,373.79998779296875,439.38800048828125,401.79998779296875,1187.653076171875,765.4471435546875,3519.251220703125,5648.0966796875,4591.31005859375,2152.30908203125,216.40101623535156,444.7447204589844,85.7434310913086,178.44711303710938,276.8452453613281,394.6023864746094,78.80595397949219,2770.073486328125,169.64004516601562,271.4587707519531,,777.2139892578125,178.94398498535156,314.8486022949219,59.019775390625,,33.559906005859375,4591.64306640625,73.40968322753906,268.2610168457031,102.79093170166016,2153.44970703125,446.4495544433594
2024-05-27,,576.5169677734375,,220.66619873046875,155.95436096191406,81.99223327636719,255.19174194335938,869.2788696289062,305.4912109375,,,,52.0934944152832,,,88.90230560302734,60.93301773071289,,,,,31.978836059570312,,163.78863525390625,,,20.476299285888672,5.905527591705322,12.971466064453125,333.08575439453125,,,49.06983184814453,,4063.662353515625,,,,37.42743682861328,,,279.7714538574219,3.1825637817382812,,,,,509.2376403808594,,10798.4755859375,61.0103759765625,731.6343383789062,,,128.3231964111328,89.15815734863281,86.22904205322266,,,,441.3524169921875,411.70001220703125,1183.3203125,,,,,2172.05517578125,215.931396484375,,86.069091796875,178.8038787841797,,,79.19580841064453,,171.19004821777344,272.5113220214844,,,179.1103515625,,59.3864631652832,,33.7730712890625,,,267.4179992675781,104.48314666748047,,448.7292785644531
2024-05-28,2508.39013671875,572.1297607421875,2689.493896484375,220.26986694335938,154.97634887695312,80.57720184326172,254.9041290283203,882.476806640625,300.62359619140625,732.0012817382812,12023.4697265625,1371.1102294921875,51.184226989746094,218.9890899658203,,88.9971923828125,61.5963249206543,486.5115661621094,128.47291564941406,,2178.142333984375,31.675090789794922,,165.4199981689453,2627.4189453125,4113.11181640625,20.43865966796875,5.904641628265381,12.950115203857422,330.43914794921875,,3723.030517578125,48.84256362915039,14815.0,4032.1240234375,1738.7623291015625,2257.654052734375,687.2392578125,37.64869689941406,2920.8037109375,1917.0406494140625,277.7168273925781,3.220515489578247,128.02540588378906,265.26055908203125,252.52041625976562,55.54329299926758,491.7599182128906,9166.4365234375,10962.08984375,61.093204498291016,721.1851806640625,,301.9410400390625,128.8663330078125,88.46311950683594,85.36703491210938,309.0585632324219,9201.7578125,410.3999938964844,437.71826171875,412.3999938964844,1161.6566162109375,764.6474609375,3425.271240234375,5582.17724609375,4556.96923828125,2152.30908203125,214.8982391357422,450.9440002441406,84.84308624267578,175.63255310058594,279.0423889160156,393.00396728515625,79.06585693359375,2778.56689453125,169.60177612304688,264.18670654296875,,773.6167602539062,180.69097900390625,310.95050048828125,59.1539306640625,,33.814781188964844,4548.890625,73.98897552490234,266.4813537597656,106.99977111816406,2153.44970703125,445.2146911621094
2024-05-29,2431.902587890625,573.5256958007812,2706.477783203125,225.02603149414062,153.29415893554688,79.72021484375,252.98683166503906,875.0899047851562,297.118896484375,730.4016723632812,11925.505859375,1361.6131591796875,50.78642272949219,214.04159545898438,,87.11856842041016,60.81489944458008,488.6094055175781,126.97440338134766,,2178.142333984375,31.361852645874023,,165.4199981689453,2588.4423828125,4057.123779296875,20.344560623168945,5.8248491287231445,12.797113418579102,316.91180419921875,,3652.049072265625,48.21759033203125,14515.0,4024.478515625,1745.2576904296875,2225.65869140625,684.3424072265625,36.448970794677734,2889.816650390625,1903.5543212890625,276.1024475097656,3.153988838195801,126.67567443847656,260.2631530761719,248.52484130859375,54.7038459777832,479.14813232421875,9044.45703125,10975.35546875,60.25568389892578,700.6739501953125,,302.74090576171875,126.74324035644531,88.0190658569336,84.80485534667969,309.7578125,9303.689453125,360.1000061035156,432.4634704589844,398.5,1150.1026611328125,748.2550659179688,3414.2734375,5471.31298828125,4464.35205078125,2120.715576171875,215.64964294433594,446.9444580078125,84.0097885131836,174.24510192871094,275.0475158691406,389.20782470703125,77.91486358642578,2799.552734375,168.14744567871094,263.1341552734375,,769.819580078125,178.6112060546875,308.95147705078125,58.697792053222656,,33.36991500854492,4514.68701171875,73.76923370361328,263.95233154296875,104.83026885986328,2139.453369140625,447.3994445800781
2024-05-30,2461.32080078125,576.1181030273438,2709.47509765625,229.38583374023438,155.60227966308594,79.91950988769531,254.71241760253906,867.7030639648438,298.4818420410156,824.7760620117188,12023.4697265625,1372.60986328125,50.975852966308594,218.43934631347656,,87.85863494873047,61.5963249206543,484.7632751464844,128.6727294921875,,2181.141357421875,31.399822235107422,,170.0693817138672,2600.435302734375,4071.12109375,20.711551666259766,5.86917781829834,12.781100273132324,314.3631896972656,,3626.0556640625,48.41644287109375,14975.0,4017.78857421875,1728.769287109375,2247.65576171875,692.0338745117188,36.46863555908203,2883.81884765625,1922.534912109375,275.9067687988281,3.2263197898864746,133.77432250976562,264.5609436035156,250.9221649169922,55.503318786621094,485.2057800292969,9094.4482421875,11050.5283203125,60.679046630859375,710.5425415039062,,303.8607482910156,127.28634643554688,90.87644958496094,85.4794692993164,315.85107421875,9329.671875,383.5,436.7851867675781,419.0,1165.5079345703125,749.6544189453125,3400.276611328125,5481.30029296875,4545.521484375,2143.42333984375,214.42861938476562,450.9440002441406,84.83351135253906,167.0699462890625,278.64288330078125,391.40557861328125,77.48788452148438,2795.055908203125,168.51101684570312,264.4737548828125,,780.8114013671875,179.85906982421875,311.3503112792969,58.41159439086914,,33.75917434692383,4552.09619140625,74.68809509277344,265.6383361816406,107.41959381103516,2147.451171875,445.68963623046875
2024-05-31,2464.753173828125,573.9244384765625,2711.47314453125,229.38583374023438,152.4726104736328,80.05902099609375,257.2048645019531,857.656982421875,299.06597900390625,815.978515625,12185.4091796875,1391.6046142578125,51.22211456298828,219.88861083984375,,88.408935546875,61.51454162597656,487.660400390625,130.47093200683594,,2191.1376953125,31.3713436126709,,171.86387634277344,2628.91796875,4091.11669921875,20.975034713745117,5.901094913482666,12.894964218139648,311.7165222167969,,3606.060791015625,48.378570556640625,14900.0,4049.32666015625,1765.2432861328125,2225.65869140625,695.6299438476562,36.21295928955078,2861.827880859375,1939.01806640625,278.2549133300781,3.22006893157959,127.47552490234375,263.96124267578125,249.72352600097656,55.483333587646484,483.0210266113281,9160.4375,11023.99609375,61.11161422729492,711.0262451171875,,301.96099853515625,127.38509368896484,92.24722290039062,87.29718780517578,314.65240478515625,9331.6689453125,373.6000061035156,444.053466796875,418.8999938964844,1161.1751708984375,746.6558227539062,3415.2734375,5469.31494140625,4632.935546875,2148.360107421875,216.96456909179688,453.3436584472656,85.97331237792969,164.47341918945312,276.8452453613281,391.40557861328125,77.9705581665039,2809.5458984375,168.6449737548828,261.1247863769531,,776.8142700195312,181.439697265625,310.8505554199219,59.93203353881836,,33.722103118896484,4573.4716796875,75.5270767211914,264.1396789550781,107.888671875,2123.45751953125,449.9641418457031
2024-06-03,2454.45654296875,575.7192993164062,2733.45263671875,230.77304077148438,151.8858184814453,79.72021484375,259.60150146484375,867.210693359375,299.45538330078125,827.1754760742188,12341.3505859375,1395.103515625,51.71463394165039,219.08905029296875,,88.4848403930664,61.841651916503906,480.7173156738281,132.56886291503906,,2167.146728515625,31.45677375793457,,173.57681274414062,2637.4130859375,4095.11572265625,21.304386138916016,5.984433650970459,12.825578689575195,312.3046875,,3629.0546875,48.61530303955078,14830.0,4027.345703125,1596.86328125,2239.65673828125,692.5333251953125,36.30637741088867,2924.802001953125,1935.5216064453125,279.1844177246094,3.2504303455352783,133.92428588867188,267.7592468261719,251.6213836669922,55.3634147644043,481.4321594238281,9148.4404296875,10661.39453125,61.04719161987305,714.0255737304688,,306.0604553222656,127.03947448730469,93.11602783203125,86.88492584228516,319.34722900390625,9315.681640625,382.70001220703125,441.2541809082031,419.0,1157.3238525390625,754.85205078125,3421.272216796875,5427.36669921875,4669.35791015625,2142.43603515625,217.99774169921875,460.8427429199219,86.30854034423828,166.7528076171875,279.0423889160156,395.60137939453125,76.24406433105469,2780.566162109375,170.462890625,259.2110595703125,,775.8150634765625,183.0203399658203,311.95001220703125,58.957157135009766,,34.125267028808594,4603.400390625,76.40599060058594,267.13702392578125,107.84176635742188,2105.462158203125,450.2491149902344
2024-06-04,2356.88623046875,575.3204345703125,2696.4873046875,230.27761840820312,149.24517822265625,79.58070373535156,251.1654052734375,859.725341796875,296.340087890625,825.5758056640625,12399.328125,1384.6064453125,51.108455657958984,214.8911590576172,,87.32730865478516,60.72403335571289,462.4356994628906,133.2182159423828,,2179.142333984375,31.096073150634766,,167.9486083984375,2637.91259765625,4121.10986328125,20.937393188476562,5.97202205657959,12.466198921203613,310.5401916503906,,3699.03662109375,48.09449005126953,14900.0,4074.17529296875,1613.85107421875,2289.64892578125,689.436767578125,36.09986877441406,2940.795654296875,1951.0057373046875,277.9124755859375,3.167829751968384,132.32460021972656,270.2579040527344,250.52261352539062,55.60325241088867,488.8800354003906,9280.4169921875,10599.486328125,60.3109016418457,711.1229858398438,,311.55975341796875,125.31138610839844,94.21650695800781,86.88492584228516,313.154052734375,9409.6171875,353.70001220703125,444.053466796875,415.0,1149.6212158203125,749.4544677734375,3486.25830078125,5345.46630859375,4690.1708984375,2135.52490234375,219.9701385498047,447.9443664550781,86.4617919921875,167.0897674560547,278.243408203125,393.403564453125,76.03985595703125,2721.107177734375,166.75051879882812,257.5844421386719,,734.6461181640625,178.3616180419922,311.8500671386719,57.53511047363281,,32.70724105834961,4667.52880859375,76.74557495117188,260.95501708984375,107.04432678222656,2081.46826171875,446.7344970703125
2024-06-05,2328.448974609375,582.6989135742188,2742.4443359375,229.58401489257812,149.81240844726562,80.93594360351562,251.93231201171875,929.3582763671875,298.4818420410156,821.976806640625,12511.2861328125,1391.6046142578125,51.525203704833984,212.54234313964844,,86.73905181884766,60.178855895996094,459.9382019042969,132.66876220703125,,2194.13623046875,31.42829704284668,,,2654.90234375,4177.09814453125,21.276155471801758,6.04028844833374,12.405710220336914,318.38214111328125,,3727.029296875,48.86149978637695,14695.0,4136.29638671875,1649.32568359375,2314.64501953125,684.7420654296875,36.60139465332031,2957.78857421875,1981.4749755859375,280.9944152832031,3.163811683654785,126.27576446533203,267.5593566894531,249.22406005859375,54.7038459777832,495.53350830078125,9340.4072265625,,60.3569221496582,728.1512451171875,,309.0600891113281,125.21263885498047,94.33234405517578,88.54335021972656,312.05523681640625,9279.7041015625,362.20001220703125,447.4911804199219,,1162.6195068359375,750.4539794921875,3520.251220703125,5304.5166015625,4680.8046875,2188.8388671875,221.7547149658203,453.2436828613281,86.86407470703125,169.98361206054688,273.6493225097656,390.4065856933594,76.6710433959961,2715.611083984375,171.09437561035156,261.0290832519531,,740.2418823242188,178.69439697265625,309.85101318359375,57.88391876220703,,32.98992156982422,4681.423828125,76.54582214355469,267.79266357421875,107.04432678222656,2083.4677734375,450.8190612792969
2024-06-06,2365.221435546875,,2764.424072265625,229.0885772705078,150.1449432373047,81.65342712402344,252.98683166503906,943.0485229492188,,829.374755859375,12585.2587890625,1393.60400390625,48.7784538269043,216.0405731201172,,86.81495666503906,60.74220275878906,462.6854553222656,133.01841735839844,,2201.133544921875,31.71306037902832,,171.04820251464844,2710.868896484375,4159.10205078125,21.29497528076172,6.026989936828613,12.516013145446777,,,3742.025390625,49.23080062866211,14950.0,4132.47314453125,1638.8333740234375,2316.64501953125,691.4346313476562,36.05070114135742,2950.791259765625,1981.9742431640625,,3.215604305267334,128.12539672851562,268.3589172363281,253.21963500976562,55.60325241088867,502.8821105957031,9424.392578125,10621.5966796875,60.540992736816406,737.9232177734375,,310.0599670410156,,94.93084716796875,89.0024642944336,318.4481506347656,9275.7080078125,362.5,448.0313720703125,398.79998779296875,1139.992919921875,761.8487548828125,3539.2470703125,5402.396484375,4709.94287109375,2181.927734375,223.6331787109375,458.1430969238281,87.17057800292969,176.12806701660156,267.3472900390625,389.20782470703125,77.91486358642578,2734.597900390625,168.09002685546875,261.6988830566406,,743.8392333984375,,309.45123291015625,58.10750961303711,,33.82868576049805,4691.04248046875,72.1469497680664,,106.43451690673828,2083.4677734375,454.903564453125
2024-06-07,2336.293701171875,589.8778686523438,2727.458251953125,228.89041137695312,146.70233154296875,81.8726577758789,250.6860809326172,944.4273681640625,301.3050537109375,818.7777099609375,12551.271484375,1394.6036376953125,48.607967376708984,217.13999938964844,,86.51134490966797,60.30606460571289,462.23590087890625,131.9195098876953,,2239.118408203125,31.494741439819336,,171.86387634277344,2668.394287109375,4209.0908203125,21.257335662841797,5.948970317840576,12.446627616882324,308.5797424316406,,3662.046142578125,49.041412353515625,14810.0,4122.916015625,1627.8411865234375,2295.648193359375,693.8319702148438,37.37826156616211,2924.802001953125,1984.9713134765625,282.5598449707031,3.2031025886535645,125.47590637207031,261.76239013671875,248.82452392578125,54.7638053894043,496.7251892089844,9430.3916015625,10767.5224609375,59.924354553222656,737.7296752929688,,309.2600402832031,126.891357421875,94.62194061279297,88.96498107910156,316.5502624511719,9239.732421875,362.29998779296875,447.2456359863281,397.3999938964844,1121.6990966796875,731.2628173828125,3530.2490234375,5345.46630859375,4689.130859375,2173.042236328125,227.85977172851562,456.84326171875,87.28550720214844,175.77130126953125,263.5508728027344,384.4126281738281,77.87773132324219,2730.600830078125,166.9036102294922,259.2110595703125,,745.43798828125,183.1867218017578,307.4521789550781,58.0806770324707,,33.89356231689453,4698.5244140625,71.46744537353516,257.7703552246094,105.6370849609375,2097.464111328125,455.5685119628906
2024-06-10,2326.97802734375,586.8866577148438,2654.526611328125,227.60227966308594,146.17420959472656,81.49398803710938,248.6729278564453,948.8594970703125,300.62359619140625,823.37646484375,12595.25390625,1399.602294921875,48.5700798034668,214.64129638671875,,86.62519836425781,57.434776306152344,470.37774658203125,129.52186584472656,,2206.131591796875,30.687915802001953,,170.72193908691406,2605.43212890625,4089.1171875,21.276155471801758,5.921486854553223,12.549816131591797,306.4232482910156,,3649.049560546875,48.709991455078125,14790.0,4168.79052734375,1619.8468017578125,2283.64990234375,692.8331298828125,37.088165283203125,2945.793701171875,,280.6519775390625,3.18613600730896,124.3761215209961,258.6640319824219,245.72793579101562,54.1841926574707,497.5196228027344,9398.396484375,10878.0712890625,60.30169677734375,722.055908203125,,309.5600280761719,125.36076354980469,92.28583526611328,88.35596466064453,310.556884765625,9201.7578125,355.3999938964844,444.4954528808594,393.79998779296875,1116.885009765625,720.4678344726562,3502.2548828125,5350.4609375,4599.63525390625,2111.82958984375,225.13595581054688,464.9422607421875,86.4617919921875,175.23614501953125,262.951416015625,381.01605224609375,77.17228698730469,2755.583251953125,166.9036102294922,258.5412902832031,,752.632568359375,179.3599395751953,305.65301513671875,58.32215881347656,,33.60161590576172,4669.66748046875,70.82791900634766,255.14768981933594,105.40254211425781,2091.4658203125,452.5288391113281
2024-06-11,2313.24951171875,582.8982543945312,2560.61376953125,223.73789978027344,145.2353057861328,80.71671295166016,245.5093994140625,944.7228393554688,301.6944580078125,813.9790649414062,12371.3388671875,1383.6068115234375,48.5511360168457,208.9441680908203,,86.45441436767578,55.19953918457031,467.8802490234375,127.87350463867188,,2194.13623046875,30.184833526611328,,168.43801879882812,2592.93994140625,4093.1162109375,21.276155471801758,5.823075771331787,12.443069458007812,304.952880859375,,3678.0419921875,48.21759033203125,14475.0,4163.05615234375,1613.85107421875,2273.6513671875,676.8507080078125,37.02425003051758,2968.7841796875,1975.980224609375,279.0376281738281,3.104428768157959,123.57626342773438,254.66612243652344,242.83114624023438,53.34474563598633,491.6606140136719,9340.4072265625,10121.9130859375,60.20046615600586,712.6710205078125,,296.56170654296875,126.20012664794922,91.32050323486328,88.14982604980469,303.4647216796875,9027.8759765625,351.29998779296875,443.36590576171875,394.79998779296875,1120.2548828125,709.0731201171875,3490.257568359375,5244.59033203125,4566.3349609375,2102.94384765625,226.9205322265625,464.9422607421875,86.09782409667969,173.82884216308594,256.75726318359375,372.4246826171875,77.00520324707031,2748.588623046875,165.0091552734375,257.2016906738281,,720.6566772460938,179.69268798828125,302.15472412109375,57.329402923583984,,32.341148376464844,4656.8408203125,70.04849243164062,253.93003845214844,104.32365417480469,2065.472412109375,446.8294982910156
2024-06-12,2328.448974609375,594.26513671875,2573.601806640625,228.29588317871094,146.07640075683594,81.8128662109375,248.9605255126953,970.724365234375,308.4117736816406,826.9754638671875,12461.3037109375,1388.10546875,49.6119499206543,208.59434509277344,,85.6384506225586,56.171775817871094,464.4336853027344,129.27210998535156,,2238.119140625,30.61197853088379,,171.86387634277344,2609.429931640625,4233.08642578125,21.21028709411621,5.887796401977539,12.402151107788086,322.8912353515625,,3778.015869140625,48.92778396606445,14215.0,4166.87890625,1603.858154296875,2349.639892578125,681.046142578125,37.869956970214844,3080.73828125,1987.9681396484375,286.42449951171875,3.1526496410369873,124.3761215209961,263.06170654296875,229.54583740234375,54.94369125366211,481.7300720214844,9402.396484375,10236.884765625,59.65745162963867,711.5100708007812,,302.2609558105469,129.85379028320312,91.64871978759766,88.69327545166016,309.7578125,9169.779296875,348.8999938964844,447.2456359863281,405.79998779296875,1144.80712890625,725.0657958984375,3571.240234375,5242.5927734375,4568.416015625,2128.614013671875,228.705078125,469.3417053222656,85.53271484375,179.7751007080078,256.1578063964844,381.8152770996094,77.52500915527344,2742.59228515625,170.40548706054688,259.7851867675781,,741.2411499023438,182.6043701171875,301.954833984375,57.186302185058594,,33.073333740234375,4695.31787109375,68.94930267333984,256.7400207519531,102.77569580078125,2089.46630859375,450.5340576171875
2024-06-13,2342.66748046875,591.2738647460938,2554.619384765625,225.42236328125,142.59466552734375,81.41426086425781,245.70111083984375,951.9126586914062,302.0838623046875,825.176025390625,12387.3330078125,1382.6070556640625,48.68374252319336,205.046142578125,,83.74085235595703,54.518062591552734,459.5386047363281,134.86659240722656,,2219.286865234375,29.378007888793945,,166.88824462890625,2572.951904296875,4157.1025390625,21.20087432861328,5.81066370010376,12.20289134979248,310.3442077636719,,3719.03125,47.94297790527344,14170.0,4142.98583984375,1608.8546142578125,2663.591796875,672.4556274414062,37.29959487915039,3028.759765625,1977.978271484375,280.6519775390625,3.049510955810547,122.03245544433594,255.6656036376953,223.4525909423828,54.02429962158203,477.75787353515625,9360.4033203125,10099.802734375,58.58063507080078,707.7367553710938,,296.8616638183594,127.08885192871094,91.80316925048828,88.3184814453125,307.9597473144531,9025.876953125,351.1000061035156,442.87481689453125,393.79998779296875,1131.808837890625,707.27392578125,3575.2392578125,5229.6083984375,4638.13916015625,2140.46142578125,230.86532592773438,467.74188232421875,84.22051239013672,176.3857421875,257.9561462402344,373.02410888671875,77.43218231201172,2722.1064453125,163.45913696289062,251.6519317626953,,731.0487670898438,179.3599395751953,302.3546142578125,55.728477478027344,,31.92408561706543,4718.83251953125,68.64952087402344,251.68203735351562,99.2106704711914,2059.473876953125,449.2042236328125
2024-06-14,2342.177490234375,588.0831298828125,2548.625,222.84609985351562,140.658203125,80.15867614746094,242.92103576660156,938.6163940429688,294.3930358886719,818.7777099609375,12505.2890625,1334.6207275390625,47.9260139465332,201.89772033691406,,82.45049285888672,53.073333740234375,459.5386047363281,139.41209411621094,,2216.2880859375,27.935209274291992,,165.09373474121094,2577.44921875,4157.1025390625,21.29497528076172,5.618274688720703,12.016085624694824,306.3251953125,,3706.034912109375,47.00551986694336,13835.0,4105.7138671875,1603.3585205078125,2644.5947265625,676.0516967773438,35.89336395263672,3038.75537109375,1997.45849609375,277.6189270019531,2.9736077785491943,120.73263549804688,248.46939086914062,224.4514923095703,54.14421463012695,476.9634094238281,9432.3916015625,10082.1142578125,58.16647720336914,688.2897338867188,,295.3618469238281,125.85450744628906,91.9769287109375,89.02120971679688,306.8609924316406,9001.892578125,357.29998779296875,432.61083984375,385.79998779296875,1111.58935546875,699.677490234375,3557.2431640625,5212.62890625,4571.5380859375,2085.1728515625,232.55596923828125,457.7431335449219,82.7837905883789,173.2144012451172,258.5555419921875,370.4267272949219,75.92847442626953,2709.11572265625,158.57948303222656,244.85829162597656,,723.6544189453125,178.5280303955078,310.05096435546875,54.93247985839844,,30.153871536254883,4756.24072265625,68.90933227539062,246.90504455566406,98.03797149658203,2013.4857177734375,447.7793884277344
2024-06-17,2325.0166015625,591.2738647460938,2582.593505859375,217.09909057617188,142.59466552734375,78.28524780273438,245.0300750732422,954.7689819335938,293.8089599609375,810.7798461914062,12423.3193359375,1336.6202392578125,48.7784538269043,204.7962646484375,,83.570068359375,53.73663330078125,460.1879577636719,138.51296997070312,,2195.294677734375,28.457273483276367,,167.86705017089844,2573.951171875,4123.109375,21.238515853881836,5.602316379547119,12.039214134216309,307.8935852050781,,3690.0390625,47.4178466796875,14485.0,4119.09375,1598.8616943359375,2616.598876953125,682.2448120117188,35.54917907714844,3049.7509765625,1991.464599609375,277.47222900390625,3.0053086280822754,120.48267364501953,245.6708526611328,227.34829711914062,54.50397872924805,469.5155029296875,9432.3916015625,10338.58984375,58.525413513183594,694.0947875976562,,295.86175537109375,126.44699096679688,91.80316925048828,87.64386749267578,307.66009521484375,9031.8740234375,347.5,438.9460144042969,383.70001220703125,1102.4425048828125,696.8787841796875,3567.240966796875,5174.67529296875,4586.1064453125,2098.0078125,230.58355712890625,461.54266357421875,83.97147369384766,174.1856231689453,258.5555419921875,369.6275329589844,75.76139831542969,2724.105224609375,160.83750915527344,243.13597106933594,,719.4575805664062,176.36505126953125,306.8524475097656,55.45121765136719,,30.728492736816406,4739.1396484375,69.72872924804688,247.467041015625,98.64777374267578,2025.482666015625,451.7689514160156
2024-06-18,2342.66748046875,601.843017578125,2586.589599609375,214.0273895263672,144.86366271972656,78.44468688964844,246.37217712402344,968.9515380859375,291.47247314453125,814.578857421875,12411.322265625,1344.617919921875,49.25203323364258,205.89572143554688,,83.09567260742188,54.02739715576172,466.3817443847656,140.9605712890625,,2216.2880859375,28.979339599609375,,167.1329345703125,2556.461669921875,4153.103515625,21.454944610595703,5.718458652496338,12.261602401733398,301.5220031738281,,3719.03125,47.762603759765625,14395.0,4131.517578125,1610.8531494140625,2655.593017578125,685.7409057617188,35.38692092895508,3077.73974609375,2004.9508056640625,278.6951904296875,3.0530827045440674,117.83306121826172,248.76919555664062,226.54917907714844,54.98366165161133,473.68634033203125,9486.3828125,10409.341796875,58.46099090576172,687.0319213867188,,300.8611145019531,126.44699096679688,91.610107421875,87.27845001220703,309.857666015625,9033.8720703125,353.6000061035156,433.69122314453125,390.3999938964844,1113.9964599609375,699.677490234375,3590.236083984375,5201.64208984375,4554.88818359375,2092.083740234375,232.8377227783203,467.8418884277344,84.77604675292969,174.42347717285156,260.55364990234375,377.2198791503906,76.22550201416016,2731.599853515625,161.16282653808594,245.0496826171875,,721.4560546875,175.9490966796875,309.1513366699219,56.22037887573242,,31.59506607055664,4743.4150390625,70.58809661865234,248.31004333496094,98.64777374267578,2031.4810791015625,455.5685119628906
2024-06-19,2381.401611328125,597.25634765625,2574.600830078125,213.03652954101562,144.6876220703125,78.28524780273438,247.42669677734375,951.9126586914062,288.74664306640625,813.379150390625,12335.3515625,1350.116455078125,48.191219329833984,206.59536743164062,,84.00651550292969,53.34592056274414,465.8822937011719,141.1104278564453,,2225.284912109375,28.922386169433594,,168.6011505126953,2567.455078125,4133.107421875,21.539636611938477,5.674129962921143,12.363011360168457,301.5220031738281,,3712.033203125,47.484886169433594,14470.0,4085.643798828125,1615.35009765625,2615.59912109375,692.2337646484375,34.113441467285156,3098.73095703125,2012.9425048828125,278.3038330078125,3.0896947383880615,119.78278350830078,247.8697052001953,227.24839782714844,55.18353271484375,470.1113586425781,9534.3740234375,10205.9306640625,58.746299743652344,684.0325927734375,,302.5609130859375,125.01513671875,91.28189086914062,87.99990844726562,312.1551208496094,8997.896484375,352.5,428.8784484863281,388.79998779296875,1111.10791015625,700.2771606445312,3586.237060546875,5229.6083984375,4575.7001953125,2099.982421875,234.62229919433594,472.4413146972656,83.15733337402344,174.7009735107422,259.3548278808594,374.222900390625,75.5014877319336,2746.09033203125,160.97146606445312,245.62379455566406,,721.4560546875,176.2818603515625,308.75152587890625,55.957706451416016,,31.57653045654297,4738.0703125,71.58736419677734,248.12269592285156,98.50704956054688,2039.47900390625,458.51318359375
2024-06-20,2419.6455078125,599.0511474609375,2589.586669921875,219.17990112304688,145.48959350585938,79.60063171386719,249.24810791015625,973.9745483398438,289.4280700683594,819.7774047851562,12393.330078125,1346.1175537109375,48.8731689453125,207.94468688964844,,83.85470581054688,54.618011474609375,470.02813720703125,142.40911865234375,,2237.28125,29.368515014648438,,169.090576171875,2588.942138671875,4185.09619140625,21.539636611938477,5.753035545349121,12.571166038513184,308.1876525878906,,3715.352783203125,48.102569580078125,14725.0,4133.42919921875,1616.8487548828125,2675.59033203125,696.2293090820312,34.403541564941406,3159.057861328125,2040.913818359375,281.72821044921875,3.1196093559265137,125.88189697265625,252.76710510253906,231.044189453125,56.04296112060547,477.2613525390625,9602.36328125,10387.2314453125,59.215675354003906,690.418212890625,,303.26080322265625,125.70638275146484,91.610107421875,88.38407135009766,320.14630126953125,9095.8310546875,310.0,434.77166748046875,391.1000061035156,1134.6973876953125,712.0717163085938,3607.232666015625,5264.5654296875,4622.529296875,2142.43603515625,234.8101348876953,485.439697265625,84.39291381835938,178.09033203125,264.74969482421875,377.2198791503906,77.20941162109375,2765.576416015625,162.98072814941406,249.16412353515625,,734.8460083007812,177.9456787109375,308.75152587890625,56.437767028808594,,32.25310134887695,4738.0703125,72.22689819335938,250.9326934814453,99.30448913574219,2059.473876953125,461.6478271484375
2024-06-21,2424.54833984375,,2561.613037109375,215.8109588623047,145.3135528564453,79.1422348022461,248.86465454101562,948.8594970703125,,811.7796020507812,12467.302734375,1338.6195068359375,48.05862045288086,204.74630737304688,,82.79206085205078,53.909278869628906,470.5275573730469,141.4600830078125,,2258.2744140625,29.007814407348633,,167.45921325683594,2576.449462890625,4125.109375,21.53022575378418,5.73530387878418,12.39681625366211,,,3684.3583984375,47.666839599609375,15065.0,4122.916015625,1597.862548828125,2656.5927734375,682.9439697265625,33.37590789794922,3149.06103515625,2033.921142578125,,3.0834438800811768,126.08187103271484,248.76919555664062,230.8444061279297,55.52330780029297,473.8849792480469,9652.3544921875,10099.802734375,58.589839935302734,693.9979858398438,,297.9615478515625,,90.45170593261719,88.06549835205078,314.45257568359375,9133.8046875,311.3999938964844,432.8072509765625,391.1000061035156,1111.10791015625,706.8741455078125,3599.234375,5227.61083984375,4607.96044921875,2133.55029296875,237.4400177001953,473.1412353515625,83.92359161376953,179.4381561279297,262.15216064453125,376.02105712890625,75.37153625488281,2775.070068359375,160.93319702148438,244.37986755371094,,722.4552612304688,,308.4516906738281,55.94865417480469,,31.562625885009766,4739.1396484375,71.5673828125,,98.22560119628906,2037.4796142578125,458.608154296875
2024-06-24,2451.514892578125,586.0889892578125,2566.608154296875,218.08995056152344,145.5091552734375,80.51741790771484,250.6860809326172,934.184326171875,289.3307800292969,804.381591796875,12473.30078125,1352.11572265625,48.70268249511719,207.44493103027344,,85.0501937866211,55.672027587890625,473.6744384765625,144.9066619873047,,2243.279296875,29.33054542541504,,171.21133422851562,2576.449462890625,4139.1064453125,21.784297943115234,5.800024032592773,12.56404972076416,313.677001953125,,3686.357666015625,48.11214065551758,14600.0,4156.36572265625,1607.355712890625,2701.5859375,689.9362182617188,33.4398307800293,3127.0673828125,2061.892578125,282.6087646484375,3.153988838195801,129.9313201904297,247.17005920410156,230.14517211914062,55.64322280883789,483.7161865234375,9624.359375,10338.58984375,59.39975357055664,702.899169921875,,295.9617614746094,126.29887390136719,91.39773559570312,89.95817565917969,315.3516540527344,9285.7001953125,312.5,434.2314453125,395.0,1127.47607421875,758.6502075195312,3611.231689453125,5221.6181640625,4624.6103515625,2150.33447265625,239.8820343017578,471.2414245605469,86.5479965209961,177.8524932861328,259.95428466796875,378.01910400390625,74.53614044189453,2792.5576171875,163.65048217773438,246.1022186279297,,731.2486572265625,181.35650634765625,308.2518005371094,56.61891174316406,,32.776756286621094,4742.345703125,72.24687957763672,254.1173553466797,99.63284301757812,2047.4769287109375,462.7877197265625
2024-06-25,2471.126953125,581.5023803710938,2624.554443359375,215.9100341796875,131.8169403076172,79.79993438720703,249.43984985351562,935.8587036132812,286.70220947265625,796.3837280273438,12545.2724609375,1336.6202392578125,48.5511360168457,206.04563903808594,,85.61946868896484,55.02689743041992,473.4246520996094,139.81170654296875,,2224.28564453125,29.197656631469727,,169.90626525878906,2570.953125,4097.115234375,21.94426918029785,5.831941604614258,12.663680076599121,307.7955322265625,,3674.360107421875,47.9493408203125,14800.0,4154.4541015625,1593.865234375,2685.58837890625,686.2404174804688,33.50374984741211,3109.072998046875,2052.901611328125,280.6519775390625,3.1401476860046387,127.03173065185547,244.0717010498047,228.94651794433594,55.503318786621094,480.2405090332031,9596.36328125,10320.90234375,59.64824676513672,712.8645629882812,,287.662841796875,124.91639709472656,90.644775390625,89.84573364257812,309.6578674316406,9251.7236328125,290.3999938964844,428.7311096191406,387.5,1109.1822509765625,743.6572265625,3614.23095703125,5232.60400390625,4555.927734375,2180.940673828125,238.00355529785156,465.9421081542969,87.03648376464844,180.0922393798828,259.55462646484375,371.42572021484375,74.7960433959961,2805.548583984375,162.25357055664062,246.00653076171875,,727.8512573242188,178.94398498535156,307.4521789550781,56.954044342041016,,32.359683990478516,4732.7265625,70.60808563232422,250.74537658691406,99.9612045288086,1990.4915771484375,460.9828796386719
2024-06-26,2478.4814453125,582.300048828125,2594.582275390625,220.17076110839844,128.10047912597656,79.8597183227539,248.38534545898438,932.31298828125,286.2154846191406,802.5820922851562,12551.271484375,1327.622802734375,48.229103088378906,205.7457733154297,,83.45621490478516,54.74522018432617,470.0780029296875,139.01248168945312,,2194.294921875,29.10273551940918,,169.00900268554688,2551.46484375,4139.1064453125,21.94426918029785,5.8053436279296875,12.667237281799316,304.65875244140625,,3679.359130859375,47.75303268432617,14440.0,4147.7646484375,1598.362060546875,2679.58935546875,687.3391723632812,33.798763275146484,3088.0791015625,2020.934326171875,282.8533630371094,3.1490776538848877,125.68192291259766,246.37046813964844,227.24839782714844,55.76314163208008,482.9217224121094,9518.3759765625,10586.2216796875,59.13284683227539,703.3828735351562,,291.8623046875,123.7314224243164,89.679443359375,89.88321685791016,310.65679931640625,9137.8017578125,281.0,429.8115539550781,388.79998779296875,1100.516845703125,746.255859375,3603.2333984375,5260.57080078125,4573.619140625,2173.042236328125,234.43446350097656,461.6426696777344,86.95985412597656,184.35372924804688,259.95428466796875,368.4287414550781,74.96311950683594,2789.060302734375,161.90911865234375,248.78138732910156,,725.4530029296875,178.69439697265625,307.4521789550781,56.193206787109375,,32.24383544921875,4724.17626953125,69.66877746582031,251.30735778808594,98.31941986083984,1988.491943359375,456.1384582519531
2024-06-27,2441.708984375,588.4819946289062,2640.53955078125,220.56712341308594,127.76795196533203,80.03909301757812,248.6729278564453,945.5108032226562,289.622802734375,811.3796997070312,12323.3564453125,1322.6241455078125,48.05862045288086,209.64381408691406,,83.58904266357422,54.53623580932617,472.3257751464844,140.06146240234375,,2200.29296875,28.82746696472168,,167.62234497070312,2498.49658203125,4191.0947265625,21.991321563720703,5.760128974914551,12.733064651489258,303.09039306640625,,3695.3564453125,47.62853240966797,14435.0,4158.27734375,1524.9144287109375,2720.5830078125,688.5377807617188,33.425079345703125,2998.10595703125,2004.9508056640625,283.0001220703125,3.0937132835388184,126.33183288574219,248.46939086914062,226.0497283935547,56.04296112060547,483.4182434082031,9488.3828125,10705.6142578125,58.37815856933594,692.2564697265625,,293.8620300292969,124.27452850341797,88.94578552246094,89.4334716796875,312.9542541503906,9125.810546875,286.8999938964844,415.3240661621094,376.8999938964844,1095.22119140625,721.667236328125,3653.222900390625,5169.68115234375,4528.87158203125,2145.39794921875,235.1858367919922,454.6435546875,86.069091796875,185.76100158691406,256.75726318359375,366.83038330078125,74.51757049560547,2811.54443359375,166.04248046875,248.87709045410156,,721.2561645507812,180.108642578125,306.35272216796875,56.193206787109375,,32.03066635131836,4678.21630859375,69.36898803710938,250.18336486816406,97.52198028564453,1995.490234375,456.04345703125
2024-06-28,2453.476318359375,586.2884521484375,2612.5654296875,220.96347045898438,125.44026947021484,79.93944549560547,248.768798828125,949.6473388671875,291.66717529296875,800.9825439453125,12351.345703125,1319.625,47.54715347290039,208.7942352294922,,83.85470581054688,54.09100341796875,474.7233581542969,140.2113037109375,,2159.30615234375,29.01730728149414,,169.25369262695312,2488.0029296875,4147.1044921875,22.094829559326172,5.7574687004089355,12.768648147583008,307.0113830566406,,3685.358154296875,47.551918029785156,14465.0,4071.30810546875,1528.411865234375,2705.585205078125,683.1438598632812,33.73484420776367,3065.0859375,2021.933349609375,283.9295959472656,3.099517345428467,119.48281860351562,248.6692657470703,226.7489471435547,54.7038459777832,486.9932556152344,9398.396484375,10705.6142578125,59.42736053466797,690.418212890625,,286.4629821777344,124.52140808105469,88.54034423828125,90.10808563232422,311.4559020996094,9029.875,288.8999938964844,402.7518615722656,370.6000061035156,1111.10791015625,718.0689697265625,3638.22607421875,5194.650390625,4456.02685546875,2112.817138671875,234.34051513671875,456.7432556152344,86.14571380615234,187.82237243652344,254.75917053222656,363.4338073730469,74.2576675415039,2832.030029296875,166.21470642089844,246.1022186279297,,715.4606323242188,181.439697265625,305.85296630859375,56.455875396728516,,32.07237243652344,4644.0146484375,69.70874786376953,253.93003845214844,98.88231658935547,1983.493408203125,455.09356689453125
2024-07-01,2385.323974609375,590.875,2571.603515625,217.49542236328125,128.7459716796875,79.89958190917969,251.6447296142578,939.8968505859375,292.3486328125,796.5836791992188,12299.365234375,1271.638671875,48.34276580810547,213.09207153320312,,84.57579803466797,56.03547668457031,478.02008056640625,141.16036987304688,,2172.30224609375,29.67226219177246,,170.5587921142578,2478.508544921875,4121.10986328125,22.28303337097168,5.857652187347412,12.926987648010254,308.4817199707031,,3647.36474609375,47.901466369628906,14650.0,4111.44775390625,1524.9144287109375,2705.585205078125,690.1361083984375,33.79384994506836,2985.110107421875,2025.929443359375,283.7828369140625,3.1981911659240723,119.33283996582031,251.2678985595703,228.64683532714844,55.58326721191406,485.00714111328125,9302.4140625,11373.3330078125,59.63904571533203,688.8701782226562,,288.3627624511719,128.52069091796875,88.69479370117188,90.62342071533203,314.65240478515625,9113.818359375,288.1000061035156,404.9127197265625,376.0,1104.849609375,713.8709106445312,3576.239013671875,5227.61083984375,4463.31103515625,2075.2998046875,234.90408325195312,452.7437438964844,87.97513580322266,184.0167694091797,257.5565185546875,363.0341796875,74.35049438476562,2855.513916015625,169.4678192138672,244.09283447265625,,731.6483764648438,185.1833038330078,307.1523132324219,57.61524963378906,,33.55527877807617,4644.0146484375,70.18839263916016,256.0843505859375,99.49212646484375,1985.4927978515625,458.608154296875
2024-07-02,2349.531982421875,583.0977172851562,2540.632568359375,214.0273895263672,128.98069763183594,79.95936584472656,248.00189208984375,951.3217163085938,289.52545166015625,802.5820922851562,12081.447265625,1267.6397705078125,48.475364685058594,210.64329528808594,,83.51313781738281,55.63568115234375,484.2138671875,137.01446533203125,,2142.3115234375,29.5583553314209,,168.35646057128906,2462.0185546875,4073.120361328125,22.12306022644043,5.838147163391113,12.923428535461426,310.2461853027344,,3660.3623046875,47.68120574951172,14950.0,4092.33349609375,1502.4305419921875,2681.5888671875,688.1383056640625,33.57258605957031,3044.09228515625,2011.943603515625,284.22314453125,3.15220308303833,117.58309936523438,250.66822814941406,226.54917907714844,54.90371322631836,483.120361328125,9226.427734375,11187.6103515625,59.574623107910156,686.5481567382812,,285.06317138671875,126.15074920654297,89.31260681152344,90.37980651855469,316.7500915527344,9039.8662109375,297.29998779296875,398.43017578125,371.20001220703125,1126.99462890625,704.8751220703125,3574.239501953125,5163.6884765625,4431.05126953125,2075.2998046875,233.4012908935547,446.14459228515625,86.62462615966797,183.5410614013672,250.16351318359375,365.2319641113281,73.88638305664062,2867.50537109375,167.28631591796875,244.28419494628906,,712.0631103515625,179.3599395751953,304.2536926269531,57.9775505065918,,33.10577392578125,4604.46875,68.90933227539062,249.62136840820312,99.2106704711914,1957.4998779296875,452.9088134765625
2024-07-03,2378.459716796875,583.49658203125,2570.6044921875,216.10821533203125,132.85362243652344,79.20203399658203,249.24810791015625,970.9213256835938,292.9327697753906,802.1822509765625,12015.47265625,1277.1370849609375,49.517234802246094,218.03955078125,,83.91163635253906,56.998634338378906,482.1659240722656,137.91357421875,,2135.31396484375,30.061437606811523,,166.80665588378906,2506.99169921875,4151.103515625,22.358314514160156,5.880703449249268,12.86471939086914,308.5797424316406,,3686.357666015625,48.274940490722656,15220.0,4118.1376953125,1502.4305419921875,2716.58349609375,684.542236328125,34.15277862548828,3007.10302734375,2042.911865234375,283.2447204589844,3.1825637817382812,112.8837661743164,252.66717529296875,230.54473876953125,55.84309387207031,493.4480895996094,9236.4248046875,11607.69921875,60.09922409057617,691.5792236328125,,288.7626953125,126.44699096679688,89.35122680664062,90.05186462402344,321.14520263671875,9105.822265625,300.6000061035156,398.2337646484375,383.6000061035156,1142.4000244140625,720.068115234375,3569.24072265625,5322.49462890625,4402.95361328125,2090.109130859375,231.0531768798828,455.7433776855469,86.4234848022461,185.97903442382812,254.35955810546875,374.0230712890625,75.00025177001953,2849.0185546875,169.1233673095703,244.7626190185547,,722.0555419921875,180.2750244140625,304.0538330078125,58.72027587890625,,33.69429397583008,4598.05615234375,69.10919189453125,250.27703857421875,99.91429138183594,1963.4984130859375,449.2992248535156
2024-07-04,2386.304443359375,588.2825317382812,2566.608154296875,217.49542236328125,133.10792541503906,80.53734588623047,250.78195190429688,969.3455200195312,291.0830993652344,800.1827392578125,12101.4404296875,1278.13671875,49.55512237548828,224.23643493652344,,83.64598083496094,58.07990646362305,489.8081970214844,138.51296997070312,,2160.305908203125,30.45061492919922,,169.00900268554688,2533.4755859375,4175.0986328125,22.348901748657227,5.8948893547058105,12.992814064025879,312.4027404785156,,3674.360107421875,48.485626220703125,15375.0,4127.69482421875,1509.4254150390625,2689.587890625,690.53564453125,34.398624420166016,3029.0966796875,2052.901611328125,284.76123046875,3.1964054107666016,112.28385925292969,254.1663818359375,233.14186096191406,57.242164611816406,495.33489990234375,9272.4189453125,11483.8828125,60.68825149536133,696.4168090820312,,288.26275634765625,127.48385620117188,89.73735809326172,91.11064147949219,325.44049072265625,8933.3232421875,305.5,400.7383728027344,389.5,1155.398193359375,718.2689208984375,3582.23779296875,5352.45751953125,4430.01123046875,2095.0458984375,228.61114501953125,461.8426208496094,87.16099548339844,185.3447723388672,255.75820922851562,377.02008056640625,75.2230224609375,2897.984375,169.6782989501953,249.2598114013672,,738.6431274414062,183.10353088378906,307.5521545410156,59.58979797363281,,34.31526565551758,4634.39501953125,69.9285888671875,251.58836364746094,100.94627380371094,1961.4989013671875,450.8190612792969
2024-07-05,2396.60107421875,579.7076416015625,2580.59521484375,218.2881317138672,133.28395080566406,79.7401351928711,250.1108856201172,978.0126953125,289.2333984375,810.5799560546875,12051.458984375,1262.141357421875,49.346744537353516,220.43833923339844,,83.20952606201172,57.84366226196289,481.7164001464844,139.36215209960938,,2139.312744140625,30.336706161499023,,167.05137634277344,2521.48291015625,4155.10302734375,22.424182891845703,5.945424556732178,12.8576021194458,319.656494140625,,3651.364013671875,48.39944076538086,15395.0,4068.44091796875,1509.9251708984375,2676.589599609375,672.8551025390625,35.18532943725586,2997.1064453125,2036.9180908203125,282.804443359375,3.1696157455444336,113.58366394042969,257.36468505859375,232.0430908203125,58.24150848388672,498.7113037109375,9310.412109375,10891.337890625,60.25568389892578,693.1272583007812,,295.4618225097656,124.91639709472656,89.35122680664062,90.52034759521484,324.44158935546875,8931.3232421875,328.20001220703125,402.7518615722656,399.5,1171.766357421875,706.6742553710938,3584.237548828125,5252.580078125,4447.70166015625,2089.1220703125,228.51724243164062,454.1435852050781,87.10353088378906,187.38632202148438,260.95330810546875,381.21588134765625,74.88886260986328,2860.0107421875,169.4678192138672,248.01593017578125,,722.4552612304688,182.105224609375,310.8505554199219,59.200321197509766,,34.305992126464844,4626.9140625,70.2683334350586,249.52769470214844,100.2426528930664,1972.4962158203125,447.3994445800781
2024-07-08,2367.1826171875,588.0831298828125,2606.571044921875,216.80181884765625,132.6971435546875,80.31810760498047,251.35714721679688,982.8387451171875,292.7380676269531,805.38134765625,12039.462890625,1270.1390380859375,48.4564208984375,221.9375762939453,,82.65922546386719,56.825992584228516,474.1739196777344,137.91357421875,,2154.30810546875,30.384166717529297,,167.1329345703125,2504.4931640625,4195.0947265625,22.490053176879883,5.91705322265625,12.722389221191406,316.6177062988281,,3665.361328125,48.341976165771484,15520.0,4114.31494140625,1508.426025390625,2641.59521484375,672.1560668945312,35.11157989501953,3000.10546875,2043.910888671875,281.8749694824219,3.18435001373291,113.63365936279297,259.4635925292969,231.14407348632812,58.981021881103516,499.1085205078125,9272.4189453125,10329.74609375,60.18205261230469,673.0997314453125,,297.0616455078125,123.9782943725586,89.62151336669922,91.09190368652344,329.0364990234375,9005.2861328125,345.8999938964844,398.2337646484375,387.70001220703125,1161.6566162109375,716.8695678710938,3592.235595703125,5199.64501953125,4460.189453125,2062.46484375,228.89291381835938,461.2427062988281,88.21459197998047,186.1574249267578,258.75537109375,373.6235046386719,75.05594635009766,2833.02978515625,169.50608825683594,247.44180297851562,,716.8595581054688,179.52630615234375,309.2513122558594,58.584407806396484,,34.41258239746094,4647.22119140625,70.36825561523438,249.62136840820312,100.19574737548828,1964.498046875,451.6739501953125
2024-07-09,2333.351806640625,586.6873168945312,2590.5859375,214.12648010253906,128.94155883789062,79.83979034423828,249.15223693847656,967.8681030273438,288.0651550292969,807.180908203125,11939.5009765625,1268.1395263671875,48.36170959472656,216.64027404785156,,83.20952606201172,55.490299224853516,453.79437255859375,140.3112030029297,,2152.30859375,30.023468017578125,,165.2568817138672,2476.510009765625,4145.10546875,22.245391845703125,5.8948893547058105,12.553375244140625,317.40191650390625,,3632.367431640625,47.68120574951172,15535.0,4178.34716796875,1508.92578125,2674.59033203125,668.759765625,34.398624420166016,2937.124267578125,2049.905029296875,280.74981689453125,3.172741413116455,111.48397064208984,257.164794921875,228.5469512939453,57.80179977416992,501.0946044921875,9232.4248046875,10329.74609375,58.120460510253906,664.5855712890625,,290.2624816894531,121.06522369384766,89.35122680664062,90.9700927734375,322.2439880371094,8669.4619140625,348.8999938964844,392.9298400878906,389.70001220703125,1160.69384765625,714.8705444335938,3594.2353515625,5211.6298828125,4419.6044921875,2034.8204345703125,229.73825073242188,447.6444091796875,88.14754486083984,183.10501098632812,254.1597137451172,367.0301208496094,74.77747344970703,2832.030029296875,165.7745819091797,246.48495483398438,,708.6657104492188,175.86590576171875,308.2518005371094,57.26200866699219,,34.03721618652344,4670.73486328125,70.94783020019531,246.53038024902344,100.00811004638672,1930.5069580078125,451.7689514160156
2024-07-10,2360.80859375,589.0802001953125,2621.55712890625,219.27899169921875,130.36947631835938,79.00273132324219,251.45298767089844,986.8768310546875,289.622802734375,811.57958984375,12073.451171875,1279.6363525390625,48.58902359008789,219.43887329101562,,84.91736602783203,55.990047454833984,454.1939697265625,139.71182250976562,,2160.305908203125,30.34619903564453,,167.29608154296875,2500.9951171875,4181.09716796875,22.443004608154297,5.968474864959717,12.613865852355957,325.34185791015625,,3634.366943359375,48.236637115478516,15550.0,4142.98583984375,1503.9293212890625,2651.59375,669.7586059570312,34.80672836303711,2979.111572265625,2063.890625,280.7987365722656,3.1919405460357666,111.43397521972656,262.4620361328125,231.74342346191406,58.06162643432617,506.45709228515625,9214.4287109375,10449.1396484375,58.85674285888672,674.9379272460938,,296.8616638183594,121.80583190917969,90.0655746459961,92.10382843017578,322.3439025878906,8887.34765625,362.70001220703125,396.22021484375,398.79998779296875,1175.13623046875,734.8612670898438,3594.2353515625,5217.62255859375,4496.61181640625,2059.5029296875,233.87091064453125,454.1435852050781,89.60342407226562,184.1356964111328,260.55364990234375,376.4206848144531,75.2230224609375,2831.031005859375,168.75979614257812,247.8245391845703,,720.8565673828125,178.5280303955078,310.4507141113281,57.09896469116211,,34.39404296875,4711.35009765625,72.38677215576172,249.52769470214844,99.67975616455078,1957.4998779296875,456.99334716796875
2024-07-11,2347.57080078125,594.0657348632812,2595.5810546875,223.73789978027344,129.05894470214844,80.51741790771484,253.17857360839844,974.1714477539062,295.95068359375,813.9790649414062,12095.4423828125,1279.6363525390625,49.76349639892578,222.48731994628906,,86.34056091308594,56.3535041809082,451.3467712402344,140.5609588623047,,2170.302734375,30.441120147705078,,167.9486083984375,2544.468994140625,4257.0810546875,22.358314514160156,6.0190110206604,12.6316556930542,336.2225341796875,,3653.36376953125,48.39944076538086,15645.0,4168.79052734375,1503.9293212890625,2666.72412109375,668.659912109375,34.71330642700195,2991.108154296875,2070.88330078125,281.53253173828125,3.206674575805664,114.18358612060547,269.2584228515625,232.94207763671875,59.1009407043457,516.9834594726562,9368.40234375,9980.4091796875,58.90275955200195,686.9351806640625,,303.4607849121094,122.7933120727539,90.41309356689453,93.02204895019531,326.4393615722656,8905.337890625,379.5,398.2828674316406,412.79998779296875,1180.431884765625,739.4591064453125,3542.246337890625,5243.5908203125,4498.69287109375,2090.109130859375,236.7825469970703,453.14373779296875,89.85244750976562,184.789794921875,267.7469177246094,387.6094055175781,75.83563995361328,2813.04296875,171.17091369628906,250.9821319580078,,718.8580932617188,182.0220489501953,313.84912109375,56.89970016479492,,33.953800201416016,4709.212890625,71.16767120361328,252.52503967285156,100.52410125732422,1975.495361328125,456.8983459472656
2024-07-12,2349.531982421875,608.8226318359375,2606.571044921875,229.0885772705078,130.4281463623047,81.43419647216797,255.6710662841797,987.0738525390625,303.93359375,821.976806640625,12255.3818359375,1267.6397705078125,49.42251968383789,222.33738708496094,,87.46013641357422,56.735130310058594,453.0451354980469,141.06045532226562,,2194.294921875,30.61197853088379,,168.03018188476562,2537.972900390625,4307.0703125,22.471233367919922,6.104122638702393,12.7152738571167,339.0652160644531,,3707.354248046875,49.04106521606445,15925.0,4181.21435546875,1515.9207763671875,2670.723388671875,670.3579711914062,35.485260009765625,3015.100830078125,2082.87109375,289.7021179199219,3.2321243286132812,115.73336029052734,272.95648193359375,232.14295959472656,59.06096649169922,514.4015502929688,9426.392578125,9631.0732421875,59.620635986328125,701.25439453125,,309.5600280761719,124.62015533447266,91.37843322753906,93.75288391113281,323.242919921875,9103.234375,380.0,405.2565002441406,414.20001220703125,1199.20703125,731.6627197265625,3575.2392578125,5253.5791015625,4540.31787109375,2142.43603515625,239.31849670410156,449.944091796875,90.41756439208984,187.0493621826172,264.94952392578125,383.8132629394531,76.46683502197266,2810.544921875,176.20367431640625,254.04408264160156,,722.8550415039062,183.35308837890625,318.1470031738281,57.51560974121094,,34.398677825927734,4739.1396484375,70.46818542480469,258.426025390625,101.83753204345703,2003.48828125,457.7532653808594
2024-07-15,2318.64306640625,609.4208374023438,2577.597900390625,229.2867431640625,130.07606506347656,80.41776275634766,254.23309326171875,974.27001953125,301.4997863769531,825.3759155273438,12099.4404296875,1278.6365966796875,49.46040725708008,225.6356964111328,,85.22097778320312,57.007720947265625,448.9492492675781,138.662841796875,,2172.30224609375,30.545534133911133,,164.7674560546875,2486.50390625,4297.07177734375,22.395952224731445,6.020783424377441,12.665459632873535,336.4185791015625,,3639.365966796875,48.46647644042969,15870.0,4099.9794921875,1496.9344482421875,2664.72412109375,663.0659790039062,35.150909423828125,3066.085693359375,2055.898681640625,289.6042785644531,3.2218549251556396,114.6335220336914,267.85919189453125,232.14295959472656,58.76116943359375,512.614013671875,9480.3828125,9626.6513671875,59.32612228393555,682.6781005859375,,299.8612365722656,120.57147979736328,89.91111755371094,92.85340118408203,322.4437561035156,9015.2802734375,340.3999938964844,399.068603515625,391.3999938964844,1197.2813720703125,714.6705322265625,3539.2470703125,5185.662109375,4452.9052734375,2087.1474609375,242.98155212402344,449.4441833496094,88.53067016601562,186.07814025878906,260.95330810546875,381.8152770996094,75.72425842285156,2805.548583984375,173.0653839111328,249.83392333984375,,726.85205078125,180.1918487548828,315.5483093261719,57.31634521484375,,34.421844482421875,4709.212890625,69.64878845214844,255.89703369140625,101.50917053222656,1966.4976806640625,456.42340087890625
2024-07-16,2264.70947265625,612.0133056640625,2585.590576171875,226.6114044189453,130.07606506347656,80.098876953125,252.3157958984375,963.0420532226562,304.322998046875,822.3767700195312,12095.4423828125,1285.134765625,49.289920806884766,227.23492431640625,,84.32910919189453,56.85325241088867,446.15203857421875,137.51397705078125,,2177.30029296875,30.374675750732422,,162.8914031982422,2478.508544921875,4339.06298828125,22.405363082885742,5.976455211639404,12.4644193649292,335.732421875,,3566.37890625,48.08341598510742,15950.0,4103.80224609375,1499.93212890625,2688.7216796875,663.2658081054688,34.64938735961914,3060.08740234375,2042.911865234375,289.7510070800781,3.2352495193481445,118.68293762207031,274.25579833984375,230.14517211914062,58.46136474609375,510.6279296875,9446.388671875,9794.6865234375,58.48859786987305,669.6166381835938,,309.2600402832031,119.92961120605469,89.40914916992188,92.66600799560547,326.3394470214844,9065.25390625,360.5,392.8807373046875,383.0,1183.8017578125,709.27294921875,3547.2451171875,5064.80908203125,4451.86376953125,2038.769775390625,243.16937255859375,458.8429870605469,88.04218292236328,185.54298400878906,265.9486083984375,378.61846923828125,75.87277221679688,2780.566162109375,173.7159881591797,251.46055603027344,,725.6528930664062,177.86248779296875,318.7467041015625,56.428707122802734,,34.68135070800781,4712.41943359375,69.32901763916016,258.0513610839844,100.33646392822266,1983.493408203125,452.1488952636719
2024-07-17,2230.87841796875,607.8255004882812,2596.580322265625,231.36756896972656,129.17630004882812,79.79993438720703,252.12405395507812,857.7554931640625,303.44683837890625,813.9790649414062,12239.3876953125,1265.640380859375,48.64585494995117,230.58322143554688,,85.10711669921875,57.27122116088867,452.2459716796875,140.76075744628906,,2185.2978515625,30.35569190979004,,163.2992401123047,2506.99169921875,4275.0771484375,22.621795654296875,6.000392436981201,12.572944641113281,336.3205871582031,,3510.388427734375,47.614173889160156,15830.0,4030.21240234375,1527.41259765625,2625.72802734375,665.9628295898438,34.349456787109375,3067.08544921875,2076.87744140625,288.0877685546875,3.2575738430023193,116.63323211669922,273.25634765625,226.7489471435547,58.741172790527344,505.66265869140625,9402.396484375,9715.08984375,58.304527282714844,667.7783813476562,,308.16021728515625,119.63337707519531,90.37448120117188,92.81591796875,328.0375671386719,8951.3134765625,357.5,396.3675537109375,379.3999938964844,1163.100830078125,716.4696655273438,3491.25732421875,5064.80908203125,4536.15625,2038.769775390625,257.3519287109375,447.14447021484375,88.1379623413086,181.61843872070312,265.9486083984375,376.4206848144531,75.33441162109375,2796.5546875,170.6925048828125,251.17352294921875,,735.84521484375,178.8607940673828,321.4454650878906,56.90876007080078,,34.885250091552734,4767.998046875,70.58809661865234,254.02369689941406,99.86738586425781,1945.5029296875,452.8138427734375
2024-07-18,2241.665283203125,576.3175048828125,2596.580322265625,230.67396545410156,128.002685546875,79.28174591064453,251.7406005859375,825.8445434570312,308.11968994140625,801.3824462890625,12121.43359375,1277.1370849609375,49.04365539550781,228.48428344726562,,86.64417266845703,57.83457946777344,458.53961181640625,140.91062927246094,,2194.294921875,30.61197853088379,,162.76904296875,2523.481689453125,4223.087890625,22.828815460205078,6.028763294219971,12.711714744567871,318.9703063964844,,3501.389892578125,47.37953567504883,15405.0,4039.769775390625,1528.9114990234375,2616.72900390625,662.766357421875,33.892181396484375,3043.092529296875,2091.862060546875,286.718017578125,3.27498722076416,120.88262176513672,275.2552795410156,228.2472686767578,59.1609001159668,514.0042724609375,9468.384765625,9768.154296875,59.270904541015625,667.8751220703125,,310.45989990234375,121.16397094726562,90.97298431396484,89.09615325927734,335.9288635253906,8921.330078125,392.5,398.9704284667969,389.8999938964844,1150.5841064453125,716.8695678710938,3472.260986328125,4997.89111328125,4561.13134765625,2040.744384765625,261.48455810546875,434.5460205078125,88.36784362792969,178.9624481201172,270.7440490722656,394.8022155761719,75.85420989990234,2832.52978515625,163.15296936035156,253.94839477539062,,729.8497924804688,183.43629455566406,324.74383544921875,57.78733444213867,,34.89915084838867,4825.7138671875,70.82791900634766,269.0103454589844,100.94627380371094,1955.50048828125,455.09356689453125
2024-07-19,2202.44091796875,578.1122436523438,2563.611083984375,225.02603149414062,128.90245056152344,79.68035125732422,248.6729278564453,816.9804077148438,306.56207275390625,801.9822387695312,12101.4404296875,1269.63916015625,48.380653381347656,228.53424072265625,,84.89839172363281,57.28939437866211,456.84130859375,141.70982360839844,,2194.294921875,30.317724227905273,,175.28973388671875,2489.00244140625,4269.07861328125,22.7629451751709,5.980887413024902,12.524909019470215,318.5782165527344,,3496.390869140625,46.92466354370117,15365.0,4045.50439453125,1521.4168701171875,2590.73193359375,659.3701171875,32.549869537353516,3046.091796875,2090.86279296875,287.98992919921875,3.254894971847534,117.13316345214844,274.055908203125,226.64906311035156,59.1009407043457,503.8751525878906,9420.392578125,9379.0205078125,58.470191955566406,657.7161865234375,,319.7586975097656,120.81834411621094,90.5289306640625,88.26226043701172,335.1297302246094,8935.322265625,378.1000061035156,397.2515563964844,393.70001220703125,1152.0283203125,701.0768432617188,3469.261962890625,4909.99853515625,4569.45654296875,2035.807861328125,261.3906555175781,446.0445861816406,88.463623046875,179.87420654296875,272.5423278808594,390.8061828613281,75.5014877319336,2791.55859375,163.076416015625,250.9821319580078,,724.4537353515625,183.26991271972656,325.84332275390625,56.818180084228516,,34.77403259277344,4804.337890625,70.44820404052734,263.5776672363281,99.0699462890625,1914.5108642578125,448.82427978515625
2024-07-22,2190.673583984375,584.49365234375,2626.552490234375,226.6114044189453,129.64573669433594,80.03909301757812,251.45298767089844,837.6633911132812,308.6064453125,802.9819946289062,12255.3818359375,1277.1370849609375,49.062599182128906,230.733154296875,,86.26465606689453,58.63417053222656,457.3407897949219,141.21031188964844,,2190.29638671875,30.57400894165039,,176.98008728027344,2503.49365234375,4311.06884765625,22.875865936279297,6.0111083984375,12.517791748046875,327.4003601074219,,3556.380615234375,47.66204833984375,15525.0,4105.7138671875,1523.41552734375,2610.729736328125,666.86181640625,33.641422271728516,3074.083251953125,2113.83935546875,292.3437805175781,3.3174033164978027,117.88304901123047,276.8544616699219,229.1462860107422,58.941043853759766,509.6348876953125,9434.3916015625,9476.3037109375,59.13284683227539,669.6166381835938,,319.9586486816406,124.37327575683594,91.2239761352539,90.25800323486328,338.2263488769531,8767.41015625,424.1000061035156,402.0643310546875,392.20001220703125,1159.73095703125,700.6770629882812,3511.2529296875,4938.46435546875,4606.92041015625,2058.515869140625,263.081298828125,443.24493408203125,89.55552673339844,181.9752197265625,273.1417541503906,388.20880126953125,77.52500915527344,2791.058837890625,165.7745819091797,252.89584350585938,,729.8497924804688,186.09840393066406,326.0432434082031,57.189537048339844,,35.82596969604492,4794.7177734375,70.36825561523438,268.1673278808594,100.05502319335938,1927.5076904296875,450.15411376953125
2024-07-23,2142.133544921875,594.6640014648438,2624.554443359375,228.29588317871094,129.2936553955078,80.53734588623047,251.7406005859375,847.906494140625,309.3852844238281,803.3818359375,12185.4091796875,1271.638671875,49.574066162109375,230.38331604003906,,85.41073608398438,58.77956008911133,450.1979675292969,139.81170654296875,,2289.2646484375,30.782835006713867,,179.85369873046875,2494.4990234375,4303.07080078125,22.725305557250977,6.030339241027832,12.476872444152832,329.7529296875,,3544.382568359375,47.84400177001953,15695.0,3947.06640625,1508.426025390625,2615.729248046875,665.363525390625,32.52036666870117,3070.08447265625,2111.84130859375,293.5178527832031,3.343299627304077,119.83277130126953,276.95440673828125,229.64573669433594,59.480690002441406,517.7779541015625,9452.388671875,9498.4130859375,58.87514877319336,669.1328735351562,,325.5579528808594,123.28704833984375,90.99229431152344,90.11746215820312,339.6247863769531,8767.41015625,430.79998779296875,397.4971008300781,390.79998779296875,1176.09912109375,687.083251953125,3511.2529296875,4866.05224609375,4587.1474609375,2055.5537109375,256.6944274902344,459.94287109375,88.87548065185547,194.9777069091797,272.5423278808594,387.20977783203125,77.45075225830078,2745.090576171875,166.11903381347656,254.4268035888672,,724.0540771484375,187.1798858642578,325.7433776855469,56.27472686767578,,36.16425704956055,4750.896484375,70.52814483642578,263.29669189453125,99.11685943603516,1910.5118408203125,451.10400390625
2024-07-24,2178.906494140625,585.8895874023438,2625.553466796875,230.47579956054688,127.72883605957031,80.83629608154297,248.9605255126953,819.0487060546875,307.14617919921875,806.381103515625,12209.3994140625,1259.14208984375,49.21414566040039,228.28436279296875,,84.537841796875,58.22529220581055,452.5955810546875,139.61190795898438,,2293.263427734375,30.479089736938477,,179.76918029785156,2494.998779296875,4265.0791015625,22.60297393798828,6.072464466094971,12.505339622497559,329.9490051269531,,3494.391357421875,47.31250762939453,15350.0,4014.92138671875,1508.92578125,2564.734375,662.266845703125,32.04834747314453,3011.102294921875,2083.8701171875,290.240234375,3.3263330459594727,121.3825454711914,277.3541564941406,226.94873046875,59.62059783935547,518.9695434570312,9434.3916015625,9538.2119140625,58.405765533447266,637.9789428710938,,325.657958984375,122.29956817626953,90.31655883789062,90.19241333007812,337.1275634765625,8735.4267578125,411.1000061035156,391.1618957519531,397.0,1163.100830078125,684.2844848632812,3481.259521484375,4931.47265625,4675.60205078125,2013.10009765625,256.88232421875,443.8448486328125,89.62257385253906,192.0838623046875,273.3415832519531,377.2198791503906,85.48914337158203,2762.078857421875,164.03321838378906,250.69509887695312,,720.8565673828125,186.5143585205078,327.04278564453125,56.57362365722656,,36.238399505615234,4699.5927734375,70.38825225830078,253.46170043945312,98.83540344238281,1912.511474609375,450.8190612792969
2024-07-25,2221.072509765625,577.5140380859375,2630.548828125,227.0077667236328,126.12489318847656,81.69329071044922,248.193603515625,787.5316162109375,303.54412841796875,793.784423828125,12055.4580078125,1249.6448974609375,44.76251983642578,227.7846221923828,,83.68392181396484,58.66143035888672,453.0451354980469,140.16136169433594,,2305.25927734375,30.602487564086914,,176.81105041503906,2529.977783203125,4223.087890625,22.78176498413086,6.0990214347839355,12.471537590026855,324.16558837890625,,3496.390869140625,46.8001708984375,15030.0,4004.40869140625,1522.4161376953125,2527.73828125,660.2691040039062,29.97341537475586,2992.107666015625,2149.802734375,289.8977966308594,3.3035624027252197,119.28285217285156,276.05487060546875,227.84774780273438,60.599952697753906,555.9111328125,9372.4013671875,9502.8359375,57.945587158203125,631.3998413085938,,323.25823974609375,123.0401840209961,85.74088287353516,90.82018280029297,337.7268981933594,8683.455078125,425.5,385.3669128417969,398.8999938964844,1131.808837890625,679.8865966796875,3582.23779296875,4969.42626953125,4556.96923828125,1981.5064697265625,260.6392517089844,430.94647216796875,93.37720489501953,193.4713134765625,269.7449951171875,376.6204528808594,87.1413803100586,2760.080078125,161.5264129638672,247.3461151123047,,721.2561645507812,186.93031311035156,325.44354248046875,56.12980651855469,,35.2652473449707,4992.44921875,72.08699798583984,253.27435302734375,98.17869567871094,1899.514892578125,450.8190612792969
2024-07-26,2333.84228515625,588.0831298828125,2652.5283203125,230.8721466064453,128.02223205566406,82.709716796875,250.30262756347656,808.1162109375,310.16412353515625,793.9844360351562,12175.412109375,1272.138427734375,44.94247817993164,231.2828369140625,,83.07669067382812,58.5705680847168,454.0441589355469,140.3611602783203,,2360.241455078125,30.83029556274414,,176.8955841064453,2563.957275390625,4355.06005859375,22.809995651245117,6.108179092407227,12.887847900390625,324.45965576171875,,3597.373291015625,47.274208068847656,15350.0,4010.14306640625,1551.89501953125,2562.73486328125,664.4645385742188,30.214344024658203,3027.09716796875,2142.8095703125,293.2243347167969,3.3080272674560547,123.18228149414062,280.2526550292969,229.2461700439453,60.619937896728516,576.9638671875,9476.3837890625,9268.470703125,58.00081253051758,641.5587158203125,,325.657958984375,123.48455047607422,84.87207794189453,91.30740356445312,361.5006103515625,8807.3896484375,445.8999938964844,391.70208740234375,405.79998779296875,1136.1416015625,684.684326171875,3607.232666015625,5030.85107421875,4668.3173828125,2048.642822265625,268.622802734375,441.7451171875,92.73546600341797,194.0262908935547,274.3406677246094,384.0130310058594,87.71688079833984,2777.568115234375,162.48321533203125,250.69509887695312,,722.4552612304688,188.1781768798828,326.9427795410156,56.27472686767578,,35.070613861083984,5067.2666015625,73.16620635986328,255.14768981933594,98.31941986083984,1914.5108642578125,454.80859375
2024-07-29,2294.12744140625,581.7017822265625,2668.513427734375,233.64657592773438,127.35718536376953,82.66986083984375,248.0977325439453,795.6044311523438,309.96942138671875,800.1827392578125,12359.34375,1276.63720703125,44.989837646484375,232.63217163085938,,82.1468734741211,58.07081985473633,452.5456237792969,141.70982360839844,,2358.2421875,30.592992782592773,,177.8252716064453,2545.96826171875,4357.05908203125,22.744125366210938,6.089864253997803,13.014163970947266,325.53790283203125,,3588.375,46.81453323364258,15055.0,4034.035400390625,1555.892333984375,2551.736083984375,669.2592163085938,30.89287757873535,3041.09326171875,2158.79345703125,294.3984069824219,3.27498722076416,128.28155517578125,277.45416259765625,231.14407348632812,61.05964279174805,571.2041625976562,9466.384765625,9785.841796875,56.97001266479492,633.431640625,,325.3579406738281,123.68204498291016,84.96861267089844,91.88832092285156,370.9901428222656,8883.349609375,432.6000061035156,385.6124572753906,405.29998779296875,1125.5504150390625,695.6792602539062,3660.22119140625,4983.4091796875,4259.34521484375,2000.2652587890625,268.05926513671875,439.745361328125,91.73934173583984,191.15228271484375,273.7412414550781,385.8112487792969,88.08816528320312,2769.57373046875,160.5887451171875,252.32176208496094,,726.25244140625,188.42776489257812,330.740966796875,55.92148208618164,,35.1169548034668,5060.85400390625,73.16620635986328,253.93003845214844,97.850341796875,1929.507080078125,454.80859375
2024-07-30,2232.83984375,584.8924560546875,2734.451904296875,234.43927001953125,130.643310546875,82.62999725341797,251.0695343017578,795.012451171875,314.35028076171875,810.9798583984375,12197.404296875,1281.6357421875,45.31187057495117,233.93150329589844,,82.31765747070312,58.37066650390625,451.19696044921875,141.1104278564453,,2367.2392578125,31.02962875366211,,179.60015869140625,2416.5458984375,4365.0576171875,22.668846130371094,6.071548938751221,13.02306079864502,334.1640319824219,,3631.36767578125,47.053951263427734,14995.0,4056.016845703125,1541.402587890625,2585.732421875,676.1514282226562,31.07480239868164,3071.083984375,2158.79345703125,294.83868408203125,3.3910739421844482,129.4813690185547,274.9554443359375,230.94430541992188,59.66057205200195,574.7791748046875,9466.384765625,9790.2646484375,56.721519470214844,631.2063598632812,,331.2571716308594,124.66952514648438,85.6057357788086,92.2724838256836,366.2953186035156,9029.2734375,406.5,385.3177795410156,402.6000061035156,1127.95751953125,681.8856811523438,3687.215576171875,4929.474609375,4320.7431640625,2002.2398681640625,268.1531677246094,444.644775390625,91.36579895019531,190.29998779296875,277.3377990722656,391.0059814453125,88.7750473022461,2764.5771484375,161.22024536132812,257.4887390136719,,769.4198608398438,189.6756134033203,331.54058837890625,56.229434967041016,,35.534019470214844,5059.7861328125,73.08625793457031,255.80335998535156,97.61579895019531,1999.4892578125,460.0329895019531
2024-07-31,2304.424072265625,593.068603515625,2751.436279296875,229.1876678466797,136.883056640625,83.08838653564453,250.0150146484375,839.218017578125,317.27081298828125,815.378662109375,12363.33984375,1296.631591796875,45.510772705078125,233.68162536621094,,81.42578887939453,57.66193389892578,458.38983154296875,140.7108154296875,,2395.230712890625,30.83979034423828,,178.33238220214844,2417.545166015625,4447.0400390625,22.744125366210938,6.038580417633057,13.163609504699707,340.04547119140625,,3671.3603515625,47.38911819458008,15375.0,4116.2265625,1510.9244384765625,2661.724365234375,703.2216186523438,31.51732063293457,3127.0673828125,2141.81103515625,297.2357177734375,3.3491039276123047,131.5811004638672,276.15478515625,231.44374084472656,59.540653228759766,583.3194580078125,9468.384765625,10108.646484375,56.28894805908203,631.786865234375,,328.2575988769531,123.9782943725586,86.04978942871094,92.36617279052734,367.6937561035156,9069.2529296875,405.6000061035156,393.5191650390625,410.3999938964844,1140.474365234375,698.8778076171875,3672.21875,5019.86474609375,4347.80029296875,1997.30322265625,268.4349365234375,449.5441589355469,91.3083267211914,193.2731170654297,275.139892578125,392.4045715332031,89.2020263671875,2838.026123046875,162.10047912597656,255.28797912597656,,766.6220092773438,189.6756134033203,331.440673828125,56.591739654541016,,35.17720031738281,5104.67529296875,72.38677215576172,255.9906768798828,96.81835174560547,2031.4810791015625,458.9881286621094
2024-08-01,2275.986328125,573.3262939453125,2725.460205078125,223.4406280517578,130.97584533691406,,243.40036010742188,818.891357421875,305.58856201171875,810.5799560546875,12507.2861328125,1284.6348876953125,,222.78717041015625,,78.93993377685547,55.84466552734375,453.4447326660156,138.46304321289062,,2384.234130859375,30.194326400756836,,174.36004638671875,2398.556884765625,4379.0546875,22.546512603759766,5.968982696533203,12.942999839782715,332.69366455078125,,3578.376708984375,46.2878303527832,15255.0,,1524.9144287109375,2603.73046875,657.7719116210938,30.583110809326172,3091.078369140625,2155.79638671875,291.5610656738281,3.217836618423462,132.4309539794922,281.25213623046875,225.65016174316406,56.13289260864258,,9850.3203125,9905.236328125,54.69673538208008,621.1442260742188,,331.1572265625,120.86772918701172,,,338.02655029296875,9824.8564453125,401.8999938964844,380.9469909667969,410.79998779296875,,666.892578125,3589.414306640625,4997.89111328125,4265.36962890625,1984.4683837890625,,481.0402526855469,91.02098083496094,189.7449951171875,275.5395202636719,354.2430419921875,,2823.036376953125,157.43130493164062,,,720.8565673828125,184.5177764892578,329.9413757324219,56.07545852661133,,33.170650482177734,5111.08837890625,72.06700897216797,249.43402099609375,93.04694366455078,1979.4942626953125,
2024-08-02,2199.989013671875,546.2053833007812,2694.489013671875,216.70272827148438,129.000244140625,78.80342864990234,240.90789794921875,727.3223266601562,293.71160888671875,791.3851318359375,12605.25,1281.6357421875,44.260528564453125,208.99415588378906,,77.85830688476562,54.20912170410156,444.3538513183594,138.0634307861328,,2360.241455078125,30.62146759033203,,168.48606872558594,2378.568603515625,4073.120361328125,22.69707679748535,5.939677715301514,12.645888328552246,307.2073974609375,,3491.391845703125,45.18654251098633,14515.0,4011.0986328125,1561.388427734375,2526.738525390625,635.5963134765625,29.03920555114746,2913.13134765625,2139.813232421875,275.9067687988281,3.0758535861968994,123.73220825195312,268.558837890625,219.75668334960938,55.31329345703125,554.5208740234375,9738.33984375,9582.431640625,53.65673065185547,610.0177612304688,,317.0590515136719,116.9671630859375,86.30077362060547,90.52034759521484,325.2406921386719,9471.041015625,393.70001220703125,374.26800537109375,424.5,1064.41064453125,645.1026611328125,3566.41796875,4943.45751953125,4319.4931640625,1935.59716796875,264.0205383300781,463.8423767089844,92.09373474121094,184.4924774169922,273.5414123535156,344.6526794433594,86.58444213867188,2775.070068359375,150.98251342773438,237.68190002441406,,688.4808959960938,178.8607940673828,326.54302978515625,55.37802505493164,,31.51165199279785,5179.49267578125,72.2069091796875,243.06471252441406,90.87040710449219,1908.5125732421875,442.9349365234375
2024-08-05,2151.449462890625,539.0263671875,2615.562744140625,212.93743896484375,127.63102722167969,76.55133056640625,235.3477325439453,736.1043090820312,290.5963134765625,789.3856811523438,12453.3076171875,1268.1395263671875,43.711181640625,206.09561157226562,,75.73300170898438,53.2459716796875,430.56768798828125,133.51792907714844,,2327.252197265625,29.805150985717773,,164.42921447753906,2357.581298828125,4031.129638671875,22.386545181274414,5.766597270965576,12.395034790039062,294.07220458984375,,3393.408935546875,44.497032165527344,14210.0,3905.01513671875,1545.8994140625,2473.744140625,625.1079711914062,29.42763900756836,2891.137939453125,2102.850341796875,267.1012268066406,3.0459389686584473,119.98274230957031,267.5593566894531,214.76222229003906,54.533668518066406,541.8097534179688,9586.365234375,9520.5234375,52.38663864135742,604.0192260742188,,310.7598571777344,115.6834487915039,84.25426483154297,87.55953216552734,322.0442199707031,9283.140625,386.5,378.0986328125,408.29998779296875,1039.376953125,637.30615234375,3466.434326171875,4930.47412109375,4314.28955078125,1928.1923828125,253.59494018554688,443.7448425292969,90.27388763427734,179.5967254638672,265.3491516113281,335.26220703125,84.28245544433594,2691.6279296875,148.4374237060547,232.13218688964844,,686.2825927734375,171.29039001464844,320.9457092285156,53.892581939697266,,30.7099552154541,5080.09228515625,69.34901428222656,235.85238647460938,88.09345245361328,1879.519775390625,431.2512512207031
2024-08-06,2150.468994140625,536.0350952148438,2624.554443359375,211.25296020507812,130.1151885986328,77.1691665649414,234.48497009277344,769.751953125,288.5519104003906,787.986083984375,12403.3271484375,1270.6390380859375,43.48386001586914,208.0946044921875,,75.46733856201172,52.54632568359375,430.2679748535156,134.06736755371094,,2335.24951171875,29.7197208404541,,163.54177856445312,2366.576171875,3999.136474609375,22.339492797851562,5.767512798309326,12.384360313415527,299.0714111328125,,3404.406982421875,44.53054428100586,14280.0,3889.723876953125,1520.4176025390625,2458.74560546875,627.3055419921875,29.240798950195312,2953.119140625,2097.855712890625,271.16156005859375,3.002183198928833,123.38225555419922,268.05908203125,216.46034240722656,55.13337707519531,543.00146484375,9514.376953125,9374.59765625,52.07372283935547,601.6972045898438,,313.0595703125,114.25159454345703,84.48594665527344,87.40962219238281,322.6435546875,9355.103515625,381.3999938964844,378.3932800292969,403.0,1039.376953125,628.51025390625,3449.436767578125,4907.0029296875,4305.96240234375,1935.103515625,250.30760192871094,468.4418029785156,89.43101501464844,183.73927307128906,265.9486083984375,336.6607360839844,82.81586456298828,2706.617431640625,147.3466796875,229.83572387695312,,686.482421875,168.29551696777344,320.0461120605469,53.64802551269531,,30.214111328125,5121.77587890625,70.38825225830078,234.3537139892578,87.32415771484375,1867.5228271484375,430.01641845703125
2024-08-07,2158.31396484375,542.41650390625,2671.510498046875,214.7209930419922,132.9905548095703,79.72021484375,238.8947296142578,785.4410400390625,293.32220458984375,789.185791015625,12685.2197265625,1292.6326904296875,44.55414581298828,214.64129638671875,,76.28330993652344,54.02739715576172,436.8114318847656,135.7657012939453,,2339.248291015625,30.40315055847168,,166.88021850585938,2404.552978515625,4101.1142578125,22.508874893188477,5.888394832611084,12.645888328552246,308.6777648925781,,3487.392578125,45.459468841552734,14345.0,3956.62353515625,1533.9078369140625,2512.739990234375,639.8917236328125,29.865243911743164,2984.110107421875,2123.828857421875,278.01031494140625,3.0852298736572266,125.931884765625,270.3578796386719,219.2572479248047,56.97248840332031,557.897216796875,9686.34765625,9162.34375,53.233367919921875,610.8885498046875,,320.4585876464844,115.8315658569336,86.1849365234375,90.64215850830078,334.23077392578125,9471.041015625,390.70001220703125,384.0409240722656,415.0,1074.0389404296875,643.5033569335938,3511.427001953125,4916.990234375,4395.47509765625,1976.570068359375,257.5397644042969,479.64044189453125,91.23170471191406,186.29615783691406,271.1436767578125,342.6546936035156,85.52627563476562,2768.57421875,149.20286560058594,237.68190002441406,,705.66796875,172.455078125,329.1417541503906,55.17876052856445,,31.659942626953125,5178.42333984375,73.14620971679688,238.0067138671875,88.46871948242188,1906.5130615234375,441.7950744628906
2024-08-08,2178.906494140625,548.1995849609375,2659.521728515625,213.53195190429688,131.5039825439453,79.40132904052734,243.40036010742188,783.7635498046875,295.561279296875,794.1844482421875,12624.015625,1284.1351318359375,44.364715576171875,213.89166259765625,,75.73300170898438,53.991050720214844,430.8770751953125,130.37567138671875,,2343.247314453125,30.507564544677734,,166.9224853515625,2402.55419921875,4087.117431640625,22.932327270507812,5.886563301086426,12.692146301269531,306.521240234375,,3488.392578125,45.44510269165039,14660.0,3959.490478515625,1558.89013671875,2505.74072265625,638.8927612304688,29.81607437133789,2986.109375,2126.826171875,277.2764892578125,3.074960470199585,122.5823745727539,267.9591369628906,220.05636596679688,57.052452087402344,554.322265625,9752.3369140625,9233.0947265625,53.417442321777344,612.726806640625,,316.75909423828125,117.46090698242188,86.04978942871094,90.05186462402344,328.0964050292969,9489.0322265625,397.79998779296875,379.1299133300781,414.0,1074.5203857421875,633.9077758789062,3496.42919921875,4924.48095703125,4377.78076171875,1977.557373046875,258.8547058105469,476.74078369140625,91.59566497802734,186.59347534179688,267.94671630859375,338.05938720703125,85.39632415771484,2773.071044921875,152.322021484375,236.3423309326172,,700.5612182617188,172.7046356201172,328.8418884277344,55.16970443725586,,31.678478240966797,5110.4296875,73.58589935302734,240.16104125976562,88.43119049072266,1903.513671875,436.2856750488281
2024-08-09,2182.828857421875,548.7979125976562,2672.509765625,212.6401824951172,131.4061737060547,80.17860412597656,245.31765747070312,773.6002197265625,297.4109802246094,791.1852416992188,12695.9931640625,1277.1370849609375,44.77199172973633,218.1395263671875,,75.61914825439453,53.836585998535156,433.3749084472656,130.42562866210938,,2332.250732421875,30.944198608398438,,167.4718475341797,2425.041015625,4123.109375,23.15816879272461,5.869163990020752,12.722389221191406,310.7362976074219,,3482.3935546875,45.52171325683594,14875.0,3998.67431640625,1564.38623046875,2525.738525390625,641.7894897460938,29.663652420043945,3010.102294921875,2123.828857421875,278.98870849609375,3.0825507640838623,125.43196105957031,270.7576599121094,224.1518096923828,56.93251037597656,551.1444702148438,9826.32421875,9339.22265625,53.20576095581055,615.339111328125,,318.7588195800781,118.44839477539062,85.91464233398438,90.5016098022461,332.6921691894531,9515.0185546875,374.0,375.9377746582031,414.8999938964844,1082.2230224609375,632.5084228515625,3510.427001953125,4908.5009765625,4350.71875,1990.3922119140625,260.2635498046875,484.93975830078125,92.18951416015625,188.2187957763672,267.5470886230469,337.2601318359375,85.19210815429688,2774.0703125,150.3892822265625,236.62937927246094,,714.9522094726562,173.78611755371094,330.3411865234375,55.568233489990234,,31.92408561706543,5055.91552734375,73.74577331542969,239.786376953125,88.13097381591797,1888.517578125,437.71051025390625
2024-08-12,2189.202880859375,551.3903198242188,2695.48828125,210.46026611328125,130.81935119628906,79.28174591064453,245.31765747070312,774.1922607421875,297.80035400390625,797.5834350585938,12775.9677734375,1303.129638671875,45.16032409667969,219.98858642578125,,74.93601989746094,53.836585998535156,439.2198181152344,141.41937255859375,,2353.243896484375,30.706897735595703,,167.72540283203125,2450.025634765625,4153.103515625,23.271087646484375,5.895720958709717,12.859381675720215,310.3442077636719,,3523.38623046875,45.48340606689453,14685.0,3953.75634765625,1570.8817138671875,2526.738525390625,643.18798828125,29.77674102783203,3017.100341796875,2131.82080078125,279.8203125,3.0990707874298096,120.33270263671875,271.25738525390625,225.3505096435547,56.7725830078125,541.2139892578125,9936.3056640625,9524.9453125,52.902042388916016,614.4683227539062,,323.15826416015625,118.3002700805664,85.56712341308594,90.64215850830078,334.2906799316406,9537.005859375,376.70001220703125,369.9463195800781,417.5,1092.332763671875,635.1072387695312,3530.423828125,4935.96728515625,4350.71875,1980.5191650390625,260.9210205078125,486.6395568847656,91.63397979736328,187.60435485839844,269.34539794921875,336.860595703125,85.04359436035156,2797.05419921875,150.40843200683594,236.7250518798828,,721.5480346679688,172.28868103027344,333.3397521972656,55.90336990356445,,32.03993606567383,5038.8134765625,74.38531494140625,239.50537109375,87.71818542480469,1903.513671875,441.4151306152344
2024-08-13,2188.222412109375,555.9768676757812,2754.433349609375,211.35205078125,131.38661193847656,79.64048767089844,246.27630615234375,779.0272827148438,299.1632995605469,797.9833374023438,12915.9228515625,1323.1240234375,45.57707214355469,219.1389923095703,,75.25860595703125,53.854759216308594,436.6221008300781,141.5193328857422,,2348.24560546875,30.7448673248291,,168.6128387451172,2465.5166015625,4159.10205078125,23.299318313598633,5.957077503204346,12.768648147583008,313.677001953125,,3541.38330078125,45.71803283691406,14655.0,3939.420654296875,1591.3671875,2525.738525390625,644.7861938476562,29.796405792236328,3052.08984375,2145.806884765625,280.84765625,3.0937132835388184,121.63250732421875,270.7576599121094,227.64796447753906,56.87253952026367,546.17919921875,9970.298828125,9370.1767578125,52.86522674560547,613.5975341796875,,317.458984375,118.39901733398438,85.6057357788086,91.04505157470703,336.8882751464844,9648.9482421875,378.29998779296875,370.0936584472656,424.0,1101.9610595703125,639.7051391601562,3528.424072265625,4922.98291015625,4376.73974609375,2009.15087890625,262.4237976074219,491.9388732910156,93.00365447998047,189.86392211914062,273.9410400390625,340.0573425292969,85.8975601196289,2779.06689453125,152.07325744628906,237.873291015625,,731.3418579101562,173.20379638671875,334.8390197753906,55.559181213378906,,32.10017776489258,5051.63916015625,73.6858139038086,240.72303771972656,87.19281768798828,1896.515625,443.78985595703125
2024-08-14,2155.371826171875,559.7658081054688,2807.3837890625,215.2164306640625,131.69956970214844,80.35797119140625,248.2894744873047,788.6972045898438,302.66796875,810.3800048828125,12897.9287109375,1357.1142578125,46.599998474121094,221.48782348632812,,75.94174194335938,54.29090118408203,436.6221008300781,146.56643676757812,,2371.238037109375,31.058107376098633,,169.45802307128906,2468.514404296875,4235.08544921875,23.478111267089844,5.94242525100708,12.74374008178711,311.8145446777344,,3585.375244140625,45.967010498046875,16200.0,3975.737548828125,1596.363525390625,2521.739013671875,649.0814208984375,29.870161056518555,3096.07666015625,2164.78759765625,283.48931884765625,3.115591049194336,122.93231964111328,274.7555236816406,227.7478485107422,57.292335510253906,546.5764770507812,9990.294921875,9334.80078125,53.62912368774414,623.272705078125,,326.957763671875,118.05340576171875,86.2042465209961,92.08509063720703,339.98541259765625,9720.912109375,377.5,373.77691650390625,422.5,1117.3663330078125,643.5033569335938,3549.420654296875,4847.07568359375,4403.80126953125,2050.6171875,263.9266052246094,499.03802490234375,93.47298431396484,190.3594512939453,278.73651123046875,342.45489501953125,86.176025390625,2805.049072265625,152.41770935058594,240.64816284179688,,733.1407470703125,174.2020721435547,340.4363098144531,55.667869567871094,,32.484806060791016,5074.08642578125,74.4852294921875,242.97103881835938,86.8926010131836,1898.514892578125,450.15411376953125
2024-08-15,2143.475341796875,568.5402221679688,2990.213623046875,216.4054718017578,133.90988159179688,81.8726577758789,252.60337829589844,820.9635620117188,303.2521057128906,812.779296875,13161.8466796875,1360.61328125,47.66081237792969,227.6645050048828,,77.30801391601562,54.94511795043945,443.0665588378906,145.66696166992188,,2380.2353515625,31.390329360961914,,173.2613067626953,2518.984375,4287.07421875,23.52515983581543,,,319.1663513183594,,3589.375,46.8624153137207,16040.0,3983.383056640625,1595.0142822265625,2553.73583984375,655.1512451171875,31.133804321289062,3129.06689453125,2163.7880859375,287.5496520996094,,126.4818115234375,275.7550048828125,230.2450714111328,58.45177459716797,547.5695190429688,9962.7099609375,9370.1767578125,54.843990325927734,634.6893920898438,,331.0572509765625,118.8433837890625,86.1849365234375,92.54419708251953,345.5802001953125,9840.84765625,377.0,377.3619689941406,392.0,1141.9185791015625,654.4982299804688,3554.419677734375,4746.51318359375,4450.63916015625,2091.0966796875,264.5840759277344,502.9375,93.81779479980469,194.22450256347656,280.9344177246094,346.8504943847656,86.95573425292969,2803.810791015625,155.67080688476562,245.4324188232422,,760.32373046875,176.36505126953125,341.0360412597656,56.591739654541016,,,5098.67236328125,74.44526672363281,246.90504455566406,88.8252182006836,1934.505859375,455.8534851074219
2024-08-16,2143.475341796875,570.1355590820312,2957.244384765625,215.0182647705078,134.59449768066406,81.95237731933594,255.95863342285156,821.4568481445312,303.15472412109375,825.5758056640625,13041.8837890625,1349.616455078125,48.05862045288086,228.21429443359375,,77.55469512939453,55.535728454589844,440.8683776855469,145.317138671875,,2376.236572265625,31.665599822998047,,173.68389892578125,2482.006591796875,4285.07470703125,23.666311264038086,6.016602516174316,12.896742820739746,324.5576477050781,,3587.375,47.10661697387695,16020.0,4000.5859375,1590.0174560546875,2550.736083984375,655.9503784179688,31.020715713500977,3131.066162109375,2159.79248046875,290.14239501953125,3.2120320796966553,126.8317642211914,278.45361328125,228.94651794433594,58.87157440185547,545.9805908203125,9968.7080078125,9312.69140625,55.304168701171875,636.7210693359375,,329.0574951171875,119.38650512695312,86.70621490478516,93.20008087158203,348.3776550292969,9802.8681640625,379.29998779296875,378.4914855957031,376.70001220703125,1144.80712890625,657.0971069335938,3531.423828125,4737.521484375,4446.47607421875,2094.058349609375,264.2083435058594,500.9377746582031,94.4116439819336,195.03717041015625,280.3349914550781,346.2510986328125,86.49162292480469,2788.320556640625,156.14920043945312,246.6763153076172,,761.9226684570312,177.03057861328125,341.0360412597656,56.455875396728516,,33.680397033691406,5053.77783203125,74.66510009765625,247.65435791015625,89.36935424804688,1919.5096435546875,457.0883483886719
2024-08-19,2192.023193359375,571.531494140625,2930.26953125,215.61279296875,135.47471618652344,82.64993286132812,258.5469970703125,818.3980102539062,304.71240234375,828.5750122070312,13045.8828125,1338.6195068359375,47.850242614746094,228.91403198242188,,78.4845199584961,55.75380325317383,441.667724609375,145.5170440673828,,2382.234619140625,31.741535186767578,,174.36004638671875,2480.50732421875,4297.07177734375,23.732181549072266,6.035833358764648,13.00348949432373,330.0470275878906,,3595.3740234375,47.38911819458008,15960.0,4006.320068359375,1598.0125732421875,2554.7353515625,662.943603515625,31.035463333129883,3190.048583984375,2170.781494140625,290.92510986328125,3.227212905883789,128.8314971923828,281.0522766113281,232.34275817871094,59.19142150878906,549.7542114257812,9974.7080078125,9604.541015625,55.86558532714844,652.5884399414062,,330.9572448730469,119.43587493896484,87.0537338256836,93.8840560913086,351.6745910644531,9974.7783203125,379.20001220703125,378.83526611328125,380.20001220703125,1166.9521484375,659.09619140625,3539.42236328125,4819.94384765625,4437.10888671875,2125.652099609375,265.992919921875,499.9378967285156,94.19133758544922,195.4732208251953,283.931640625,347.6496887207031,87.23419952392578,2811.306396484375,157.1634063720703,248.68569946289062,,761.52294921875,177.6129150390625,341.23590087890625,56.99027633666992,,33.98624038696289,5061.26025390625,75.44452667236328,247.3733673095703,90.34503936767578,1932.50634765625,458.89312744140625
2024-08-20,2200.850341796875,571.3320922851562,2897.30029296875,212.14474487304688,135.4355926513672,82.4107666015625,259.31390380859375,821.5554809570312,303.54412841796875,820.9771728515625,13097.865234375,1310.6275634765625,47.26300811767578,225.9151611328125,,78.4275894165039,55.34491729736328,429.478271484375,136.2223358154297,,2371.238037109375,31.779504776000977,,173.93746948242188,2440.03173828125,4315.068359375,23.600440979003906,6.024844646453857,12.893184661865234,328.57666015625,,3600.373046875,47.25505447387695,15905.0,3989.117431640625,1591.016845703125,2548.736083984375,650.4559326171875,31.10921859741211,3216.041015625,2139.813232421875,289.6042785644531,3.2098000049591064,123.18228149414062,278.953369140625,229.3460693359375,58.35182571411133,556.3084106445312,9946.7119140625,9467.4599609375,56.10487747192383,655.7811889648438,,324.5580749511719,117.06591796875,86.1849365234375,94.07145690917969,346.9789123535156,9908.8125,356.5,378.2459411621094,370.70001220703125,1161.1751708984375,652.0994262695312,3523.4248046875,4772.48828125,4393.39306640625,2143.42333984375,266.74432373046875,492.93878173828125,94.35417175292969,194.1452178955078,279.1361083984375,343.8535461425781,87.02999114990234,2731.354736328125,156.742431640625,249.45120239257812,,749.5304565429688,175.1171875,338.63714599609375,56.12980651855469,,33.221622467041016,5047.3642578125,73.82571411132812,247.467041015625,90.119873046875,1913.51123046875,459.1781005859375
2024-08-21,2233.706298828125,571.1326293945312,2900.29736328125,215.4145965576172,136.04196166992188,80.49748229980469,260.368408203125,832.1135864257812,303.54412841796875,831.17431640625,12995.8974609375,1312.127197265625,47.03569030761719,224.76559448242188,,79.28150177001953,55.590248107910156,430.0278015136719,134.72320556640625,,2371.238037109375,31.7700138092041,,171.74000549316406,2489.00244140625,4315.068359375,23.52515983581543,6.046823024749756,12.912755012512207,330.8312072753906,,3637.36669921875,47.52798080444336,15910.0,4002.497314453125,1595.0142822265625,2567.734375,652.8535766601562,31.576324462890625,3171.05419921875,2146.805908203125,289.4085693359375,3.228998899459839,128.13157653808594,282.5514831542969,230.74452209472656,58.2718620300293,552.9319458007812,9964.7099609375,9330.37890625,56.93320083618164,656.7487182617188,,328.1576232910156,117.65840911865234,86.33939361572266,93.9402847290039,346.1796875,9966.7822265625,362.79998779296875,383.5498352050781,373.3999938964844,1156.842529296875,662.4945678710938,3534.423095703125,4830.93310546875,4449.5986328125,2167.118408203125,265.992919921875,492.4388122558594,94.74687194824219,194.73985290527344,279.5357360839844,346.2510986328125,87.04855346679688,2716.863525390625,157.7375030517578,249.16412353515625,,744.1338500976562,175.6995086669922,339.63671875,56.27472686767578,,33.15674591064453,5059.1220703125,73.5459213256836,246.53038024902344,90.51390838623047,1921.5091552734375,459.46307373046875
2024-08-22,2193.49462890625,575.5198364257812,2948.252685546875,215.51368713378906,135.82679748535156,81.17510223388672,261.13531494140625,821.9502563476562,307.14617919921875,839.77197265625,13013.892578125,1316.625732421875,47.149349212646484,225.31536865234375,,78.95891571044922,55.499385833740234,425.8314514160156,135.1229705810547,,2380.2353515625,31.8839168548584,,172.83871459960938,2500.495361328125,4367.05712890625,23.600440979003906,6.050485610961914,12.811346054077148,336.12451171875,,3642.36572265625,47.52798080444336,15980.0,4005.3642578125,1596.0137939453125,2569.734130859375,653.4529418945312,31.58124351501465,3196.046875,2130.045654296875,294.05596923828125,3.234356641769409,141.82962036132812,281.8518371582031,224.3099822998047,58.2718620300293,560.4791870117188,10008.703125,9432.083984375,56.70310974121094,655.9747314453125,,332.5570373535156,118.20152282714844,86.33939361572266,94.07145690917969,344.5811462402344,10084.7197265625,356.5,385.2686767578125,372.5,1174.6549072265625,664.49365234375,3519.425537109375,4779.48193359375,4463.12939453125,2171.067626953125,265.7111511230469,497.5382080078125,94.83308410644531,194.77947998046875,282.93255615234375,340.7206115722656,87.3827133178711,2706.36962890625,157.75662231445312,253.1829071044922,,755.5267333984375,177.52972412109375,346.4334411621094,55.81278991699219,,33.49966812133789,5121.11865234375,73.5459213256836,247.74803161621094,90.55142974853516,1926.5078125,461.1728820800781
2024-08-23,2206.735107421875,572.5286254882812,2939.260986328125,217.1981658935547,137.70458984375,81.3744125366211,264.6823425292969,807.9385375976562,311.72174072265625,843.7708740234375,13071.8740234375,1312.127197265625,47.67975616455078,230.3634796142578,,80.13542175292969,55.80832290649414,428.9287109375,135.77259826660156,,2376.236572265625,32.22563171386719,,174.69810485839844,2529.477783203125,4365.0576171875,23.70395278930664,6.148473262786865,12.985697746276855,337.9869384765625,,3639.365966796875,47.74345016479492,15945.0,4020.655517578125,1601.51025390625,2568.734375,654.052490234375,31.66482925415039,3210.042724609375,2141.03564453125,295.6703186035156,3.28391695022583,149.22854614257812,287.3489685058594,225.90863037109375,59.371334075927734,555.5139770507812,10008.703125,9348.06640625,57.14488220214844,658.9739990234375,,336.7565002441406,119.28775787353516,86.43592071533203,94.07145690917969,345.3804626464844,10209.6552734375,360.0,387.3804016113281,382.29998779296875,1183.3203125,675.2886352539062,3498.428955078125,4757.0029296875,4490.19140625,2167.118408203125,265.992919921875,498.8380432128906,96.10696411132812,193.8677215576172,287.3283996582031,348.9139099121094,87.51266479492188,2718.3623046875,159.88072204589844,255.3836669921875,,765.1207275390625,180.44140625,348.9322204589844,56.30189514160156,,33.87038803100586,5142.4970703125,73.96560668945312,251.0263671875,91.00175476074219,1937.505126953125,464.3075256347656
2024-08-26,,576.3175048828125,,216.90089416503906,138.037109375,80.67684936523438,263.6278076171875,786.4277954101562,312.6952819824219,,,,47.6229248046875,,,80.45801544189453,55.8355827331543,,,,,32.22563171386719,,174.7826385498047,,,23.694541931152344,6.143894195556641,13.1084566116333,341.6138916015625,,,47.61895751953125,,4017.78857421875,,,,31.605823516845703,,,297.6271057128906,3.2709686756134033,,,,,551.7402954101562,,9171.1875,57.34735870361328,659.8447875976562,,,118.89276123046875,86.60968017578125,94.52119445800781,,,,388.2643737792969,384.29998779296875,1185.2459716796875,,,,,2164.156494140625,267.6835632324219,,96.56671905517578,192.46044921875,,,87.15994262695312,,160.55047607421875,255.3836669921875,,,180.60780334472656,,56.9359245300293,,33.74990463256836,,,251.49468994140625,90.79535675048828,,464.6875
2024-08-27,2235.17724609375,575.7192993164062,2932.267578125,221.65707397460938,137.76327514648438,80.79643249511719,264.8740539550781,783.6648559570312,311.72174072265625,842.9711303710938,13153.84765625,1319.625,47.33877944946289,230.1135711669922,,80.43904113769531,56.32624435424805,431.7762756347656,137.121826171875,,2365.240234375,32.320552825927734,,174.19102478027344,2528.478515625,4347.06103515625,23.835693359375,6.200672149658203,13.078211784362793,338.6731262207031,,3616.370361328125,47.64768600463867,15920.0,4012.05419921875,1617.0006103515625,2537.7373046875,660.2463989257812,31.85167121887207,3189.049072265625,2150.02734375,293.5667419433594,3.304008960723877,143.0794219970703,286.6492919921875,224.5098114013672,59.17142868041992,547.76806640625,10133.6875,9180.03125,57.577449798583984,648.0410766601562,,337.95635986328125,119.13963317871094,86.5710678100586,94.40876770019531,349.0769958496094,10099.7119140625,352.29998779296875,385.2686767578125,388.6000061035156,1157.8052978515625,662.0947875976562,3491.43017578125,4809.45361328125,4525.580078125,2105.906005859375,264.8658447265625,494.13861083984375,96.47093963623047,193.51095581054688,287.7279968261719,344.71734619140625,86.8629150390625,2723.359619140625,159.89984130859375,254.71388244628906,,771.116943359375,181.10694885253906,351.5309753417969,56.809120178222656,,33.814781188964844,5174.56396484375,74.6850814819336,249.3403778076172,90.8328857421875,1926.5078125,464.9724426269531
2024-08-28,2192.023193359375,578.1122436523438,2925.274169921875,224.92694091796875,137.76327514648438,81.17510223388672,269.09210205078125,788.7958984375,315.03173828125,845.3704223632812,13195.8349609375,1347.616943359375,47.24406433105469,223.81594848632812,,79.26252746582031,56.226295471191406,431.1767883300781,137.77145385742188,,2380.2353515625,32.56734848022461,,175.7123260498047,2517.98486328125,4387.052734375,24.061534881591797,6.254702568054199,13.05152416229248,337.0067138671875,,3656.363037109375,47.82963943481445,15635.0,4161.14453125,1650.4798583984375,2555.7353515625,659.0474853515625,31.80742073059082,3159.057861328125,2157.02099609375,296.40411376953125,3.3053481578826904,137.2802734375,283.151123046875,224.1101531982422,58.151920318603516,551.9389038085938,10218.67578125,9029.68359375,57.19089889526367,644.5580444335938,,338.6562805175781,118.94213104248047,87.18888092041016,95.10211944580078,337.6875305175781,10099.7119140625,338.79998779296875,384.4338073730469,389.29998779296875,1160.21240234375,657.2969970703125,3521.42529296875,4753.0068359375,4581.78515625,2095.0458984375,265.0537109375,500.13787841796875,96.719970703125,193.4514923095703,288.5272216796875,344.71734619140625,87.3270263671875,2694.376953125,160.95233154296875,255.00091552734375,,767.3193969726562,181.0237579345703,348.1325988769531,56.52833557128906,,33.875022888183594,5202.35546875,74.78500366210938,249.8087158203125,90.34503936767578,1948.502197265625,469.81689453125
2024-08-29,2195.946533203125,582.300048828125,2919.27978515625,229.48492431640625,137.46986389160156,82.11181640625,269.2838134765625,812.0828857421875,319.89935302734375,848.8338012695312,13269.8115234375,1372.60986328125,47.05463409423828,225.96514892578125,,79.56614685058594,56.435279846191406,434.37408447265625,138.07127380371094,,2404.2275390625,32.55785369873047,,177.233642578125,2487.969482421875,4449.0390625,24.193273544311523,6.269354820251465,13.17072582244873,334.8501892089844,,3702.35498046875,48.341976165771484,15875.0,4179.30322265625,1650.4798583984375,2602.730712890625,660.1463623046875,32.31385803222656,3168.05517578125,2163.015380859375,299.8774108886719,3.329458236694336,138.0301513671875,282.85125732421875,223.71047973632812,58.31184387207031,550.9458618164062,10228.6748046875,9020.83984375,57.41178512573242,655.3941650390625,,340.35601806640625,118.99150848388672,87.94184112548828,95.49564361572266,342.68292236328125,10134.6953125,337.8999938964844,391.45654296875,391.0,1178.0247802734375,653.2987670898438,3577.416015625,4790.4716796875,4516.21240234375,2132.56298828125,268.05926513671875,500.13787841796875,97.16056823730469,197.23727416992188,289.9259033203125,344.71734619140625,87.8468246459961,2709.3681640625,162.8659210205078,259.1153869628906,,776.1138305664062,181.93885803222656,352.3305969238281,56.80006408691406,,34.20404052734375,5250.4560546875,74.00557708740234,252.43136596679688,90.19493103027344,1997.48974609375,467.9171142578125
2024-08-30,2166.5234375,585.4907836914062,2915.283447265625,229.8812713623047,135.76812744140625,82.01216888427734,269.2838134765625,801.2286987304688,322.3331298828125,850.8334350585938,13269.8115234375,1362.61279296875,46.89361572265625,228.3142547607422,,79.52819061279297,56.86233901977539,429.0286865234375,138.92080688476562,,2398.2294921875,32.65277862548828,,177.9943084716797,2471.4765625,4463.0361328125,24.193273544311523,6.2858381271362305,13.053302764892578,336.0264587402344,,3683.3583984375,48.246219635009766,16200.0,4163.05615234375,1655.9765625,2605.73046875,666.0405883789062,32.45153045654297,3178.052490234375,2178.00146484375,298.75225830078125,3.361605644226074,137.93017578125,284.0506896972656,223.61058044433594,58.471763610839844,551.7402954101562,10248.6728515625,8901.4462890625,57.374969482421875,652.3948974609375,,342.15582275390625,119.6827392578125,87.86460876464844,95.68303680419922,344.8808898925781,10159.681640625,341.20001220703125,389.541259765625,390.6000061035156,1175.61767578125,651.6995849609375,3538.42236328125,4765.4951171875,4544.31494140625,2141.44873046875,269.7499084472656,496.33831787109375,96.9306869506836,195.9489288330078,292.1238098144531,342.1194763183594,87.8468246459961,2679.38623046875,162.57887268066406,260.26361083984375,,778.912109375,182.52117919921875,353.530029296875,56.32906723022461,,34.644283294677734,5244.0419921875,74.36531829833984,255.3350372314453,90.23246002197266,2005.4876708984375,466.7772521972656
2024-09-02,2172.407958984375,588.681396484375,2903.294677734375,227.8995361328125,133.90988159179688,81.85272979736328,270.2424621582031,807.8399047851562,323.59869384765625,876.8283081054688,13271.8115234375,1324.1236572265625,46.51475524902344,227.06472778320312,,78.88301086425781,56.726043701171875,429.8778991699219,139.6204071044922,,2401.228515625,32.890079498291016,,178.8394775390625,2472.975830078125,4421.04541015625,24.353246688842773,6.307816982269287,13.076432228088379,333.2818298339844,,3704.354736328125,48.38985824584961,16340.0,4155.41015625,1649.4805908203125,2574.733642578125,665.241455078125,32.27452087402344,3146.061767578125,2181.998046875,300.5622863769531,3.369642496109009,134.8306121826172,281.3520812988281,224.1101531982422,58.091949462890625,544.987548828125,10153.6845703125,8824.50390625,57.02523422241211,651.3306274414062,,339.8561096191406,120.12711334228516,87.49778747558594,96.22647094726562,342.5829772949219,10104.7099609375,341.0,388.3135070800781,392.0,1177.5433349609375,651.0999145507812,3552.420166015625,4697.0595703125,4558.88720703125,2135.52490234375,270.2195129394531,464.2423095703125,100.43628692626953,198.0697479248047,295.720458984375,339.9212951660156,87.36415100097656,2682.8837890625,163.19122314453125,261.0290832519531,,770.9171142578125,183.6858673095703,355.9288635253906,56.591739654541016,,34.7693977355957,5254.7314453125,75.56444549560547,252.15037536621094,91.3582534790039,1981.4937744140625,471.1467590332031
2024-09-03,2067.9560546875,582.8982543945312,2914.284423828125,227.8995361328125,131.5821990966797,81.31461334228516,270.3383483886719,772.4161376953125,324.08544921875,868.8299560546875,13185.8388671875,1310.1275634765625,45.11296844482422,222.9662628173828,,77.3839111328125,56.0445671081543,415.98992919921875,140.36996459960938,,2404.2275390625,32.880584716796875,,176.13491821289062,2463.47998046875,4409.04833984375,24.296785354614258,6.312396049499512,12.747298240661621,321.4208984375,,3675.35986328125,47.84879684448242,16330.0,4218.48681640625,1653.9779052734375,2562.73486328125,657.748779296875,30.76503562927246,3110.072509765625,2190.98974609375,297.9206237792969,3.3142778873443604,133.53079223632812,280.4525451660156,222.81124877929688,57.232364654541016,539.2278442382812,10158.6845703125,8688.3076171875,56.049659729003906,649.1053466796875,,341.8558044433594,119.2383804321289,88.30867004394531,94.970947265625,333.39154052734375,10089.7177734375,351.3999938964844,390.42523193359375,398.3999938964844,1069.2247314453125,645.3024291992188,3552.420166015625,4592.1591796875,4624.4599609375,2136.51220703125,264.4901428222656,472.2413330078125,99.63172149658203,196.42462158203125,298.1181640625,335.924560546875,87.54978942871094,2610.427734375,160.8566436767578,258.636962890625,,753.5280151367188,181.68927001953125,361.52618408203125,54.807395935058594,,34.078922271728516,5299.62548828125,75.60441589355469,249.05935668945312,90.26998901367188,1960.4991455078125,471.6217041015625
2024-09-04,2057.16748046875,571.1326293945312,2928.271484375,222.44976806640625,130.643310546875,79.87965393066406,269.2838134765625,726.6317138671875,319.31524658203125,862.6310424804688,13041.8837890625,1312.127197265625,44.516258239746094,223.6160125732422,,76.4161376953125,56.26263427734375,413.49212646484375,140.91964721679688,,2434.218017578125,32.75718688964844,,177.8252716064453,2448.98583984375,4377.0546875,24.57908821105957,6.302322864532471,12.599632263183594,311.4224548339844,,3623.36865234375,47.221534729003906,16085.0,4260.5380859375,1662.97216796875,2543.73681640625,658.0484619140625,29.58989715576172,3080.08154296875,2226.95654296875,294.2027587890625,3.3165102005004883,133.18084716796875,275.85498046875,224.01023864746094,57.03246307373047,536.2487182617188,10138.6875,8874.9150390625,55.12009811401367,621.7247314453125,,344.6554870605469,118.20152282714844,86.53245544433594,94.55867767333984,335.28973388671875,10044.7412109375,350.5,384.4829406738281,410.5,1057.6707763671875,633.3080444335938,3553.420166015625,4576.673828125,4662.970703125,2054.566650390625,262.2359924316406,480.6402893066406,101.10675048828125,191.84600830078125,296.1200256347656,335.5248718261719,88.42232513427734,2580.945068359375,159.5171356201172,254.80953979492188,,749.5304565429688,180.1918487548828,362.7255859375,54.49943161010742,,34.06965637207031,5303.90087890625,76.72358703613281,244.37603759765625,89.1441879272461,1955.50048828125,471.33673095703125
2024-09-05,2061.5810546875,559.56640625,2812.0615234375,219.97259521484375,128.84376525878906,79.38140106201172,271.8721923828125,710.4491577148438,316.9787902832031,865.8305053710938,12536.04296875,1302.1298828125,44.71516036987305,228.46420288085938,,76.18843078613281,57.7982292175293,411.3439636230469,143.11839294433594,,2428.219970703125,32.95652389526367,,177.233642578125,2429.493896484375,4337.0634765625,24.73906135559082,6.40580415725708,12.6316556930542,312.01055908203125,,3578.376708984375,46.91987609863281,16060.0,4172.61279296875,1637.98779296875,2487.742431640625,660.2463989257812,29.545644760131836,3075.0830078125,2218.9638671875,286.9136657714844,3.349550485610962,134.23069763183594,276.55462646484375,226.70794677734375,57.55221176147461,529.694580078125,10093.6923828125,8711.3017578125,55.25815200805664,599.0848999023438,,345.8553161621094,120.0777359008789,85.41267395019531,92.67537689208984,338.8864440917969,9968.7802734375,351.20001220703125,380.6523132324219,423.5,1059.114990234375,633.1602783203125,3485.43115234375,4586.66455078125,4683.78857421875,1922.7623291015625,259.4182434082031,477.84063720703125,100.4937515258789,189.7251739501953,296.9193115234375,338.7222595214844,87.8096923828125,2572.950439453125,158.08193969726562,250.9821319580078,,763.1219482421875,183.93544006347656,366.0240173339844,54.852684020996094,,34.13453674316406,5327.4169921875,78.12255096435547,241.0977020263672,88.95655822753906,1962.4986572265625,469.1519775390625
2024-09-06,1985.0806884765625,549.7949829101562,2790.076416015625,218.68446350097656,125.51850891113281,78.98280334472656,268.61279296875,671.9664916992188,311.040283203125,857.0322265625,12646.0087890625,1293.63232421875,43.872196197509766,220.76710510253906,,74.1959457397461,56.49888229370117,405.34918212890625,143.2183380126953,,2445.21435546875,32.73820495605469,,175.5432891845703,2399.006591796875,4297.07177734375,24.484989166259766,6.45708703994751,12.443069458007812,311.03033447265625,,3603.372314453125,46.1202392578125,16035.0,4213.70849609375,1650.4798583984375,2489.742431640625,648.158203125,28.49834632873535,3074.083251953125,2226.95654296875,287.7453308105469,3.2740941047668457,133.58079528808594,274.8554992675781,224.90948486328125,56.39276885986328,532.47509765625,10178.6806640625,8576.873046875,53.7947883605957,592.1187744140625,,347.65509033203125,117.41154479980469,84.50525665283203,92.3849105834961,328.0964050292969,9920.806640625,336.0,375.98687744140625,422.3999938964844,1050.9310302734375,619.7653198242188,3518.425537109375,4511.73486328125,4723.33984375,1885.2449951171875,257.5397644042969,462.6425476074219,100.1297836303711,189.01162719726562,296.1200256347656,332.9270324707031,87.23419952392578,2514.4853515625,154.17820739746094,247.8245391845703,,749.7303466796875,180.77418518066406,366.423828125,54.21865463256836,,33.57381057739258,5328.48583984375,76.40381622314453,238.56871032714844,86.3109359741211,1937.505126953125,464.9724426269531
2024-09-09,1990.4749755859375,562.1588134765625,2836.044921875,212.045654296875,126.90728759765625,81.73314666748047,271.9680480957031,667.5261840820312,313.76611328125,859.6317138671875,12707.9892578125,1295.6317138671875,44.32682800292969,223.91590881347656,,73.66462707519531,56.85325241088867,406.29833984375,142.86854553222656,,2484.201904296875,33.136871337890625,,174.6136016845703,2437.990478515625,4423.044921875,24.682598114013672,6.459835052490234,12.524909019470215,317.7940368652344,,3689.357421875,46.57991027832031,16650.0,4297.810546875,1662.4727783203125,2532.73779296875,660.446044921875,28.749107360839844,3093.07763671875,2254.931396484375,292.0013732910156,3.3276727199554443,135.83047485351562,274.1558837890625,225.4090576171875,57.232364654541016,539.4264526367188,10373.65625,8474.2822265625,53.60151290893555,596.1823120117188,,352.7544250488281,119.6827392578125,85.04583740234375,93.32188415527344,333.4914245605469,10059.7333984375,337.1000061035156,376.7235107421875,414.5,1067.780517578125,613.3677368164062,3583.4150390625,4572.67724609375,4669.2158203125,1880.30859375,250.965087890625,475.5409240722656,101.2983169555664,190.85496520996094,299.516845703125,337.1235656738281,87.95821380615234,2544.46728515625,155.57513427734375,251.8433380126953,,762.5223388671875,183.6858673095703,368.5227966308594,55.21498489379883,,33.926002502441406,5380.86181640625,76.52373504638672,238.75604248046875,86.08578491210938,1960.4991455078125,474.851318359375
2024-09-10,1970.369140625,563.5548095703125,2843.0400390625,207.19041442871094,127.57234954833984,82.23139190673828,271.20111083984375,663.579345703125,312.597900390625,859.6317138671875,12402.0859375,1300.63037109375,44.307884216308594,216.61865234375,,65.44804382324219,56.49888229370117,397.1063232421875,139.97021484375,,2472.205810546875,33.18433380126953,,173.17678833007812,2415.99951171875,4439.04150390625,24.569679260253906,6.485476016998291,12.242033004760742,317.8919982910156,,3684.3583984375,46.225582122802734,16640.0,4292.07666015625,1669.968017578125,2524.73876953125,648.3580322265625,28.045991897583008,3083.080322265625,2254.931396484375,291.8056335449219,3.2941858768463135,140.47979736328125,274.1558837890625,224.21005249023438,56.45273971557617,543.5972900390625,10373.65625,8454.826171875,50.987701416015625,592.5057983398438,,356.5539855957031,117.70777893066406,85.2389144897461,92.58167266845703,325.4988098144531,10019.75390625,338.70001220703125,369.8481140136719,407.20001220703125,1069.7061767578125,601.17236328125,3600.412353515625,4556.6923828125,4703.5634765625,1871.91650390625,252.56178283691406,474.7409973144531,101.12591552734375,190.81532287597656,298.9174499511719,333.72637939453125,87.64261627197266,2506.989990234375,155.3455047607422,251.74761962890625,,749.33056640625,180.52459716796875,367.42333984375,54.22771072387695,,33.434791564941406,5344.51953125,75.42455291748047,232.94871520996094,83.17748260498047,1965.498046875,472.57159423828125
2024-09-11,1963.994140625,560.5634765625,2850.03515625,210.8566131591797,127.35718536376953,82.11181640625,271.5845642089844,688.8396606445312,311.33233642578125,855.0325927734375,12304.1171875,1300.63037109375,43.93849563598633,215.06922912597656,,67.44051361083984,56.88959884643555,397.9056091308594,142.56871032714844,,2457.210693359375,33.50706481933594,,172.4161376953125,2432.992431640625,4373.0556640625,24.71082878112793,6.459835052490234,12.215344429016113,317.7940368652344,,3661.362060546875,46.359657287597656,16635.0,4326.4814453125,1653.478271484375,2515.73974609375,648.4580078125,28.400007247924805,3098.076171875,2237.94677734375,289.2618408203125,3.29999041557312,139.7799072265625,275.85498046875,223.81040954589844,57.41227340698242,541.2139892578125,10373.65625,8755.5205078125,51.245399475097656,587.2811889648438,,351.65460205078125,116.72029876708984,84.7176284790039,91.3261489868164,330.29437255859375,10184.66796875,325.20001220703125,361.1556396484375,429.70001220703125,1070.6690673828125,612.9679565429688,3584.4150390625,4626.126953125,4756.64697265625,1879.8148193359375,252.4678497314453,479.0404968261719,100.14894104003906,192.67848205566406,298.7176208496094,332.5273132324219,87.67974090576172,2508.489013671875,155.13499450683594,250.5994110107422,,755.5267333984375,180.77418518066406,366.5237731933594,54.51755142211914,,33.508934020996094,5310.314453125,76.52373504638672,234.0727081298828,83.68408203125,1982.4935302734375,475.70623779296875
2024-09-12,2022.35009765625,565.5490112304688,2873.019287109375,216.5045623779297,127.6701431274414,84.38384246826172,272.92669677734375,712.8173828125,315.90789794921875,861.4312744140625,12046.1982421875,1324.62353515625,44.11845779418945,218.5179443359375,,67.7061767578125,57.671024322509766,402.6514587402344,145.167236328125,,2451.21240234375,33.79182434082031,,173.4303436279297,2504.962646484375,4463.0361328125,25.002540588378906,6.485476016998291,12.320311546325684,331.3213195800781,,3755.345947265625,46.88636016845703,16840.0,4342.728515625,1637.4881591796875,2544.73681640625,654.9515380859375,28.768774032592773,3192.048095703125,2244.940185546875,292.4905090332031,3.3343698978424072,144.879150390625,279.6529846191406,225.00938415527344,57.8720588684082,538.8306274414062,10468.6435546875,8958.931640625,51.2361946105957,587.0877075195312,,351.7545471191406,116.81905364990234,84.83346557617188,92.23500061035156,331.7929992675781,10284.615234375,319.70001220703125,358.70013427734375,428.3999938964844,1128.92041015625,615.766845703125,3641.405517578125,4716.0419921875,4749.361328125,1891.662353515625,247.020263671875,493.7386474609375,98.46319580078125,197.39584350585938,295.5206298828125,332.9270324707031,88.58940124511719,2535.472900390625,157.20169067382812,253.1829071044922,,758.5248413085938,181.60609436035156,368.8226623535156,55.16970443725586,,34.47282028198242,5265.42041015625,76.72358703613281,236.0397186279297,84.39708709716797,2035.47998046875,478.3659362792969
2024-09-13,2064.03271484375,564.5518798828125,2895.004150390625,216.5045623779297,127.63102722167969,82.98873901367188,274.74810791015625,724.263427734375,319.31524658203125,871.8292846679688,11924.2373046875,1336.6202392578125,44.59203338623047,221.06698608398438,,69.5658187866211,57.58015441894531,403.8504333496094,147.06614685058594,,2435.217529296875,34.2474479675293,,173.7684326171875,2468.977294921875,4493.02978515625,25.23779296875,6.518443584442139,12.460862159729004,340.5356140136719,,3770.343505859375,47.16407775878906,16840.0,4350.37451171875,1632.4912109375,2575.7333984375,658.0484619140625,29.329303741455078,3199.046142578125,2241.943115234375,294.545166015625,3.3531224727630615,148.8785858154297,283.9507141113281,225.60888671875,58.01198959350586,550.9458618164062,10478.642578125,9020.83984375,52.220977783203125,588.345458984375,,351.1546630859375,116.17719268798828,84.56317138671875,91.97265625,335.68939208984375,10304.6064453125,330.79998779296875,360.1242980957031,446.3999938964844,1149.6212158203125,623.7637939453125,3631.407470703125,4752.50732421875,4785.791015625,1891.662353515625,249.46229553222656,501.13775634765625,99.03787994384766,198.85267639160156,289.5262756347656,339.7214660644531,88.6822280883789,2552.962158203125,156.9720458984375,255.4793701171875,,762.922119140625,180.9405517578125,364.3248291015625,55.31462478637695,,34.20404052734375,5279.31591796875,77.54298400878906,238.66238403320312,86.66744232177734,2065.472412109375,482.7354431152344
2024-09-16,2059.12890625,565.150146484375,2888.009033203125,217.29725646972656,126.57476806640625,83.04852294921875,275.61090087890625,710.3505249023438,320.3861083984375,877.4281616210938,12012.2080078125,1335.1204833984375,44.6109733581543,220.9170379638672,,68.80677795410156,57.507469177246094,405.7987976074219,147.4159698486328,,2459.2099609375,34.35186004638672,,173.7684326171875,2464.979248046875,4551.01708984375,25.32248306274414,6.531264781951904,12.555155754089355,346.9071350097656,,3772.3427734375,46.96440887451172,16890.0,4355.15283203125,1630.9920654296875,2599.73095703125,654.052490234375,28.567180633544922,3238.034423828125,2238.945556640625,297.1867980957031,3.3388350009918213,154.27783203125,290.1474609375,226.40821838378906,58.13193130493164,546.9736328125,10498.640625,8941.244140625,52.03690719604492,583.9916381835938,,361.35333251953125,116.27593994140625,83.7522964477539,92.20689392089844,336.288818359375,10404.552734375,337.79998779296875,359.3876647949219,442.5,1147.695556640625,614.7672119140625,3639.406005859375,4769.4912109375,4772.259765625,1871.91650390625,248.05345153808594,495.7384033203125,98.96125030517578,198.35714721679688,294.32177734375,337.92291259765625,88.7379150390625,2536.9716796875,155.86216735839844,256.053466796875,,758.9246215820312,180.52459716796875,370.4219055175781,55.45048904418945,,34.384769439697266,5291.07373046875,78.36238098144531,238.1940460205078,85.44783020019531,2055.47509765625,486.34503173828125
2024-09-17,2095.907958984375,573.9244384765625,2877.0166015625,219.08082580566406,126.86817932128906,82.709716796875,276.4736633300781,716.36962890625,325.740478515625,883.6270141601562,11964.2236328125,1272.6383056640625,46.685245513916016,224.91554260253906,,69.1863021850586,58.56148147583008,410.0950927734375,147.61582946777344,,2458.2099609375,34.31389236450195,,173.4303436279297,2524.454345703125,4631.0,25.10605239868164,6.578884601593018,12.649447441101074,352.200439453125,,3821.33447265625,47.303680419921875,17435.0,4336.99462890625,1608.506103515625,2639.726806640625,661.1453857421875,29.486642837524414,3254.02978515625,2207.97412109375,298.85009765625,3.3620522022247314,159.67703247070312,322.7303161621094,228.2066650390625,58.55173110961914,535.6528930664062,10428.6484375,9122.544921875,52.616729736328125,587.9584350585938,,370.2521667480469,118.0040283203125,83.46269226074219,91.85084533691406,340.88458251953125,10509.4990234375,352.8999938964844,361.7940673828125,440.1000061035156,1153.4725341796875,629.9614868164062,3647.404541015625,4784.9765625,4798.28076171875,1901.5352783203125,250.02584838867188,494.9385070800781,98.55897521972656,198.85267639160156,298.7176208496094,341.32012939453125,89.10920715332031,2559.458251953125,159.1726837158203,260.26361083984375,,769.1182250976562,181.68927001953125,369.0225830078125,55.61351776123047,,34.71842575073242,5277.17822265625,77.56297302246094,244.0950469970703,86.61115264892578,2087.466552734375,487.294921875
2024-09-18,2082.66748046875,571.9302978515625,2869.022216796875,218.18902587890625,125.8901596069336,81.29468536376953,276.4736633300781,705.5155029296875,322.9172668457031,869.4298095703125,11852.259765625,1273.6380615234375,46.63788604736328,223.4160919189453,,70.70437622070312,58.28889846801758,409.9951171875,148.015625,,2433.218017578125,34.162017822265625,,172.92324829101562,2482.9716796875,4497.029296875,24.90843963623047,6.49646520614624,12.676133155822754,345.5348205566406,,3790.33984375,47.05649948120117,17320.0,4258.62646484375,1603.0093994140625,2577.733154296875,657.6488647460938,29.67348289489746,3217.040771484375,2181.998046875,295.4746398925781,3.3647308349609375,150.17840576171875,326.42840576171875,221.71217346191406,57.85206604003906,530.489013671875,10378.6552734375,9423.240234375,53.02168655395508,576.541748046875,,367.3525085449219,117.11529541015625,82.72904205322266,91.86022186279297,334.6903076171875,10329.591796875,349.6000061035156,359.2894287109375,435.5,1148.177001953125,631.7608032226562,3590.4140625,4760.9990234375,4857.6083984375,1884.75146484375,252.09214782714844,495.9383850097656,98.61643981933594,197.79226684570312,296.9193115234375,339.9212951660156,88.6822280883789,2552.462646484375,158.56033325195312,256.24481201171875,,774.7147216796875,180.2750244140625,368.2229309082031,55.45954513549805,,34.695255279541016,5214.11279296875,78.02263641357422,245.03170776367188,86.8926010131836,2085.46728515625,481.5955810546875
2024-09-19,2158.677490234375,581.9011840820312,2891.0068359375,225.02603149414062,130.5063934326172,82.74958038330078,279.7330627441406,737.9790649414062,329.0504150390625,884.8267822265625,11894.24609375,1290.6331787109375,47.45243835449219,227.56454467773438,,72.2414321899414,59.2156982421875,417.0889892578125,146.4665069580078,,2420.222412109375,34.389827728271484,,174.95166015625,2550.943603515625,4563.0146484375,24.484989166259766,6.38565731048584,12.8576021194458,354.6510925292969,,3877.32470703125,48.11307907104492,17375.0,4272.00634765625,1573.5277099609375,2650.725830078125,668.637939453125,30.3225154876709,3303.014892578125,2168.0107421875,301.9320373535156,3.395092248916626,156.47750854492188,331.6256408691406,224.60972595214844,58.471763610839844,537.2417602539062,10318.6630859375,9502.8359375,54.310184478759766,594.0537719726562,,369.1523132324219,119.38650512695312,82.43944549560547,92.23500061035156,341.0843811035156,10384.564453125,359.29998779296875,372.2545166015625,427.79998779296875,1183.3203125,650.3536987304688,3622.408935546875,4906.861328125,4762.89208984375,1966.6968994140625,251.24684143066406,524.9347534179688,99.72750854492188,204.2538604736328,292.923095703125,347.91473388671875,87.64261627197266,2593.43798828125,162.57887268066406,264.28240966796875,,779.1119384765625,183.35308837890625,365.3243408203125,56.745723724365234,,35.12622833251953,5187.390625,76.10404968261719,248.02902221679688,88.03715515136719,2163.447265625,483.87530517578125
2024-09-20,2088.061767578125,575.3204345703125,2823.0537109375,215.8109588623047,127.96354675292969,82.15167999267578,279.7330627441406,707.1929931640625,329.0504150390625,874.6287231445312,11776.283203125,1269.63916015625,46.03170394897461,226.6648712158203,,69.86943817138672,58.861331939697266,409.19580078125,145.96678161621094,,2412.224853515625,34.4088134765625,,173.68389892578125,2493.46728515625,4471.03466796875,24.53203773498535,6.4012250900268555,12.704598426818848,357.7878112792969,,3811.336181640625,47.39576721191406,17150.0,4306.412109375,1535.051513671875,2604.73046875,659.8466796875,28.586849212646484,3302.015380859375,2168.0107421875,303.44854736328125,3.415630578994751,152.0281524658203,322.6304016113281,223.51065063476562,58.17190933227539,527.5098266601562,10313.6640625,9480.7255859375,50.610355377197266,572.6717529296875,,369.4523010253906,120.57147979736328,79.1959228515625,92.78781127929688,337.3878479003906,9970.7802734375,343.6000061035156,363.9057922363281,435.0,1177.5433349609375,626.7626953125,3619.4091796875,4797.96435546875,4698.35986328125,1905.484619140625,252.8435821533203,526.1346435546875,99.1719741821289,202.66819763183594,292.32366943359375,340.3209533691406,88.7007827758789,2560.457763671875,159.45973205566406,257.29736328125,,758.9246215820312,183.0203399658203,363.225341796875,56.147918701171875,,35.214271545410156,5187.390625,75.50447845458984,244.9380340576172,85.20391082763672,2103.462646484375,483.11541748046875
2024-09-23,2081.686767578125,576.5169677734375,2819.056640625,216.5045623779297,130.01739501953125,82.88909149169922,282.7048645019531,708.771728515625,331.7762756347656,885.0267333984375,11580.345703125,1274.6376953125,45.671791076660156,223.1162109375,,71.5772705078125,56.70787048339844,411.3938903808594,148.015625,,2410.2255859375,34.30439758300781,,171.99354553222656,2525.4541015625,4463.0361328125,24.69200897216797,6.465329647064209,12.767977714538574,358.964111328125,,3873.325439453125,47.55570602416992,17175.0,4336.0390625,1526.556640625,2567.734375,670.03662109375,28.5425968170166,3340.00390625,2199.981689453125,303.44854736328125,3.3513364791870117,154.07785034179688,327.82763671875,224.1101531982422,58.07196044921875,530.8861694335938,10353.658203125,9675.29296875,51.622745513916016,575.7677612304688,,375.951416015625,118.89276123046875,80.00679779052734,92.71284484863281,335.789306640625,10094.7158203125,346.29998779296875,361.25384521484375,442.5,1182.8389892578125,638.3582763671875,3663.402099609375,4824.9384765625,4723.33984375,1909.9273681640625,252.4678497314453,530.1341552734375,98.78884887695312,204.9971466064453,294.32177734375,344.5174865722656,88.7379150390625,2575.44873046875,160.26344299316406,258.25421142578125,,756.9259033203125,181.1901397705078,365.7241516113281,56.26567077636719,,34.04648971557617,5207.69970703125,75.88420867919922,245.68736267089844,87.0239486694336,2111.460693359375,486.9149475097656
2024-09-24,2219.975341796875,578.909912109375,2782.08203125,218.48629760742188,131.953857421875,82.98873901367188,283.4718017578125,717.9483642578125,331.0948486328125,883.8269653320312,11518.3642578125,1267.139892578125,46.287437438964844,226.31500244140625,,74.12004852294922,57.080406188964844,409.7952575683594,149.46478271484375,,2412.224853515625,34.32338333129883,,171.65548706054688,2547.94482421875,4437.04150390625,24.90843963623047,6.513864994049072,12.822301864624023,340.43756103515625,,3860.32763671875,48.0839958190918,17100.0,4351.330078125,1529.5548095703125,2559.735107421875,671.53515625,28.99987030029297,3362.997314453125,2187.99267578125,301.1982116699219,3.3732142448425293,153.2279815673828,325.52886962890625,225.7087860107422,59.25138854980469,530.2904052734375,10233.6748046875,9887.5478515625,52.303810119628906,594.1505126953125,,375.3515319824219,119.28775787353516,81.08797454833984,92.29122161865234,340.9844970703125,10089.7177734375,357.20001220703125,376.47796630859375,442.20001220703125,1187.171630859375,664.54833984375,3627.40771484375,5044.2314453125,4713.97265625,1983.4810791015625,253.68887329101562,526.5345458984375,99.30606842041016,204.9971466064453,292.5234375,343.3184814453125,89.14633178710938,2570.451904296875,162.98072814941406,259.59381103515625,,779.7116088867188,181.35650634765625,364.1249084472656,56.79100799560547,,34.53306579589844,5191.666015625,75.74431610107422,249.1530303955078,88.43119049072266,2133.454833984375,488.8147277832031
2024-09-25,2253.812255859375,593.068603515625,2784.08056640625,220.46803283691406,130.56507873535156,83.56671142578125,281.9379577636719,725.2501831054688,334.69683837890625,888.026123046875,11562.3505859375,1273.6380615234375,46.628414154052734,223.1162109375,,71.7860107421875,56.617008209228516,399.9038391113281,150.31430053710938,,2454.211669921875,33.69690704345703,,170.8948211669922,2496.466064453125,4461.03662109375,24.917850494384766,6.500128746032715,12.672005653381348,334.4581298828125,,3864.326904296875,47.914363861083984,18285.0,4463.1474609375,1526.056884765625,2595.7314453125,665.1414184570312,28.970367431640625,3296.01708984375,2196.98388671875,304.5247497558594,3.3732142448425293,153.87786865234375,321.4309997558594,225.4090576171875,58.151920318603516,529.694580078125,10378.6552734375,9776.998046875,51.429473876953125,597.4400634765625,,376.35137939453125,117.01654815673828,81.43549346923828,93.09701538085938,337.6875305175781,10084.7197265625,352.1000061035156,375.2502136230469,445.0,1191.98583984375,641.9569091796875,3630.407470703125,5072.20458984375,4775.3818359375,2006.1888427734375,255.00381469726562,531.7339477539062,98.11837768554688,199.9923858642578,295.720458984375,345.5166931152344,90.50153350830078,2530.475830078125,165.08567810058594,264.9521789550781,,762.72216796875,178.6112060546875,365.7241516113281,55.69022750854492,,35.098419189453125,5238.69775390625,75.78427124023438,249.8087158203125,87.36168670654297,2127.45654296875,491.8544006347656
2024-09-26,2392.59130859375,597.25634765625,2798.071044921875,231.6648406982422,131.38661193847656,83.44712829589844,283.5676574707031,749.7212524414062,335.0863037109375,876.8283081054688,11716.3017578125,1242.1468505859375,48.02073287963867,226.9647674560547,,74.51854705810547,57.4620361328125,383.5180969238281,149.21493530273438,,2429.219482421875,33.962684631347656,,172.4161376953125,2613.417724609375,4515.025390625,24.795520782470703,6.553243637084961,12.286303520202637,339.2612609863281,,3905.31982421875,48.95155334472656,18545.0,4404.849609375,1521.06005859375,2593.7314453125,679.1275024414062,30.125839233398438,3352.00048828125,2175.00439453125,307.26422119140625,3.461172342300415,154.07785034179688,324.729248046875,227.40736389160156,58.951534271240234,536.6459350585938,10258.6708984375,9489.5693359375,53.11372375488281,656.4584350585938,,373.95172119140625,117.75715637207031,81.87954711914062,91.72903442382812,345.9798583984375,10094.7158203125,366.20001220703125,401.3768005371094,444.0,1212.205322265625,681.3419799804688,3591.413818359375,5252.03515625,4802.44384765625,2188.8388671875,254.1585235595703,526.7345581054688,98.0034408569336,202.66819763183594,293.32269287109375,350.1129150390625,90.5943603515625,2413.546142578125,173.8882293701172,267.2486267089844,,803.096923828125,181.35650634765625,358.32769775390625,54.39681625366211,,36.79448699951172,5202.35546875,75.3446044921875,255.6160125732422,89.1441879272461,2197.438720703125,489.5746765136719
2024-09-27,2391.1201171875,589.4790649414062,2806.0654296875,238.10548400878906,130.8780517578125,84.3639144897461,284.23870849609375,747.2543334960938,332.55511474609375,873.4290161132812,11650.322265625,1239.647705078125,48.93000030517578,229.16392517089844,,76.98541259765625,57.51655578613281,387.8143310546875,150.46421813964844,,2439.21630859375,33.725379943847656,,170.72576904296875,2651.901611328125,4479.033203125,24.69200897216797,6.605442047119141,12.376843452453613,341.41778564453125,,3929.3154296875,49.329593658447266,17800.0,4405.80517578125,1536.0509033203125,2654.72509765625,680.2265014648438,32.1515998840332,3387.98974609375,2180.0,305.11181640625,3.456261157989502,155.52764892578125,324.8292541503906,229.3057403564453,59.371334075927734,534.6598510742188,10263.6708984375,9573.587890625,54.751956939697266,680.5496215820312,,375.951416015625,118.64588928222656,82.24637603759766,91.75714874267578,346.07977294921875,9736.90234375,384.20001220703125,398.724853515625,450.1000061035156,1221.8336181640625,699.735107421875,3567.417724609375,5303.98583984375,4884.67041015625,2203.6484375,255.6613006591797,524.9347534179688,98.6355972290039,203.85743713378906,299.516845703125,353.7099609375,88.34806823730469,2422.540771484375,174.9598388671875,269.44940185546875,,806.89453125,180.85736083984375,360.52667236328125,54.259220123291016,,37.05399703979492,5231.21484375,75.56444549560547,255.24136352539062,91.11433410644531,2197.438720703125,487.10491943359375
2024-09-30,2382.293212890625,583.6959838867188,2782.08203125,235.72738647460938,128.335205078125,84.02510070800781,282.8007507324219,735.7095336914062,332.55511474609375,867.630126953125,11584.34375,1237.1483154296875,48.21016311645508,224.46571350097656,,75.12577056884766,55.92644119262695,391.361328125,147.8157196044922,,2393.23095703125,32.77617263793945,,170.30320739746094,2601.922607421875,4433.04296875,24.833158493041992,6.570642948150635,12.38770866394043,340.63360595703125,,3930.3154296875,48.68014144897461,17575.0,4434.4765625,1515.5633544921875,2607.72998046875,668.5380859375,30.93712615966797,3304.014892578125,2171.00830078125,305.7966613769531,3.426793098449707,154.02784729003906,321.830810546875,226.10845947265625,58.77162170410156,530.8861694335938,10218.67578125,9958.2998046875,53.417442321777344,666.1336059570312,,372.5518798828125,118.10277557373047,82.01469421386719,91.02631378173828,343.5820617675781,9776.880859375,384.29998779296875,394.8942565917969,445.20001220703125,1222.7965087890625,694.3370971679688,3508.427490234375,5293.9951171875,4763.9326171875,2177.978759765625,254.1585235595703,527.134521484375,98.55897521972656,202.56907653808594,295.1210021972656,348.9139099121094,87.568359375,2423.540283203125,173.5054931640625,268.01409912109375,,792.5036010742188,179.1103515625,358.5276184082031,53.6629638671875,,36.484004974365234,5172.42529296875,74.98486328125,251.21371459960938,89.2755355834961,2165.44677734375,484.2552490234375
2024-10-01,2396.023681640625,593.26806640625,2780.08349609375,230.67396545410156,125.90972900390625,83.86566925048828,281.3627624511719,731.9600219726562,332.2630615234375,867.43017578125,11796.27734375,1273.13818359375,48.17227554321289,219.61753845214844,,73.75950622558594,55.55390167236328,400.6532287597656,144.66754150390625,,2417.223388671875,32.67176055908203,,165.5701904296875,2614.417236328125,4441.041015625,24.946081161499023,6.612768173217773,12.576032638549805,337.88897705078125,,3955.31103515625,48.24878692626953,17805.0,4384.779296875,1520.560302734375,2610.729736328125,664.0425415039062,30.096336364746094,3225.038330078125,2157.02099609375,303.39959716796875,3.335709571838379,149.47850036621094,317.4331359863281,225.30914306640625,58.17190933227539,531.4820556640625,10313.6640625,9471.8818359375,52.920448303222656,642.4295043945312,,377.0513000488281,116.32530975341797,81.97608184814453,90.7077407836914,340.0853271484375,9904.814453125,394.20001220703125,384.6302490234375,442.29998779296875,1237.7203369140625,691.3381958007812,3545.421142578125,5292.99609375,4735.83056640625,2119.728271484375,248.8987579345703,524.7348022460938,99.53594207763672,202.46998596191406,294.1219482421875,346.7156982421875,87.2898941040039,2476.50830078125,172.0894317626953,265.8133544921875,,778.7122192382812,174.53485107421875,359.3272399902344,54.4059944152832,,35.47841262817383,5199.1484375,75.06481170654297,249.05935668945312,87.53055572509766,2141.453125,483.495361328125
2024-10-02,2430.350830078125,594.6640014648438,2796.072265625,235.03378295898438,124.54049682617188,84.12474822998047,279.7330627441406,747.35302734375,333.0418701171875,859.2318115234375,11942.23046875,1298.1309814453125,49.1762580871582,220.11734008789062,,73.6456527709961,55.390350341796875,406.2483825683594,143.3182830810547,,2406.22705078125,32.69074249267578,,167.17604064941406,2614.9169921875,4433.04296875,24.767290115356445,6.512949466705322,12.782465934753418,327.79248046875,,3962.309814453125,48.350563049316406,17625.0,4348.462890625,1494.576416015625,2601.730712890625,675.3313598632812,30.125839233398438,3259.02783203125,2140.03662109375,303.39959716796875,3.318296432495117,140.32981872558594,311.93603515625,224.1101531982422,57.632171630859375,527.7084350585938,10343.66015625,9423.240234375,52.78239440917969,646.6865844726562,,368.3524169921875,117.31279754638672,82.1112289428711,91.10128021240234,333.7911682128906,9780.87890625,382.70001220703125,387.2821960449219,426.8999938964844,1233.8690185546875,720.1273803710938,3563.41845703125,5365.92724609375,4777.4638671875,2126.639404296875,249.46229553222656,518.7355346679688,97.86934661865234,201.92491149902344,288.9268798828125,348.3144226074219,87.9953384399414,2519.482421875,172.8166046142578,266.0047302246094,,794.902099609375,175.6995086669922,354.7294616699219,55.626014709472656,,34.93159103393555,5176.70166015625,73.6458511352539,248.31004333496094,87.09899139404297,2155.449462890625,482.54547119140625
2024-10-03,2376.408447265625,590.0773315429688,2801.069091796875,234.34017944335938,123.77764129638672,83.68629455566406,277.7199401855469,745.0836181640625,329.73193359375,847.4340209960938,11960.2255859375,1299.130859375,48.721622467041016,219.26766967773438,,72.50708770751953,54.59983825683594,408.6462707519531,142.41880798339844,,2413.224853515625,32.1971549987793,,164.13339233398438,2615.4169921875,4207.091796875,24.73906135559082,6.395730972290039,12.771598815917969,326.5181579589844,,3958.310546875,47.94828796386719,17755.0,4305.4560546875,1459.59814453125,2578.733154296875,684.3224487304688,29.265380859375,3239.0341796875,2143.03369140625,300.5622863769531,3.2915072441101074,142.42953491210938,310.5367431640625,223.01107788085938,57.41227340698242,528.7015380859375,10373.65625,9082.748046875,52.202571868896484,639.5269775390625,,370.2521667480469,115.93031311035156,81.06867218017578,91.3261489868164,329.3952331542969,9860.837890625,383.70001220703125,382.7640686035156,429.0,1222.7965087890625,702.9337768554688,3550.42041015625,5319.970703125,4761.85107421875,2109.855224609375,245.32965087890625,533.3338012695312,95.99203491210938,199.0013427734375,292.5234375,346.91552734375,88.47801971435547,2562.456298828125,171.821533203125,255.57505798339844,,796.9008178710938,170.29209899902344,363.8250732421875,56.433258056640625,,34.940860748291016,5131.8076171875,73.6858139038086,249.43402099609375,85.72927856445312,2127.63330078125,479.50579833984375
2024-10-04,2383.273681640625,592.071533203125,2802.068115234375,236.02464294433594,124.0514907836914,82.74958038330078,279.7330627441406,747.4517211914062,327.1033935546875,846.234375,11734.296875,1296.631591796875,49.1762580871582,226.16505432128906,,73.77848052978516,55.29948806762695,416.4895324707031,144.41766357421875,,2400.228759765625,32.624298095703125,,161.217529296875,2598.423828125,4207.091796875,24.73906135559082,6.369173049926758,12.968976974487305,333.2818298339844,,3861.327392578125,48.28755569458008,17940.0,4237.60107421875,1458.5986328125,2552.736083984375,691.1157836914062,29.860326766967773,3261.027587890625,2149.028076171875,300.7579345703125,3.3607125282287598,138.6300506591797,311.23638916015625,225.20921325683594,58.77162170410156,521.3529052734375,10233.6748046875,8614.017578125,52.754783630371094,640.3977661132812,,369.6522521972656,116.86841583251953,80.81768035888672,91.55101776123047,342.18341064453125,9932.80078125,389.5,386.34912109375,418.29998779296875,1226.1663818359375,708.7316284179688,3500.4287109375,5292.99609375,4743.1162109375,2110.842529296875,242.79368591308594,530.1341552734375,97.42875671386719,198.9022216796875,290.7251892089844,360.3045654296875,86.9186019897461,2575.947998046875,174.97897338867188,253.75704956054688,,827.4816284179688,170.5416717529297,362.02593994140625,57.469825744628906,,35.97888946533203,5113.63623046875,73.84571075439453,256.4590148925781,88.16850280761719,2153.628662109375,484.0653076171875
2024-10-07,2397.985107421875,590.2767333984375,2765.09375,236.12374877929688,124.59918212890625,82.03209686279297,280.21240234375,737.6829833984375,326.90869140625,852.6331176757812,11806.2734375,1300.63037109375,49.8203239440918,229.5637664794922,,73.85438537597656,56.162689208984375,421.7349853515625,146.0667266845703,,2399.2294921875,32.7097282409668,,164.5982666015625,2586.428955078125,4245.083984375,24.87080192565918,6.3554368019104,13.131949424743652,328.1845397949219,,3871.32568359375,48.40387725830078,18070.0,4194.59423828125,1479.0859375,2510.739990234375,694.5123901367188,29.929162979125977,3281.021484375,2146.031005859375,299.6328125,3.3959851264953613,134.28070068359375,312.8355407714844,224.80955505371094,59.131446838378906,522.9417724609375,10123.6884765625,8836.8857421875,53.076908111572266,657.7161865234375,,367.7524719238281,117.41154479980469,80.72115325927734,91.56975555419922,353.97247314453125,9826.85546875,405.0,387.5277404785156,443.3999938964844,1216.056640625,719.127685546875,3511.427001953125,5294.99462890625,4738.95263671875,2134.53759765625,244.29647827148438,526.5345458984375,96.60503387451172,198.5058135986328,291.92401123046875,358.30621337890625,87.04855346679688,2636.411865234375,176.41416931152344,252.32176208496094,,840.07373046875,171.20721435546875,359.6270751953125,58.0477294921875,,36.4886360168457,5098.67236328125,74.44526672363281,255.70968627929688,88.01839447021484,2155.62841796875,481.5955810546875
2024-10-08,2237.62939453125,595.8604125976562,2734.114990234375,232.8538818359375,123.5624771118164,81.7530746459961,278.87030029296875,742.1233520507812,325.83782958984375,856.63232421875,11674.3154296875,1291.133056640625,49.308860778808594,228.36422729492188,,72.35528564453125,56.244468688964844,406.0984802246094,144.96734619140625,,2402.228271484375,32.61480712890625,,166.246337890625,2541.447265625,4249.08251953125,25.030771255493164,6.389320373535156,12.851275444030762,326.02801513671875,,3862.327392578125,48.24393844604492,18025.0,4248.11376953125,1452.1026611328125,2499.741455078125,665.3412475585938,29.378469467163086,3215.041259765625,2233.950439453125,298.75225830078125,3.3808045387268066,131.7810516357422,309.83709716796875,222.41159057617188,58.23188018798828,524.5307006835938,10168.6826171875,8936.822265625,51.94486999511719,634.2056884765625,,371.8519592285156,117.16466522216797,80.45085144042969,91.42921447753906,348.2777404785156,9900.81640625,394.8999938964844,380.0138854980469,448.20001220703125,1216.5380859375,686.7399291992188,3536.422607421875,5039.236328125,4787.8720703125,2121.702880859375,247.39596557617188,527.534423828125,96.08781433105469,203.16371154785156,291.5244140625,353.90985107421875,88.34806823730469,2574.449462890625,172.39561462402344,250.79078674316406,,821.2855224609375,172.2054901123047,360.2267761230469,56.94694900512695,,36.33572006225586,5110.4296875,73.7857437133789,253.5553741455078,86.76126098632812,2121.63427734375,482.35546875
2024-10-09,2265.0908203125,601.2447509765625,2744.1083984375,233.7456512451172,124.6383056640625,82.33104705810547,281.26690673828125,757.3190307617188,328.46630859375,859.8316650390625,11752.291015625,1302.6298828125,51.01374053955078,230.56341552734375,,73.24715423583984,56.42618942260742,406.04852294921875,145.71693420410156,,2420.222412109375,32.937538146972656,,165.61245727539062,2552.44287109375,4271.07763671875,25.171920776367188,6.411298751831055,12.825923919677734,327.00830078125,,3860.32763671875,48.58320236206055,17950.0,4222.3095703125,1457.0994873046875,2517.739501953125,668.7379150390625,30.096336364746094,3256.029052734375,2250.934814453125,300.4644470214844,3.4004502296447754,132.3309783935547,315.93389892578125,224.40989685058594,59.21141052246094,528.1056518554688,10183.6806640625,8805.046875,52.460269927978516,635.076416015625,,382.8505554199219,116.72029876708984,81.04936218261719,93.01268005371094,349.47662353515625,9858.837890625,400.70001220703125,383.0587158203125,455.5,1236.276123046875,694.7369384765625,3553.420166015625,5043.232421875,4859.6904296875,2088.134521484375,249.55624389648438,530.9340209960938,96.89237976074219,205.98818969726562,292.5234375,356.5076599121094,88.36663055419922,2584.443603515625,176.49070739746094,249.7382354736328,,830.4797973632812,171.3735809326172,364.1249084472656,56.855220794677734,,36.49327087402344,5138.22119140625,74.38531494140625,253.83636474609375,87.66189575195312,2135.6318359375,483.87530517578125
2024-10-10,2254.79248046875,596.458740234375,2734.114990234375,230.5748748779297,125.08818817138672,81.85272979736328,282.2255554199219,752.4840087890625,325.1563720703125,860.2316284179688,11766.2861328125,1251.1444091796875,50.72959518432617,231.06321716308594,,72.71582794189453,56.26263427734375,410.4947204589844,145.5670166015625,,2428.219970703125,33.089412689208984,,167.0070037841797,2541.947265625,4201.0927734375,25.595375061035156,6.393898963928223,12.912841796875,316.2256164550781,,3855.328369140625,48.4474983215332,18185.0,4240.46826171875,1504.070556640625,2480.743408203125,671.53515625,29.904579162597656,3246.031982421875,2259.9267578125,298.1651916503906,3.437954902648926,130.4812469482422,311.9735107421875,223.31082153320312,59.411312103271484,517.5792846679688,10098.6923828125,8743.1396484375,52.64434051513672,633.7218627929688,,379.8509216308594,116.91780090332031,80.89491271972656,92.43177032470703,351.5746765136719,10044.7412109375,403.6000061035156,383.0587158203125,440.5,1219.907958984375,687.9395141601562,3548.4208984375,5064.21240234375,4866.97607421875,2088.134521484375,249.9319305419922,529.9342041015625,96.35600280761719,204.20431518554688,287.7279968261719,352.91064453125,88.14385223388672,2591.43896484375,175.438232421875,244.95399475097656,,833.877685546875,172.2054901123047,359.2691955566406,57.249664306640625,,37.072532653808594,5114.705078125,74.60514068603516,251.86935424804688,87.36168670654297,2123.6337890625,486.9149475097656
2024-10-11,2250.869873046875,600.4470825195312,2737.113037109375,231.46665954589844,129.99781799316406,82.55027770996094,284.81390380859375,760.4766235351562,325.83782958984375,869.4298095703125,11760.2880859375,1269.63916015625,50.8432502746582,235.761474609375,,71.89986419677734,56.480709075927734,409.0959167480469,144.0178985595703,,2430.21923828125,33.30773162841797,,168.40155029296875,2550.443603515625,4271.07763671875,25.53891372680664,6.470824241638184,12.96716594696045,323.2833557128906,,3911.318603515625,48.786766052246094,18540.0,4233.77783203125,1479.0859375,2494.74169921875,672.5341186523438,29.909496307373047,3266.026123046875,2263.9228515625,305.16070556640625,3.474567174911499,131.0811767578125,312.073486328125,222.81124877929688,59.91107177734375,521.551513671875,10118.689453125,8936.822265625,53.214962005615234,631.8836059570312,,380.0509338378906,116.27593994140625,81.08797454833984,93.1719741821289,352.67364501953125,10189.666015625,394.1000061035156,387.5768737792969,443.0,1230.0177001953125,676.1439819335938,3571.417236328125,5093.18505859375,4814.93408203125,2104.91845703125,252.09214782714844,537.13330078125,95.9154052734375,206.73147583007812,270.7440490722656,354.1096496582031,88.38519287109375,2590.439453125,177.8110809326172,244.66693115234375,,841.0730590820312,172.62144470214844,357.07000732421875,57.21297073364258,,37.14667892456055,5137.15185546875,73.74577331542969,250.74537658691406,86.91136169433594,2137.631591796875,493.18426513671875
2024-10-14,2259.20654296875,607.227294921875,2745.107421875,234.63743591308594,132.1494598388672,83.26776123046875,286.92291259765625,781.4940795898438,328.95306396484375,876.8283081054688,11932.234375,1299.130859375,51.165283203125,232.8125762939453,,72.33631134033203,57.17127227783203,408.0468444824219,144.6175537109375,,2458.2099609375,33.592491149902344,,168.06349182128906,2558.940185546875,4327.0654296875,25.858856201171875,6.571558475494385,12.996139526367188,324.0675354003906,,3926.316162109375,49.155113220214844,17430.0,4304.50048828125,1493.5771484375,2522.739013671875,675.1315307617188,30.52902603149414,3300.015869140625,2268.91796875,306.4815368652344,3.5026957988739014,129.83132934570312,312.1734313964844,224.3099822998047,59.61121368408203,537.0431518554688,10168.6826171875,9219.8291015625,53.15974044799805,617.0806274414062,,382.5505676269531,116.32530975341797,81.39688110351562,93.9777603149414,352.67364501953125,10264.6259765625,384.5,384.5811462402344,440.0,1243.497314453125,682.3416137695312,3603.411865234375,5129.1513671875,4849.2822265625,2096.033203125,253.21926879882812,538.5330810546875,97.29466247558594,209.65504455566406,274.3406677246094,357.7066955566406,89.42479705810547,2587.94091796875,177.25613403320312,246.5806427001953,,838.87451171875,171.3735809326172,356.3702392578125,57.323055267333984,,37.28569793701172,5154.25439453125,74.08552551269531,252.3376922607422,86.46105194091797,2123.6337890625,495.6539611816406
2024-10-15,2181.23486328125,595.4616088867188,2774.087646484375,237.51095581054688,132.775390625,83.70622253417969,288.64849853515625,659.2376098632812,329.0504150390625,877.628173828125,11846.2607421875,1295.1319580078125,50.142356872558594,233.96212768554688,,71.42546081542969,57.889095306396484,392.1605529785156,145.46707153320312,,2460.20947265625,34.00065231323242,,168.44381713867188,2578.43212890625,4361.05810546875,26.367000579833984,6.601778984069824,12.643031120300293,322.5971984863281,,3926.316162109375,48.27301025390625,17350.0,4264.36083984375,1493.0772705078125,2478.743408203125,668.5380859375,29.96849822998047,3287.02001953125,2269.917724609375,303.937744140625,3.5098397731781006,132.88088989257812,312.073486328125,223.11099243164062,60.05100631713867,533.6668090820312,10253.671875,9025.2626953125,52.70876693725586,605.0834350585938,,386.6500549316406,116.47343444824219,80.97212982177734,94.22136688232422,354.6718444824219,10239.640625,369.6000061035156,369.7007751464844,436.0,1225.6849365234375,661.5494995117188,3671.40087890625,5036.2392578125,4882.5888671875,2057.5283203125,254.81594848632812,540.5328369140625,96.4134750366211,207.92071533203125,276.9382019042969,361.3037414550781,89.03495025634766,2500.99365234375,174.94068908691406,244.95399475097656,,821.4854125976562,171.6231689453125,356.47021484375,54.571102142333984,,37.29496765136719,5202.35546875,74.24540710449219,250.18336486816406,86.10454559326172,2107.63671875,497.173828125
2024-10-16,2217.032958984375,595.4616088867188,2712.13037109375,222.64793395996094,132.9709930419922,82.31111907958984,288.7443542480469,625.4913330078125,329.4398193359375,882.627197265625,12020.20703125,1307.62841796875,51.032684326171875,236.9610137939453,,70.9131088256836,58.5887451171875,395.1080017089844,146.0667266845703,,2511.193359375,33.94369888305664,,168.6128387451172,2575.93310546875,4329.0654296875,26.5269718170166,6.671377182006836,12.708222389221191,321.6169738769531,,3918.317626953125,47.88043212890625,17430.0,4199.373046875,1495.076171875,2481.7431640625,672.134521484375,29.870161056518555,3325.008544921875,2292.896240234375,304.03558349609375,3.5004634857177734,136.3303985595703,315.9718933105469,228.9060821533203,61.17046356201172,532.077880859375,10318.6630859375,9144.6552734375,52.24858856201172,582.8306274414062,,393.34918212890625,116.9671630859375,80.97212982177734,94.44624328613281,354.7717590332031,10439.53515625,361.5,361.646728515625,434.20001220703125,1225.6849365234375,663.5487670898438,3682.39892578125,5034.2412109375,4899.2421875,2029.884033203125,253.21926879882812,559.9304809570312,96.14527893066406,208.76309204101562,274.3406677246094,368.69769287109375,90.33445739746094,2530.9755859375,173.18019104003906,244.09283447265625,,823.68408203125,169.8761444091797,354.97076416015625,54.497718811035156,,37.3552131652832,5185.2529296875,76.04408264160156,250.5580291748047,85.59793090820312,2137.631591796875,497.7437438964844
2024-10-17,2292.55224609375,609.8196411132812,2754.101318359375,223.24246215820312,138.193603515625,81.95237731933594,290.2781677246094,625.7872924804688,331.38690185546875,890.4256591796875,12020.20703125,1327.122802734375,51.809349060058594,245.00799560546875,,70.93209075927734,59.61549758911133,399.654052734375,148.1155548095703,,2526.188232421875,34.143035888671875,,170.2186737060547,2644.405029296875,4357.05908203125,26.5363826751709,6.703429698944092,12.822301864624023,325.73394775390625,,3966.30908203125,48.22455596923828,17785.0,4132.47314453125,1495.5758056640625,2489.742431640625,677.329345703125,30.37168312072754,3414.981689453125,2321.86962890625,301.8341979980469,3.5455586910247803,138.08013916015625,316.5716552734375,231.10421752929688,61.83014678955078,547.9667358398438,10488.6416015625,9003.1513671875,52.36823654174805,589.603271484375,,390.74951171875,124.17578125,83.01863861083984,94.59616088867188,362.464599609375,10449.5283203125,359.0,365.52642822265625,438.5,1235.794677734375,654.5521240234375,3724.39208984375,4941.3291015625,4967.93798828125,2040.744384765625,255.0977325439453,568.9293212890625,96.7582778930664,209.70460510253906,278.53668212890625,371.69525146484375,90.40872192382812,2552.962158203125,176.3184814453125,243.61439514160156,,836.4760131835938,172.455078125,361.96820068359375,54.83712387084961,,37.75374221801758,5191.666015625,74.96487426757812,248.21636962890625,85.05380249023438,2147.629638671875,500.5934143066406
2024-10-18,2333.744873046875,601.0453491210938,2744.1083984375,225.81871032714844,136.49185180664062,82.09188079833984,291.7161560058594,655.685302734375,330.99749755859375,885.2266845703125,11942.23046875,1324.1236572265625,52.339752197265625,242.15904235839844,,71.25467681884766,60.21519470214844,399.2544250488281,146.1666717529297,,2516.191650390625,34.2474479675293,,169.45802307128906,2650.40234375,4361.05810546875,26.611663818359375,6.714418411254883,12.767977714538574,318.5782165527344,,3928.315673828125,48.592899322509766,17760.0,4149.67626953125,1475.0885009765625,2493.74169921875,679.9268188476562,30.253677368164062,3401.985595703125,2305.884521484375,303.25286865234375,3.571901321411133,136.58038330078125,313.2729797363281,229.90524291992188,62.14999008178711,548.1653442382812,10533.6357421875,9308.2685546875,52.73637771606445,602.9549560546875,,385.85015869140625,125.06452178955078,82.99933624267578,94.61489868164062,360.3665771484375,10239.640625,366.70001220703125,366.066650390625,442.3999938964844,1241.5716552734375,673.1451416015625,3678.399658203125,4990.78173828125,4971.060546875,2062.46484375,256.6944274902344,567.3295288085938,96.56671905517578,210.9434051513672,279.3359375,372.69439697265625,89.79608917236328,2534.97314453125,177.5814666748047,243.99713134765625,,837.8751831054688,172.37188720703125,361.66827392578125,54.727046966552734,,37.837154388427734,5163.875,74.96487426757812,256.9273376464844,86.23588562011719,2159.627685546875,500.973388671875
2024-10-21,2317.071533203125,596.25927734375,2696.141357421875,220.56712341308594,135.7876739501953,81.53384399414062,288.7443542480469,648.8768920898438,329.0504150390625,878.0281372070312,11926.2353515625,1327.122802734375,52.26398468017578,239.66000366210938,,71.04594421386719,59.788143157958984,404.4998779296875,145.86683654785156,,2499.197021484375,33.905731201171875,,167.9366912841797,2621.9140625,4371.05615234375,26.24466896057129,6.718997001647949,12.90740966796875,316.1275939941406,,3879.32421875,48.18577575683594,17590.0,4099.0234375,1463.095947265625,2499.741455078125,674.7319946289062,29.476810455322266,3387.98974609375,2306.88330078125,301.7363586425781,3.5402004718780518,133.9307403564453,311.2737731933594,227.90695190429688,61.770172119140625,539.2278442382812,10613.6259765625,9409.9736328125,52.460269927978516,591.1512451171875,,383.0505065917969,123.48455047607422,83.36616516113281,94.10893249511719,356.3702697753906,10164.6787109375,354.5,357.2268371582031,440.1000061035156,1231.4619140625,657.1511840820312,3646.40478515625,4958.31298828125,5021.0205078125,2039.7572021484375,256.3187255859375,566.9295654296875,95.61848449707031,208.86221313476562,277.53759765625,369.0973205566406,87.71688079833984,2549.46435546875,177.1030731201172,241.3179473876953,,836.0762329101562,171.3735809326172,357.07000732421875,54.98389434814453,,37.58228302001953,5120.04931640625,74.44526672363281,254.86669921875,85.4103012084961,2123.6337890625,499.8335266113281
2024-10-22,2333.744873046875,596.0598754882812,2643.177978515625,218.08995056152344,138.13491821289062,81.29468536376953,283.5676574707031,657.9548950195312,327.8822021484375,876.228515625,11860.255859375,1339.619384765625,51.92300796508789,242.1090850830078,,71.36853790283203,59.69727325439453,406.0984802246094,144.11782836914062,,2484.201904296875,33.601985931396484,,168.5283203125,2605.920654296875,4303.07080078125,25.952957153320312,6.56606388092041,12.927329063415527,314.4612121582031,,3841.3310546875,48.14215850830078,17695.0,4052.19384765625,1452.602294921875,2472.744140625,680.8258666992188,29.181795120239258,3381.99169921875,2293.895263671875,299.9752502441406,3.5102860927581787,134.08071899414062,312.073486328125,226.30828857421875,61.97007751464844,536.050048828125,10518.6376953125,9308.2685546875,52.81000518798828,595.9888305664062,,380.2508850097656,123.13892364501953,82.5552749633789,92.58167266845703,358.3684387207031,10054.736328125,359.70001220703125,360.7136535644531,433.29998779296875,1228.573486328125,659.7501831054688,3592.41357421875,4996.27685546875,4957.529296875,2034.8204345703125,255.6613006591797,561.1303100585938,94.19133758544922,213.3218994140625,276.1389465332031,369.0973205566406,87.02999114990234,2562.456298828125,175.5721893310547,239.88267517089844,,846.669677734375,172.787841796875,355.9703674316406,55.26826477050781,,37.37374496459961,5086.9140625,73.66584014892578,252.7123565673828,85.67298889160156,2137.631591796875,494.32415771484375
2024-10-23,2278.82177734375,588.681396484375,2624.19091796875,214.0273895263672,138.07623291015625,81.3744125366211,281.84210205078125,650.0609130859375,323.7934265136719,871.62939453125,11824.2685546875,1322.6241455078125,51.44942855834961,238.06057739257812,,71.69112396240234,59.27022171020508,402.3517761230469,142.81858825683594,,2505.1953125,33.32671356201172,,170.55674743652344,2573.933837890625,4291.0732421875,26.018829345703125,6.572474479675293,12.838600158691406,310.3442077636719,,3839.3310546875,47.99675750732422,17710.0,4033.079833984375,1447.105712890625,2473.744140625,679.2275390625,29.845577239990234,3299.016357421875,2295.8935546875,300.0730895996094,3.468316078186035,134.4806671142578,309.8743591308594,224.3099822998047,61.59025955200195,536.6459350585938,10383.6552734375,9140.2333984375,52.94805908203125,593.666748046875,,379.55096435546875,122.99081420898438,82.42013549804688,92.45986938476562,355.9706115722656,9982.7744140625,357.0,351.72650146484375,432.8999938964844,1213.1680908203125,656.1515502929688,3588.414306640625,4942.82763671875,5155.28955078125,2034.8204345703125,260.35748291015625,561.330322265625,94.449951171875,216.69143676757812,275.3397216796875,362.5027770996094,87.568359375,2537.971435546875,173.3715362548828,236.82073974609375,,841.6727905273438,181.35650634765625,353.4712829589844,55.0481071472168,,37.308868408203125,4973.61083984375,73.06627655029297,253.74269104003906,85.33525085449219,2099.637939453125,493.5641784667969
2024-10-24,2344.533447265625,589.4790649414062,2608.2021484375,214.0273895263672,138.01754760742188,81.43419647216797,282.7048645019531,652.52783203125,323.7934265136719,881.4274291992188,11692.3095703125,1304.2515869140625,51.146339416503906,247.95689392089844,,72.56402587890625,59.361083984375,401.4525451660156,144.41766357421875,,2494.19873046875,33.48807907104492,,168.78187561035156,2567.9365234375,4289.07373046875,26.37640953063965,6.594452857971191,12.880247116088867,312.2066345214844,,3863.326904296875,48.127620697021484,17570.0,4003.452880859375,1454.6009521484375,2465.74462890625,679.2275390625,30.120922088623047,3280.02197265625,2295.8935546875,297.3335876464844,3.4642977714538574,133.18084716796875,309.47454833984375,223.9103240966797,62.16998291015625,551.541748046875,10653.619140625,9374.59765625,53.71195602416992,608.2763061523438,,378.1511535644531,122.10208129882812,81.87954711914062,92.04759979248047,361.46551513671875,9868.833984375,354.6000061035156,352.3158264160156,434.6000061035156,1216.5380859375,654.3521728515625,3623.408447265625,4929.83935546875,5059.53173828125,2056.541259765625,262.79949951171875,554.7310791015625,93.48255920410156,217.08786010742188,273.5414123535156,352.91064453125,88.62653350830078,2540.469970703125,171.70672607421875,237.29917907714844,,858.4622802734375,177.11376953125,356.47021484375,55.11232376098633,,37.12813949584961,5120.04931640625,73.5459213256836,252.2440185546875,87.15528869628906,2097.638427734375,494.51409912109375
2024-10-25,2387.687255859375,593.068603515625,2570.22802734375,215.0182647705078,137.39161682128906,81.67335510253906,281.6503601074219,655.2905883789062,325.740478515625,880.2276611328125,11602.3369140625,1291.75390625,51.44942855834961,241.3093719482422,,72.10859680175781,59.361083984375,404.5498352050781,144.31771850585938,,2510.193359375,33.117889404296875,,168.02122497558594,2564.43798828125,4309.0693359375,26.44228172302246,6.582547664642334,13.063138961791992,313.677001953125,,3867.326416015625,48.16638946533203,17415.0,4008.2314453125,1447.60546875,2468.74462890625,681.42529296875,30.18975830078125,3277.022705078125,2286.90185546875,299.38818359375,3.461172342300415,131.9310302734375,310.1742248535156,220.3133544921875,57.632171630859375,552.336181640625,10603.6259765625,9409.9736328125,53.18735122680664,606.6314697265625,,378.2511291503906,122.59581756591797,81.6092529296875,92.4411392211914,363.5635681152344,9994.7685546875,358.0,349.3200988769531,433.6000061035156,1213.6495361328125,646.9550170898438,3643.4052734375,5017.25732421875,5047.04150390625,2078.26171875,264.1144714355469,556.1309204101562,95.85794067382812,219.0699462890625,272.5423278808594,356.5076599121094,84.98789978027344,2548.96435546875,172.625244140625,236.43801879882812,,852.4659423828125,178.77757263183594,352.67156982421875,55.28661346435547,,37.2161865234375,5090.1201171875,73.62586212158203,259.6437072753906,86.57362365722656,2105.636962890625,492.8042907714844
2024-10-28,2415.63916015625,601.4442138671875,2591.213623046875,211.8474884033203,136.80482482910156,81.8726577758789,283.7593994140625,646.8047485351562,332.55511474609375,892.625244140625,11624.3310546875,1295.753173828125,52.017723083496094,241.70924377441406,,71.6531753540039,59.988037109375,398.7548522949219,142.71864318847656,,2543.182861328125,33.53554153442383,,168.57058715820312,2553.9423828125,4379.0546875,26.583433151245117,6.600862979888916,12.851275444030762,314.9513244628906,,3866.326416015625,48.4620361328125,17485.0,4007.27587890625,1451.103271484375,2521.739013671875,691.4154052734375,30.465103149414062,3313.01220703125,2313.876953125,302.4701232910156,3.506267786026001,132.9808807373047,309.8743591308594,221.91201782226562,56.09291458129883,545.9805908203125,10708.61328125,9206.5634765625,52.856021881103516,611.5657958984375,,382.9505310058594,124.32391357421875,81.47411346435547,93.51864624023438,369.8578186035156,10104.7099609375,357.29998779296875,353.1506652832031,434.1000061035156,1221.8336181640625,651.7532348632812,3684.398681640625,5072.20458984375,5047.04150390625,2098.0078125,260.9210205078125,560.3303833007812,96.52840423583984,220.7051544189453,272.1427001953125,358.70587158203125,86.08320617675781,2514.4853515625,173.98388671875,240.36109924316406,,865.2579956054688,181.5229034423828,353.4712829589844,54.791263580322266,,37.739837646484375,5140.3583984375,73.84571075439453,262.0790100097656,86.17959594726562,2125.633544921875,496.98382568359375
2024-10-29,2435.254638671875,596.6581420898438,2569.22900390625,219.97259521484375,137.25469970703125,81.91251373291016,282.8007507324219,648.011474609375,328.17425537109375,874.4288330078125,11530.361328125,1279.25634765625,51.73357391357422,238.71035766601562,,70.49564361572266,59.91535186767578,378.9220275878906,139.32057189941406,,2529.1875,33.35519027709961,,167.04925537109375,2515.458251953125,4313.06884765625,26.668123245239258,6.536759376525879,12.708222389221191,313.9710693359375,,3854.32861328125,48.24878692626953,17175.0,3994.851806640625,1450.603515625,2506.74072265625,712.9940795898438,30.278263092041016,3241.03369140625,2240.94384765625,300.85577392578125,3.547791004180908,128.0815887451172,305.4761657714844,219.81378173828125,54.51367950439453,539.4264526367188,10598.626953125,9126.9677734375,52.41425323486328,610.40478515625,,376.35137939453125,124.22516632080078,80.18055725097656,89.70519256591797,364.1630554199219,10064.73046875,351.70001220703125,349.27099609375,419.8999938964844,1211.242431640625,648.7543334960938,3659.402587890625,5126.154296875,5023.10205078125,2104.91845703125,259.5121765136719,554.5310668945312,95.81962585449219,221.99351501464844,267.5470886230469,356.9073791503906,85.86043548583984,2480.505859375,173.2375946044922,236.53369140625,,875.8513793945312,182.9371337890625,348.0732727050781,54.48854064941406,,38.050323486328125,5109.36083984375,71.74724578857422,262.0790100097656,83.42139434814453,2119.634521484375,494.1341552734375
2024-10-30,2339.629638671875,596.6581420898438,2594.21142578125,218.78355407714844,136.6678924560547,80.79643249511719,279.9248046875,627.0440063476562,325.740478515625,865.6304931640625,11202.4638671875,1268.7584228515625,51.12739562988281,242.0091094970703,,69.67967987060547,59.51554870605469,373.72650146484375,139.67037963867188,,2512.19287109375,33.07042694091797,,165.6969757080078,2448.98583984375,4337.0634765625,26.414051055908203,6.484560012817383,12.66838264465332,310.63824462890625,,3780.341552734375,47.647796630859375,18140.0,3965.224609375,1406.131103515625,2533.73779296875,705.50146484375,29.226045608520508,3237.034912109375,2301.887939453125,296.8443603515625,3.522341251373291,127.03173065185547,307.87518310546875,220.6131134033203,53.63410186767578,533.4681396484375,10543.6337890625,8857.2265625,51.908058166503906,598.0205688476562,,378.7510681152344,123.48455047607422,79.562744140625,89.33977508544922,367.3600769042969,10179.6708984375,350.0,342.4938049316406,408.5,1192.9486083984375,641.3571166992188,3591.413818359375,5048.2275390625,4953.3662109375,2077.274169921875,256.88232421875,555.1310424804688,94.54573822021484,217.58338928222656,264.1502685546875,357.7066955566406,85.37776184082031,2489.000732421875,171.72586059570312,232.2278594970703,,912.0286865234375,180.3582305908203,347.2735595703125,54.25004577636719,,38.01324462890625,5071.94921875,72.30683898925781,260.01837158203125,84.32202911376953,2101.6376953125,490.14459228515625
2024-10-31,2353.8505859375,591.2738647460938,2562.233642578125,217.39633178710938,137.0786590576172,79.30168151855469,277.43231201171875,614.3844604492188,324.08544921875,839.0357666015625,11038.5166015625,1249.761962890625,49.87715530395508,237.4108428955078,,68.61702728271484,57.016807556152344,376.32427978515625,138.1712188720703,,2514.192138671875,32.76668167114258,,170.8948211669922,2398.0068359375,4257.0810546875,26.17879867553711,6.382910251617432,12.686491012573242,302.8943786621094,,3776.34228515625,47.085575103759766,18140.0,3915.528076171875,1391.6400146484375,2474.743896484375,710.9960327148438,28.5425968170166,3171.05419921875,2334.85791015625,294.9365234375,3.515643835067749,123.982177734375,292.3814392089844,216.91624450683594,53.374229431152344,528.9000854492188,10513.638671875,9551.4775390625,51.26380920410156,589.990234375,,375.75146484375,123.13892364501953,78.75186920166016,87.8874740600586,367.3600769042969,9784.8779296875,347.8999938964844,338.12298583984375,400.70001220703125,1148.658447265625,644.3560180664062,3559.4189453125,5011.26220703125,4875.302734375,2047.6553955078125,251.62254333496094,535.33349609375,93.01323699951172,212.8759307861328,265.9486083984375,343.7181396484375,84.93221282958984,2576.947998046875,170.6925048828125,230.12278747558594,,899.8363647460938,179.85906982421875,342.075439453125,52.65391540527344,,37.70276641845703,5055.91552734375,71.96707916259766,259.17535400390625,83.4401626586914,2089.639892578125,485.20513916015625
2024-11-01,2349.927734375,595.0628051757812,2561.234130859375,217.39633178710938,138.48699951171875,79.91950988769531,277.43231201171875,620.2197265625,325.4483947753906,844.0347900390625,11018.5224609375,1268.7584228515625,51.430484771728516,240.5096893310547,,68.61702728271484,57.280311584472656,377.8729553222656,140.1700897216797,,2546.181884765625,32.53887176513672,,175.88137817382812,2394.50830078125,4287.07421875,26.367000579833984,6.421372413635254,12.70641040802002,302.11016845703125,,3841.3310546875,47.61387252807617,17970.0,3949.933349609375,1418.623291015625,2481.7431640625,708.8981323242188,28.5425968170166,3199.046142578125,2358.835693359375,295.6213684082031,3.601816415786743,123.58222198486328,296.47979736328125,220.4132843017578,54.393733978271484,545.1861572265625,10748.607421875,9936.189453125,51.26380920410156,591.1512451171875,,380.75079345703125,125.50888061523438,79.85234832763672,89.470947265625,374.9530334472656,9908.8125,350.0,340.33294677734375,408.5,1153.4725341796875,643.7562866210938,3621.408935546875,5021.25341796875,5197.9638671875,2054.566650390625,256.5066223144531,548.7318115234375,94.5361557006836,212.8759307861328,264.54986572265625,358.5060119628906,85.80474853515625,2577.44775390625,173.677734375,232.41921997070312,,913.2279052734375,182.105224609375,347.87335205078125,53.11257553100586,,39.04200744628906,5080.5,72.2868423461914,257.4893493652344,83.02737426757812,2099.637939453125,489.7646179199219
2024-11-04,2344.533447265625,596.458740234375,2551.2412109375,218.48629760742188,137.19601440429688,79.02265930175781,278.1992492675781,611.4173583984375,328.95306396484375,844.4346313476562,11038.5166015625,1244.262939453125,51.41154479980469,243.40859985351562,,68.9775619506836,57.1258430480957,381.6696472167969,142.06900024414062,,2565.176025390625,32.33953857421875,,175.7123260498047,2379.0146484375,4285.07470703125,26.301132202148438,6.438772201538086,12.69554615020752,300.2477111816406,,3831.33251953125,47.36184310913086,17730.0,3917.439453125,1413.126708984375,2494.74169921875,716.9901123046875,28.69502067565918,3200.045654296875,2356.837646484375,297.28466796875,3.633070468902588,124.63208770751953,299.2786560058594,219.81378173828125,54.793540954589844,538.6320190429688,10808.599609375,10179.3984375,51.7055778503418,586.990966796875,,382.150634765625,126.9901123046875,78.94493865966797,89.55528259277344,384.7439880371094,9876.830078125,357.79998779296875,338.27032470703125,425.1000061035156,1140.9556884765625,649.7539672851562,3616.40966796875,5018.255859375,5146.96240234375,2044.693603515625,255.75518798828125,549.53173828125,93.57833862304688,211.8848876953125,265.5489501953125,363.3020935058594,85.4334487915039,2592.4384765625,173.4672393798828,231.5580596923828,,919.2241821289062,185.93202209472656,351.6719665527344,53.27769088745117,,39.181034088134766,5059.1220703125,72.12696838378906,257.5830078125,82.80221557617188,2055.645751953125,486.9149475097656
2024-11-05,2381.312255859375,610.0191040039062,2541.248046875,219.08082580566406,138.70217895507812,79.72021484375,279.8289489746094,617.1537475585938,330.99749755859375,840.2355346679688,10110.80859375,1279.7562255859375,51.50625991821289,244.8080596923828,,68.90166473388672,57.007720947265625,384.7669677734375,147.31602478027344,,2595.166259765625,32.64328384399414,,177.233642578125,2364.02099609375,4391.0517578125,26.479921340942383,6.4085516929626465,12.780654907226562,299.95361328125,,3850.329345703125,47.50724411010742,17485.0,3869.654052734375,1390.640625,2517.739501953125,721.6854248046875,28.85236358642578,3339.00439453125,2381.814697265625,296.9422302246094,3.661198854446411,123.08230590820312,297.5793762207031,220.3133544921875,54.83352279663086,539.8236694335938,10878.5908203125,10130.7568359375,51.447879791259766,583.0241088867188,,383.4504699707031,125.60762786865234,78.01821899414062,88.05613708496094,386.342529296875,10034.74609375,351.79998779296875,341.11871337890625,419.70001220703125,1153.9539794921875,647.7546997070312,3653.40380859375,5020.25439453125,5161.5341796875,2052.591796875,251.9982452392578,559.9304809570312,92.4481201171875,213.7183074951172,265.748779296875,313.54290771484375,85.63765716552734,2606.929931640625,176.05056762695312,231.7494354248047,,931.616455078125,184.60096740722656,353.77117919921875,53.4703254699707,,39.70468521118164,5051.63916015625,72.4067611694336,261.142333984375,82.63334655761719,2095.638671875,491.28448486328125
2024-11-06,2346.00439453125,618.5941162109375,2522.260986328125,211.1538848876953,139.23028564453125,79.4810562133789,277.7199401855469,604.0985717773438,324.7669677734375,843.2349853515625,9918.869140625,1342.7442626953125,52.66178512573242,258.0531005859375,,64.36640930175781,55.490299224853516,386.1657409667969,142.01904296875,,2632.154296875,32.7097282409668,,175.7123260498047,2305.04541015625,4401.04931640625,26.68694305419922,6.240965843200684,12.679248809814453,301.2279357910156,,3836.33154296875,46.82870864868164,18225.0,3743.5009765625,1369.653564453125,2587.732177734375,723.4837036132812,27.92798614501953,3491.958740234375,2398.798583984375,297.0889587402344,3.5468976497650146,122.93231964111328,292.4814147949219,218.81463623046875,54.73357009887695,533.4681396484375,10868.591796875,9485.1474609375,48.13459777832031,583.5078735351562,,398.1485900878906,124.86701965332031,76.60883331298828,87.8499984741211,389.9391784667969,9896.818359375,350.6000061035156,331.6895751953125,366.0,1185.2459716796875,663.5487670898438,3672.400634765625,5038.2373046875,5093.87890625,2066.4140625,248.14735412597656,573.9287109375,91.59566497802734,211.04249572753906,267.5470886230469,309.7460021972656,81.59061431884766,2590.939453125,176.14627075195312,230.40985107421875,,942.209716796875,182.27162170410156,357.169921875,52.80985641479492,,37.59617614746094,4920.1640625,72.4067611694336,260.7676696777344,79.10585021972656,2131.632568359375,494.51409912109375
2024-11-07,2431.33154296875,614.4063720703125,2519.26318359375,220.86436462402344,141.22543334960938,80.35797119140625,277.6240539550781,617.8460083007812,328.7583923339844,782.8467407226562,9721.931640625,1381.73681640625,52.908050537109375,253.7547149658203,,66.24503326416016,53.65485763549805,381.232177734375,136.9219512939453,,2594.16650390625,32.39649200439453,,176.72653198242188,2339.53125,4445.04052734375,26.611663818359375,6.131989479064941,12.757112503051758,308.6777648925781,,3867.326416015625,47.32791519165039,18295.0,3728.20947265625,1379.1475830078125,2577.733154296875,714.969482421875,28.45901107788086,3447.9716796875,2377.818359375,299.29034423828125,3.44242000579834,123.98550415039062,289.7825012207031,217.8154754638672,54.51367950439453,543.9945068359375,10763.6064453125,10029.05078125,49.48752212524414,598.891357421875,,393.14923095703125,123.43517303466797,76.70536041259766,87.13790893554688,382.14642333984375,9916.80859375,347.6000061035156,339.7927551269531,374.70001220703125,1192.46728515625,671.3457641601562,3638.406005859375,5196.08740234375,4975.22314453125,2129.60107421875,249.650146484375,552.7313232421875,91.69145202636719,218.6239776611328,256.55743408203125,307.1481628417969,81.62774658203125,2597.93505859375,179.85862731933594,235.76820373535156,,937.8125610351562,183.0203399658203,348.3731384277344,52.96580123901367,,37.07716751098633,4862.8505859375,71.84716796875,273.225341796875,80.47557067871094,2197.621337890625,495.8439636230469
2024-11-08,2326.388916015625,616.7992553710938,2513.267333984375,217.0,139.17161560058594,80.73664093017578,275.1315612792969,614.6810913085938,326.3049621582031,777.4478149414062,9899.875,1377.23779296875,52.5102424621582,251.40557861328125,,64.1197280883789,54.29998779296875,373.0379333496094,139.92022705078125,,2610.161376953125,32.14020538330078,,173.2613067626953,2319.03955078125,4419.0458984375,26.83750343322754,6.115505218505859,12.612247467041016,304.2666931152344,,3878.324462890625,46.81416702270508,19125.0,3731.07666015625,1380.1470947265625,2537.7373046875,689.3920288085938,28.30658721923828,3385.990234375,2364.830322265625,297.3749694824219,3.425006866455078,120.73587799072266,289.68255615234375,216.71641540527344,53.054386138916016,545.384765625,10743.6083984375,9918.501953125,48.1898193359375,578.9605712890625,,374.4516296386719,122.69456481933594,76.24200439453125,87.00672149658203,380.4479675292969,9856.8388671875,341.3999938964844,328.74298095703125,378.79998779296875,1189.0972900390625,642.356689453125,3692.397216796875,4941.3291015625,4960.65234375,2041.7318115234375,247.11419677734375,553.1312866210938,91.7010269165039,219.41680908203125,248.96463012695312,302.1522521972656,82.40745544433594,2562.956298828125,175.1703338623047,229.74005126953125,,923.4215698242188,180.2750244140625,345.0743713378906,52.14021682739258,,37.058631896972656,4850.02294921875,71.98706817626953,265.6383361816406,78.93698120117188,2165.626708984375,490.9045104980469
2024-11-11,2281.763916015625,623.9783325195312,2526.25830078125,221.26072692871094,142.2816925048828,81.49398803710938,277.5281982421875,620.4175415039062,332.9782409667969,789.2455444335938,9981.8505859375,1393.234619140625,52.45341491699219,260.5521240234375,,64.36640930175781,55.37217330932617,372.7381591796875,140.36996459960938,,2644.150390625,32.46293640136719,,174.02197265625,2344.529052734375,4493.02978515625,27.006885528564453,6.1860198974609375,12.684679985046387,307.109375,,3946.3125,47.35214614868164,19225.0,3788.4189453125,1396.13720703125,2572.733642578125,698.5839233398438,29.265380859375,3457.968994140625,2348.844970703125,299.9288330078125,3.48171067237854,119.6360092163086,288.98284912109375,219.2142791748047,54.51367950439453,549.3569946289062,10808.599609375,9715.08984375,48.64079284667969,580.02490234375,,367.85247802734375,123.48455047607422,76.2806167602539,87.22222137451172,394.6348571777344,9824.8564453125,343.5,331.0020446777344,381.8999938964844,1211.242431640625,641.1572265625,3703.3955078125,4845.41943359375,4984.5908203125,2022.9730224609375,249.3683624267578,571.928955078125,91.67229461669922,219.61502075195312,243.1701202392578,307.7476806640625,83.11289978027344,2548.465087890625,177.8110809326172,234.52432250976562,,940.410888671875,182.105224609375,343.7748107910156,52.43376541137695,,37.80471420288086,4841.470703125,72.94636535644531,265.544677734375,79.31224822998047,2199.620849609375,497.5537414550781
2024-11-12,2177.311767578125,609.8196411132812,2470.297119140625,215.61279296875,137.03953552246094,76.89014434814453,271.20111083984375,623.384521484375,319.8279113769531,792.8447875976562,9986.84765625,1381.2369384765625,51.33577346801758,257.4033508300781,,63.778160095214844,53.954708099365234,367.0421142578125,137.77145385742188,,2611.161376953125,31.51372718811035,,169.54254150390625,2343.529296875,4517.0244140625,26.37640953063965,6.035833358764648,12.505411148071289,294.75836181640625,,3861.327392578125,46.3004150390625,19270.0,3721.519775390625,1368.654296875,2530.73828125,693.2886352539062,30.33726692199707,3394.987548828125,2346.846923828125,292.8566589355469,3.3964314460754395,117.23628234863281,287.683349609375,214.51828002929688,53.834007263183594,554.9180908203125,10593.6279296875,9595.697265625,47.91371536254883,553.80517578125,,365.15283203125,120.86772918701172,75.29597473144531,86.53824615478516,387.24169921875,9730.9052734375,331.70001220703125,323.1444091796875,370.29998779296875,1189.0972900390625,607.7698974609375,3633.406982421875,4740.51806640625,4956.48828125,1953.862060546875,246.5506591796875,557.9307250976562,90.733642578125,218.42576599121094,241.57162475585938,301.3529052734375,81.73912811279297,2516.484130859375,170.2523956298828,228.783203125,,922.8219604492188,178.5280303955078,341.67559814453125,51.112823486328125,,37.16521072387695,4824.36669921875,66.97074890136719,259.45635986328125,78.73058319091797,2155.62841796875,489.1947021484375
2024-11-13,2189.0810546875,615.0045776367188,2508.270751953125,214.91917419433594,135.41604614257812,76.96986389160156,272.8308410644531,620.8131103515625,321.5943908691406,787.44580078125,10140.798828125,1344.2440185546875,50.88113784790039,258.7528381347656,,62.582672119140625,53.71846008300781,369.7901916503906,136.6221160888672,,2618.158935546875,31.608646392822266,,170.72576904296875,2331.5341796875,4593.00830078125,26.207029342651367,6.0623908042907715,12.420304298400879,289.9551696777344,,3764.344482421875,46.222869873046875,20560.0,3664.17724609375,1361.158935546875,2531.73779296875,700.1824340820312,28.911365509033203,3329.00732421875,2344.848876953125,291.4324035644531,3.4138448238372803,116.28640747070312,287.28350830078125,215.4175262451172,54.573646545410156,554.1236572265625,10658.619140625,9865.4375,47.34309005737305,555.3532104492188,,364.1529846191406,120.52210235595703,75.02568817138672,86.15409088134766,388.8402404785156,9668.9384765625,327.20001220703125,321.13092041015625,370.8999938964844,1170.8035888671875,609.1693725585938,3606.411376953125,4744.015625,4943.998046875,1977.557373046875,247.11419677734375,557.5307006835938,90.07274627685547,217.48426818847656,242.97032165527344,298.7550354003906,81.31214904785156,2523.47998046875,171.64930725097656,226.4867401123047,,944.4083862304688,178.11207580566406,340.076171875,51.222904205322266,,37.66569519042969,4826.5048828125,69.0092544555664,256.3653564453125,76.7979736328125,2161.62744140625,494.1341552734375
2024-11-14,2200.850341796875,617.79638671875,2522.260986328125,216.20729064941406,135.8659210205078,76.19258880615234,273.5018615722656,664.2313842773438,324.14593505859375,794.8443603515625,10288.7529296875,1314.7496337890625,51.33577346801758,256.503662109375,,64.17665100097656,54.0364875793457,378.9837646484375,139.92022705078125,,2624.15673828125,31.931377410888672,,173.09228515625,2364.520751953125,4595.00830078125,27.072755813598633,6.200672149658203,12.684679985046387,289.857177734375,,3656.363037109375,47.13405227661133,21080.0,3671.822998046875,1352.8131103515625,2558.7353515625,705.5777587890625,30.253677368164062,3445.972412109375,2349.843994140625,295.36138916015625,3.4870686531066895,116.98631286621094,289.5826110839844,215.71725463867188,55.0134391784668,554.9180908203125,10638.6220703125,10418.185546875,48.29106140136719,565.4154052734375,,367.4525146484375,122.15144348144531,76.01032257080078,86.88492584228516,390.438720703125,9521.015625,333.0,323.93017578125,380.0,1197.7628173828125,630.1614379882812,3638.406005859375,4731.02734375,4923.181640625,2019.0238037109375,245.70533752441406,545.13232421875,90.41756439208984,219.0699462890625,239.41209411621094,312.5437316894531,81.40496826171875,2530.2470703125,180.06912231445312,227.53929138183594,,938.0123901367188,180.02545166015625,341.7755432128906,52.424591064453125,,38.74079132080078,4839.33251953125,69.2690658569336,257.7703552246094,78.16768646240234,2135.6318359375,500.02349853515625
2024-11-15,2236.648681640625,613.2098388671875,2520.262451171875,213.03652954101562,135.00526428222656,74.85728454589844,275.9943542480469,628.0330200195312,319.1409912109375,794.8443603515625,9974.8525390625,1286.7548828125,51.41154479980469,259.2526550292969,,64.44231414794922,54.618011474609375,382.43133544921875,141.91909790039062,,2610.161376953125,32.15918731689453,,173.51487731933594,2343.529296875,4491.0302734375,26.98806381225586,6.216240406036377,12.762544631958008,288.09271240234375,,3604.372314453125,46.72208023071289,20760.0,3606.8349609375,1300.3397216796875,2503.74072265625,716.1683349609375,29.786575317382812,3424.978759765625,2368.826416015625,290.9903869628906,3.4826040267944336,118.38615417480469,292.6813049316406,218.81463623046875,56.45273971557617,508.8404541015625,10638.6220703125,10471.25,48.73283004760742,567.2536010742188,,368.1524658203125,123.18830108642578,74.83261108398438,85.92921447753906,392.7366027832031,9505.0244140625,320.20001220703125,321.37646484375,393.6000061035156,1185.2459716796875,641.3571166992188,3530.423828125,4799.96240234375,4959.61083984375,2008.16357421875,240.2577362060547,538.7330932617188,87.45791625976562,215.35353088378906,244.40817260742188,312.5437316894531,80.1611557006836,2559.732177734375,179.30368041992188,225.2428436279297,,942.8093872070312,180.02545166015625,345.5741882324219,52.754817962646484,,37.78618240356445,4855.36767578125,69.48890686035156,255.3350372314453,78.78688049316406,2137.631591796875,502.4931945800781
2024-11-18,2273.427490234375,607.227294921875,2531.2548828125,213.03652954101562,135.4942626953125,76.2125244140625,276.4736633300781,622.6923217773438,319.1409912109375,801.2431640625,9911.8720703125,1295.753173828125,50.42650604248047,260.7520751953125,,65.20135498046875,54.89968490600586,386.8282470703125,144.66754150390625,,2621.157958984375,32.51039505004883,,175.03619384765625,2359.522705078125,4535.02099609375,27.063344955444336,6.13473653793335,12.808632850646973,289.1709899902344,,3656.363037109375,46.799625396728516,21000.0,3644.107421875,1309.3350830078125,2532.73779296875,727.15869140625,29.24571418762207,3456.968994140625,2398.798583984375,292.611083984375,3.5068795680999756,115.98643493652344,286.3839111328125,219.7138671875,56.212860107421875,504.2723693847656,10708.61328125,10661.39453125,49.248226165771484,569.4788818359375,,367.4525146484375,123.7314224243164,75.46973419189453,85.47010040283203,395.334228515625,9441.056640625,313.8999938964844,319.11737060546875,382.1000061035156,1181.3946533203125,639.7578125,3566.41796875,4861.40478515625,4978.34619140625,1992.36669921875,238.0974884033203,539.133056640625,87.61116790771484,216.6418914794922,244.80784606933594,312.9433898925781,81.31214904785156,2587.71826171875,176.05056762695312,223.99893188476562,,946.8069458007812,181.60609436035156,347.7733459472656,53.29603576660156,,37.602294921875,4869.2646484375,70.68801879882812,254.02369689941406,78.74935150146484,2165.626708984375,505.9128112792969
2024-11-19,2260.18701171875,605.03369140625,2502.27490234375,211.25296020507812,134.24240112304688,75.3355941772461,273.406005859375,617.8460083007812,318.8465576171875,802.04296875,10020.837890625,1312.2501220703125,49.63089370727539,255.75396728515625,,65.52394104003906,53.8911018371582,382.5312805175781,149.71466064453125,,2628.155517578125,32.31106185913086,,172.83871459960938,2362.521484375,4173.0986328125,27.025705337524414,6.083453178405762,12.659310340881348,286.1322326660156,,3674.360107421875,46.39734649658203,21040.0,3698.582763671875,1302.8385009765625,2512.739990234375,723.6618041992188,28.616352081298828,3465.96630859375,2472.731201171875,290.6466064453125,3.4681320190429688,116.78633880615234,286.0840148925781,217.51573181152344,55.29330062866211,510.0320739746094,10728.6103515625,10732.146484375,48.65919876098633,558.5459594726562,,371.9519348144531,122.64518737792969,74.00243377685547,85.32018280029297,391.63763427734375,9473.0400390625,316.5,316.21990966796875,379.70001220703125,1164.063720703125,624.5634765625,3567.417724609375,4888.87841796875,4943.998046875,1974.101806640625,235.27975463867188,527.534423828125,87.36213684082031,217.93023681640625,248.20518493652344,310.7452087402344,80.68096160888672,2571.2265625,170.15670776367188,221.51113891601562,,946.4071655273438,178.2784423828125,347.7733459472656,52.7181282043457,,36.762996673583984,4871.40283203125,70.64805603027344,249.8087158203125,77.84871673583984,2123.6337890625,504.2030029296875
2024-11-20,2295.004150390625,609.2214965820312,2401.344482421875,211.5502166748047,134.80966186523438,75.1562271118164,273.5018615722656,609.7359619140625,320.9074401855469,801.64306640625,9965.8544921875,1299.75244140625,50.274959564208984,258.8528137207031,,64.99261474609375,53.146026611328125,381.2821350097656,149.76461791992188,,2615.159912109375,32.30156707763672,,173.4303436279297,2356.524169921875,4123.109375,27.100984573364258,6.0111083984375,12.653779029846191,288.58282470703125,,3630.36767578125,46.174400329589844,20780.0,3691.892822265625,1299.3402099609375,2501.740966796875,721.8634033203125,28.63602066040039,3466.96630859375,2511.695556640625,289.81170654296875,3.4513258934020996,112.93678283691406,284.7845153808594,217.31590270996094,55.39324951171875,513.408447265625,10898.5888671875,10869.2275390625,47.75725173950195,556.7078247070312,,362.9530944824219,121.90457916259766,73.86727905273438,85.25459289550781,396.63299560546875,9371.0947265625,304.70001220703125,314.50103759765625,385.20001220703125,1174.6549072265625,632.9603271484375,3544.421630859375,4916.85205078125,4955.44775390625,1954.849365234375,234.05874633789062,526.1346435546875,86.96943664550781,218.6239776611328,245.80706787109375,309.3463439941406,80.51387786865234,2549.737060546875,168.93202209472656,219.88449096679688,,946.4071655273438,178.11207580566406,348.47314453125,52.626399993896484,,36.8720588684082,4852.16064453125,71.18766021728516,247.65435791015625,76.70415496826172,2101.6376953125,504.39300537109375
2024-11-21,2304.812255859375,616.7992553710938,2429.325439453125,209.17214965820312,136.43316650390625,75.63455200195312,279.0620422363281,624.5714721679688,321.10369873046875,809.0416259765625,10058.8251953125,1324.7476806640625,52.642845153808594,262.5514221191406,,64.46129608154297,52.900691986083984,388.32720947265625,147.61582946777344,,2623.1572265625,32.46293640136719,,171.99354553222656,2349.027099609375,4221.08837890625,27.25154685974121,6.025759696960449,12.733050346374512,293.4840393066406,,3709.353759765625,46.39250183105469,21350.0,3745.412353515625,1308.8355712890625,2644.726318359375,726.2595825195312,28.581933975219727,3541.943603515625,2506.699951171875,291.5797424316406,3.4242494106292725,95.42884063720703,289.1827392578125,218.71470642089844,54.993446350097656,517.9765014648438,11008.57421875,10480.09375,47.720436096191406,556.2239990234375,,371.8519592285156,121.90457916259766,73.32669830322266,85.78866577148438,400.1297607421875,9547.001953125,306.70001220703125,317.1529846191406,383.1000061035156,1182.3575439453125,635.1595458984375,3612.410400390625,4919.84912109375,4934.63037109375,1961.7606201171875,235.8433074951172,540.7328491210938,87.03648376464844,222.68724060058594,246.6064453125,310.7452087402344,79.75273895263672,2595.71435546875,168.39620971679688,219.11900329589844,,958.3997192382812,178.69439697265625,350.77227783203125,52.45210266113281,,36.8104133605957,4855.36767578125,68.84761810302734,252.3376922607422,76.21630859375,2123.6337890625,520.1611938476562
2024-11-22,2313.63916015625,619.5911865234375,2448.31201171875,212.44200134277344,134.907470703125,76.41181945800781,279.349609375,635.0550537109375,326.1086730957031,829.8375244140625,10470.6953125,1333.24609375,53.32479476928711,257.1034240722656,,64.32846069335938,51.71946716308594,392.42431640625,151.163818359375,,2648.149169921875,32.349029541015625,,170.64125061035156,2397.50732421875,4465.0361328125,27.665590286254883,6.156715393066406,12.827068328857422,301.03192138671875,,3808.336669921875,46.726924896240234,21580.0,3758.792236328125,1341.3189697265625,2693.72119140625,723.76171875,29.506309509277344,3567.93603515625,2529.67919921875,293.1513366699219,3.3925044536590576,93.4490737915039,294.78045654296875,221.41244506835938,54.393733978271484,517.7779541015625,11098.5625,10617.1748046875,48.10698699951172,564.0608520507812,,378.9510498046875,120.76898193359375,73.36531066894531,87.77503967285156,390.3388366699219,9758.8916015625,306.1000061035156,323.1935119628906,388.5,1216.5380859375,634.7596435546875,3722.392578125,4940.32958984375,5044.96044921875,1994.34130859375,238.84889221191406,545.5321655273438,89.23944854736328,223.87649536132812,253.60096740722656,314.7419128417969,80.49532318115234,2601.711669921875,169.88880920410156,221.41542053222656,,945.0079956054688,177.11376953125,353.2713623046875,52.36954879760742,,36.122859954833984,5015.716796875,70.04705810546875,254.3046875,76.74168395996094,2175.625,525.2906494140625
2024-11-25,2345.02392578125,615.80224609375,2465.300537109375,219.17990112304688,135.27911376953125,75.97335815429688,280.4041442871094,644.8465576171875,325.5198974609375,832.636962890625,10470.6953125,1297.2529296875,54.44243621826172,263.551025390625,,65.75165557861328,51.77398681640625,387.5777282714844,154.86170959472656,,2652.14794921875,32.33953857421875,,168.78187561035156,2401.50537109375,4509.02685546875,27.834970474243164,6.174115180969238,12.664838790893555,310.9323425292969,,3833.332275390625,46.82870864868164,21830.0,3728.20947265625,1345.8167724609375,2761.714111328125,733.0535888671875,29.904579162597656,3658.90869140625,2561.6494140625,292.3655090332031,3.369629383087158,102.78797912597656,255.6963348388672,222.91116333007812,54.63361740112305,522.9417724609375,11243.54296875,10294.3701171875,48.62239074707031,573.252197265625,,379.1510314941406,120.86772918701172,73.32669830322266,86.13534545898438,394.2352294921875,9832.8515625,329.29998779296875,327.7607727050781,393.6000061035156,1213.6495361328125,656.5513305664062,3701.395751953125,5011.26220703125,5063.6953125,2044.693603515625,238.0974884033203,542.5325317382812,88.87548065185547,221.4980010986328,253.0014190673828,312.9433898925781,80.73665618896484,2572.72607421875,173.0079803466797,221.22406005859375,,965.1953735351562,174.9508056640625,352.0718078613281,51.25959396362305,,34.40159606933594,5007.16552734375,71.04658508300781,252.61871337890625,76.74168395996094,2217.61767578125,524.3407592773438
2024-11-26,2326.87939453125,610.6173706054688,2447.31298828125,219.97259521484375,133.69471740722656,77.34854125976562,278.29510498046875,632.9781494140625,321.5943908691406,831.4371948242188,10488.689453125,1297.7529296875,54.1772346496582,260.85205078125,,64.97364807128906,51.15611267089844,383.1808166503906,156.06103515625,,2679.139404296875,31.950361251831055,,167.9789581298828,2363.521240234375,4475.03369140625,28.02317237854004,6.146641731262207,12.403063774108887,307.2073974609375,,3772.3427734375,46.51852035522461,21970.0,3711.0068359375,1337.321044921875,2704.72021484375,731.9544067382812,29.97833251953125,3655.909912109375,2602.612060546875,291.3832702636719,3.3448870182037354,101.13816833496094,251.79791259765625,219.61395263671875,53.39421844482422,527.3112182617188,11198.5498046875,10126.3349609375,48.11619186401367,576.6384887695312,,375.8514404296875,120.27523803710938,73.21085357666016,86.13534545898438,391.1380920410156,9790.8740234375,321.79998779296875,326.53302001953125,378.5,1204.502685546875,642.756591796875,3721.392578125,4919.84912109375,5102.20654296875,2036.7950439453125,236.1250762939453,541.9326782226562,87.85062408447266,221.20068359375,252.20205688476562,311.1448669433594,80.64382934570312,2553.235595703125,172.52957153320312,218.7362518310547,,959.1990966796875,174.2020721435547,350.2724304199219,50.388145446777344,,34.01750564575195,5015.716796875,71.00659942626953,250.65170288085938,75.46578216552734,2171.62548828125,525.2906494140625
2024-11-27,2339.13916015625,604.2360229492188,2462.302490234375,218.38720703125,136.31581115722656,77.72720336914062,275.9943542480469,620.8131103515625,321.10369873046875,835.83642578125,10528.6767578125,1285.2552490234375,54.34772491455078,258.8528137207031,,64.89774322509766,50.54732894897461,383.88031005859375,158.40968322753906,,2705.130859375,30.57400894165039,,166.62667846679688,2354.025146484375,4443.04052734375,28.145503997802734,6.1713666915893555,12.366193771362305,309.46197509765625,,3795.3388671875,46.28102493286133,21650.0,3708.139892578125,1343.31787109375,2693.72119140625,731.2550659179688,29.555479049682617,3672.90478515625,2632.58447265625,291.92352294921875,3.3402187824249268,101.63811492919922,248.6991729736328,219.5140380859375,53.15433120727539,513.408447265625,11238.544921875,10121.9130859375,48.16221237182617,570.93017578125,,384.2503662109375,120.37398529052734,73.71282958984375,86.90365600585938,392.1371765136719,9822.8583984375,325.0,326.9259033203125,390.1000061035156,1207.39111328125,646.355224609375,3718.393310546875,4910.857421875,5140.71728515625,2014.08740234375,237.1582489013672,539.532958984375,88.41572570800781,218.17799377441406,253.20127868652344,315.7411193847656,80.97798919677734,2536.743408203125,171.24745178222656,216.8225555419922,,972.7906494140625,175.03399658203125,357.76971435546875,49.626773834228516,,33.96534729003906,5059.54541015625,71.32645416259766,252.3376922607422,75.35320281982422,2175.625,524.91064453125
2024-11-28,2345.02392578125,609.4208374023438,2537.250732421875,218.38720703125,141.9491729736328,77.7670669555664,275.9943542480469,635.8463745117188,325.71612548828125,845.4344482421875,10590.6572265625,1289.7542724609375,55.484310150146484,265.0004577636719,,64.89774322509766,51.0107307434082,385.1794128417969,159.15927124023438,,2690.135986328125,30.849279403686523,,170.04965209960938,2367.019775390625,4437.04150390625,28.145503997802734,6.199756145477295,12.373567581176758,309.55999755859375,,3757.345458984375,46.513675689697266,21510.0,3696.671142578125,1339.8197021484375,2678.722900390625,731.2550659179688,29.555479049682617,3673.209716796875,2571.171142578125,292.3655090332031,3.363560438156128,103.38790893554688,249.198974609375,221.91201782226562,53.234291076660156,516.7848510742188,11178.5517578125,10369.54296875,48.16221237182617,567.4471435546875,,383.66046142578125,122.00333404541016,73.98312377929688,87.49394989013672,398.53125,9856.8388671875,318.3999938964844,323.04620361328125,395.3999938964844,1218.945068359375,650.5536499023438,3698.396484375,4895.37255859375,5056.4091796875,2014.08740234375,238.47317504882812,545.5321655273438,88.21459197998047,218.17799377441406,260.9951477050781,316.74029541015625,81.20076751708984,2530.2470703125,171.24745178222656,218.44920349121094,,978.7869262695312,177.446533203125,366.06671142578125,49.73685073852539,,34.34943389892578,5056.3388671875,71.66629028320312,255.14768981933594,75.35320281982422,2201.620361328125,528.1403198242188
2024-11-29,2472.033447265625,617.79638671875,2561.234130859375,221.06256103515625,144.3159637451172,78.10587310791016,280.1165466308594,651.17626953125,328.6602478027344,838.8357543945312,10608.6513671875,1226.766357421875,55.2191047668457,263.7009582519531,,66.43478393554688,51.465049743652344,384.3799743652344,159.209228515625,,2690.135986328125,31.304899215698242,,171.31741333007812,2351.526123046875,4459.03759765625,28.493675231933594,6.236386775970459,12.356976509094238,325.82666015625,,3750.3466796875,46.92564010620117,21610.0,3709.095458984375,1334.322509765625,2707.7197265625,732.0543212890625,30.30284881591797,3708.2021484375,2567.173828125,293.9371337890625,3.3864357471466064,101.78809356689453,247.3997039794922,221.11268615722656,53.034393310546875,522.7432250976562,11268.5400390625,10590.642578125,48.74203109741211,573.252197265625,,382.6605529785156,121.80583190917969,73.82867431640625,87.39088439941406,402.3277282714844,10074.7255859375,315.6000061035156,322.8006286621094,391.79998779296875,1232.4248046875,641.5570678710938,3704.3955078125,4931.837890625,5058.49072265625,2038.769775390625,239.97596740722656,558.5305786132812,88.20500946044922,222.8854522705078,260.9951477050781,314.9417419433594,81.20076751708984,2530.2470703125,175.2468719482422,218.25784301757812,,971.7913208007812,177.86248779296875,366.2666320800781,50.42483901977539,,34.50590896606445,5025.33740234375,70.8466796875,254.3983612060547,75.72846984863281,2223.61669921875,530.6099853515625
2024-12-02,2513.22607421875,630.9579467773438,2606.203369140625,228.0977020263672,147.21090698242188,77.78699493408203,284.23870849609375,656.8136596679688,331.8006286621094,833.2368774414062,10550.669921875,1254.760986328125,54.499267578125,262.7513427734375,,68.19954681396484,50.82900619506836,380.3327941894531,160.8083038330078,,2695.134033203125,30.887248992919922,,170.8948211669922,2366.52001953125,4513.025390625,28.691286087036133,6.255618095397949,12.297983169555664,319.61578369140625,,3744.34765625,47.35699462890625,21790.0,3730.12109375,1340.8192138671875,2735.717041015625,737.2498168945312,30.602779388427734,3725.19873046875,2575.168212890625,297.8170166015625,3.391103744506836,102.73798370361328,249.3988800048828,223.31082153320312,52.79450607299805,525.12646484375,11288.5380859375,10816.1640625,49.10097122192383,591.9048461914062,,386.46014404296875,123.08956146240234,73.94451141357422,87.26908111572266,406.2241516113281,10204.6572265625,313.5,327.5643310546875,381.3999938964844,1234.8319091796875,649.3541259765625,3747.388427734375,4965.3056640625,5057.4501953125,2135.52490234375,240.63345336914062,572.9288330078125,87.94640350341797,228.98037719726562,259.39642333984375,314.3422546386719,81.2378921508789,2512.755615234375,179.99258422851562,222.27659606933594,,977.1878662109375,180.108642578125,366.5665283203125,49.35157775878906,,34.90422058105469,5069.166015625,70.86666870117188,259.17535400390625,75.67218017578125,2231.615234375,534.4095458984375
2024-12-03,2521.5625,635.1458129882812,2618.195068359375,232.55661010742188,148.73660278320312,76.85028839111328,285.1973571777344,670.4623413085938,336.70745849609375,839.0357666015625,10786.5947265625,1259.2601318359375,54.8213005065918,264.5006408691406,,68.12364959716797,50.68362045288086,387.3279113769531,156.6107177734375,,2730.122802734375,30.649946212768555,,172.2471160888672,2349.027099609375,4553.01708984375,28.757156372070312,6.329795837402344,12.41596794128418,320.7987976074219,,3728.3505859375,47.66718292236328,22130.0,3734.8994140625,1367.3056640625,2735.717041015625,743.0447387695312,31.266559600830078,3739.195556640625,2550.185791015625,299.7323913574219,3.4373207092285156,102.8879623413086,254.8966522216797,222.71133422851562,52.91444778442383,521.3529052734375,11328.5322265625,11090.3271484375,47.85849380493164,594.9323120117188,,400.15875244140625,124.27452850341797,73.94451141357422,87.1566390991211,407.3231201171875,10154.68359375,307.6000061035156,323.7337341308594,374.70001220703125,1251.199951171875,642.1568603515625,3747.388427734375,5015.2587890625,5017.8984375,2163.169189453125,239.03672790527344,591.3265380859375,87.80272674560547,230.86334228515625,261.59466552734375,308.746826171875,80.56957244873047,2554.734619140625,181.9827117919922,225.62557983398438,,965.1953735351562,182.6875762939453,370.9649353027344,49.66346740722656,,35.56332778930664,5017.85546875,70.30693054199219,261.3296813964844,75.39073181152344,2251.61181640625,532.6997680664062
2024-12-04,2459.28369140625,642.3248291015625,2622.1923828125,233.84474182128906,150.82955932617188,77.7670669555664,287.6898498535156,676.0009155273438,339.8478088378906,843.8347778320312,10476.693359375,1260.260009765625,54.85918426513672,262.0016174316406,,69.67967987060547,51.33784103393555,384.0801696777344,155.3114471435547,,2770.110107421875,31.162521362304688,,174.1064910888672,2340.530517578125,4591.00830078125,28.540725708007812,6.358184337615967,12.430715560913086,317.74261474609375,,3752.346435546875,48.10338592529297,21810.0,3733.94384765625,1354.312255859375,2749.715576171875,743.5443115234375,31.512401580810547,3743.194580078125,2553.183837890625,300.0270690917969,3.484004259109497,102.68798828125,254.3968505859375,236.09999084472656,52.974422454833984,524.7293090820312,11433.5185546875,10754.255859375,48.8156623840332,595.9088745117188,,397.75897216796875,123.8795394897461,73.71282958984375,84.42070007324219,406.2241516113281,10299.607421875,316.5,327.31878662109375,365.8999938964844,1257.4583740234375,649.1542358398438,3771.384521484375,5002.271484375,4989.7958984375,2172.05517578125,238.2853240966797,594.7261352539062,87.49623107910156,239.53497314453125,263.3932800292969,309.94586181640625,81.85051727294922,2529.24755859375,183.60926818847656,225.43421936035156,,967.1941528320312,181.2733154296875,372.8642272949219,49.48000717163086,,35.624969482421875,4990.0615234375,69.7671890258789,266.9496765136719,76.34764862060547,2261.610107421875,527.3804321289062
2024-12-05,2444.081787109375,640.7294311523438,2713.129638671875,237.01551818847656,150.1645050048828,76.89014434814453,292.0037536621094,671.748046875,338.5720520019531,838.2359008789062,10614.650390625,1246.7625732421875,55.16227722167969,267.4495544433594,,71.34955596923828,52.67353439331055,378.9338073730469,158.70953369140625,,2781.106689453125,31.940872192382812,,176.81105041503906,2427.49462890625,4529.02197265625,28.775976181030273,6.421372413635254,12.40122127532959,322.8691101074219,,3728.3505859375,48.37964630126953,21970.0,3740.6337890625,1340.8192138671875,2740.716552734375,750.6380615234375,31.797582626342773,3741.195068359375,2589.158203125,300.32171630859375,3.5629000663757324,102.38803100585938,254.59677124023438,239.19735717773438,53.63410186767578,516.3876342773438,11433.5185546875,11072.638671875,49.12858200073242,594.9323120117188,,397.259033203125,126.00262451171875,73.32669830322266,84.68304443359375,412.11865234375,10225.3916015625,313.79998779296875,330.1671447753906,363.0,1254.0885009765625,656.1515502929688,3783.38232421875,4961.3095703125,4970.01953125,2160.207275390625,240.7273406982422,588.52685546875,87.92724609375,239.1881103515625,267.3901672363281,311.1448669433594,82.24037170410156,2492.765380859375,184.71914672851562,222.75503540039062,,969.7925415039062,184.3513946533203,374.36370849609375,49.590084075927734,,37.417362213134766,4988.9921875,71.54634857177734,268.822998046875,77.09818267822266,2253.611328125,533.0797729492188
2024-12-06,2417.1103515625,645.1166381835938,2718.126220703125,239.3936004638672,151.7489013671875,76.2723159790039,289.1278076171875,670.1656494140625,340.3385009765625,844.8345947265625,10650.6376953125,1229.265869140625,55.616912841796875,264.7005920410156,,73.28510284423828,53.218711853027344,377.48480224609375,157.36029052734375,,2748.1171875,32.273094177246094,,175.4587860107422,2421.4970703125,4545.01904296875,28.794797897338867,6.397562503814697,12.369879722595215,322.277587890625,,3709.353759765625,48.651058197021484,21750.0,3773.127685546875,1343.31787109375,2771.713134765625,742.94482421875,32.14176940917969,3729.19775390625,2571.171142578125,302.7282409667969,3.58437442779541,104.63776397705078,253.6971435546875,237.29898071289062,53.054386138916016,518.5723876953125,11363.5283203125,10979.77734375,49.49672317504883,615.6358032226562,,391.65960693359375,123.43517303466797,73.13363647460938,84.14897155761719,413.51739501953125,9995.49609375,317.5,337.48455810546875,363.20001220703125,1255.53271484375,661.9493408203125,3745.388671875,4919.349609375,4901.32470703125,2230.3056640625,241.38482666015625,586.3272094726562,88.29121398925781,239.83229064941406,266.79058837890625,314.9417419433594,82.03616333007812,2476.7734375,185.3314971923828,223.52052307128906,,972.990478515625,182.6043701171875,366.7664489746094,49.74602508544922,,37.18501281738281,4945.1630859375,72.08609771728516,268.6356506347656,77.99881744384766,2259.610595703125,528.520263671875
2024-12-09,2482.331787109375,644.9172973632812,2690.1455078125,236.42100524902344,153.5093231201172,76.13280487060547,286.25189208984375,667.5941772460938,338.1795349121094,826.63818359375,10698.623046875,1198.7716064453125,56.109432220458984,267.4495544433594,,75.14474487304688,54.57258224487305,393.5735168457031,155.4613800048828,,2699.132568359375,32.33953857421875,,177.4654998779297,2431.99267578125,4571.01318359375,28.183143615722656,6.339869022369385,12.438090324401855,322.277587890625,,3687.357666015625,48.699527740478516,21320.0,3729.165283203125,1382.2982177734375,2787.71142578125,749.4390869140625,32.85471725463867,3685.20703125,2567.173828125,299.6832580566406,3.58437442779541,104.43778228759766,258.9949951171875,235.8002471923828,53.21430587768555,515.1959838867188,11203.548828125,10679.08203125,51.09814453125,637.3158569335938,,390.65972900390625,124.42266082763672,72.97917938232422,83.74608612060547,414.8161926269531,9791.5869140625,316.0,343.47601318359375,363.5,1249.7557373046875,681.14208984375,3676.39990234375,5108.1708984375,4931.50830078125,2249.064208984375,241.57269287109375,582.32763671875,87.94640350341797,238.34571838378906,269.3885803222656,316.5404357910156,82.14755249023438,2535.24462890625,185.75250244140625,225.33853149414062,,988.5807495117188,183.6858673095703,364.6672058105469,50.41566467285156,,36.72032165527344,4923.78369140625,70.78670501708984,269.666015625,79.1246109008789,2295.604248046875,526.050537109375
2024-12-10,2456.83154296875,636.1428833007812,2662.16455078125,236.42100524902344,152.76602172851562,75.81391906738281,286.25189208984375,662.9456787109375,334.2540588378906,824.2386474609375,10508.6826171875,1178.7755126953125,55.92000198364258,264.1008605957031,,75.14474487304688,54.2454719543457,395.22235107421875,153.9622344970703,,2680.138916015625,31.988330841064453,,177.90174865722656,2444.48779296875,4505.02734375,28.183143615722656,6.351773262023926,12.355132102966309,318.9256896972656,,3644.364990234375,48.42326736450195,21650.0,3796.064697265625,1372.8028564453125,2776.71240234375,749.3391723632812,32.85471725463867,3616.221923828125,2582.1630859375,297.62054443359375,3.5661675930023193,102.58800506591797,257.99542236328125,231.90354919433594,52.91444778442383,519.5654296875,11198.5498046875,10674.66015625,51.09814453125,621.1046142578125,,390.65972900390625,122.94143676757812,71.87870025634766,83.1651611328125,409.6209716796875,9711.6240234375,313.8999938964844,339.1051940917969,360.6000061035156,1230.4991455078125,671.3457641601562,3691.3974609375,5098.18017578125,4895.0791015625,2205.623046875,238.3792724609375,565.729736328125,87.87935638427734,238.34571838378906,272.5860290527344,313.74273681640625,82.79730224609375,2521.251220703125,185.75250244140625,220.6499786376953,,987.1815795898438,182.43800354003906,368.4658203125,49.85609817504883,,36.82938003540039,4918.43896484375,69.7671890258789,266.85601806640625,79.1246109008789,2281.606689453125,521.4910888671875
2024-12-11,2500.96630859375,643.3219604492188,2657.168212890625,239.2945098876953,152.80516052246094,75.81391906738281,289.1278076171875,670.8579711914062,337.4925231933594,823.8387451171875,10534.6748046875,1197.7718505859375,56.355690002441406,266.5498962402344,,74.46161651611328,54.14552307128906,393.77337646484375,151.9134063720703,,2708.1298828125,31.95985221862793,,177.55274963378906,2488.469482421875,4543.01904296875,28.032583236694336,6.335290431976318,12.32748031616211,316.8553466796875,,3661.362060546875,48.49596405029297,21890.0,3861.052734375,1339.8197021484375,2793.7109375,755.2340087890625,32.54495620727539,3630.21875,2591.15673828125,294.33001708984375,3.5997800827026367,102.53800964355469,257.5955810546875,233.0026092529297,54.19383239746094,518.77099609375,11328.5322265625,10537.5791015625,51.25460433959961,628.721923828125,,386.2601623535156,120.47273254394531,72.2262191772461,82.3968505859375,408.9216003417969,9745.607421875,311.79998779296875,335.42193603515625,353.0,1248.79296875,669.7464599609375,3712.39404296875,5078.19970703125,5032.4697265625,2228.3310546875,240.35166931152344,576.9283447265625,87.43876647949219,236.46273803710938,274.3846435546875,315.3414306640625,84.18963623046875,2491.26611328125,187.0728759765625,221.9895477294922,,988.380859375,182.52117919921875,370.0652770996094,49.05803680419922,,36.976375579833984,4939.818359375,69.02752685546875,266.01300048828125,80.7757797241211,2293.604736328125,520.5411376953125
2024-12-12,2473.995361328125,639.3335571289062,2626.189697265625,242.26712036132812,156.38467407226562,76.292236328125,287.018798828125,675.802978515625,337.2962951660156,818.439697265625,10564.666015625,1214.2686767578125,56.0526008605957,270.598388671875,,75.88481140136719,53.53673553466797,396.771240234375,151.1138458251953,,2672.1416015625,31.85544204711914,,177.98899841308594,2557.44091796875,4451.03857421875,28.173734664916992,6.327048301696777,12.277705192565918,312.32037353515625,,3661.362060546875,48.515350341796875,22100.0,3862.008544921875,1333.322998046875,2755.71484375,760.4293823242188,32.6285400390625,3630.21875,2592.156005859375,292.3164367675781,3.6459970474243164,101.98806762695312,259.094970703125,231.8036346435547,54.973453521728516,544.3917236328125,11373.52734375,10338.58984375,51.779205322265625,630.8704223632812,,390.1597595214844,121.55895233154297,72.3034439086914,82.50928497314453,408.8217468261719,9765.5986328125,315.0,338.3685607910156,354.29998779296875,1236.757568359375,662.5491333007812,3739.3896484375,4995.27783203125,5034.55126953125,2254.988037109375,239.97596740722656,575.3285522460938,86.86407470703125,239.33676147460938,277.781982421875,318.5387878417969,84.31958770751953,2503.76025390625,185.61854553222656,220.6499786376953,,990.979248046875,182.27162170410156,370.465087890625,48.95713424682617,,37.21346664428711,4962.267578125,68.92758178710938,265.07635498046875,81.47001647949219,2271.6083984375,520.3511962890625
2024-12-13,2413.1875,632.1544799804688,2645.176513671875,237.80821228027344,156.69764709472656,74.9569320678711,289.6071472167969,680.1548461914062,335.33355712890625,817.239990234375,10464.697265625,1198.7716064453125,56.03365707397461,269.2988586425781,,76.05559539794922,53.55490493774414,395.67205810546875,151.163818359375,,2661.14501953125,32.368011474609375,,178.7742462158203,2617.416015625,4421.04541015625,28.0419921875,6.358184337615967,12.255582809448242,310.7430419921875,,3598.373291015625,48.525047302246094,21980.0,3842.894287109375,1328.825439453125,2732.717041015625,765.5248413085938,32.4712028503418,3645.215576171875,2614.14013671875,291.62884521484375,3.6665377616882324,100.03829956054688,258.9949951171875,232.00344848632812,55.353271484375,529.0986938476562,11388.525390625,10656.97265625,52.02770233154297,624.0343627929688,,397.6590270996094,121.55895233154297,72.57373809814453,82.20945739746094,405.1251525878906,9899.5390625,311.8999938964844,337.239013671875,348.20001220703125,1217.5008544921875,649.3541259765625,3726.391845703125,4895.37255859375,5055.36865234375,2245.114990234375,237.81570434570312,572.5288696289062,85.40819549560547,238.8907928466797,279.7804260253906,317.73944091796875,84.04112243652344,2497.263427734375,183.1117401123047,218.353515625,,996.1759643554688,182.27162170410156,371.8646240234375,48.94796371459961,,36.91947555541992,4984.71630859375,69.06751251220703,262.6410217285156,82.5770492553711,2253.611328125,525.1006469726562
2024-12-16,2389.64892578125,632.5533447265625,2630.186767578125,240.78082275390625,154.38954162597656,75.3355941772461,287.018798828125,680.4514770507812,334.4502868652344,814.8405151367188,10520.6787109375,1196.77197265625,55.88211441040039,270.1985168457031,,73.6456527709961,53.44586944580078,384.8296813964844,149.56471252441406,,2654.1474609375,32.23512268066406,,179.55950927734375,2598.923828125,4405.04931640625,28.230194091796875,6.427783012390137,12.074920654296875,317.24969482421875,,3631.36767578125,48.318729400634766,21700.0,3856.2744140625,1318.830322265625,2770.713134765625,760.8291015625,32.30402374267578,3696.204833984375,2595.154052734375,291.3832702636719,3.681943416595459,98.96842956542969,257.3956298828125,228.60633850097656,55.353271484375,542.0083618164062,11513.5087890625,10493.359375,50.02132797241211,616.4170532226562,,397.55902099609375,120.86772918701172,71.87870025634766,82.45307159423828,405.8244934082031,9849.560546875,312.5,335.5201721191406,340.29998779296875,1227.129150390625,638.5581665039062,3708.394775390625,4836.42822265625,5054.328125,2240.178466796875,240.7273406982422,583.7274780273438,85.07295989990234,238.49436950683594,276.1832275390625,316.34063720703125,84.00399017333984,2457.282958984375,182.0975341796875,216.72686767578125,,990.7793579101562,181.2733154296875,372.9642028808594,47.966434478759766,,36.8720588684082,5000.75146484375,68.36784362792969,257.4893493652344,80.90711975097656,2237.6142578125,525.1006469726562
2024-12-17,2383.273681640625,632.7527465820312,2605.2041015625,239.9881134033203,155.05458068847656,76.0530776977539,286.731201171875,695.6825561523438,332.487548828125,807.0420532226562,10502.685546875,1169.7772216796875,55.389591217041016,264.45068359375,,74.34776306152344,52.92795181274414,379.83319091796875,147.31602478027344,,2671.141845703125,32.02629852294922,,177.6400146484375,,4365.0576171875,28.0419921875,6.369173049926758,11.783647537231445,313.40484619140625,,3590.37451171875,48.318729400634766,21490.0,3881.12255859375,1332.8233642578125,2782.7119140625,757.032470703125,32.43678283691406,3616.221923828125,2545.189453125,290.20458984375,3.6100502014160156,96.22874450683594,252.5975799560547,226.40821838378906,54.19383239746094,537.6389770507812,11538.505859375,10205.9306640625,49.74522018432617,620.7139892578125,,388.8598937988281,119.73212432861328,72.61235046386719,83.127685546875,398.93084716796875,9801.5830078125,305.29998779296875,338.7123107910156,339.20001220703125,1219.907958984375,635.959228515625,3706.39501953125,4815.44775390625,5040.79638671875,2273.74658203125,242.13621520996094,580.9277954101562,87.8697738647461,236.90870666503906,274.7843322753906,312.14404296875,84.02255249023438,2412.30517578125,184.585205078125,216.4398193359375,,989.3802490234375,179.85906982421875,373.8638610839844,47.40686798095703,,36.227176666259766,4972.95703125,67.5682144165039,258.23870849609375,81.30115509033203,2229.615478515625,523.580810546875
2024-12-18,2368.5625,629.761474609375,2607.20263671875,238.99725341796875,155.3675537109375,76.35203552246094,285.2932434082031,709.4300537109375,334.7447204589844,801.64306640625,10348.734375,1173.2764892578125,55.1243896484375,266.9497375488281,,74.00619506835938,53.273231506347656,383.130859375,147.06614685058594,,2672.1416015625,32.083251953125,,177.72726440429688,2517.45751953125,4369.056640625,27.759689331054688,6.333458423614502,11.883195877075195,317.9397888183594,,3608.371337890625,48.38675308227539,21560.0,3785.552001953125,1333.322998046875,2808.70947265625,767.2234497070312,33.13498306274414,3631.21875,2556.181640625,290.9412841796875,3.6413285732269287,97.36861419677734,253.79708862304688,225.60888671875,54.793540954589844,536.844482421875,11493.5107421875,10272.2607421875,49.64398193359375,621.5929565429688,,391.4596252441406,120.37398529052734,71.53117370605469,82.49054718017578,403.2269287109375,9895.5400390625,302.70001220703125,335.9130554199219,338.6000061035156,1224.24072265625,634.3598022460938,3729.391357421875,4752.50732421875,5019.97998046875,2282.63232421875,239.50634765625,586.72705078125,87.92724609375,238.14752197265625,274.98419189453125,314.9417419433594,84.87651824951172,2417.802734375,186.30743408203125,213.47357177734375,,999.8736572265625,180.85736083984375,372.7642517089844,47.883872985839844,,36.70135498046875,4925.92138671875,67.20838928222656,258.14501953125,82.22055053710938,2239.61376953125,520.3511962890625
2024-12-19,2293.042724609375,596.458740234375,2612.19921875,233.94383239746094,153.07899475097656,75.49504089355469,284.6221618652344,683.2207641601562,319.8279113769531,792.44482421875,10240.7685546875,1165.7779541015625,54.4045524597168,260.1523132324219,,73.32305908203125,52.52815246582031,378.7839050292969,146.3165740966797,,2644.150390625,32.064266204833984,,175.37152099609375,2524.454345703125,4287.07421875,27.51502799987793,6.228145122528076,11.781803131103516,293.09613037109375,,3509.388916015625,47.667686462402344,20860.0,3733.94384765625,1321.3291015625,2732.8046875,764.4258422851562,31.350147247314453,3557.234619140625,2570.171630859375,285.19512939453125,3.5974457263946533,97.0886459350586,249.3988800048828,223.41075134277344,54.2737922668457,524.5307006835938,11448.517578125,10170.5546875,49.2114143371582,612.8037109375,,378.1610107421875,118.20152282714844,71.6277084350586,81.55358123779297,399.6302185058594,9777.5927734375,296.20001220703125,333.3102111816406,332.1000061035156,1171.766357421875,629.5615844726562,3653.40380859375,4688.56787109375,5016.857421875,2265.84814453125,231.7106475830078,579.5279541015625,87.63990020751953,234.92662048339844,271.1871337890625,311.3447265625,83.94830322265625,2404.309326171875,181.25555419921875,209.16773986816406,,982.984130859375,179.85906982421875,368.3658752441406,47.636199951171875,,35.653419494628906,4897.05908203125,67.02847290039062,252.80601501464844,81.92034149169922,2203.6201171875,511.23223876953125
2024-12-20,2288.62939453125,601.843017578125,2595.2109375,234.2410888671875,151.3772430419922,75.7541275024414,282.41729736328125,678.5723266601562,319.7297668457031,786.64599609375,10252.763671875,1155.7799072265625,54.57503890991211,260.1523132324219,,73.60769653320312,52.228302001953125,378.7839050292969,144.91738891601562,,2647.149658203125,31.807979583740234,,170.878173828125,2503.463134765625,4303.07080078125,27.213905334472656,6.232724189758301,11.728342056274414,300.4900817871094,,3507.388916015625,47.55107498168945,21120.0,3743.5009765625,1319.3302001953125,2724.805419921875,760.129638671875,30.868289947509766,3547.23681640625,2571.171142578125,285.48980712890625,3.5797059535980225,94.9888916015625,250.598388671875,223.71047973632812,54.17384338378906,527.3112182617188,11318.533203125,10135.1787109375,49.19300842285156,613.3896484375,,379.36090087890625,116.1278076171875,71.41534423828125,81.25375366210938,395.1343994140625,9801.5830078125,305.0,330.95294189453125,332.6000061035156,1165.9893798828125,628.1621704101562,3628.40771484375,4663.59130859375,5004.3671875,2274.734130859375,232.36810302734375,575.3285522460938,87.42918395996094,234.6293182373047,269.9881286621094,311.9442443847656,83.76265716552734,2393.314453125,181.08331298828125,204.000732421875,,971.3914794921875,177.36334228515625,366.2666320800781,47.59950637817383,,35.70558166503906,4873.5400390625,66.46874237060547,250.74537658691406,83.30882263183594,2203.6201171875,506.29278564453125
2024-12-23,2288.13916015625,602.2418212890625,2617.19580078125,232.75477600097656,150.51658630371094,76.19258880615234,282.0338439941406,676.297607421875,320.613037109375,784.0465087890625,10418.7119140625,1157.2796630859375,54.7076416015625,261.5018310546875,,73.00047302246094,52.19195556640625,380.4327392578125,144.71749877929688,,2647.149658203125,31.931377410888672,,174.4990234375,2492.4677734375,4243.083984375,27.129215240478516,6.22631311416626,11.708064079284668,298.3211975097656,,3464.396484375,47.38102340698242,20910.0,3774.08349609375,1333.322998046875,2719.805908203125,764.4258422851562,31.015798568725586,3555.235107421875,2563.1767578125,286.0300598144531,3.5666344165802,94.06900024414062,248.59921264648438,223.9103240966797,53.933956146240234,528.7015380859375,11238.544921875,10480.09375,48.521148681640625,614.4639282226562,,378.66094970703125,116.86841583251953,71.51187133789062,82.15323638916016,396.63299560546875,9741.6103515625,310.3999938964844,332.0333251953125,334.70001220703125,1172.729248046875,632.7603759765625,3607.4111328125,4687.56884765625,5013.73486328125,2272.759521484375,235.7493896484375,575.5285034179688,87.90808868408203,234.23289489746094,268.7890319824219,307.3479919433594,84.13394165039062,2407.8076171875,180.81541442871094,206.20150756835938,,980.1859130859375,179.443115234375,365.8667907714844,47.56281280517578,,35.76247787475586,4869.2646484375,66.44874572753906,249.3403778076172,81.65765380859375,2181.623779296875,511.99212646484375
2024-12-24,2335.706298828125,,2622.1923828125,,150.32098388671875,,,680.9461059570312,,793.6445922851562,10432.70703125,1158.2794189453125,,263.4510192871094,,,52.28282165527344,380.9823913574219,143.9418182373047,,2644.150390625,31.864933013916016,,,2496.466064453125,4291.0732421875,,,,,,3463.396728515625,,20710.0,,1338.8201904296875,2729.80517578125,771.31982421875,,3580.229736328125,2558.18017578125,,,94.90890502929688,247.7995147705078,225.20921325683594,54.19383239746094,,11323.533203125,,,616.0264282226562,,381.7606201171875,,,,399.4303894042969,9841.5634765625,312.70001220703125,333.8013000488281,,,632.9603271484375,3616.40966796875,4695.5615234375,5012.6943359375,2268.81005859375,,575.5285034179688,87.87935638427734,,271.78668212890625,310.3455505371094,,2427.797607421875,,,,990.1797485351562,,368.3658752441406,47.7095832824707,,,4877.81591796875,67.7281494140625,,,2197.621337890625,
2024-12-27,2296.966064453125,602.8400268554688,2616.196533203125,233.84474182128906,151.8858184814453,76.89014434814453,282.8966064453125,677.385498046875,321.29998779296875,791.2451171875,10456.7001953125,1155.280029296875,55.5411376953125,264.8005676269531,,74.32878112792969,53.19145584106445,385.1794128417969,144.24168395996094,,2654.1474609375,32.349029541015625,,179.29774475097656,2533.95068359375,4269.07861328125,27.27977752685547,6.270270824432373,11.94034481048584,305.8137512207031,,3463.396728515625,47.81344223022461,20770.0,3805.621826171875,1341.818603515625,2721.8056640625,776.4152221679688,31.2911434173584,3595.2265625,2562.177001953125,288.387451171875,3.608649969100952,93.9690170288086,247.2997283935547,226.60804748535156,54.333763122558594,534.2625732421875,11328.5322265625,10656.97265625,49.28504180908203,620.7139892578125,,378.260986328125,118.34964752197266,71.84008026123047,83.22138214111328,400.02984619140625,9585.6796875,303.70001220703125,338.3685607910156,330.29998779296875,1187.171630859375,636.7589111328125,3630.407470703125,4689.06689453125,5025.18408203125,2284.60693359375,238.19142150878906,577.9281616210938,89.34481048583984,237.35467529296875,270.9873046875,313.1432189941406,84.37528228759766,2439.291748046875,181.4086456298828,207.25404357910156,,981.9848022460938,181.0237579345703,366.7664489746094,48.38839340209961,,36.364688873291016,4892.78271484375,67.30833435058594,251.40103149414062,83.17748260498047,2187.622802734375,512.5620727539062
2024-12-30,2291.081298828125,593.6669311523438,2618.195068359375,234.63743591308594,150.9860382080078,76.63105773925781,283.66351318359375,664.5281982421875,320.7111511230469,788.2456665039062,10404.7158203125,1144.781982421875,55.560081481933594,264.6506042480469,,74.93601989746094,53.36409378051758,386.478515625,143.29208374023438,,2652.14794921875,32.38699722290039,,177.72726440429688,2512.959228515625,4221.08837890625,27.27977752685547,6.305985450744629,12.065702438354492,301.7716979980469,,3426.4033203125,47.701690673828125,20720.0,3790.33056640625,1333.322998046875,2687.807861328125,781.0112915039062,30.878124237060547,3580.229736328125,2549.1865234375,287.50341796875,3.6067824363708496,92.80915069580078,245.4005126953125,226.9077911376953,54.393733978271484,532.077880859375,11298.537109375,10528.7353515625,49.515132904052734,614.5615234375,,377.361083984375,118.79401397705078,72.28413391113281,83.10894775390625,399.6302185058594,9495.720703125,294.20001220703125,331.3948974609375,324.20001220703125,1184.283203125,632.9603271484375,3603.411865234375,4665.08984375,5003.32666015625,2275.72119140625,239.97596740722656,570.3291625976562,89.2107162475586,234.183349609375,271.9865417480469,316.34063720703125,84.3567123413086,2440.791259765625,181.4086456298828,206.48855590820312,,984.1835327148438,181.60609436035156,365.4669494628906,48.250797271728516,,36.53539276123047,4847.88525390625,67.18840026855469,251.58836364746094,83.17748260498047,2183.62353515625,511.8021545410156
2024-12-31,2318.54296875,,2642.178466796875,,151.3772430419922,,,671.2535400390625,,792.8447875976562,10464.697265625,1148.28125,,268.0493469238281,,,53.809329986572266,392.72412109375,143.99180603027344,,2661.14501953125,32.576839447021484,,,2536.449462890625,4249.08251953125,,,,,,3444.400146484375,,20720.0,,1345.8167724609375,2688.807861328125,784.6080932617188,,3563.2333984375,2551.185302734375,,,95.88878631591797,248.59921264648438,229.60548400878906,54.75355911254883,,11283.5380859375,,,620.6163330078125,,375.4612731933594,,,,401.7283020019531,9493.720703125,302.29998779296875,335.7657165527344,,,636.7589111328125,3628.40771484375,4718.53955078125,5030.38818359375,2292.50537109375,,568.5293579101562,89.785400390625,,273.38543701171875,323.3348693847656,,2474.774658203125,,,,987.9810791015625,,368.16595458984375,48.95713424682617,,,4861.78125,68.26789855957031,,,2183.62353515625,
2025-01-02,2335.706298828125,591.4732666015625,2673.1572265625,234.53834533691406,156.61941528320312,,284.52630615234375,682.4295654296875,321.6925048828125,794.679443359375,10626.646484375,1153.2803955078125,,266.7998046875,,74.10107421875,53.836585998535156,402.8669738769531,147.14051818847656,,2685.13720703125,32.67176055908203,,177.81451416015625,2546.445556640625,4269.07861328125,27.44915771484375,6.433277606964111,12.408594131469727,304.8278503417969,,3483.393310546875,48.04665756225586,20900.0,,1360.80908203125,2701.80712890625,782.7097778320312,30.87320899963379,3619.22119140625,2584.161376953125,290.74481201171875,3.594644546508789,95.12887573242188,247.2997283935547,229.80531311035156,55.0134391784668,,11468.5146484375,11059.3720703125,48.66840744018555,620.5186767578125,,389.25982666015625,120.57147979736328,,,401.7283020019531,9695.630859375,315.20001220703125,332.08245849609375,336.29998779296875,,640.3574829101562,3679.3994140625,4759.50048828125,5057.4501953125,2271.77197265625,,588.326904296875,90.34093475341797,236.41319274902344,275.5837097167969,323.1350402832031,,2525.749267578125,180.94937133789062,,,984.3833618164062,182.6875762939453,372.5643615722656,50.027896881103516,,36.39788055419922,4906.67919921875,68.84761810302734,252.7123565673828,81.9578628540039,2209.619140625,
2025-01-03,2301.37939453125,598.65234375,2667.161376953125,231.46665954589844,155.0937042236328,76.11286926269531,284.6221618652344,680.4514770507812,320.8092956542969,793.2797241210938,10590.6572265625,1152.7803955078125,55.332763671875,266.3499755859375,,72.50708770751953,53.146026611328125,407.66363525390625,145.84103393554688,,2663.14453125,32.33953857421875,,177.6400146484375,2447.486328125,4217.08935546875,27.58089828491211,6.422288417816162,12.41596794128418,307.0953369140625,,3449.399169921875,47.57537078857422,20410.0,3770.2607421875,1339.3199462890625,2673.80908203125,781.6106567382812,30.484773635864258,3603.224853515625,2602.148681640625,291.4324035644531,3.5937111377716064,94.14899444580078,243.90110778808594,228.80616760253906,54.333763122558594,530.2904052734375,11418.5205078125,10931.1357421875,48.27265167236328,596.9830932617188,,390.4597473144531,120.86772918701172,72.1103744506836,83.40877532958984,402.62744140625,9517.7109375,323.6000061035156,326.0910339355469,348.5,1199.20703125,624.763427734375,3649.404541015625,4693.56298828125,5067.8583984375,2208.5849609375,241.00914001464844,584.9273681640625,88.95211029052734,232.746337890625,276.1832275390625,321.3365173339844,84.8208236694336,2565.2294921875,178.71047973632812,203.71368408203125,,988.380859375,186.59754943847656,372.1644592285156,50.279293060302734,,36.364688873291016,4875.67919921875,68.5877456665039,251.68203735351562,81.45125579833984,2195.621337890625,517.6914672851562
2025-01-06,2346.49462890625,,2648.17431640625,237.31277465820312,156.13040161132812,76.2125244140625,286.6353454589844,739.5953369140625,,787.2806396484375,10708.6201171875,1145.2818603515625,55.99576950073242,272.6975402832031,,75.71402740478516,54.545318603515625,413.7593078613281,147.79026794433594,,2642.151123046875,32.70023727416992,,178.33799743652344,2502.46337890625,4261.07958984375,27.138626098632812,6.437856197357178,12.572665214538574,,,3490.391845703125,48.74143600463867,20720.0,3715.785400390625,1348.8150634765625,2702.80712890625,783.8087768554688,32.72196578979492,3621.220947265625,2616.138916015625,,3.668872117996216,97.92855072021484,244.50086975097656,230.30490112304688,55.733089447021484,538.0361938476562,11318.533203125,10789.6318359375,50.012123107910156,619.7373657226562,,382.7605285644531,,71.45394897460938,83.35255432128906,409.3212585449219,9549.6962890625,308.0,331.9842224121094,341.6000061035156,1213.6495361328125,636.7589111328125,3665.401611328125,4709.04833984375,5005.40771484375,2308.302001953125,241.8544464111328,569.92919921875,90.66659545898438,237.10691833496094,276.98260498046875,326.5322265625,85.58196258544922,2576.223876953125,184.73829650878906,208.3065643310547,,1003.3714599609375,,372.8642272949219,50.940372467041016,,37.49797439575195,4754.8828125,67.96803283691406,,83.94676971435547,2209.619140625,520.5411376953125
2025-01-07,2323.93701171875,601.843017578125,2639.1806640625,241.0780792236328,154.9176483154297,76.94993591308594,287.8815612792969,730.2985229492188,318.8465576171875,796.0792846679688,10664.6337890625,1153.7802734375,56.639835357666016,265.60028076171875,,74.82215881347656,54.88151550292969,421.7037658691406,145.4412078857422,,2628.155517578125,32.99449157714844,,183.22396850585938,2505.46240234375,4267.07861328125,27.298595428466797,6.40488862991333,12.59294319152832,309.1656494140625,,3425.4033203125,48.92605972290039,20530.0,3730.12109375,1356.8111572265625,2744.803955078125,775.3162841796875,33.390663146972656,3654.213623046875,2605.14697265625,292.4146728515625,3.6515989303588867,101.4881362915039,241.00228881835938,230.00514221191406,55.31329345703125,550.3500366210938,11423.5205078125,10369.54296875,49.993717193603516,629.4055786132812,,380.7607116699219,125.26201629638672,72.3420639038086,84.69241333007812,394.8346862792969,9907.5341796875,297.6000061035156,330.265380859375,330.6000061035156,1221.3521728515625,633.9598999023438,3698.396484375,4661.09375,5042.87841796875,2334.959228515625,248.335205078125,576.5283203125,91.80638885498047,241.12063598632812,272.1863708496094,319.5379943847656,85.73048400878906,2615.70458984375,185.17840576171875,207.5410919189453,,986.382080078125,189.34286499023438,370.465087890625,51.1917724609375,,37.592803955078125,4807.2626953125,67.5682144165039,267.0433349609375,84.22821807861328,2201.620361328125,524.1507568359375
2025-01-08,2316.0908203125,609.2214965820312,2608.2021484375,242.4652862548828,155.0937042236328,76.07300567626953,289.1278076171875,716.3532104492188,317.1782531738281,787.8805541992188,10750.607421875,1189.7733154296875,56.564064025878906,264.9005126953125,,72.8296890258789,54.64527130126953,420.1048583984375,143.69190979003906,,2662.144775390625,33.079917907714844,,180.6064910888672,2524.954345703125,4197.09326171875,27.373876571655273,6.398478031158447,12.602161407470703,313.89776611328125,,3455.398193359375,48.82889175415039,20610.0,3710.05126953125,1359.309814453125,2693.8076171875,790.5029296875,32.161434173583984,3633.21826171875,2622.134521484375,295.0666809082031,3.7048182487487793,97.52859497070312,235.2046356201172,221.2126007080078,53.834007263183594,553.7263793945312,11613.49609375,10360.69921875,49.06415939331055,620.8116455078125,,376.7611389160156,124.22516632080078,72.74749755859375,85.22648620605469,392.2370910644531,9675.6396484375,290.5,325.5508117675781,311.5,1250.7186279296875,614.7672119140625,3774.3837890625,4717.041015625,5109.49169921875,2339.8955078125,250.6833038330078,577.9281616210938,91.63397979736328,242.55764770507812,271.78668212890625,314.54205322265625,85.74903869628906,2578.223388671875,185.17840576171875,208.6893310546875,,1006.8692626953125,189.25965881347656,369.8653564453125,51.35936737060547,,38.49848556518555,4839.33251953125,66.628662109375,266.106689453125,83.79666137695312,2197.621337890625,519.78125
2025-01-09,2392.59130859375,608.8226318359375,2570.22802734375,243.75341796875,153.13768005371094,76.11286926269531,288.07330322265625,725.8479614257812,318.3558654785156,781.0816040039062,10984.5322265625,1186.2740478515625,55.806339263916016,265.7502136230469,,71.6531753540039,54.47262954711914,422.40325927734375,143.39202880859375,,2731.122802734375,32.662269592285156,,181.2172393798828,2553.9423828125,4215.09033203125,27.533849716186523,6.440603733062744,12.662997245788574,315.96807861328125,,3465.5546875,49.00379943847656,20210.0,3766.437744140625,1348.8150634765625,2721.8056640625,801.7928466796875,31.743497848510742,3648.215087890625,2631.128173828125,294.7229309082031,3.7248923778533936,99.64835357666016,230.30662536621094,223.31082153320312,53.873985290527344,552.9319458007812,11863.4638671875,9746.044921875,48.83407211303711,632.8236083984375,,345.2643737792969,123.48455047607422,72.51582336425781,85.8636245727539,384.6440734863281,9509.7138671875,279.0,325.9927978515625,311.3999938964844,1280.56640625,620.5650024414062,3805.37890625,4801.4609375,5124.064453125,2346.806640625,255.28558349609375,581.3278198242188,92.23741149902344,242.9540557861328,262.99359130859375,317.33978271484375,86.41736602783203,2612.20654296875,188.10623168945312,207.82815551757812,,1013.365234375,188.09500122070312,367.8660583496094,51.48971939086914,,38.455810546875,4898.1279296875,66.50872039794922,268.2610168457031,84.15316009521484,2233.614990234375,512.9420166015625
2025-01-10,2376.408447265625,600.8458862304688,2526.25830078125,241.57351684570312,154.09613037109375,76.61112213134766,283.7593994140625,717.34228515625,314.0378723144531,774.0825805664062,10978.53515625,1191.77294921875,55.69268035888672,257.953125,,72.4691390991211,53.92744827270508,424.80157470703125,138.24412536621094,,2696.1337890625,32.121219635009766,,182.26422119140625,2445.487060546875,4161.10107421875,27.703229904174805,6.382910251617432,12.668527603149414,311.9260559082031,,3456.555908203125,48.62482833862305,20470.0,3723.43115234375,1348.8150634765625,2691.807861328125,798.3958740234375,31.67957878112793,3593.226806640625,2607.1455078125,294.08447265625,3.7454330921173096,96.62870025634766,230.80642700195312,219.1143798828125,52.8544807434082,550.1514282226562,11673.48828125,9692.98046875,50.656375885009766,629.8938598632812,,334.9654541015625,123.43517303466797,71.47325897216797,85.3482894897461,374.05389404296875,9343.7890625,278.6000061035156,321.5728759765625,297.8999938964844,1267.086669921875,602.3718872070312,3810.3779296875,4813.44970703125,5152.16650390625,2336.933837890625,250.965087890625,579.927978515625,91.5765151977539,243.64779663085938,251.8023681640625,303.55108642578125,86.49162292480469,2623.700439453125,186.09695434570312,208.5936279296875,,1024.3582763671875,187.3462677001953,359.569091796875,51.44316482543945,,37.94844055175781,4846.81591796875,66.14888763427734,261.51702880859375,84.77235412597656,2205.61962890625,504.5829772949219
2025-01-13,2405.34130859375,595.26220703125,2522.260986328125,236.61917114257812,152.02273559570312,75.77406311035156,281.7462158203125,703.6936645507812,310.99560546875,764.0841674804688,10818.5859375,1181.27490234375,55.181217193603516,260.6021423339844,,72.31733703613281,54.19095230102539,430.8973083496094,138.7938995361328,,2675.140625,31.779504776000977,,185.0562286376953,2390.510009765625,4103.1142578125,28.08904266357422,6.305069923400879,12.786510467529297,302.0674743652344,,3431.55908203125,48.39160919189453,20880.0,3712.918212890625,1330.3245849609375,2646.81103515625,797.5966186523438,31.920507431030273,3554.235107421875,2577.166748046875,292.21820068359375,3.6982827186584473,96.28873443603516,228.10751342773438,221.11268615722656,53.15433120727539,540.6181640625,11568.5009765625,9396.7080078125,51.03371810913086,631.2611083984375,,332.5657043457031,124.8176498413086,71.66632080078125,85.06720733642578,381.34716796875,9345.787109375,270.0,322.5550842285156,292.29998779296875,1233.3875732421875,594.9747314453125,3764.385498046875,4880.38671875,5091.79833984375,2323.111572265625,248.8048095703125,567.3295288085938,90.96351623535156,241.7152557373047,252.60174560546875,307.54779052734375,85.87899017333984,2661.681884765625,184.83395385742188,208.01951599121094,,1014.3645629882812,189.92520141601562,360.06890869140625,52.06700134277344,,38.23294448852539,4843.60888671875,66.90853881835938,258.9880065917969,85.27896118164062,2191.6220703125,498.8836364746094
2025-01-14,2424.466064453125,596.0598754882812,2522.260986328125,235.13287353515625,152.5508575439453,75.43524932861328,283.3759460449219,704.8805541992188,308.9347229003906,768.8834228515625,10626.646484375,1186.77392578125,54.95390319824219,263.7009582519531,,72.0896224975586,55.254058837890625,419.9549865722656,138.54400634765625,,2657.146240234375,31.950361251831055,,185.31796264648438,2336.032470703125,4081.118896484375,28.418394088745117,6.338037490844727,12.668527603149414,308.5741271972656,,3454.555908203125,48.663700103759766,21470.0,3677.55712890625,1292.843505859375,2662.809814453125,798.4957885742188,32.279441833496094,3579.22998046875,2593.1552734375,291.3341979980469,3.8009867668151855,90.16944885253906,229.30702209472656,223.61058044433594,53.59412384033203,533.6668090820312,11603.49609375,9379.0205078125,51.125755310058594,635.7533569335938,,327.56622314453125,125.90387725830078,71.58910369873047,84.43006896972656,385.54327392578125,9023.9326171875,295.70001220703125,320.83624267578125,294.8999938964844,1243.015869140625,602.9716796875,3762.385986328125,4913.35498046875,5061.61328125,2329.035400390625,247.39596557617188,566.3296508789062,89.3064956665039,245.1839141845703,251.60252380371094,307.54779052734375,85.99038696289062,2671.6767578125,185.5802764892578,209.35911560058594,,1021.85986328125,191.6721954345703,356.47021484375,51.769046783447266,,38.816184997558594,4789.09033203125,67.36831665039062,259.8310241699219,86.19835662841797,2167.626220703125,502.8731994628906
2025-01-15,2400.927490234375,604.4354248046875,2598.208740234375,238.89817810058594,150.9860382080078,75.57475280761719,288.8402099609375,704.8805541992188,319.0428466796875,780.6815795898438,10644.640625,1187.7738037109375,56.75349426269531,280.84454345703125,,73.09534454345703,56.408023834228516,422.70306396484375,140.54319763183594,,2672.1416015625,32.65277862548828,,187.32470703125,2359.522705078125,4297.07177734375,28.249013900756836,6.455255508422852,12.889747619628906,331.3475036621094,,3517.5478515625,49.21757888793945,21410.0,3710.05126953125,1326.826171875,2709.806396484375,803.6912841796875,32.84980010986328,3633.21826171875,2578.165771484375,298.3081359863281,3.8051884174346924,92.869140625,238.30337524414062,232.4031219482422,57.092430114746094,540.4195556640625,11608.49609375,9480.7255859375,51.81602096557617,622.2765502929688,,337.1652526855469,126.54573059082031,71.10643768310547,84.87044525146484,404.825439453125,9247.83203125,316.29998779296875,323.6355285644531,309.0,1255.05126953125,612.3681030273438,3828.375,4929.34033203125,5017.8984375,2333.971923828125,249.74404907226562,563.3300170898438,91.77765655517578,251.32838439941406,256.7984313964844,317.13995361328125,80.47675323486328,2680.172607421875,187.13027954101562,211.55987548828125,,1055.838623046875,194.50071716308594,360.4687805175781,52.07631301879883,,39.60332107543945,4771.986328125,69.12749481201172,265.4510192871094,87.56807708740234,2219.6171875,510.6622619628906
2025-01-16,2412.697021484375,604.834228515625,2628.188232421875,240.18629455566406,153.74403381347656,76.17266082763672,291.04510498046875,737.2217407226562,322.4776306152344,795.8792724609375,10840.5791015625,1212.26904296875,56.4693489074707,282.5939025878906,,72.33631134033203,56.52613830566406,428.49896240234375,140.54319763183594,,2672.45556640625,33.298240661621094,,185.92872619628906,2377.015625,4295.49267578125,28.52190399169922,6.5056233406066895,12.852877616882324,335.0937805175781,,3646.53125,49.87834930419922,21170.0,3728.20947265625,1347.8155517578125,2767.80224609375,817.0794677734375,32.874385833740234,3733.19677734375,2595.154052734375,299.7323913574219,3.826662540435791,87.34978485107422,239.0030975341797,232.30320739746094,57.232364654541016,543.9945068359375,11788.4736328125,9352.48828125,50.766815185546875,679.2111206054688,,335.9653625488281,126.00262451171875,71.3381118774414,84.87980651855469,406.9234619140625,9265.8232421875,324.29998779296875,332.8681945800781,300.6000061035156,1269.0123291015625,624.5634765625,3901.363037109375,4926.84228515625,5088.67578125,2448.498291015625,252.280029296875,578.7280883789062,93.75074768066406,252.76539611816406,258.9967346191406,320.5371398925781,78.6760025024414,2687.6689453125,186.72842407226562,212.5167236328125,,1066.33203125,193.00326538085938,360.86859130859375,53.4264030456543,,39.75505828857422,4826.5048828125,69.46732330322266,264.3270263671875,87.19281768798828,2277.607177734375,509.7123718261719
2025-01-17,2499.004638671875,616.001708984375,2642.178466796875,240.18629455566406,157.24533081054688,76.93000030517578,293.15411376953125,730.9908447265625,327.87518310546875,793.4796752929688,10934.5498046875,1222.2672119140625,57.3217887878418,289.24139404296875,,73.15227508544922,56.553401947021484,433.9950866699219,142.39242553710938,,2674.455078125,33.56401824951172,,184.44546508789062,2433.4921875,4405.4794921875,28.52190399169922,6.553243637084961,12.98929500579834,332.9248962402344,,3736.519775390625,50.296180725097656,21360.0,3755.92529296875,1358.310302734375,2800.800048828125,821.9751586914062,33.4398307800293,3745.194091796875,2600.150146484375,307.34478759765625,3.869144916534424,85.03005981445312,242.80154418945312,233.40228271484375,58.511749267578125,550.5487060546875,11768.4755859375,9162.34375,50.702392578125,673.9375610351562,,334.46551513671875,127.23698425292969,71.6277084350586,83.68986511230469,413.9170227050781,9349.7861328125,325.0,337.3372497558594,311.5,1277.6778564453125,655.3518676757812,3950.355224609375,5036.2392578125,5218.78076171875,2458.371337890625,249.27444458007812,587.927001953125,94.04767608642578,254.5492706298828,262.39404296875,324.13421630859375,79.17724609375,2719.1533203125,192.172607421875,214.9088592529297,,1075.826171875,193.41921997070312,364.4673156738281,53.51020431518555,,40.27191162109375,4903.47265625,69.54729461669922,269.7596740722656,87.64312744140625,2313.60107421875,512.3721313476562
2025-01-20,2570.110595703125,615.2040405273438,2613.198486328125,240.18629455566406,159.82730102539062,77.707275390625,293.4417419433594,739.793212890625,329.93603515625,784.2810668945312,10790.5947265625,1224.266845703125,57.7385368347168,291.74041748046875,,75.2016830444336,57.19853210449219,429.3983459472656,142.09255981445312,,2676.454833984375,33.5450325012207,,184.3582305908203,2436.99072265625,4431.47607421875,28.456035614013672,6.411622524261475,12.804945945739746,330.7559814453125,,3819.509033203125,50.48081588745117,21830.0,3787.46337890625,1353.3128662109375,2806.799560546875,824.5728149414062,33.56766891479492,3784.185791015625,2598.1513671875,305.82232666015625,3.8910863399505615,84.0701675415039,247.7995147705078,232.00344848632812,58.631690979003906,559.2875366210938,11698.484375,9197.7197265625,51.88044357299805,667.1015014648438,,338.1651611328125,127.1875991821289,71.87870025634766,83.60553741455078,414.4165344238281,9375.7734375,327.1000061035156,334.734375,312.20001220703125,1285.3804931640625,661.349609375,3964.35302734375,5086.19189453125,5241.6796875,2466.269775390625,250.6833038330078,595.3261108398438,94.67982482910156,253.70687866210938,264.5923156738281,325.9327392578125,78.93590545654297,2721.152099609375,193.08155822753906,217.39666748046875,,1077.8248291015625,193.83517456054688,366.5665283203125,53.230873107910156,,40.89308166503906,4918.43896484375,69.7671890258789,269.85333251953125,89.12542724609375,2333.59765625,503.8230895996094
2025-01-21,2531.370361328125,624.1777954101562,2659.166748046875,240.18629455566406,159.70994567871094,79.18209838867188,293.4417419433594,724.3643798828125,330.4267272949219,790.8800659179688,11048.513671875,1248.2623291015625,58.30683135986328,295.8388977050781,,75.2016830444336,57.34391403198242,426.55035400390625,141.39283752441406,,2700.449951171875,33.45960235595703,,186.8012237548828,2428.494140625,4461.47265625,28.456035614013672,6.413511276245117,12.651934623718262,336.671142578125,,3825.50830078125,50.48081588745117,22070.0,3784.59619140625,1357.8106689453125,2834.797607421875,824.7726440429688,33.56766891479492,3813.1796875,2603.148193359375,308.0323791503906,3.885484218597412,83.63021850585938,249.79872131347656,232.6029510498047,60.97056198120117,566.2388916015625,11798.4716796875,9255.205078125,51.88044357299805,684.875244140625,,341.7647399902344,129.11318969726562,72.14898681640625,83.72734069824219,416.8143310546875,9403.76171875,330.6000061035156,335.1272888183594,278.70001220703125,1299.822998046875,654.7520751953125,3995.347900390625,5018.255859375,5272.904296875,2529.456787109375,253.78282165527344,593.9262084960938,94.8426513671875,253.70687866210938,260.3956298828125,328.7304382324219,79.75273895263672,2694.166015625,193.08155822753906,217.20529174804688,,1078.82421875,197.99473571777344,367.3662414550781,52.73739242553711,,40.613319396972656,4933.40380859375,69.60726165771484,270.7900085449219,88.43119049072266,2331.59814453125,505.9128112792969
2025-01-22,2507.34130859375,648.307373046875,2663.1640625,255.742919921875,161.50949096679688,80.6170654296875,293.8251953125,739.8920288085938,330.62298583984375,776.0823364257812,11036.517578125,1244.762939453125,58.70463180541992,293.63970947265625,,74.21492767333984,56.617008209228516,425.95074462890625,141.79269409179688,,2725.44482421875,33.905731201171875,,187.06295776367188,2398.0068359375,4531.46435546875,28.183143615722656,6.314377307891846,12.605847358703613,341.69903564453125,,3827.508056640625,50.88893127441406,21830.0,3770.2607421875,1354.8121337890625,2950.789306640625,822.2748413085938,33.73484420776367,3872.1669921875,2600.150146484375,310.6844177246094,3.8257288932800293,82.97029876708984,247.49966430664062,233.90185546875,61.670223236083984,576.3680419921875,11958.451171875,9157.9208984375,51.77000427246094,697.08251953125,,339.2649841308594,129.01443481445312,71.60840606689453,84.07402801513672,417.3138427734375,9497.7197265625,328.6000061035156,343.4268798828125,262.0,1329.6707763671875,651.953125,3991.3486328125,4996.27685546875,5245.8427734375,2583.758056640625,257.1640625,603.3250732421875,94.67982482910156,259.950439453125,257.1981506347656,331.1285095214844,79.99407196044922,2694.665283203125,198.20042419433594,218.5448760986328,,1064.333251953125,196.99642944335938,370.0652770996094,52.495304107666016,,40.257686614990234,4885.2998046875,68.16793060302734,269.47869873046875,88.03715515136719,2349.594970703125,510.8522644042969
2025-01-23,2499.004638671875,647.5097045898438,2676.1552734375,256.5356140136719,162.99607849121094,80.17860412597656,297.9473571777344,707.4520263671875,330.23040771484375,778.8818969726562,11042.5146484375,1258.2603759765625,59.140323638916016,298.53790283203125,,73.41793823242188,57.5892448425293,423.4525146484375,141.04298400878906,,2739.44189453125,34.28541564941406,,188.8079376220703,2400.505859375,4497.46875,28.230194091796875,6.295494556427002,12.530264854431152,372.162109375,,3793.512451171875,51.02497482299805,21830.0,3766.437744140625,1362.8079833984375,2927.790771484375,828.5692749023438,33.61684036254883,3894.162353515625,2625.132568359375,309.2110595703125,3.9008898735046387,81.69044494628906,246.4001007080078,235.10084533691406,62.50981521606445,579.1486206054688,11918.4560546875,9184.453125,51.37424850463867,703.7232055664062,,332.76568603515625,131.3843994140625,72.1103744506836,84.57061767578125,429.202880859375,9529.705078125,313.1000061035156,348.2396545410156,256.8999938964844,1351.81591796875,651.7532348632812,3979.350341796875,4942.82763671875,5279.1494140625,2605.478515625,257.72760009765625,611.5240478515625,95.67595672607422,260.0495300292969,253.0014190673828,332.7271728515625,80.1240234375,2681.671875,199.9705047607422,218.7362518310547,,1082.8216552734375,205.2323455810547,366.4665832519531,52.27184295654297,,41.27717208862305,4912.02392578125,68.06798553466797,272.5696716308594,89.50069427490234,2393.58740234375,512.9420166015625
2025-01-24,2486.744873046875,648.7061767578125,2638.18115234375,256.5356140136719,163.36770629882812,80.33804321289062,297.9473571777344,693.0121459960938,331.7024841308594,769.8832397460938,11046.513671875,1237.7642822265625,59.44341278076172,292.9399719238281,,73.41793823242188,57.7982292175293,419.5552673339844,139.34365844726562,,2700.449951171875,34.07659149169922,,187.6737060546875,2502.46337890625,4469.4716796875,28.230194091796875,6.30776834487915,12.358819007873535,356.5855407714844,,3786.51318359375,51.015254974365234,21430.0,3648.885986328125,1355.8116455078125,2911.7919921875,817.2792358398438,33.61684036254883,3827.1767578125,2627.130859375,309.6039733886719,3.9158284664154053,83.99018096923828,242.70159912109375,234.90101623535156,61.7901611328125,586.8944091796875,11773.4755859375,9100.435546875,51.37424850463867,716.9071044921875,,321.46685791015625,131.18692016601562,72.09107208251953,84.57061767578125,421.01043701171875,9335.79296875,303.1000061035156,352.0702819824219,266.1000061035156,1337.8548583984375,657.5509643554688,3927.359130859375,4982.2900390625,5279.1494140625,2628.1865234375,258.1972351074219,605.5247802734375,95.9345703125,260.0495300292969,252.60174560546875,333.72637939453125,78.9173355102539,2618.702880859375,199.9705047607422,221.51113891601562,,1075.826171875,203.4021453857422,359.8689880371094,51.99251174926758,,41.49529266357422,4857.505859375,66.968505859375,274.7239990234375,89.50069427490234,2415.58349609375,510.2823486328125
2025-01-27,2332.273681640625,617.1981201171875,2645.176513671875,252.77032470703125,162.194091796875,81.23489379882812,300.056396484375,644.4508666992188,329.837890625,773.8826293945312,11176.47265625,1243.26318359375,58.98877716064453,288.29168701171875,,76.89054107666016,58.36158752441406,416.6573181152344,140.24330139160156,,2711.44775390625,34.50373077392578,,187.23745727539062,2492.4677734375,4373.48291015625,28.051401138305664,6.381410598754883,12.360662460327148,352.8392333984375,,3822.5087890625,50.71402359008789,21010.0,3855.318603515625,1401.28857421875,2838.797119140625,823.7735595703125,32.825218200683594,3765.18994140625,2663.105224609375,305.9696350097656,3.8990225791931152,81.3704833984375,238.30337524414062,234.60125732421875,61.270416259765625,581.5319213867188,11688.486328125,9286.1591796875,53.03089141845703,737.1222534179688,,319.2670593261719,131.73001098632812,74.87123107910156,86.40707397460938,421.8097229003906,9331.7939453125,304.20001220703125,356.6866149902344,264.3999938964844,1311.376953125,659.7501831054688,3925.359375,4894.87255859375,5374.90625,2628.1865234375,262.32989501953125,589.7266845703125,97.06478118896484,259.0585021972656,254.20046997070312,339.32177734375,82.61165618896484,2582.221435546875,192.69883728027344,222.6593475341797,,1065.3326416015625,203.15255737304688,363.5676574707031,51.85285186767578,,41.58064270019531,4963.3369140625,67.94805145263672,273.50634765625,91.92115020751953,2379.58984375,520.1611938476562
2025-01-28,2311.187255859375,606.8284301757812,2655.169677734375,251.2840118408203,163.13299560546875,82.33104705810547,301.9736633300781,639.505615234375,329.837890625,781.4814453125,11166.474609375,1250.76171875,59.8222770690918,289.24139404296875,,74.7652359008789,58.67960739135742,418.0562744140625,143.44200134277344,,2770.435791015625,34.80747985839844,,189.2441864013672,2493.96728515625,4407.47900390625,28.954769134521484,6.410678863525391,12.380941390991211,347.61419677734375,,3965.490478515625,50.80147933959961,21390.0,3845.761474609375,1386.7958984375,2943.789794921875,823.4738159179688,32.505619049072266,3789.184814453125,2668.101806640625,307.63946533203125,3.9158284664154053,82.4703598022461,245.90029907226562,235.4005889892578,61.5502815246582,590.4693603515625,11693.4853515625,9100.435546875,53.785579681396484,733.0206298828125,,326.9662780761719,131.43377685546875,75.46973419189453,86.61320495605469,424.80694580078125,9515.7109375,305.5,361.0574035644531,269.0,1298.8602294921875,656.3515014648438,3959.353759765625,4808.45458984375,5435.2763671875,2628.1865234375,263.26910400390625,582.7276000976562,97.42875671386719,260.2477722167969,256.9983215332031,342.718994140625,82.09186553955078,2579.72265625,191.40716552734375,222.5636749267578,,1059.33642578125,201.7383270263672,370.465087890625,51.908714294433594,,41.98843765258789,4965.4736328125,68.32786560058594,269.385009765625,91.77104187011719,2363.592529296875,525.1006469726562
2025-01-29,2317.071533203125,616.9987182617188,2752.102783203125,254.15753173828125,162.95693969726562,82.55027770996094,301.206787109375,675.0119018554688,329.93603515625,782.8812866210938,11228.4560546875,1195.2723388671875,60.73154830932617,296.1887512207031,,75.23963165283203,58.761383056640625,416.107666015625,145.94100952148438,,2753.439208984375,34.62712860107422,,190.9891815185547,2425.49560546875,4439.47509765625,30.3004093170166,6.391796112060547,12.397531509399414,347.2198791503906,,3961.49072265625,51.13186264038086,21460.0,3806.57763671875,1399.7894287109375,3010.784912109375,835.0635375976562,31.969675064086914,3810.18017578125,2660.107666015625,309.11285400390625,3.9681146144866943,86.28990936279297,244.2010040283203,237.79855346679688,62.48982620239258,574.977783203125,11823.46875,9113.701171875,54.06169128417969,696.49658203125,,330.06597900390625,131.0387725830078,75.56626892089844,87.5501708984375,434.69775390625,9651.6494140625,300.3999938964844,350.00762939453125,270.8999938964844,1310.4141845703125,670.5460815429688,3969.352294921875,4840.42431640625,5458.173828125,2646.945068359375,263.7387390136719,584.12744140625,97.56285095214844,264.80657958984375,255.99908447265625,344.1178283691406,82.72305297851562,2593.715576171875,194.56460571289062,221.79818725585938,,1081.3226318359375,201.82151794433594,368.665771484375,51.95526885986328,,42.538482666015625,4940.8876953125,68.78764343261719,290.1789855957031,91.48959350585938,2381.58935546875,530.6099853515625
2025-01-30,2344.533447265625,604.834228515625,2705.135009765625,257.130126953125,162.66355895996094,83.76600646972656,302.5488586425781,698.9463500976562,334.1559143066406,794.8794555664062,11310.4296875,1208.269775390625,60.93991470336914,295.6889343261719,,75.78993225097656,59.66093444824219,421.2041015625,143.59194946289062,,2761.4375,34.82646179199219,,189.50595092773438,2426.994873046875,4519.4658203125,30.385099411010742,6.482433319091797,12.568977355957031,354.3180236816406,,3984.48779296875,51.66630554199219,21850.0,3828.558837890625,1401.28857421875,3069.78076171875,839.459716796875,30.91254234313965,3860.16943359375,2694.083251953125,311.9122314453125,3.937770366668701,87.16980743408203,248.0994110107422,240.99583435058594,62.309913635253906,586.69580078125,12043.439453125,9299.4248046875,54.60470199584961,699.03564453125,,340.1649169921875,132.37188720703125,75.95240783691406,87.8874740600586,433.299072265625,9771.5966796875,304.20001220703125,357.0794677734375,277.3999938964844,1325.3380126953125,688.5392456054688,4023.34326171875,4856.40869140625,5549.7685546875,2667.678466796875,267.8714294433594,595.9259643554688,99.24860382080078,265.64892578125,257.9975280761719,349.3135681152344,82.57453155517578,2661.681884765625,196.2868194580078,223.9032440185547,,1085.320068359375,203.6517333984375,373.5639953613281,52.29046630859375,,42.505287170410156,4983.64697265625,68.6677017211914,293.4573059082031,91.77104187011719,2425.58203125,528.9002075195312
2025-01-31,2334.7255859375,605.4325561523438,2701.1376953125,252.57212829589844,163.44595336914062,83.42720031738281,301.39849853515625,714.7708740234375,334.2540588378906,790.2801513671875,11340.4208984375,1223.766845703125,60.902034759521484,296.88848876953125,,74.57546997070312,59.715450286865234,422.203369140625,141.8426513671875,,2790.431396484375,34.78849792480469,,187.6737060546875,2417.99853515625,4551.4619140625,30.441556930541992,6.485265254974365,12.627970695495605,359.4444885253906,,4006.485107421875,51.66630554199219,21810.0,3810.400390625,1404.287109375,3042.78271484375,844.9548950195312,31.522239685058594,3903.160400390625,2719.065673828125,310.6844177246094,3.9148948192596436,89.10958099365234,246.1002197265625,242.09490966796875,62.309913635253906,577.9569091796875,12033.44140625,9414.396484375,54.227352142333984,687.0237426757812,,335.7653503417969,130.19943237304688,74.79400634765625,89.55528259277344,432.6996154785156,9947.5166015625,302.29998779296875,352.119384765625,278.1000061035156,1341.2247314453125,677.9432983398438,4024.34326171875,4886.380859375,5547.68701171875,2689.39892578125,268.622802734375,605.9246826171875,99.99569702148438,266.09490966796875,254.20046997070312,353.7099609375,82.16610717773438,2677.17431640625,198.48745727539062,223.2334747314453,,1091.31640625,200.90640258789062,372.0645446777344,52.50461196899414,,42.12594223022461,4951.57763671875,68.64771270751953,287.27532958984375,92.54033660888672,2425.58203125,526.050537109375
2025-02-03,2303.3408203125,594.8634033203125,2725.121337890625,251.18492126464844,162.91783142089844,82.62999725341797,299.0018615722656,702.1112670898438,325.71612548828125,787.2806396484375,11272.4423828125,1230.7655029296875,53.17325210571289,290.44091796875,,72.79173278808594,58.443363189697266,419.70513916015625,143.49200439453125,,2804.4287109375,34.5227165222168,,184.09646606445312,2364.02099609375,4519.4658203125,30.620349884033203,6.501315593719482,12.563446998596191,356.8812561035156,,3931.49462890625,51.02497482299805,21320.0,3751.146484375,1397.790283203125,3015.78466796875,820.8760986328125,30.735532760620117,3932.154052734375,2739.051513671875,301.0093078613281,3.8948209285736084,84.95005798339844,242.30174255371094,236.59957885742188,61.250423431396484,593.4485473632812,11898.458984375,9295.0029296875,52.65354537963867,673.9375610351562,,335.1654357910156,128.47134399414062,75.16082763671875,90.03312683105469,425.8060302734375,9747.6064453125,294.6000061035156,347.5521240234375,270.79998779296875,1327.7451171875,664.748291015625,4016.344482421875,4830.93310546875,5520.625,2685.44970703125,268.341064453125,595.3261108398438,100.05316162109375,260.7928161621094,252.8015899658203,350.71240234375,81.18219757080078,2625.69970703125,193.3686065673828,217.77940368652344,,1062.3345947265625,198.32748413085938,372.2644348144531,52.11355972290039,,41.822471618652344,4956.9228515625,69.9870834350586,288.024658203125,88.75016021728516,2353.59423828125,525.4805908203125
2025-02-04,2297.456298828125,595.4616088867188,2708.133056640625,251.2840118408203,162.37014770507812,82.51042175292969,299.96051025390625,704.5839233398438,327.3844909667969,788.4804077148438,11026.51953125,1210.2694091796875,52.69967269897461,294.1395263671875,,73.2092056274414,60.92393493652344,421.9036560058594,141.79269409179688,,2757.4384765625,35.17767333984375,,185.0562286376953,2326.536376953125,4551.4619140625,30.441556930541992,6.530583381652832,12.705397605895996,356.3883361816406,,3963.49072265625,51.471961975097656,20870.0,3738.722412109375,1379.299560546875,2989.786376953125,828.4694213867188,33.92168426513672,3899.160888671875,2740.050537109375,301.2548828125,3.9699819087982178,84.6301040649414,240.8023681640625,235.50050354003906,61.5502815246582,601.7902221679688,12003.4443359375,9644.33984375,52.773189544677734,676.4766845703125,,344.96441650390625,126.94073486328125,74.77469635009766,89.56464385986328,427.9040832519531,9721.619140625,302.0,344.4090881347656,272.1000061035156,1327.263671875,667.7471923828125,4000.34716796875,4873.892578125,5449.84716796875,2682.48779296875,268.622802734375,593.5262451171875,98.34825134277344,264.9056396484375,256.9983215332031,353.310302734375,81.31214904785156,2650.687255859375,193.12940979003906,218.353515625,,1067.8310546875,199.49217224121094,377.26263427734375,53.091209411621094,,42.30613327026367,4920.57568359375,65.06939697265625,287.6499938964844,88.80645751953125,2353.59423828125,529.0902099609375
2025-02-05,2287.158203125,589.6785278320312,2744.1083984375,249.99588012695312,163.2307891845703,83.52684783935547,300.1522521972656,698.3529052734375,323.36083984375,797.0791625976562,11122.490234375,1207.77001953125,53.53316879272461,295.1891174316406,,72.41221618652344,60.33332061767578,423.6523742675781,145.14132690429688,,2789.431884765625,35.07325744628906,,185.66697692871094,2234.07470703125,4485.47021484375,30.7332706451416,6.563628673553467,12.668527603149414,358.85296630859375,,3989.4873046875,51.53998565673828,21170.0,3743.5009765625,1484.24658203125,2939.7900390625,825.771728515625,34.90998077392578,3964.147216796875,2768.03076171875,303.17022705078125,3.9429051876068115,84.31013488769531,240.10264587402344,235.50050354003906,61.9500846862793,608.7415771484375,12093.43359375,9613.384765625,52.138145446777344,669.9336547851562,,357.5631103515625,126.10137176513672,74.58163452148438,92.36617279052734,433.89849853515625,9729.6142578125,311.0,339.448974609375,281.20001220703125,1343.6318359375,654.7520751953125,4030.342041015625,4895.37255859375,5470.66455078125,2688.41162109375,273.60076904296875,601.7252197265625,99.22943878173828,268.3742980957031,263.3932800292969,362.5027770996094,82.40745544433594,2643.69091796875,192.55532836914062,217.30099487304688,,1073.3277587890625,200.65684509277344,387.45892333984375,54.01299285888672,,42.32035827636719,4952.64697265625,66.20885467529297,285.8703308105469,87.60559844970703,2357.593505859375,530.6099853515625
2025-02-06,2402.889404296875,594.26513671875,2777.085693359375,257.130126953125,164.20880126953125,83.28768920898438,303.79510498046875,707.4520263671875,326.893798828125,783.68115234375,11782.2822265625,1184.7742919921875,55.59796905517578,307.3845520019531,,73.6456527709961,62.02338409423828,428.6988220214844,148.78985595703125,,2733.443115234375,35.48141860961914,,190.6401824951172,2251.567626953125,4521.4658203125,31.072032928466797,6.5069804191589355,12.731206893920898,363.5850830078125,,3972.489501953125,52.37566375732422,21410.0,3734.8994140625,1478.749267578125,2895.793212890625,847.2528686523438,36.68989944458008,4026.1337890625,2822.991943359375,307.9341125488281,4.060548305511475,84.73008728027344,245.4005126953125,238.69778442382812,63.30943298339844,608.7415771484375,11758.4765625,10223.6181640625,52.9388542175293,680.578369140625,,353.2635498046875,129.31068420410156,74.81330871582031,91.55101776123047,447.4859619140625,9797.583984375,325.0,346.81549072265625,300.0,1365.2955322265625,677.1436157226562,4042.34033203125,5021.25341796875,5474.8271484375,2723.954345703125,270.2195129394531,605.9246826171875,99.3443832397461,271.1987609863281,263.9928283691406,370.8958740234375,82.05472564697266,2645.18994140625,199.06153869628906,223.2334747314453,,1109.3050537109375,204.31724548339844,386.8591613769531,54.5716552734375,,43.818763732910156,4987.9228515625,67.96803283691406,290.3663024902344,89.96977233886719,2357.593505859375,534.9795532226562
2025-02-07,2421.52392578125,595.26220703125,2769.0908203125,251.2840118408203,163.25035095214844,82.01216888427734,305.2330627441406,695.2869873046875,319.8279113769531,775.6823120117188,11596.33984375,1196.77197265625,54.1772346496582,304.5856018066406,,72.4691390991211,63.104652404785156,432.94586181640625,148.93980407714844,,2758.43798828125,35.65227508544922,,205.5598602294922,2221.080322265625,4435.4755859375,30.968523025512695,6.50886869430542,12.777295112609863,357.2756042480469,,3900.498779296875,52.07442855834961,21520.0,3679.46875,1442.2677001953125,2861.795654296875,853.24755859375,36.291629791259766,4000.139404296875,2825.989501953125,305.2329406738281,4.061948776245117,82.29037475585938,244.80075073242188,241.4954071044922,62.529808044433594,599.60546875,11723.4814453125,9980.4091796875,52.34982681274414,668.17578125,,347.8641357421875,129.31068420410156,74.81330871582031,90.72648620605469,443.8892822265625,9719.619140625,327.70001220703125,334.5379638671875,298.3999938964844,1334.4849853515625,663.5487670898438,4038.3408203125,5010.263671875,5468.58251953125,2671.627685546875,271.4405212402344,602.72509765625,98.99956512451172,268.572509765625,262.5938720703125,368.0981750488281,82.70448303222656,2643.69091796875,198.48745727539062,221.12838745117188,,1109.3050537109375,205.2323455810547,387.1590270996094,54.823055267333984,,44.596412658691406,5022.13134765625,68.9075927734375,291.39666748046875,87.9245834350586,2327.5986328125,535.1695556640625
2025-02-10,2454.379638671875,597.8546142578125,2793.074462890625,251.2840118408203,163.75892639160156,81.41426086425781,305.2330627441406,710.669921875,321.10369873046875,780.881591796875,11714.302734375,1180.275146484375,54.1772346496582,302.6363525390625,,72.4691390991211,63.14099884033203,464.8234558105469,149.5895233154297,,2750.439697265625,35.82313537597656,,203.20411682128906,2195.0908203125,4495.46875,30.968523025512695,6.534360408782959,12.79941463470459,360.43035888671875,,3949.492431640625,52.43396759033203,21470.0,3658.443115234375,1464.756103515625,2898.79296875,865.436767578125,36.291629791259766,4020.13525390625,2854.968994140625,307.0501403808594,4.0535454750061035,83.73020935058594,247.7995147705078,246.3912811279297,62.769691467285156,600.9957885742188,11683.486328125,10281.1044921875,52.34982681274414,669.25,,351.36376953125,128.96507263183594,74.67816162109375,90.82955169677734,440.991943359375,9879.546875,332.3999938964844,336.35504150390625,298.8999938964844,1354.2230224609375,680.9421997070312,4075.334716796875,5011.26220703125,5458.173828125,2715.068603515625,272.94329833984375,613.3237915039062,99.42100524902344,268.572509765625,262.5938720703125,374.6927490234375,84.61662292480469,2638.193603515625,198.48745727539062,222.180908203125,,1103.3089599609375,205.81468200683594,389.6581115722656,54.58096694946289,,44.78608322143555,5032.82080078125,69.40735626220703,292.7079772949219,87.9245834350586,2319.60009765625,538.9691162109375
2025-02-11,2394.062255859375,600.0482177734375,2796.072265625,252.37396240234375,163.54376220703125,81.83280181884766,306.9586486816406,717.2116088867188,325.81427001953125,777.4821166992188,11620.3330078125,1204.7706298828125,54.6129264831543,306.3349609375,,72.31733703613281,63.72252655029297,461.9255065917969,150.43919372558594,,2795.430419921875,36.06992721557617,,202.4188690185547,2169.601318359375,4611.45458984375,31.83424949645996,6.486209392547607,12.96164321899414,361.8105773925781,,3959.4912109375,52.73520278930664,21340.0,3659.398681640625,1442.7674560546875,2918.79150390625,874.8284301757812,36.1342887878418,4004.138427734375,2874.955078125,309.11285400390625,4.128705978393555,85.68997192382812,246.4001007080078,238.4979705810547,62.769691467285156,604.5707397460938,11683.486328125,10926.7138671875,52.62593460083008,669.1524047851562,,353.7635192871094,130.89065551757812,75.48904418945312,91.86022186279297,448.38507080078125,9935.5224609375,327.5,335.2746276855469,300.1000061035156,1356.630126953125,682.3416137695312,4119.32763671875,4949.3212890625,5424.8671875,2714.08154296875,270.68914794921875,619.9229736328125,99.26775360107422,275.856689453125,264.192626953125,376.2914733886719,90.27877044677734,2698.16357421875,205.61558532714844,223.61619567871094,,1124.295654296875,207.7280731201172,394.35638427734375,54.80442810058594,,44.458900451660156,5048.85546875,68.18793487548828,295.143310546875,87.56807708740234,2311.6015625,541.2488403320312
2025-02-12,2391.1201171875,600.6465454101562,2795.0732421875,257.5264587402344,166.14527893066406,80.55726623535156,309.73870849609375,712.0576782226562,321.7906799316406,774.2825927734375,11798.27734375,1209.2696533203125,54.8213005065918,307.63446044921875,,72.33631134033203,64.45852661132812,468.42095947265625,151.3388214111328,,2829.423583984375,36.09840393066406,,203.7276153564453,2133.11669921875,4611.45458984375,32.107139587402344,6.425785064697266,12.928459167480469,354.8109436035156,,3950.4921875,52.871238708496094,21820.0,3674.68994140625,1444.2667236328125,2908.79248046875,880.9231567382812,36.43914031982422,4017.1357421875,2881.949951171875,310.1441955566406,4.126838684082031,87.08981323242188,252.69754028320312,239.0974578857422,63.869163513183594,594.4415893554688,11733.48046875,10670.23828125,53.3806266784668,671.6914672851562,,349.56396484375,131.48313903808594,76.04893493652344,91.63534545898438,449.5840148925781,9995.49609375,312.5,328.0063171386719,292.20001220703125,1351.33447265625,721.7266845703125,4124.32666015625,4994.27880859375,5381.1513671875,2721.979736328125,273.97650146484375,620.7228393554688,100.09147644042969,276.6495056152344,260.7952880859375,384.0850524902344,91.65252685546875,2700.162841796875,202.88873291015625,224.19032287597656,,1125.295166015625,208.9759521484375,392.7569885253906,54.944091796875,,44.164913177490234,5078.78759765625,69.08750915527344,296.3609619140625,87.9433364868164,2331.59814453125,542.388671875
2025-02-13,2417.6005859375,609.2214965820312,2829.049560546875,260.697265625,166.24307250976562,81.63349151611328,316.6409606933594,731.3853759765625,324.8329162597656,787.0806274414062,11960.2255859375,1247.7623291015625,55.938941955566406,293.139892578125,,76.71975708007812,63.69526672363281,463.5743103027344,150.73907470703125,,2827.424072265625,36.06992721557617,,200.93563842773438,2184.095458984375,4753.43798828125,31.608407974243164,6.523974895477295,12.897120475769043,359.8388366699219,,3954.491943359375,53.82352066040039,22020.0,3769.304931640625,1443.766845703125,2944.789794921875,875.1282348632812,37.02916717529297,4063.125732421875,2811.99951171875,314.1222839355469,4.0880913734436035,87.4897689819336,252.4976348876953,241.9949951171875,64.18900299072266,593.8457641601562,11653.490234375,10418.185546875,56.2613410949707,690.6370849609375,,355.4633483886719,131.73001098632812,80.77906799316406,91.6166000366211,436.5960388183594,10010.4892578125,316.70001220703125,336.1585998535156,297.3999938964844,1355.185791015625,726.52490234375,4134.3251953125,5034.2412109375,5368.66162109375,2780.23046875,279.7058410644531,624.3224487304688,100.91519165039062,277.7891845703125,263.9928283691406,383.28570556640625,91.16986083984375,2650.460205078125,217.62339782714844,230.027099609375,,1115.30126953125,209.97422790527344,395.2560729980469,54.655452728271484,,43.75237274169922,4792.29736328125,67.26837158203125,304.8846435546875,93.6098403930664,2361.5927734375,540.868896484375
2025-02-14,2415.63916015625,606.8284301757812,2811.06201171875,256.4365234375,164.815185546875,80.99573516845703,308.8759460449219,725.7357788085938,323.8515319824219,781.2815551757812,11704.3056640625,1227.76611328125,56.185203552246094,294.4894104003906,,78.71222686767578,63.5589714050293,467.4715881347656,151.28884887695312,,2835.42236328125,35.62379837036133,,200.848388671875,2144.61181640625,4741.439453125,31.63663673400879,6.4918742179870605,12.939521789550781,364.7681579589844,,3940.493408203125,53.7846565246582,23630.0,3879.211181640625,1434.271728515625,2941.7900390625,868.9337158203125,36.92591094970703,4073.12353515625,2790.01513671875,313.5820617675781,4.105831623077393,86.06993103027344,254.69674682617188,241.5953369140625,64.12904357910156,591.2638549804688,11688.486328125,10701.1923828125,56.43620681762695,696.30126953125,,355.7632751464844,131.3350372314453,79.62067413330078,89.3585205078125,427.7042541503906,10000.4931640625,315.20001220703125,337.239013671875,300.79998779296875,1369.6282958984375,726.52490234375,4072.335205078125,5049.2265625,5429.03076171875,2802.938232421875,276.6063537597656,624.5223999023438,99.3252182006836,274.46923828125,261.994384765625,371.2955627441406,90.50153350830078,2672.951416015625,220.51199340820312,231.65374755859375,,1122.2969970703125,210.72296142578125,396.4556579589844,54.823055267333984,,44.43993377685547,4702.501953125,66.48872375488281,306.38330078125,94.00386810302734,2337.596923828125,535.1695556640625
2025-02-17,2425.937255859375,615.6029052734375,2857.030517578125,257.4273681640625,166.75164794921875,81.39433288574219,313.86090087890625,721.3745727539062,326.4031066894531,785.2809448242188,11710.3037109375,1337.7452392578125,56.355690002441406,304.28570556640625,,79.7748794555664,63.4499397277832,462.4251403808594,151.48875427246094,,2842.4208984375,35.68075180053711,,202.4188690185547,2150.609130859375,4761.4375,32.0318603515625,6.452220916748047,12.974547386169434,362.5992431640625,,3943.4931640625,54.076175689697266,23270.0,3862.96435546875,1418.779541015625,2948.789306640625,880.5234985351562,37.28976058959961,4130.11181640625,2778.0234375,318.29681396484375,4.17258882522583,85.8299560546875,256.29608154296875,241.5953369140625,62.88963317871094,597.619384765625,11723.4814453125,10612.7529296875,56.601871490478516,685.070556640625,,358.4630126953125,134.3468475341797,79.562744140625,89.70519256591797,438.59417724609375,10140.4296875,312.70001220703125,336.8952331542969,298.3999938964844,1367.70263671875,729.9236450195312,4047.339599609375,5080.19775390625,5541.44189453125,2776.742431640625,276.4184875488281,635.321044921875,99.65087890625,277.59100341796875,261.19500732421875,384.4847106933594,89.77752685546875,2685.9462890625,222.27452087402344,229.83572387695312,,1124.295654296875,213.801025390625,396.8554992675781,54.8416748046875,,45.15119934082031,4682.19091796875,65.38924407958984,310.1299743652344,94.1915054321289,2343.595947265625,539.3489990234375
2025-02-18,2405.831298828125,626.3713989257812,2860.0283203125,252.86940002441406,169.19668579101562,80.99573516845703,315.2988586425781,709.8770141601562,327.6788635253906,779.2818603515625,11784.28125,1336.2454833984375,56.810325622558594,308.0843200683594,,80.00259399414062,64.59481811523438,462.0754089355469,147.09054565429688,,2813.4267578125,35.62379837036133,,207.04310607910156,2145.11181640625,4771.43603515625,32.436492919921875,6.43617057800293,12.991138458251953,362.7964172363281,,3899.498779296875,54.22193145751953,23160.0,3817.09033203125,1442.2677001953125,2967.7880859375,897.3087158203125,37.18650436401367,4133.11083984375,2772.02783203125,319.9666442871094,4.2510175704956055,83.97018432617188,250.3984832763672,242.19482421875,63.229469299316406,581.3333129882812,11688.486328125,10825.0078125,57.25532150268555,688.5863037109375,,346.9642333984375,135.23556518554688,79.52413177490234,90.10808563232422,444.7884521484375,10110.443359375,304.8999938964844,335.7165832519531,298.70001220703125,1361.9256591796875,726.52490234375,4028.342529296875,5076.20166015625,5556.01318359375,2773.77685546875,276.9820251464844,644.3199462890625,99.30606842041016,275.856689453125,250.8031463623047,386.2832336425781,89.94461059570312,2678.94873046875,221.4911651611328,229.35731506347656,,1137.7872314453125,216.13035583496094,382.16082763671875,55.018577575683594,,45.9004020690918,4639.4306640625,66.34879302978516,314.7196044921875,94.09768676757812,2351.594482421875,541.058837890625
2025-02-19,2324.427490234375,616.2011108398438,2817.057861328125,248.41049194335938,165.20639038085938,80.67684936523438,306.76690673828125,711.16552734375,317.6689453125,769.2833251953125,11700.306640625,1344.743896484375,55.560081481933594,305.83514404296875,,78.18090057373047,63.87699508666992,462.9747314453125,147.39041137695312,,2804.4287109375,34.902400970458984,,207.04310607910156,2112.625,4687.44580078125,32.31416320800781,6.443723201751709,12.954269409179688,352.8392333984375,,3863.50341796875,53.47370147705078,23130.0,3747.32373046875,1436.7703857421875,2940.7900390625,894.6110229492188,37.42743682861328,4101.11767578125,2776.02490234375,315.2518615722656,4.211803436279297,81.11051177978516,244.70079040527344,238.79771423339844,62.80967330932617,575.9708251953125,11703.4833984375,11015.15234375,56.30735778808594,674.7189331054688,,345.1644287109375,133.90248107910156,79.63997650146484,90.5016098022461,439.29351806640625,9979.5029296875,302.3999938964844,328.0063171386719,299.3999938964844,1332.559326171875,704.733154296875,3995.347900390625,5031.244140625,5543.5234375,2691.72998046875,276.7942199707031,642.5202026367188,98.73138427734375,273.8250427246094,248.80471801757812,380.48797607421875,90.03742218017578,2684.94677734375,215.76295471191406,224.4773712158203,,1139.2862548828125,211.38848876953125,380.7613525390625,54.66476821899414,,45.435707092285156,4704.63916015625,65.60914611816406,307.9756164550781,91.43330383300781,2299.603515625,535.5494384765625
2025-02-20,2382.293212890625,618.5941162109375,2772.0888671875,244.54611206054688,161.4508056640625,80.27825164794922,306.28759765625,703.6326293945312,322.8701477050781,765.683837890625,11588.0068359375,1283.7554931640625,55.65479278564453,298.2879638671875,,78.2757797241211,64.39491271972656,451.742919921875,146.9405975341797,,2807.42822265625,34.96884536743164,,205.82159423828125,2122.620849609375,4665.4482421875,32.229469299316406,6.415399551391602,12.9561128616333,348.50146484375,,3842.506103515625,53.493141174316406,22490.0,3715.785400390625,1446.426513671875,2933.79052734375,879.0248413085938,38.01746368408203,4093.119384765625,2739.586669921875,315.9394226074219,4.191262245178223,81.3504867553711,246.00025939941406,237.99838256835938,65.86819458007812,580.1416625976562,11698.484375,11041.6845703125,54.88080596923828,679.2111206054688,,343.5645751953125,134.39622497558594,79.48551940917969,90.56720733642578,435.69683837890625,10035.4765625,302.5,331.8860168457031,302.3999938964844,1341.7061767578125,713.52978515625,3983.349853515625,5057.2197265625,5501.8896484375,2700.626708984375,277.35772705078125,618.3232421875,99.21028900146484,272.4871520996094,248.40504455566406,381.8868713378906,89.46192169189453,2682.947509765625,216.6442108154297,225.62557983398438,,1139.2862548828125,210.3070068359375,374.66357421875,54.76718521118164,,45.321903228759766,4682.19091796875,65.06939697265625,308.8186340332031,91.30196380615234,2305.6025390625,546.3782348632812
2025-02-21,2393.08154296875,616.5999145507812,2798.071044921875,243.65432739257812,156.48248291015625,80.95587158203125,306.9586486816406,703.830810546875,322.5757751464844,772.2828979492188,11705.986328125,1255.260986328125,55.78739929199219,303.6859436035156,,78.3516845703125,64.62207794189453,447.2454833984375,150.53915405273438,,2793.43115234375,35.10173416137695,,205.99610900878906,2189.093505859375,4635.4521484375,32.483543395996094,6.464494705200195,12.869468688964844,344.9523620605469,,3836.5068359375,53.629180908203125,22290.0,3753.05810546875,1428.433837890625,2913.7919921875,885.0194702148438,38.22089767456055,4102.11767578125,2682.61572265625,316.3814697265625,4.220673561096191,81.43048095703125,245.300537109375,237.8984832763672,67.16756439208984,579.5457763671875,11583.5,10922.291015625,54.11690902709961,685.9495239257812,,346.0643310546875,136.17367553710938,82.14984130859375,91.96328735351562,451.38232421875,10010.4892578125,309.29998779296875,339.9400634765625,301.20001220703125,1346.0389404296875,715.1292724609375,3905.362548828125,5077.2001953125,5476.90966796875,2717.431640625,280.2693786621094,611.3240966796875,99.72750854492188,271.14923095703125,252.40191650390625,383.6853942871094,89.25772857666016,2636.466064453125,216.84005737304688,227.53929138183594,,1182.259521484375,211.9708251953125,373.9638366699219,54.11541748046875,,45.317161560058594,4700.36328125,66.16887664794922,307.3199768066406,92.78426361083984,2303.602783203125,549.0379638671875
2025-02-24,2352.379638671875,589.6785278320312,2803.067626953125,242.96072387695312,160.72706604003906,80.35797119140625,309.73870849609375,707.2008056640625,322.2813415527344,782.4813232421875,11769.9755859375,1304.75146484375,55.50325012207031,298.6378479003906,,79.1107177734375,64.58573150634766,446.2460632324219,152.73826599121094,,2778.43408203125,35.21563720703125,,203.7276153564453,2198.089599609375,4525.46484375,32.61528396606445,6.5522990226745605,12.937678337097168,338.9385986328125,,3795.51220703125,53.42512512207031,21420.0,3827.60302734375,1451.9244384765625,2871.794921875,876.9266357421875,37.72967529296875,4081.1220703125,2741.585693359375,313.48382568359375,4.232344150543213,81.87042236328125,247.3997039794922,237.19906616210938,67.28750610351562,579.744384765625,11298.537109375,11284.89453125,54.89921569824219,675.8906860351562,,349.3639831542969,136.51930236816406,84.73693084716797,92.20689392089844,443.2898254394531,9905.53515625,312.0,341.5606994628906,314.1000061035156,1294.5274658203125,709.5313110351562,3897.36376953125,5002.271484375,5518.54345703125,2663.06298828125,279.98760986328125,606.1246948242188,99.01872253417969,271.84295654296875,255.7992401123047,382.4863586425781,88.99781799316406,2632.467041015625,213.55979919433594,222.37229919433594,,1175.763427734375,212.38677978515625,375.9631042480469,54.05955123901367,,45.48786926269531,4792.29736328125,68.36784362792969,308.5376281738281,95.17657470703125,2273.608154296875,554.9273071289062
2025-02-25,2289.119873046875,580.904052734375,2827.051025390625,242.8616485595703,160.4923553466797,79.87965393066406,312.518798828125,691.639404296875,324.24407958984375,785.4808349609375,11929.947265625,1365.7398681640625,55.69268035888672,296.73858642578125,,81.29295349121094,65.52162170410156,436.6515197753906,154.23765563964844,,2780.43359375,35.642784118652344,,208.4390869140625,2173.599853515625,4489.46923828125,32.916404724121094,6.594785213470459,13.031695365905762,332.03759765625,,3834.507080078125,53.37653350830078,20750.0,3803.710205078125,1482.912109375,2820.798583984375,898.7074584960938,36.73731231689453,4056.127197265625,2762.574462890625,313.77850341796875,4.3093719482421875,79.99064636230469,249.79872131347656,238.39805603027344,68.58688354492188,574.183349609375,11138.5576171875,11629.80859375,55.86558532714844,668.17578125,,350.8638000488281,138.79051208496094,85.93394470214844,94.37128448486328,452.8809509277344,9929.525390625,323.79998779296875,341.5606994628906,324.0,1275.752197265625,707.5320434570312,3904.36279296875,4835.4287109375,5516.46142578125,2677.890625,281.11468505859375,614.923583984375,99.70834350585938,269.9599609375,255.19969177246094,379.8885192871094,88.84930419921875,2628.468994140625,212.0910186767578,218.92764282226562,,1200.248046875,214.1337890625,375.3633117675781,53.51020431518555,,46.77762985229492,4731.3642578125,69.20744323730469,314.1576232910156,98.46013641357422,2259.610595703125,559.2967529296875
2025-02-26,2369.54296875,587.0861206054688,2881.013916015625,242.8616485595703,163.83717346191406,84.22440338134766,320.8590393066406,708.1920166015625,329.3471984863281,788.680419921875,11879.9560546875,1344.743896484375,56.71561050415039,308.83404541015625,,82.46946716308594,66.07588958740234,430.6549072265625,154.68746948242188,,2778.43408203125,36.2977409362793,,213.32505798339844,2182.096435546875,4499.4677734375,31.843656539916992,6.601394176483154,13.15705394744873,336.27679443359375,,3838.5068359375,54.16362762451172,21570.0,3874.4326171875,1466.418701171875,2841.797119140625,910.896728515625,36.65296173095703,4099.1181640625,2785.562744140625,319.22998046875,4.453157901763916,79.89066314697266,253.79708862304688,244.19313049316406,71.7253646850586,572.5944213867188,11098.5625,11391.0205078125,56.537445068359375,683.8987426757812,,352.8636169433594,141.111083984375,84.56317138671875,90.91387939453125,466.56829833984375,10055.4677734375,333.20001220703125,344.31085205078125,321.70001220703125,1291.157470703125,730.5233764648438,3804.379150390625,4879.88671875,5481.072265625,2693.707275390625,281.6782531738281,630.9215698242188,100.28303527832031,272.7348937988281,257.5978088378906,375.89178466796875,87.71688079833984,2645.962158203125,218.7984161376953,221.03269958496094,,1247.7183837890625,217.2118682861328,377.9623718261719,53.78022384643555,,48.22386932373047,4731.3642578125,68.98755645751953,320.62060546875,99.39830017089844,2289.605224609375,561.7665405273438
2025-02-27,2317.56201171875,583.297119140625,2876.01708984375,243.1588897705078,161.50949096679688,82.709716796875,319.51690673828125,692.9279174804688,325.4217529296875,776.0823364257812,12015.9326171875,1391.2349853515625,57.07552719116211,300.9905700683594,,79.33843994140625,65.97593688964844,,157.5363311767578,,2763.43701171875,35.794654846191406,,212.53981018066406,2132.424560546875,4489.46923828125,32.38943862915039,6.596673488616943,12.97270393371582,328.0941467285156,,3771.51513671875,53.60974884033203,21810.0,3832.381591796875,1460.4210205078125,2776.801513671875,911.4961547851562,35.83922576904297,4005.138427734375,2784.563232421875,315.3009948730469,4.437285900115967,79.33071899414062,249.3988800048828,243.4937286376953,71.68538665771484,565.64306640625,11773.4755859375,11218.5634765625,55.20293045043945,676.8673095703125,,355.6633605957031,139.2842559814453,84.02259063720703,91.45732116699219,470.46466064453125,10005.490234375,273.0,343.868896484375,315.0,1269.0123291015625,726.9247436523438,3782.3828125,4813.94873046875,5474.8271484375,2682.83349609375,280.1754455566406,731.5090942382812,100.41712951660156,265.1038818359375,257.5978088378906,371.69525146484375,86.99286651611328,2650.9599609375,216.00775146484375,217.58802795410156,,1263.7083740234375,216.5463104248047,379.26190185546875,53.836090087890625,,48.23335266113281,4752.1015625,69.30740356445312,317.623291015625,97.850341796875,2285.60595703125,561.006591796875
2025-02-28,2291.081298828125,572.72802734375,2873.019287109375,243.9515838623047,162.0571746826172,83.10832214355469,316.6409606933594,672.6089477539062,323.1645812988281,775.482421875,11965.94140625,1406.2320556640625,57.397560119628906,311.2385559082031,,79.60409545898438,66.2031021118164,437.1012878417969,159.7354278564453,,2772.43505859375,35.538368225097656,,210.5330810546875,2162.416259765625,4495.46875,32.699974060058594,6.664650917053223,12.769919395446777,328.5870666503906,,3763.516357421875,53.55144500732422,21780.0,3878.255615234375,1465.9188232421875,2799.800048828125,932.7774047851562,35.23884201049805,3956.148681640625,2793.55859375,314.07318115234375,4.419078826904297,78.05087280273438,246.60000610351562,244.4928741455078,72.94478607177734,564.6499633789062,11843.4658203125,11121.2802734375,55.0096549987793,678.625244140625,,354.763427734375,139.43235778808594,84.09981536865234,91.50416564941406,478.35736083984375,10020.4833984375,259.79998779296875,346.7172546386719,315.20001220703125,1273.8265380859375,727.1246948242188,3817.376953125,4789.47216796875,5454.01123046875,2705.5693359375,281.02081298828125,743.9075927734375,99.95738220214844,262.9235534667969,258.3971862792969,368.69769287109375,85.95325469970703,2634.966064453125,216.5952606201172,218.83193969726562,,1268.20556640625,214.88250732421875,380.0616455078125,53.79884338378906,,47.99626922607422,4797.00341796875,70.14700317382812,311.9096374511719,97.66270446777344,2429.5810546875,563.8562622070312
2025-03-03,2315.10986328125,571.73095703125,2905.99658203125,245.93331909179688,170.54635620117188,84.04502868652344,326.2274169921875,684.2056884765625,323.36083984375,788.4804077148438,11901.9521484375,1611.193115234375,58.382598876953125,311.0386047363281,,80.57186889648438,67.25711822509766,432.5038757324219,156.23684692382812,,2807.42822265625,36.212310791015625,,211.2310791015625,2164.915771484375,4493.46875,33.73508071899414,6.594785213470459,12.76623249053955,329.37579345703125,,3762.516357421875,54.36769104003906,21690.0,3901.1923828125,1478.913818359375,2794.80029296875,941.6696166992188,35.650672912597656,4012.13671875,2819.54541015625,319.0826416015625,4.486303329467773,79.09074401855469,247.9994659423828,245.79177856445312,72.30508422851562,573.5874633789062,11748.478515625,11271.6279296875,55.89319610595703,674.6212158203125,,364.6623840332031,140.46922302246094,85.52850341796875,92.68474578857422,479.8559875488281,10130.43359375,253.89999389648438,352.6595764160156,320.0,1328.2265625,739.3200073242188,3831.374755859375,4872.39404296875,5485.236328125,2703.59228515625,284.2142028808594,776.7035522460938,103.13732147216797,269.1175842285156,253.20127868652344,373.2939147949219,86.23172760009766,2655.4580078125,221.24636840820312,221.79818725585938,,1267.7059326171875,217.2118682861328,377.8623962402344,54.16196823120117,,49.28602981567383,4852.59619140625,70.64677429199219,316.03094482421875,99.91429138183594,2463.575439453125,569.74560546875
2025-03-04,2256.75439453125,553.3844604492188,2889.00830078125,235.5292205810547,165.0303497314453,82.33104705810547,320.5714111328125,654.668701171875,313.7434387207031,780.28173828125,12061.9248046875,1569.201171875,57.28390121459961,292.3422546386719,,75.827880859375,65.13999938964844,407.7679748535156,154.78744506835938,,2802.42919921875,36.031959533691406,,204.9490966796875,2142.421875,4399.47998046875,33.06696319580078,6.472991466522217,12.22608757019043,310.2500915527344,,3734.52001953125,52.803218841552734,20550.0,3919.350830078125,1508.4022216796875,2769.80224609375,915.4926147460938,33.809837341308594,3859.169677734375,2822.543701171875,305.0364990234375,4.354188442230225,76.67103576660156,243.3013458251953,241.3955078125,71.38552856445312,568.6221923828125,11623.494140625,11001.88671875,53.20576095581055,651.769287109375,,375.9612121582031,135.87744140625,86.6482925415039,93.1157455444336,462.4720764160156,9985.4990234375,226.10000610351562,351.6282653808594,315.0,1246.3858642578125,714.9293212890625,3824.375732421875,4845.41943359375,5501.8896484375,2651.200927734375,285.71697998046875,786.3023681640625,104.68898010253906,256.6304626464844,249.80393981933594,364.90081787109375,86.26885223388672,2566.9931640625,208.85971069335938,211.2728271484375,,1240.722900390625,209.89105224609375,388.55853271484375,52.7094612121582,,47.190162658691406,4935.98583984375,69.78717803955078,299.4519958496094,95.786376953125,2343.595947265625,565.3760986328125
2025-03-05,2361.69677734375,558.9681396484375,2899.00146484375,235.82647705078125,168.9815216064453,83.24783325195312,328.14471435546875,666.7610473632812,323.458984375,771.8829956054688,12059.9248046875,1621.191162109375,59.291866302490234,303.3901062011719,,79.09174346923828,67.8386459350586,407.9678649902344,151.1888885498047,,2719.446044921875,36.37367248535156,,211.0565643310547,2200.406005859375,4403.4794921875,31.93775749206543,6.338924407958984,12.115476608276367,314.4892883300781,,3682.526611328125,53.7555046081543,20650.0,3789.374755859375,1482.412353515625,2793.800537109375,927.58203125,35.42243194580078,3859.169677734375,2766.572509765625,310.5862121582031,4.5138468742370605,75.451171875,249.198974609375,245.89170837402344,73.04473114013672,574.5805053710938,11378.525390625,10758.6787109375,54.843990325927734,648.7418212890625,,376.5611877441406,139.82736206054688,85.06514739990234,93.69666290283203,470.8642883300781,9875.548828125,247.60000610351562,357.91436767578125,313.0,1274.7894287109375,746.1175537109375,3746.388427734375,4899.36865234375,5397.8056640625,2641.315673828125,284.7777404785156,805.0999755859375,104.21007537841797,262.3289489746094,249.20440673828125,379.8885192871094,86.32453918457031,2527.508544921875,226.72979736328125,228.11338806152344,,1241.72216796875,215.8808135986328,378.862060546875,52.122867584228516,,50.689598083496094,4851.52685546875,69.50730895996094,306.0086364746094,99.02304077148438,2439.579345703125,567.6558227539062
2025-03-06,2415.148681640625,560.1646118164062,3043.901611328125,238.99725341796875,169.25537109375,81.85272979736328,331.4999694824219,664.0848388671875,328.3658142089844,775.282470703125,12025.9306640625,1633.18896484375,59.481300354003906,308.339111328125,,82.52639770507812,70.11931610107422,408.8673095703125,152.33840942382812,,2614.467529296875,36.68691635131836,,212.10357666015625,2214.40234375,4335.4873046875,31.100263595581055,6.279443740844727,12.181843757629395,308.7713317871094,,3616.535400390625,53.998435974121094,20170.0,3740.6337890625,1499.9053955078125,2720.8056640625,880.4828491210938,36.55372619628906,3823.17724609375,2749.58154296875,307.9341125488281,4.540456295013428,75.63114929199219,252.19775390625,244.4928741455078,72.70488739013672,566.6361083984375,10908.5869140625,10966.5107421875,57.33815383911133,637.70654296875,,364.0624694824219,141.25921630859375,84.81416320800781,93.20008087158203,463.87078857421875,9813.5771484375,248.5,359.2894287109375,313.5,1279.1220703125,751.1156616210938,3665.401611328125,4788.19384765625,5510.21630859375,2558.280517578125,284.3081359863281,804.7000732421875,104.99547576904297,259.00897216796875,250.6033172607422,427.8492126464844,82.20323944091797,2532.006591796875,237.9414520263672,228.01771545410156,,1229.22998046875,217.62782287597656,375.76318359375,52.4394416809082,,51.76123809814453,4851.52685546875,69.56727600097656,312.75262451171875,102.91641235351562,2479.572509765625,562.5264282226562
2025-03-07,2335.706298828125,564.1530151367188,2989.938720703125,234.2410888671875,165.83230590820312,80.2583236694336,329.0075378417969,660.1201782226562,330.7210998535156,782.2813720703125,12069.9228515625,1566.20166015625,59.1971549987793,298.6910095214844,,79.33843994140625,69.57412719726562,413.2148742675781,160.18524169921875,,2602.469970703125,36.791324615478516,,210.00958251953125,2175.91259765625,4281.494140625,32.060089111328125,6.408790588378906,12.47680377960205,306.6024169921875,,3593.5380859375,53.512577056884766,18855.0,3823.7802734375,1533.3922119140625,2720.8056640625,875.8855590820312,35.74991226196289,3855.170654296875,2778.56640625,307.5412292480469,4.569867134094238,77.81089782714844,258.9949951171875,246.3912811279297,70.8857650756836,561.4722900390625,10828.5966796875,11165.5,55.86558532714844,619.8350830078125,,367.7620544433594,142.59230041503906,86.60968017578125,94.55867767333984,454.6792907714844,9917.5302734375,251.5,353.1506652832031,322.3999938964844,1275.270751953125,751.71533203125,3686.3984375,4799.6865234375,5639.28076171875,2495.015380859375,288.3468322753906,801.3004760742188,104.99547576904297,252.07167053222656,254.4003448486328,407.0661926269531,82.70448303222656,2553.498291015625,229.4225616455078,224.764404296875,,1214.2393798828125,218.12696838378906,379.961669921875,52.644283294677734,,50.604244232177734,4925.2939453125,72.4659194946289,312.3779602050781,101.46226501464844,2475.5732421875,564.9961547851562
2025-03-10,2214.0908203125,550.991455078125,3028.911865234375,224.728759765625,159.5338897705078,79.8597183227539,328.14471435546875,633.3585205078125,326.5012512207031,777.4821166992188,11839.962890625,1568.701171875,57.17024230957031,284.49383544921875,,81.27398681640625,67.63874053955078,418.2120361328125,160.8849639892578,,2619.46630859375,36.563514709472656,,205.1236114501953,2182.410888671875,4181.505859375,32.464725494384766,6.5522990226745605,12.563446998596191,292.8989562988281,,3566.54150390625,52.74491500854492,17840.0,3881.12255859375,1557.8824462890625,2678.80859375,854.2982177734375,34.0926628112793,3705.202880859375,2761.575439453125,302.7282409667969,4.472298622131348,77.67091369628906,268.49114990234375,244.79263305664062,69.14661407470703,540.4195556640625,10693.6142578125,11828.796875,57.02523422241211,615.5380859375,,362.3626403808594,141.01234436035156,87.36264038085938,94.98967742919922,437.5950927734375,9945.517578125,248.5,358.0125732421875,322.6000061035156,1243.978759765625,745.117919921875,3684.398681640625,4825.671875,5583.0751953125,2466.348388671875,288.7225341796875,732.7089233398438,104.86138916015625,240.03048706054688,259.39642333984375,401.8705139160156,81.88764953613281,2571.990966796875,223.64537048339844,222.08523559570312,,1169.7672119140625,219.20843505859375,377.9623718261719,52.5139274597168,,48.925655364990234,5034.34130859375,73.86526489257812,307.69464111328125,103.33858489990234,2409.58447265625,571.8353881835938
2025-03-11,2201.8310546875,556.1763305664062,2993.93603515625,220.3689422607422,159.41653442382812,77.58769226074219,323.830810546875,626.4203491210938,317.4726257324219,756.8851928710938,11478.025390625,1575.2000732421875,56.6777229309082,283.4940185546875,,80.00259399414062,66.29396057128906,411.46588134765625,156.23684692382812,,2626.46484375,36.09840393066406,,203.8148651123047,2123.427001953125,4015.525390625,31.45784568786621,6.574013710021973,12.486019134521484,292.60321044921875,,3492.551025390625,52.006412506103516,17900.0,3806.57763671875,1515.3992919921875,2583.8154296875,841.10595703125,34.23655700683594,3695.204833984375,2771.5703125,297.3258972167969,4.377997398376465,75.2511978149414,261.09417724609375,244.6927032470703,67.18756103515625,530.2904052734375,11053.5673828125,11209.7197265625,55.920806884765625,606.2606201171875,,355.5633544921875,139.87672424316406,85.52850341796875,92.87405395507812,432.6996154785156,9803.58203125,240.0,349.909423828125,326.6000061035156,1222.3150634765625,734.7218017578125,3655.4033203125,4757.2119140625,5478.9912109375,2444.60107421875,278.4848327636719,747.3071899414062,102.9074478149414,236.5122833251953,257.9975280761719,388.6813049316406,80.23542022705078,2551.9990234375,218.55361938476562,217.6837158203125,,1129.792236328125,216.8791046142578,369.8653564453125,52.27184295654297,,47.797115325927734,4902.84375,71.06657409667969,293.8320007324219,102.2127914428711,2365.59228515625,563.0963745117188
2025-03-12,2212.129150390625,560.762939453125,2997.93310546875,219.27899169921875,160.4923553466797,78.20552825927734,332.36279296875,639.8010864257812,317.57080078125,758.2850341796875,11647.99609375,1583.6983642578125,57.58699035644531,292.0423278808594,,79.96463775634766,66.95726776123047,416.7128601074219,152.6882781982422,,2630.464111328125,36.8482780456543,,206.6068572998047,2086.436767578125,4069.51904296875,31.35433578491211,6.578734874725342,12.58188247680664,302.9547119140625,,3554.543212890625,52.492271423339844,18095.0,3886.85693359375,1489.4095458984375,2639.8115234375,847.202392578125,34.77243423461914,3766.189697265625,2735.5888671875,300.076171875,4.452691078186035,72.87146759033203,253.99703979492188,239.0974578857422,68.16708374023438,535.4542846679688,11213.5478515625,10935.5576171875,55.681514739990234,597.4713745117188,,351.2637634277344,139.33363342285156,85.95325469970703,93.4660415649414,445.6875915527344,9725.6171875,230.3000030517578,343.7706604003906,318.0,1231.943359375,748.9164428710938,3698.396484375,4687.75244140625,5356.17138671875,2474.25634765625,288.6286315917969,780.9030151367188,101.4707260131836,240.3773651123047,254.99984741210938,383.48553466796875,81.81339263916016,2567.49267578125,222.1276397705078,220.7456512451172,,1161.7723388671875,214.3001708984375,374.8634948730469,52.72808074951172,,49.26706314086914,4899.63525390625,70.02706146240234,295.705322265625,103.15095520019531,2377.590087890625,568.7957153320312
2025-03-13,2211.8271484375,553.7833251953125,2986.94091796875,217.79269409179688,158.6536865234375,76.98979949951172,333.9924621582031,636.7286376953125,315.5099182128906,751.885986328125,11879.9560546875,1590.1971435546875,57.757476806640625,288.7929992675781,,78.10499572753906,66.8300552368164,417.61236572265625,156.3367919921875,,2642.461669921875,36.791324615478516,,205.4726104736328,2081.93798828125,3919.53662109375,31.815427780151367,6.604226589202881,12.58741283416748,300.4900817871094,,3501.5498046875,52.13273239135742,18005.0,3874.4326171875,1498.406005859375,2671.80908203125,852.5992431640625,33.84953308105469,3686.20703125,2786.562255859375,298.7010192871094,4.406007289886475,71.27166748046875,255.09657287597656,240.0966033935547,68.28702545166016,536.844482421875,11083.564453125,10794.0537109375,54.96363830566406,590.8306884765625,,352.76361083984375,140.3211212158203,86.14631652832031,94.06774139404297,433.3497314453125,9585.6796875,227.3000030517578,348.5343322753906,320.29998779296875,1223.75927734375,742.1190185546875,3709.394775390625,4727.2294921875,5433.19384765625,2445.589599609375,284.683837890625,771.30419921875,101.7389144897461,234.7779541015625,254.6001739501953,378.4896545410156,82.16610717773438,2601.979248046875,221.78492736816406,219.4060516357422,,1157.2750244140625,215.38165283203125,371.3647766113281,53.24018859863281,,48.40406036376953,4837.62890625,73.24555206298828,289.2423095703125,101.04008483886719,2333.59765625,571.8353881835938
2025-03-14,2268.716796875,559.56640625,3019.918212890625,220.96347045898438,165.480224609375,77.96636199951172,337.0601501464844,649.9110717773438,310.7993469238281,762.88427734375,11991.9365234375,1656.6844482421875,58.439430236816406,294.6918029785156,,77.8962631225586,68.80178833007812,428.7560119628906,156.8365936279297,,2659.458251953125,36.85777282714844,,208.3518524169922,2064.942626953125,3959.531982421875,31.711917877197266,6.645768642425537,12.644562721252441,307.39111328125,,3543.54443359375,52.929542541503906,18155.0,3791.2861328125,1510.4013671875,2710.806396484375,869.4893188476562,34.49456787109375,3735.1962890625,2783.563720703125,303.7104797363281,4.482101917266846,72.59151458740234,257.1957092285156,241.9949951171875,69.52642822265625,544.5903930664062,10983.5771484375,10634.8623046875,55.193729400634766,590.9283447265625,,334.3655090332031,141.950439453125,86.0884017944336,93.50486755371094,440.6455078125,9675.6396484375,238.8000030517578,360.369873046875,320.0,1266.6053466796875,757.9130249023438,3782.3828125,4815.177734375,5343.681640625,2480.1875,287.2197570800781,796.3010864257812,101.7389144897461,240.42691040039062,234.81570434570312,386.08343505859375,81.31214904785156,2632.467041015625,226.92564392089844,223.52052307128906,,1175.763427734375,218.0437774658203,339.0765686035156,53.52882385253906,,49.97833251953125,4853.66552734375,73.60538482666016,294.4876403808594,100.99317932128906,2373.5908203125,572.21533203125
2025-03-17,2299.123291015625,564.3524780273438,3031.909912109375,220.96347045898438,167.4753875732422,78.6041259765625,337.0601501464844,655.4617309570312,303.8316345214844,762.284423828125,11901.9521484375,1636.1883544921875,58.30683135986328,294.79180908203125,,77.8962631225586,70.79170227050781,431.60443115234375,158.6358642578125,,2650.460205078125,37.26593017578125,,210.09683227539062,2079.938720703125,3947.533447265625,31.82483673095703,6.671260356903076,12.926616668701172,310.05291748046875,,3529.54638671875,53.32229232788086,18160.0,3797.0205078125,1535.391357421875,2689.807861328125,877.1847534179688,34.49456787109375,3802.181884765625,2780.5654296875,303.5631408691406,4.509644985198975,74.53128051757812,263.19329833984375,245.29220581054688,69.78630828857422,556.1097412109375,10978.5771484375,10869.2275390625,55.193729400634766,595.420654296875,,320.6669616699219,141.16046142578125,87.11164855957031,95.68842315673828,448.4410400390625,9579.6826171875,238.89999389648438,356.9812927246094,327.79998779296875,1269.9752197265625,771.1080322265625,3813.377685546875,4887.63525390625,5379.0703125,2457.45166015625,292.19775390625,801.5004272460938,102.98406219482422,240.42691040039062,232.2177276611328,383.8852233886719,82.29606628417969,2674.95068359375,229.4225616455078,222.75503540039062,,1162.7716064453125,219.20843505859375,324.08203125,53.584693908691406,,50.86030197143555,4913.5341796875,74.8248062133789,297.7659606933594,101.60298919677734,2363.592529296875,576.3948364257812
2025-03-18,2326.0966796875,566.147216796875,3007.92626953125,221.26072692871094,168.00350952148438,79.18209838867188,343.4830627441406,660.0211181640625,304.2241516113281,753.0857543945312,11843.9619140625,1654.684814453125,59.3865852355957,303.5900573730469,,80.32518768310547,72.88156127929688,437.5509948730469,161.13487243652344,,2624.46533203125,37.88291549682617,,211.66732788085938,2079.438720703125,3967.531005859375,31.796607971191406,6.680701732635498,13.042756080627441,312.8133239746094,,3521.547607421875,53.673030853271484,18280.0,3789.374755859375,1530.89306640625,2643.81103515625,893.7750244140625,35.085025787353516,3821.177734375,2743.58447265625,303.7104797363281,4.611415863037109,77.9308853149414,265.2924499511719,248.2896728515625,70.12614440917969,560.0819702148438,10873.591796875,11063.794921875,56.399391174316406,595.713623046875,,332.1657409667969,142.54293823242188,87.36264038085938,95.52344512939453,464.63165283203125,9821.5732421875,258.70001220703125,353.8382263183594,331.1000061035156,1266.6053466796875,775.306396484375,3765.38525390625,4904.1259765625,5324.9462890625,2417.910888671875,290.4132080078125,811.0992431640625,103.09900665283203,244.49017333984375,236.214599609375,386.2832336425781,81.59061431884766,2694.942626953125,232.06634521484375,220.93701171875,,1205.2449951171875,221.8705596923828,325.9813232421875,53.97575378417969,,52.150062561035156,4841.9052734375,75.46450805664062,301.0443115234375,102.58805847167969,2393.58740234375,576.5848388671875
2025-03-19,2321.68310546875,584.693115234375,2970.951904296875,224.23333740234375,167.53407287597656,79.46112060546875,340.7988586425781,667.157470703125,308.44403076171875,753.0857543945312,11781.9736328125,1672.681396484375,58.81829071044922,304.8398132324219,,78.54144287109375,73.47217559814453,442.0984191894531,159.83538818359375,,2499.49072265625,37.816471099853516,,213.06332397460938,2034.9508056640625,3961.53173828125,31.570764541625977,6.777003288269043,13.214203834533691,316.5596008300781,,3518.5478515625,53.897117614746094,18355.0,3787.46337890625,1504.403564453125,2670.80908203125,895.3740844726562,34.91136169433594,3814.179443359375,2732.590087890625,307.4430236816406,4.619818687438965,79.51069641113281,269.19085693359375,246.9907684326172,70.54593658447266,562.6638793945312,10948.58203125,11418.341796875,55.17531967163086,596.2994995117188,,328.8660583496094,140.81484985351562,86.6482925415039,95.33905029296875,466.73046875,9785.58984375,262.6000061035156,355.4097595214844,326.5,1264.1982421875,773.906982421875,3796.380126953125,4903.6259765625,5322.86474609375,2459.4287109375,287.4076232910156,812.6990356445312,103.42466735839844,246.1254119873047,234.21615600585938,380.0883483886719,81.53491973876953,2739.925048828125,231.7725830078125,220.4585723876953,,1193.752197265625,219.54119873046875,321.18304443359375,54.75787353515625,,52.11212921142578,4838.69775390625,74.74484252929688,297.7659606933594,100.61791229248047,2399.586181640625,579.2445068359375
2025-03-20,2281.958251953125,583.6959838867188,2937.974609375,220.96347045898438,163.68067932128906,80.49748229980469,339.07330322265625,666.5628662109375,303.5372009277344,754.0856323242188,11805.96875,1643.18701171875,58.8751220703125,301.9903564453125,,75.77095794677734,71.82754516601562,448.2449035644531,163.13404846191406,,2407.509521484375,37.62662887573242,,212.3653106689453,2075.939697265625,4049.521240234375,31.37315559387207,6.844037055969238,13.315595626831055,320.60162353515625,,3615.535400390625,53.34177780151367,18790.0,3854.36279296875,1510.4013671875,2672.80908203125,875.5857543945312,33.948768615722656,3688.20654296875,2719.596923828125,308.1796875,4.485369682312012,79.8106689453125,274.0888671875,244.0932159423828,71.50547790527344,563.0611572265625,11248.54296875,11214.35546875,53.831600189208984,590.3424072265625,,333.7655944824219,138.93862915039062,88.05767822265625,96.83358001708984,459.4346923828125,9763.599609375,265.0,354.1820068359375,327.29998779296875,1290.6761474609375,796.4984130859375,3848.371826171875,4840.1630859375,5412.37744140625,2479.19921875,287.50152587890625,796.5010375976562,101.7197494506836,247.90927124023438,236.8141326904297,377.8901672363281,82.20323944091797,2748.421630859375,229.56942749023438,221.22406005859375,,1168.2681884765625,218.70928955078125,323.8820495605469,54.81373977661133,,50.65166091918945,4879.32373046875,74.40501403808594,292.5206298828125,96.44309997558594,2403.585693359375,579.4345092773438
2025-03-21,2211.8271484375,572.1297607421875,2932.97802734375,222.0534210205078,162.9765167236328,79.64048767089844,336.868408203125,654.8670043945312,300.2005615234375,739.6878051757812,11606.0029296875,1595.1961669921875,59.02666473388672,297.39129638671875,,75.10680389404297,72.43633270263672,449.74407958984375,164.28358459472656,,2423.50634765625,37.503231048583984,,214.2224578857422,2063.94287109375,3933.53515625,31.768375396728516,6.897852897644043,13.251073837280273,318.6299133300781,,3565.541748046875,53.059234619140625,18375.0,3739.67822265625,1508.4022216796875,2642.811279296875,881.0824584960938,32.99610137939453,3712.201416015625,2732.590087890625,304.7909240722656,4.50731086730957,75.75114440917969,274.8885498046875,241.19566345214844,70.54593658447266,564.451416015625,11233.544921875,11311.4912109375,53.71195602416992,588.3892211914062,,333.8655700683594,130.13070678710938,88.5017318725586,96.2998275756836,457.5357360839844,9809.5791015625,261.70001220703125,346.4717102050781,327.8999938964844,1273.3450927734375,797.89794921875,3873.367919921875,4754.21337890625,5406.13232421875,2484.1416015625,290.4132080078125,800.50048828125,101.37493896484375,249.6931610107422,237.41366577148438,374.8926086425781,82.61165618896484,2725.9306640625,224.0860137939453,215.86570739746094,,1157.7747802734375,216.2135772705078,325.48150634765625,54.376121520996094,,50.556827545166016,4870.77099609375,75.30457305908203,289.3359680175781,95.17657470703125,2361.5927734375,580.3843994140625
2025-03-24,2261.3603515625,572.1297607421875,2922.985107421875,222.0534210205078,163.54376220703125,81.47406005859375,336.868408203125,668.6441650390625,299.7098693847656,745.8869018554688,11450.029296875,1583.6983642578125,59.064552307128906,303.5400695800781,,75.10680389404297,72.1728286743164,440.5492858886719,163.9837188720703,,2435.50390625,37.569679260253906,,215.05819702148438,2050.946533203125,3981.529296875,31.768375396728516,6.805327415466309,13.191036224365234,326.1224365234375,,3622.534423828125,53.03001022338867,19160.0,3737.73193359375,1484.41162109375,2644.81103515625,886.07958984375,32.99610137939453,3738.19580078125,2727.593017578125,304.49627685546875,4.512913227081299,73.73137664794922,279.5866394042969,243.0940704345703,72.3250732421875,564.2528076171875,11218.546875,11656.32421875,53.71195602416992,582.3344116210938,,333.4656066894531,129.53424072265625,86.49384307861328,95.22260284423828,462.4329528808594,9783.58984375,260.0,342.9848937988281,317.29998779296875,1295.490234375,818.8899536132812,3859.3701171875,4824.671875,5339.51806640625,2469.31396484375,285.71697998046875,789.9019165039062,99.49762725830078,249.6931610107422,235.81492614746094,376.6911315917969,81.81339263916016,2723.931396484375,224.0860137939453,217.20529174804688,,1177.2625732421875,215.13209533691406,325.681396484375,53.96644592285156,,50.7559814453125,4809.83251953125,71.96615600585938,290.0853271484375,95.17657470703125,2385.588623046875,580.954345703125
2025-03-25,2347.675537109375,565.150146484375,2890.0078125,222.15249633789062,168.53164672851562,81.25482940673828,341.4699401855469,668.7433471679688,297.1583251953125,756.2853393554688,11314.0537109375,1569.7010498046875,61.33772659301758,307.9391784667969,,76.77667999267578,74.12638854980469,441.648681640625,163.28399658203125,,2466.49755859375,38.101234436035156,,221.7439422607422,2025.453369140625,3959.531982421875,31.429616928100586,6.8459248542785645,13.339250564575195,325.0379943847656,,3622.534423828125,53.65354537963867,18615.0,3699.7802734375,1485.4112548828125,2655.810302734375,888.8779907226562,34.360599517822266,3769.18896484375,2737.587646484375,306.31341552734375,4.612349510192871,73.71138000488281,240.20262145996094,242.69439697265625,73.3445816040039,566.6361083984375,11183.5517578125,11816.5986328125,54.531070709228516,584.28759765625,,332.4656982421875,131.12481689453125,85.76018524169922,94.98968505859375,462.83270263671875,9791.5869140625,249.8000030517578,342.0027160644531,312.3999938964844,1293.5645751953125,826.68701171875,3883.365966796875,4853.15576171875,5358.25341796875,2483.153076171875,287.1258544921875,801.700439453125,99.3443832397461,256.4322509765625,236.01475524902344,381.8868713378906,81.9619140625,2763.915771484375,224.1349639892578,218.353515625,,1197.2501220703125,219.04205322265625,329.6799621582031,55.26066589355469,,52.425086975097656,4800.2109375,72.10608673095703,290.83465576171875,96.06783294677734,2447.577880859375,587.4136352539062
2025-03-26,2333.943603515625,551.5897216796875,2816.058837890625,219.47715759277344,166.790771484375,80.11881256103516,340.51129150390625,651.39794921875,293.0365905761719,743.4872436523438,11230.068359375,1575.2000732421875,60.63682556152344,309.18896484375,,75.22064971923828,73.05420684814453,446.74578857421875,165.083251953125,,2495.49169921875,38.025299072265625,,223.22964477539062,2034.9508056640625,3969.53076171875,31.570764541625977,6.879914283752441,13.49496841430664,313.3062438964844,,3584.539306640625,53.049495697021484,18465.0,3682.264404296875,1474.9154052734375,2631.81201171875,895.1741943359375,33.17472457885742,3742.19482421875,2748.581787109375,304.49627685546875,4.576869964599609,72.93147277832031,244.40090942382812,244.0932159423828,73.32460021972656,556.3084106445312,11223.5458984375,12127.4345703125,53.408233642578125,580.5765991210938,,336.665283203125,130.92599487304688,85.85671997070312,94.40740203857422,463.6322326660156,9981.5009765625,290.5,336.6496887207031,310.29998779296875,1278.1593017578125,837.8827514648438,3869.368408203125,4876.64208984375,5381.1513671875,2443.612548828125,284.58990478515625,801.5004272460938,97.17971801757812,247.8597412109375,236.41444396972656,374.2931213378906,80.88516235351562,2829.8896484375,219.82655334472656,217.30099487304688,,1186.2569580078125,212.6363525390625,332.57891845703125,57.006439208984375,,52.17851257324219,4800.2109375,72.4659194946289,289.8979797363281,94.5667724609375,2429.5810546875,590.2633056640625
2025-03-27,2277.544677734375,546.4048461914062,2816.058837890625,219.97259521484375,164.99122619628906,84.30412292480469,342.5244140625,636.8276977539062,292.7421569824219,741.887451171875,11194.07421875,1584.1982421875,59.67073059082031,303.4400939941406,,73.30408477783203,72.39089965820312,445.746337890625,162.73422241210938,,2564.4775390625,38.063262939453125,,220.5367889404297,2021.454345703125,4003.52685546875,31.43902587890625,6.959220886230469,13.588774681091309,309.5599670410156,,3573.540771484375,52.7572135925293,18355.0,3697.834228515625,1476.9144287109375,2629.812255859375,892.8755493164062,32.192283630371094,3748.193603515625,2774.568359375,303.46490478515625,4.590874671936035,72.77149200439453,247.9994659423828,243.6935577392578,73.96428680419922,555.11669921875,11318.533203125,11777.7451171875,51.97248458862305,575.3030395507812,,348.2640686035156,129.53424072265625,86.43592071533203,95.38758087158203,466.3306884765625,11030.0283203125,290.5,335.9130554199219,309.6000061035156,1261.7911376953125,834.8059692382812,3859.3701171875,4810.68017578125,5368.66162109375,2445.589599609375,285.6572265625,796.9010009765625,97.56285095214844,247.01734924316406,236.8141326904297,358.4497375488281,81.51636505126953,2821.393310546875,216.93797302246094,214.48141479492188,,1161.0467529296875,213.6363525390625,329.1801452636719,57.100799560546875,,51.732784271240234,4830.14501953125,72.20603942871094,287.1816711425781,93.15953063964844,2391.587646484375,592.1630859375
2025-03-28,2210.35595703125,533.64208984375,2833.046875,219.87350463867188,162.6048583984375,84.10482788085938,340.60711669921875,620.0768432617188,294.0179443359375,743.8871459960938,11414.0361328125,1564.2020263671875,58.81829071044922,293.4420471191406,,72.05167388916016,71.37322998046875,435.2523193359375,165.23321533203125,,2561.478271484375,37.95885467529297,,215.4296112060547,2045.94775390625,3909.5380859375,32.11655044555664,7.1140594482421875,13.41429615020752,307.78546142578125,,3623.5341796875,52.328529357910156,17795.0,3729.947021484375,1487.9100341796875,2620.812744140625,884.8802490234375,30.892288208007812,3711.201416015625,2824.542724609375,299.4377136230469,4.502176284790039,71.95158386230469,251.3980712890625,243.6935577392578,73.36457824707031,556.70556640625,11528.505859375,11889.451171875,51.3098258972168,573.349853515625,,354.5634460449219,128.7886505126953,87.11164855957031,95.70783996582031,458.8349914550781,10985.048828125,294.29998779296875,338.9578857421875,310.79998779296875,1243.497314453125,831.206787109375,3886.36572265625,4713.2373046875,5445.68408203125,2408.025634765625,287.888916015625,771.1041870117188,99.03787994384766,244.53973388671875,239.41209411621094,358.0499267578125,81.85051727294922,2795.4033203125,211.50350952148438,212.05075073242188,,1145.052978515625,210.81817626953125,332.1790466308594,55.87404251098633,,50.45250701904297,4903.91259765625,73.20556640625,282.4046630859375,90.96422576904297,2369.591552734375,590.2633056640625
2025-03-31,2103.93310546875,513.56689453125,2848.03662109375,214.7209930419922,159.2013702392578,82.92894744873047,337.5394592285156,600.64990234375,294.3123474121094,744.087158203125,11252.0634765625,1559.2030029296875,57.49227523803711,287.7431945800781,,69.90738677978516,69.88307189941406,435.8519592285156,165.78298950195312,,2552.480224609375,37.39882278442383,,209.02244567871094,2013.9564208984375,3845.54541015625,32.20124053955078,7.078182697296143,13.412419319152832,299.8985900878906,,3567.54150390625,51.52961730957031,16950.0,3695.887939453125,1461.420654296875,2580.81591796875,873.3870239257812,30.16290283203125,3615.22216796875,2863.522705078125,293.0531005859375,4.420012950897217,67.89205932617188,253.1973419189453,242.594482421875,72.04521942138672,538.4334106445312,11458.515625,11641.75390625,49.87406921386719,558.3106079101562,,355.4633483886719,126.94950866699219,86.24285125732422,94.95086669921875,451.5392150878906,11080.005859375,281.3999938964844,336.7479248046875,301.3999938964844,1199.6884765625,826.0079956054688,3872.367919921875,4583.8134765625,5443.6025390625,2383.31298828125,281.873046875,748.9069213867188,97.62031555175781,242.21078491210938,235.0155487060547,347.65423583984375,81.60917663574219,2823.892333984375,207.4888458251953,207.28665161132812,,1139.055419921875,207.1818084716797,332.1790466308594,56.2986946105957,,48.868751525878906,4928.50146484375,72.86573028564453,274.6303405761719,87.77446746826172,2319.60009765625,584.1839599609375
2025-04-01,2101.48095703125,519.75927734375,2898.002197265625,221.26072692871094,164.36529541015625,82.03209686279297,342.2368469238281,614.22900390625,292.7421569824219,757.085205078125,11364.044921875,1585.1981201171875,57.3028450012207,293.84197998046875,,70.3058853149414,71.31871032714844,432.7537536621094,167.03248596191406,,2574.4755859375,37.968345642089844,,211.99388122558594,2022.4541015625,3911.53759765625,32.52118682861328,7.097065448760986,13.511855125427246,310.1515197753906,,3598.53759765625,52.172645568847656,17020.0,3720.2158203125,1468.4178466796875,2631.81201171875,876.68505859375,30.723587036132812,3646.215576171875,2871.5185546875,295.4104919433594,4.473232269287109,69.39188385009766,256.8958435058594,244.2930450439453,72.56495666503906,537.8375854492188,11588.4990234375,11709.7490234375,49.910884857177734,561.6309204101562,,356.4632568359375,126.85009765625,87.03443145751953,95.51374053955078,458.53515625,11099.9970703125,279.6000061035156,346.81549072265625,299.6000061035156,1216.056640625,833.606201171875,3912.361328125,4651.7734375,5433.19384765625,2397.152099609375,283.71661376953125,779.30322265625,97.71609497070312,247.90927124023438,230.41915893554688,348.6538391113281,82.94581604003906,2805.399658203125,210.27952575683594,207.7727813720703,,1146.0526123046875,207.09091186523438,329.8798828125,56.13827133178711,,49.94987487792969,4939.1923828125,72.16605377197266,273.41265869140625,88.71263122558594,2297.60400390625,591.2131958007812
2025-04-02,2108.837158203125,513.1673583984375,2925.98291015625,218.9817352294922,159.16226196289062,81.49398803710938,342.5244140625,610.8589477539062,291.6626892089844,753.2857666015625,11226.068359375,1570.200927734375,56.75349426269531,296.6914367675781,,69.96431732177734,70.64632415771484,432.8536682128906,166.48269653320312,,2597.470703125,38.34803009033203,,211.1581573486328,2046.4476318359375,3953.53271484375,32.00362777709961,7.153713703155518,13.425552368164062,315.47515869140625,,3612.53564453125,52.045982360839844,17605.0,3722.162109375,1432.9320068359375,2649.810791015625,882.481689453125,30.366336822509766,3646.215576171875,2820.544677734375,289.22235107421875,4.470897674560547,70.93170928955078,257.6955261230469,244.2930450439453,72.4250259399414,528.3042602539062,11723.4814453125,11515.4775390625,49.671592712402344,561.7286376953125,,365.0623779296875,126.15421295166016,86.6869125366211,93.96098327636719,463.2324523925781,11239.9345703125,295.1000061035156,349.909423828125,308.70001220703125,1199.6884765625,836.405517578125,3910.36181640625,4598.8046875,5443.6025390625,2396.16357421875,278.28289794921875,755.7061157226562,96.16444396972656,246.8686981201172,232.81727600097656,343.4560241699219,82.29119110107422,2778.909912109375,210.27952575683594,207.38388061523438,,1152.05029296875,206.54544067382812,330.9794921875,56.062774658203125,,49.44724655151367,4964.85009765625,70.34691619873047,273.6000061035156,88.33737182617188,2285.60595703125,588.7434692382812
2025-04-03,1965.6326904296875,486.1007385253906,2957.9609375,193.31826782226562,154.5460205078125,78.12580871582031,339.1691589355469,573.5908813476562,277.2365417480469,769.2833251953125,11390.041015625,1620.19140625,52.832275390625,270.84649658203125,,67.47846984863281,66.96634674072266,400.2222595214844,173.37991333007812,,2634.46337890625,37.712059020996094,,204.1009979248047,2034.450927734375,3725.5595703125,31.96599006652832,7.349149227142334,12.82519245147705,289.1526794433594,,3497.550537109375,50.165626525878906,16540.0,3756.220947265625,1464.919189453125,2561.817138671875,804.2276611328125,27.94993019104004,3717.2001953125,2898.50439453125,278.22119140625,4.159517288208008,65.33235931396484,260.3944091796875,237.09915161132812,69.6663589477539,533.26953125,11813.4697265625,10422.697265625,47.637603759765625,530.1851196289062,,370.96173095703125,122.22742462158203,87.51709747314453,94.42681884765625,452.2388000488281,11449.8388671875,298.0,344.6546325683594,307.70001220703125,1120.736328125,797.2147216796875,3925.359375,4490.3681640625,5487.3173828125,2312.139892578125,270.2294006347656,745.9072875976562,95.51313018798828,236.80960083007812,239.21224975585938,330.661376953125,79.88445281982422,2666.4541015625,193.36903381347656,197.9529266357422,,998.6102294921875,201.36363220214844,345.4742126464844,53.41109085083008,,46.00471878051758,5114.52294921875,71.40641784667969,255.8000030517578,84.43461608886719,2211.618896484375,577.1547241210938
2025-04-04,1797.31787109375,478.6099548339844,2903.998046875,194.35865783691406,143.67047119140625,72.56532287597656,318.65411376953125,559.1198120117188,270.4651184082031,745.0870361328125,10806.140625,1517.2110595703125,48.51325225830078,250.00064086914062,,64.51821899414062,62.39592361450195,370.48919677734375,163.78379821777344,,2509.48876953125,35.661766052246094,,180.23658752441406,2011.4571533203125,3719.560302734375,30.676807403564453,7.005484104156494,12.243592262268066,252.873046875,,3245.5830078125,47.861454010009766,16085.0,3727.027587890625,1416.938232421875,2501.8212890625,759.5538940429688,25.970163345336914,3528.24072265625,2823.54345703125,269.47918701171875,3.8556065559387207,67.25213623046875,252.9974365234375,222.31167602539062,64.96863555908203,507.6487731933594,11143.556640625,9327.001953125,45.15724563598633,517.587158203125,,363.06256103515625,115.765625,84.33149719238281,89.31243133544922,413.161376953125,11224.94140625,284.0,343.47601318359375,281.70001220703125,1034.5628662109375,746.6264038085938,3815.377197265625,4236.51708984375,5289.55810546875,2246.897705078125,254.02532958984375,658.9180908203125,91.95005798339844,229.1290283203125,237.01397705078125,311.8692626953125,77.2274169921875,2480.527099609375,181.75592041015625,190.563720703125,,958.4258422851562,184.54544067382812,339.8762512207031,50.079978942871094,,41.599609375,5018.30517578125,66.74860382080078,245.10000610351562,82.0892105102539,2051.646240234375,537.0693359375
2025-04-07,1778.09326171875,459.13397216796875,2842.040771484375,184.64817810058594,133.7925262451172,69.75518798828125,302.93231201171875,545.144287109375,255.25389099121094,706.892822265625,10054.2705078125,1497.21484375,45.70967102050781,241.80226135253906,,63.645328521728516,60.060726165771484,348.7515563964844,156.13687133789062,,2349.521240234375,33.40264892578125,,180.37586975097656,1975.9666748046875,3623.57177734375,29.481731414794922,6.474879741668701,11.298026084899902,230.5926055908203,,3090.602783203125,45.69855880737305,16160.0,3423.416015625,1330.972412109375,2359.831298828125,737.366943359375,24.918258666992188,3366.275634765625,2745.58349609375,253.61593627929688,3.6413285732269287,63.47257614135742,248.29931640625,215.01785278320312,63.989097595214844,481.1342468261719,10323.6630859375,9573.7275390625,45.13883972167969,495.7118225097656,,358.2630615234375,111.78913116455078,80.72115325927734,84.54742431640625,414.76043701171875,10665.193359375,269.3999938964844,329.87249755859375,269.20001220703125,933.7543334960938,714.4338989257812,3516.426025390625,4231.02001953125,4939.8349609375,2110.482421875,238.79159545898438,635.7210083007812,87.55370330810547,219.41680908203125,233.01710510253906,299.4744567871094,72.16363525390625,2369.570556640625,172.9237060546875,178.1673583984375,,936.8343505859375,179.22726440429688,326.9809265136719,47.45661163330078,,40.447357177734375,4784.17431640625,65.18934631347656,234.0,80.19412231445312,1983.657958984375,507.24267578125
2025-04-08,1821.2509765625,480.50762939453125,2935.975830078125,188.1162109375,137.1569061279297,72.704833984375,311.656005859375,568.734130859375,263.1048583984375,729.8892822265625,10372.2158203125,1566.20166015625,47.06410217285156,253.99986267089844,,62.31700897216797,60.14250946044922,354.04852294921875,151.23887634277344,,2455.499755859375,34.57966995239258,,189.15090942382812,2042.44873046875,3749.556884765625,30.112205505371094,6.574013710021973,11.153563499450684,236.80352783203125,,3277.578857421875,46.92127990722656,17280.0,3461.367431640625,1339.96875,2455.82470703125,734.7684326171875,25.1068058013916,3544.237548828125,2840.53466796875,260.8354187011719,3.730027437210083,63.152610778808594,245.50047302246094,224.01023864746094,66.28799438476562,517.7779541015625,10873.591796875,9659.2080078125,44.46697998046875,507.6260681152344,,367.662109375,113.33002471923828,82.3139419555664,86.02253723144531,423.0556640625,11010.0390625,282.20001220703125,337.48455810546875,269.3999938964844,962.8318481445312,724.8314819335938,3628.40771484375,4213.03076171875,5152.16650390625,2214.276611328125,242.5757598876953,679.1156616210938,89.24903106689453,221.79531860351562,236.41444396972656,302.873046875,70.87362670898438,2393.06103515625,178.93588256835938,183.80648803710938,,922.43994140625,182.90908813476562,337.2771911621094,47.60758972167969,,41.34355545043945,4900.70458984375,65.44921875,236.8000030517578,80.6069107055664,2047.64697265625,528.9002075195312
2025-04-09,1731.01220703125,464.3275451660156,2947.967529296875,184.4499969482422,130.54551696777344,70.27336120605469,302.1654052734375,549.40625,257.1184997558594,725.889892578125,9665.3369140625,1571.70068359375,44.59203338623047,241.602294921875,,60.267608642578125,57.95269775390625,332.7606506347656,150.48916625976562,,2403.51025390625,33.58300018310547,,178.5187225341797,2014.456298828125,3639.569580078125,29.73580551147461,6.411622524261475,10.538195610046387,225.2689666748047,,3204.588134765625,45.347816467285156,16750.0,3455.52880859375,1263.4991455078125,2381.829833984375,712.7813720703125,24.159099578857422,3599.225830078125,2802.55419921875,249.44137573242188,3.6478641033172607,69.17191314697266,241.60203552246094,217.71554565429688,64.3689193725586,501.4918212890625,10658.619140625,8887.947265625,42.906978607177734,486.727294921875,,365.76226806640625,111.44119262695312,80.36397552490234,80.51026153564453,410.9626770019531,10960.060546875,272.3999938964844,329.626953125,254.8000030517578,928.74755859375,702.4367065429688,3581.41552734375,4114.58837890625,4992.91796875,2196.4833984375,228.40933227539062,663.5175170898438,83.09986877441406,212.47950744628906,235.61508178710938,289.0788269042969,69.79540252685547,2290.60107421875,173.4720458984375,177.77845764160156,,878.45703125,181.0,335.0780029296875,45.53626251220703,,41.26768493652344,4814.109375,63.88994598388672,229.39999389648438,78.65553283691406,2005.6541748046875,511.23223876953125
2025-04-10,1854.992431640625,488.4977722167969,3017.919677734375,194.95318603515625,136.39405822753906,72.14678955078125,315.3947448730469,572.5006103515625,266.1470947265625,752.2859497070312,10016.2763671875,1621.691162109375,46.74207305908203,260.1986389160156,,61.76670455932617,61.08749008178711,341.4057312011719,157.03651428222656,,2479.4951171875,35.31056213378906,,185.99375915527344,2059.444091796875,3819.548583984375,30.704397201538086,6.581567287445068,10.842126846313477,244.29608154296875,,3417.560791015625,47.242794036865234,17530.0,3569.383056640625,1274.4947509765625,2525.819580078125,733.2693481445312,25.58314323425293,3878.16552734375,2834.53759765625,266.6798095703125,3.858407974243164,73.41141510009766,247.7995147705078,227.5072784423828,66.3297119140625,517.9765014648438,11198.5498046875,9577.61328125,43.804325103759766,511.92303466796875,,368.2619934082031,115.31827545166016,81.37757873535156,82.20858764648438,430.3514709472656,11414.85546875,282.5,340.8731384277344,269.20001220703125,984.01416015625,727.23095703125,3732.390625,4205.53466796875,4955.66455078125,2261.725341796875,235.7836456298828,693.5137939453125,85.29326629638672,227.9397735595703,228.62057495117188,302.2732849121094,72.51020812988281,2325.087890625,183.04844665527344,186.33436584472656,,918.4414672851562,188.54544067382812,314.4855041503906,46.72527313232422,,44.719696044921875,4885.73828125,65.32927703857422,240.0,79.95020294189453,2101.6376953125,530.7999877929688
2025-04-11,1915.4129638671875,485.6013488769531,3077.878173828125,194.06141662597656,131.89517211914062,72.0471420288086,314.43609619140625,572.2032470703125,268.1098327636719,757.8850708007812,10006.2783203125,1657.184326171875,46.599998474121094,257.8990783691406,,62.96219253540039,59.61549758911133,331.5113830566406,160.6350555419922,,2493.4921875,35.244117736816406,,188.50091552734375,2052.446044921875,3787.55224609375,29.716432571411133,6.603282451629639,10.785844802856445,245.67628479003906,,3353.56884765625,47.05280685424805,17400.0,3614.146240234375,1293.4873046875,2529.8193359375,743.0635986328125,25.558332443237305,3845.172607421875,2894.50634765625,265.1573486328125,3.851405143737793,72.111572265625,249.3988800048828,230.40481567382812,66.74964904785156,519.9625854492188,11163.5546875,9878.7353515625,44.356536865234375,512.1183471679688,,377.6610412597656,117.65445709228516,82.03400421142578,83.5478286743164,430.3514709472656,11549.794921875,287.70001220703125,341.41339111328125,275.6000061035156,983.0513305664062,731.6299438476562,3736.39013671875,4300.97900390625,4961.9111328125,2260.737060546875,236.5598907470703,693.7138061523438,85.83921813964844,222.78636169433594,233.01710510253906,302.0733642578125,71.87483215332031,2307.0947265625,176.91876220703125,187.69554138183594,,942.6320190429688,191.81817626953125,327.5807189941406,45.92316436767578,,43.92782211303711,4993.7158203125,66.14888763427734,241.6999969482422,80.08154296875,2115.63525390625,529.2000122070312
2025-04-14,1948.761962890625,492.1932067871094,3127.84375,200.4525146484375,136.1984405517578,73.86077880859375,323.7349548339844,584.7911376953125,272.8204040527344,772.6828002929688,10318.224609375,1692.6776123046875,48.209999084472656,270.34661865234375,,65.1444320678711,62.241455078125,341.0059509277344,165.38314819335938,,2520.486572265625,36.16484832763672,,193.3295135498047,2108.430908203125,3855.544189453125,30.471933364868164,6.684477806091309,11.048500061035156,258.4924621582031,,3414.561279296875,48.19758605957031,17635.0,3644.31298828125,1321.9759521484375,2601.814208984375,770.447509765625,26.416728973388672,3903.160400390625,2919.493896484375,270.9034423828125,3.9527089595794678,73.5513916015625,257.89544677734375,238.19821166992188,68.72933959960938,528.1056518554688,11073.5654296875,10281.849609375,45.33671569824219,517.684814453125,,393.2594299316406,119.94094848632812,83.06690979003906,86.11958312988281,445.8424987792969,11724.7158203125,303.79998779296875,344.556396484375,280.1000061035156,1016.26904296875,757.0240478515625,3781.3828125,4340.4560546875,5037.91162109375,2323.013427734375,244.22528076171875,709.5118408203125,88.00386810302734,226.75051879882812,242.4097442626953,310.4698486328125,72.56796264648438,2353.57666015625,181.83425903320312,192.21656799316406,,989.0139770507812,196.81817626953125,336.2775573730469,47.39055252075195,,45.66331481933594,5016.16650390625,68.38783264160156,248.5,81.9578628540039,2155.62841796875,540.0
2025-04-15,1992.1158447265625,502.97991943359375,3177.809326171875,200.4525146484375,137.8415069580078,75.09644317626953,328.8157958984375,600.05517578125,278.5122985839844,793.0797119140625,10278.232421875,1743.16796875,49.83000183105469,279.1448974609375,,66.54864501953125,64.13141632080078,346.5527648925781,166.58265686035156,,2556.479248046875,36.90523147583008,,199.64382934570312,2035.45068359375,3959.531982421875,30.65596580505371,6.810992240905762,11.219228744506836,264.8019714355469,,3485.552001953125,48.830867767333984,17470.0,3670.5869140625,1345.4666748046875,2673.80908203125,783.0401000976562,26.85336685180664,4129.11181640625,2951.4775390625,275.86383056640625,4.067083835601807,75.05122375488281,266.6918640136719,242.7943115234375,70.78902435302734,536.844482421875,11388.525390625,10476.1220703125,46.146629333496094,477.20562744140625,,404.0583190917969,123.32096862792969,83.38546752929688,87.53646850585938,456.6362609863281,11954.6123046875,314.20001220703125,337.6809997558594,285.0,1044.191162109375,762.8226928710938,3895.3642578125,4349.95068359375,5119.11767578125,2327.9560546875,247.81539916992188,731.7091064453125,87.75484466552734,230.56602478027344,246.6064453125,318.0666809082031,73.45365142822266,2370.56982421875,181.44259643554688,193.04299926757812,,1024.60009765625,201.54544067382812,345.374267578125,47.75857925415039,,47.085845947265625,5010.8212890625,69.2274398803711,256.1000061035156,83.77790069580078,2197.621337890625,553.5999755859375
2025-04-16,1995.058349609375,496.9873046875,3255.755615234375,196.73675537109375,137.4111785888672,75.47510528564453,332.9379577636719,568.9324340820312,276.05889892578125,790.6801147460938,10252.236328125,1741.668212890625,49.20000076293945,277.94512939453125,,66.89021301269531,65.04005432128906,354.04852294921875,166.78257751464844,,2537.483154296875,37.1710090637207,,199.8295440673828,2077.439208984375,3823.548095703125,31.053091049194336,6.8855791091918945,11.419973373413086,252.380126953125,,3462.55517578125,48.762664794921875,17220.0,3640.42041015625,1344.966796875,2665.8095703125,787.2376708984375,26.595352172851562,4143.10888671875,2970.467529296875,271.39459228515625,4.104897975921631,73.03146362304688,265.49237060546875,246.09153747558594,70.76902770996094,537.8375854492188,11388.525390625,10461.5517578125,46.3767204284668,473.83642578125,,402.9584655761719,125.45832824707031,83.79090881347656,87.7887954711914,459.2347717285156,11994.59375,299.0,335.5201721191406,286.6000061035156,1016.7504272460938,775.2198486328125,3914.361083984375,4350.4501953125,5113.912109375,2335.8642578125,246.8450927734375,724.1100463867188,86.57672882080078,230.2687225341797,247.8054962158203,315.8675842285156,73.72320556640625,2433.54541015625,182.26510620117188,190.563720703125,,1018.1026000976562,200.09091186523438,345.4742126464844,48.76829528808594,,48.0057487487793,5077.10498046875,70.26695251464844,253.10000610351562,83.34634399414062,2173.62548828125,558.4000244140625
2025-04-17,1985.740234375,497.986083984375,3199.794189453125,196.83583068847656,133.4600067138672,75.11636352539062,333.8007507324219,559.218994140625,270.5632629394531,798.2789306640625,10122.2587890625,1715.376220703125,49.36000061035156,277.2452392578125,,66.66250610351562,64.27679443359375,359.195556640625,165.63302612304688,,2551.480224609375,37.503231048583984,,,2070.441162109375,3845.54541015625,30.752826690673828,6.960165977478027,11.5119047164917,246.4649658203125,,3444.557373046875,48.4947395324707,17255.0,3676.425537109375,1335.970458984375,2655.810302734375,788.5368041992188,26.416728973388672,4114.11474609375,2969.468017578125,272.6715087890625,4.069417953491211,74.99122619628906,268.29119873046875,247.39044189453125,70.30909729003906,535.4542846679688,11359.416015625,,46.229461669921875,474.2270812988281,,411.257568359375,124.76244354248047,84.93000793457031,87.95377349853516,458.4352722167969,12044.5712890625,298.0,335.7657165527344,,1018.6760864257812,787.217041015625,3938.357177734375,4395.423828125,5111.830078125,2260.737060546875,248.00946044921875,714.3704833984375,86.88323211669922,223.97560119628906,256.59857177734375,313.4685974121094,74.03126525878906,2438.043701171875,183.1267852783203,190.12620544433594,,1016.1033325195312,199.45452880859375,354.470947265625,48.73998260498047,,47.31344985961914,5138.04296875,70.44686889648438,251.39999389648438,84.00305938720703,2147.84814453125,559.7999877929688
2025-04-22,1995.058349609375,482.3053894042969,3227.77490234375,202.3351593017578,133.05999755859375,75.39539337158203,340.0319519042969,556.146240234375,270.4651184082031,802.078369140625,10138.255859375,1705.376953125,49.459999084472656,279.9447326660156,,68.10467529296875,65.0763931274414,358.745849609375,168.1320343017578,,2549.48046875,38.00631332397461,,198.80810546875,2099.433349609375,3785.552490234375,31.101520538330078,7.078182697296143,11.63010025024414,251.88719177246094,,3531.546142578125,48.81137466430664,16835.0,3694.914794921875,1361.460205078125,2651.810791015625,799.8302001953125,26.46138572692871,4153.1064453125,2993.45556640625,274.4395446777344,4.125905513763428,76.5910415649414,270.9901428222656,249.5885772705078,71.26895141601562,545.384765625,11584.404296875,10068.150390625,47.324684143066406,475.8872375488281,,409.457763671875,124.41449737548828,86.66000366210938,88.0022964477539,459.4346923828125,12124.53515625,287.8999938964844,356.9321594238281,273.0,1012.417724609375,781.4183959960938,3933.35791015625,4464.38330078125,5153.47412109375,2279.5185546875,247.23321533203125,715.9703979492188,87.31424713134766,216.54278564453125,262.39404296875,315.06793212890625,73.99275970458984,2431.04638671875,185.37890625,188.133056640625,,1022.1010131835938,200.5454559326172,359.76898193359375,48.94758605957031,,47.441864013671875,5218.224609375,72.16605377197266,251.1999969482422,86.68620300292969,2147.84814453125,564.4000244140625
2025-04-23,2058.813720703125,491.5939636230469,3203.791259765625,208.37945556640625,138.83999633789062,77.66741943359375,342.33270263671875,575.7715454101562,278.0216064453125,806.0777587890625,10360.2177734375,1666.879638671875,51.29999923706055,293.6920166015625,,69.86943817138672,67.07538604736328,357.5465087890625,167.13243103027344,,2510.488525390625,38.281585693359375,,205.58670043945312,2089.43603515625,3851.544677734375,31.84733772277832,7.0375847816467285,11.66011905670166,263.6189270019531,,3589.538818359375,50.18511199951172,17525.0,3673.50634765625,1378.4534912109375,2693.8076171875,844.7039184570312,27.40909194946289,4163.1044921875,3011.4462890625,276.5513610839844,4.241214275360107,77.19096374511719,269.99053955078125,250.88746643066406,73.52860260009766,558.0958862304688,11499.4091796875,10874.3798828125,48.78805160522461,488.582763671875,,399.8587646484375,126.89981079101562,87.4000015258789,88.21580505371094,476.2249450683594,11834.666015625,285.3999938964844,367.8345947265625,263.0,1028.785888671875,800.2139892578125,3943.356201171875,4582.81396484375,4859.8818359375,2330.92138671875,250.4352264404297,727.7698974609375,89.3064956665039,239.53497314453125,258.19732666015625,319.6659851074219,74.78216552734375,2430.54638671875,192.40943908691406,192.3137969970703,,1087.07568359375,201.6363525390625,357.56982421875,49.060829162597656,,48.77584457397461,5148.73388671875,70.20697784423828,251.8000030517578,89.16295623779297,2201.84423828125,566.0
2025-04-24,2113.74169921875,491.0945739746094,3205.7900390625,213.6310577392578,137.25999450683594,77.32860565185547,341.75750732421875,586.4761962890625,280.2529602050781,814.8764038085938,10442.203125,1683.87841796875,51.65999984741211,289.5428466796875,,70.97004699707031,65.63066101074219,361.9940185546875,166.53268432617188,,2492.4921875,38.18666076660156,,202.42955017089844,2100.007080078125,3814.669189453125,31.721418380737305,7.081014633178711,11.905890464782715,264.9991149902344,,3601.537109375,50.399452209472656,17320.0,3737.73193359375,1393.4476318359375,2699.80712890625,834.709716796875,29.349163055419922,4189.0986328125,3018.44287109375,277.38629150390625,4.255218982696533,78.15086364746094,266.99176025390625,237.144287109375,72.64874267578125,563.0611572265625,11484.41015625,10548.9736328125,49.52433776855469,495.4237365722656,,394.4593200683594,126.70098114013672,87.44000244140625,89.28331756591797,468.42950439453125,11884.6435546875,282.20001220703125,374.0224609375,265.0,1044.191162109375,807.2733764648438,3966.3525390625,4608.798828125,4872.3759765625,2357.611572265625,254.51048278808594,735.1696166992188,89.41185760498047,238.98989868164062,260.9951477050781,322.264892578125,76.05292510986328,2433.045654296875,196.47303771972656,196.68898010253906,,1082.84521484375,203.1818084716797,360.1688537597656,49.211814880371094,,48.38493347167969,5122.00634765625,70.06704711914062,258.79998779296875,90.53266906738281,2301.837158203125,569.2000122070312
2025-04-25,2106.8759765625,504.378173828125,3205.7900390625,215.0182647705078,140.60000610351562,78.2453842163086,344.25,585.5216674804688,287.59149169921875,813.4765625,10398.2109375,1682.3785400390625,52.02000045776367,292.79217529296875,,72.41221618652344,66.15766143798828,364.2427062988281,167.93211364746094,,2458.4990234375,38.50939178466797,,205.77243041992188,2064.44287109375,3883.541015625,30.200727462768555,7.109338760375977,11.967802047729492,268.64678955078125,,3625.5341796875,50.81839370727539,17270.0,3770.817626953125,1388.4495849609375,2729.80517578125,833.5103759765625,29.899925231933594,4208.0947265625,3001.45166015625,281.0697021484375,4.355588912963867,77.53093719482422,270.79022216796875,237.54420471191406,72.98868560791016,569.8139038085938,11439.412109375,10680.107421875,50.24221420288086,494.53143310546875,,385.960205078125,129.23599243164062,85.73999786376953,89.807373046875,474.3260803222656,12034.576171875,275.3999938964844,367.5399475097656,258.1000061035156,1057.6707763671875,801.2137451171875,4002.3466796875,4547.3349609375,4823.443359375,2353.657470703125,254.1223602294922,755.3687744140625,88.463623046875,242.5081024169922,259.7961120605469,327.46270751953125,77.26592254638672,2463.03369140625,196.47303771972656,199.80023193359375,,1090.57421875,204.72726440429688,357.76971435546875,49.78744125366211,,49.71403121948242,5008.68310546875,70.30693054199219,263.6000061035156,91.71475982666016,2311.836669921875,568.7999877929688
2025-04-28,2070.583984375,504.7776794433594,3227.77490234375,215.4145965576172,144.32000732421875,78.44468688964844,346.2631530761719,581.1469116210938,287.29400634765625,810.4771118164062,10524.189453125,1680.378662109375,52.36000061035156,295.041748046875,,72.43118286132812,67.32980346679688,361.79412841796875,171.88050842285156,,2438.50341796875,38.860599517822266,,208.65101623535156,2069.44140625,3851.544677734375,29.890779495239258,7.1282219886779785,11.930280685424805,267.1679992675781,,3614.535400390625,50.92556381225586,17460.0,3765.9521484375,1408.4417724609375,2727.80517578125,833.2106323242188,29.656795501708984,4179.1005859375,2989.457763671875,279.94012451171875,4.381265640258789,78.9107666015625,278.8869323730469,236.54444885253906,72.88870239257812,576.566650390625,11354.4169921875,10655.8232421875,50.591949462890625,497.70404052734375,,383.66046142578125,129.73306274414062,86.75,90.64197540283203,476.8246154785156,11924.6259765625,284.6000061035156,372.4509582519531,253.5,1050.9310302734375,803.4132080078125,3959.353759765625,4522.34912109375,4876.53955078125,2367.496826171875,257.22735595703125,754.3688354492188,89.17240142822266,246.57138061523438,258.796875,326.6630554199219,76.55352020263672,2457.0361328125,200.78146362304688,200.28636169433594,,1069.58251953125,205.72726440429688,357.169921875,49.93843078613281,,50.56426239013672,5023.650390625,71.40641784667969,266.79998779296875,92.33393859863281,2263.83984375,568.7999877929688
2025-04-29,2086.768310546875,497.28692626953125,3257.754150390625,208.47853088378906,143.97999572753906,79.02265930175781,346.74249267578125,581.6439819335938,285.80645751953125,822.4752807617188,10616.173828125,1729.3751220703125,52.619998931884766,297.941162109375,,72.60196685791016,67.96585083007812,352.9991149902344,171.73057556152344,,2449.5009765625,39.22129821777344,,211.52960205078125,2057.444580078125,3893.539794921875,29.890779495239258,7.213193893432617,11.900262832641602,269.5340881347656,,3631.533447265625,50.90607833862305,17640.0,3811.6884765625,1431.4326171875,2739.804443359375,855.0977172851562,29.086185455322266,4191.09814453125,3024.439453125,276.35491943359375,4.439620018005371,80.73056030273438,286.7837219238281,235.64463806152344,73.16865539550781,582.7235717773438,11404.4140625,10811.2412109375,49.64398193359375,485.1127014160156,,386.6601257324219,131.3236541748047,86.80000305175781,91.42805480957031,484.4202575683594,12079.5556640625,283.5,381.0943298339844,257.79998779296875,1053.3380126953125,803.8131713867188,4001.346923828125,4543.8369140625,4949.41748046875,2358.599853515625,260.91448974609375,752.7688598632812,90.2547378540039,252.31942749023438,261.3948669433594,323.8642578125,76.5727767944336,2442.041748046875,198.03973388671875,198.92520141601562,,1095.5723876953125,213.0908966064453,364.76715087890625,49.400543212890625,,51.25812911987305,5010.8212890625,71.86619567871094,264.3999938964844,92.33393859863281,2239.841552734375,575.5999755859375
2025-04-30,1990.154052734375,506.9750061035156,3255.755615234375,199.8579864501953,147.13999938964844,79.38140106201172,349.0432434082031,579.1583251953125,289.17822265625,839.07275390625,10726.1552734375,1734.374755859375,53.2400016784668,296.7414245605469,,70.49564361572266,67.50244140625,350.1007385253906,173.72976684570312,,2517.487060546875,39.45860290527344,,213.29388427734375,2091.435546875,3961.53173828125,30.6075382232666,7.216970443725586,11.913395881652832,273.8718566894531,,3714.522705078125,50.81839370727539,17960.0,3874.94091796875,1482.912109375,2755.80322265625,831.5116577148438,28.66939353942871,4233.08935546875,3072.414794921875,280.23480224609375,4.371461391448975,78.57080841064453,287.0836181640625,234.44493103027344,73.26863861083984,584.5110473632812,11624.40234375,10913.234375,48.29106140136719,483.7247009277344,,388.95989990234375,131.2242431640625,87.73999786376953,91.02046203613281,477.9239807128906,12324.4453125,281.29998779296875,380.11212158203125,261.79998779296875,1035.525634765625,791.6160278320312,4066.336181640625,4444.3955078125,5036.87060546875,2363.542724609375,261.3026123046875,754.1688232421875,91.85427856445312,253.01315307617188,266.59075927734375,328.26239013671875,77.7087631225586,2439.542724609375,197.74598693847656,200.09190368652344,,1075.580078125,218.0908966064453,370.5650939941406,48.277591705322266,,49.81175994873047,5087.7958984375,73.22555541992188,262.6000061035156,89.53822326660156,2247.841064453125,582.4000244140625
2025-05-01,2056.852294921875,,3251.75830078125,,,,,,,849.671142578125,10606.1748046875,1741.874267578125,,294.7417907714844,,,,349.8009338378906,172.28036499023438,,2501.490478515625,,,213.20103454589844,2097.433837890625,3993.52783203125,,,,,,3780.51416015625,,18335.0,,1462.42041015625,2777.801513671875,824.2158813476562,,4229.09033203125,3072.414794921875,,,79.75067138671875,291.7817077636719,235.74462890625,71.32893371582031,,11359.416015625,11364.9169921875,,,,380.6607666015625,,,,475.52532958984375,12304.455078125,282.1000061035156,,267.6000061035156,,812.0112915039062,4074.335205078125,4427.4052734375,5045.19921875,,,766.96826171875,,,267.7898254394531,332.4606628417969,,2435.544677734375,,,,1096.572021484375,,372.3644104003906,,,,5052.515625,73.72533416748047,,,2285.83837890625,
2025-05-02,2095.10546875,525.5521240234375,3255.755615234375,204.81231689453125,154.9600067138672,80.89608764648438,354.6992492675781,605.4069213867188,296.9134216308594,862.4691772460938,10752.150390625,1778.87158203125,54.939998626708984,300.9905700683594,,70.989013671875,69.38331604003906,350.1007385253906,170.9808807373047,,2551.480224609375,40.18000411987305,,226.015380859375,2119.427978515625,4053.52099609375,30.72376823425293,7.247182846069336,11.872119903564453,272.2945251464844,,3853.5048828125,52.12392807006836,18625.0,3923.5966796875,1447.926025390625,2837.79736328125,844.9037475585938,29.795726776123047,4259.083984375,3072.414794921875,283.9673156738281,4.439152717590332,79.97064971923828,287.7833251953125,237.74415588378906,70.56906127929688,595.6332397460938,11564.40625,11496.0498046875,49.054954528808594,491.606689453125,,377.7610168457031,134.1569061279297,87.5999984741211,91.42805480957031,481.7218017578125,12364.427734375,274.20001220703125,386.29998779296875,267.6000061035156,1058.1522216796875,819.0096435546875,4120.32763671875,4499.36279296875,5180.54296875,2423.84228515625,264.310546875,783.9675903320312,93.7890625,263.91461181640625,263.1934509277344,330.8612976074219,78.63294982910156,2485.52490234375,205.4325714111328,203.4948272705078,,1096.0721435546875,219.90907287597656,370.8649597167969,47.99449157714844,,51.42426300048828,5095.279296875,72.92570495605469,266.79998779296875,90.55142974853516,2311.836669921875,586.0
2025-05-05,,529.347412109375,,205.50592041015625,158.27999877929688,80.39783477783203,359.5883483886719,603.3189697265625,297.8059387207031,,,,55.15999984741211,,,71.17877197265625,69.38331604003906,,,,,41.130001068115234,,226.4796600341797,,,31.004657745361328,7.288724422454834,11.79520034790039,275.0549011230469,,,52.27981185913086,,3924.56982421875,,,,29.904888153076172,,,283.08331298828125,4.482568740844727,,,,,593.8457641601562,,11432.912109375,49.6347770690918,488.0374755859375,,,135.0019073486328,87.33999633789062,90.18585968017578,,,,389.8500061035156,265.6000061035156,1058.6336669921875,,,,,2461.2548828125,263.92242431640625,,91.95005798339844,264.9552307128906,,,78.6521987915039,,206.85238647460938,202.4253387451172,,,221.54544067382812,,47.66421127319336,,50.77926254272461,,,264.70001220703125,90.68277740478516,,591.4000244140625
2025-05-06,2030.369140625,519.75927734375,3325.707275390625,202.92967224121094,156.63999938964844,79.3614730834961,361.9849548339844,598.0494384765625,293.5416564941406,861.4692993164062,10698.1591796875,1770.3721923828125,54.959999084472656,298.0411682128906,,71.02696990966797,69.05620574951172,354.9480285644531,169.33154296875,,2601.469970703125,40.93000030517578,,222.0225067138672,2155.418212890625,4053.52099609375,31.004657745361328,7.26606559753418,11.928403854370117,272.6888427734375,,3808.510498046875,52.10444259643555,18610.0,3923.5966796875,1449.42529296875,2841.797119140625,846.0030517578125,29.1705379486084,4297.07568359375,3119.390625,279.0069885253906,4.447556018829346,81.1505126953125,292.9812316894531,239.64370727539062,71.60890197753906,588.4832763671875,11624.40234375,11360.0595703125,49.80964660644531,484.9144592285156,,360.162841796875,132.66571044921875,88.16000366210938,90.1761474609375,477.7240905761719,12444.3916015625,263.5,381.1000061035156,267.79998779296875,1055.7451171875,814.8106079101562,4109.3291015625,4475.876953125,5193.0361328125,2434.317626953125,263.3402404785156,781.167724609375,91.75849914550781,261.9820861816406,272.1863708496094,333.66009521484375,79.05653381347656,2433.045654296875,204.6002655029297,201.06417846679688,,1055.587890625,218.81817626953125,376.662841796875,48.183223724365234,,51.209266662597656,5110.24658203125,72.94569396972656,259.29998779296875,90.08235168457031,2323.835693359375,593.5999755859375
2025-05-07,2027.9169921875,518.1611938476562,3379.670166015625,205.010498046875,154.5800018310547,78.02616119384766,356.3289489746094,601.23095703125,295.3266906738281,864.8688354492188,10502.193359375,1728.875244140625,54.2599983215332,296.0915222167969,,72.20347595214844,69.07437896728516,350.6504821777344,166.3827362060547,,2621.466064453125,40.650001525878906,,226.2939453125,2163.416015625,4017.52490234375,30.96591567993164,7.310439586639404,11.866491317749023,270.3227844238281,,3821.5087890625,51.831642150878906,18285.0,3877.8603515625,1378.4534912109375,2829.798095703125,842.705078125,30.01900863647461,4214.09326171875,3153.373046875,278.9087829589844,4.358856678009033,82.9502944946289,291.7817077636719,239.84365844726562,72.22879791259766,573.7860717773438,11604.4033203125,11068.6513671875,49.69000244140625,479.36236572265625,,363.5625305175781,133.7095489501953,88.1500015258789,89.10863494873047,475.62530517578125,12289.4619140625,257.70001220703125,374.3999938964844,259.20001220703125,1033.1185302734375,828.4074096679688,4081.333740234375,4536.84130859375,5172.21435546875,2407.380615234375,258.294677734375,765.9683227539062,87.80272674560547,259.1576232910156,274.184814453125,336.259033203125,79.01802825927734,2428.04736328125,204.7960968017578,198.53628540039062,,1045.591796875,223.1818084716797,379.0619812011719,47.89069366455078,,50.378578186035156,5129.490234375,71.54634857177734,259.8999938964844,89.70709228515625,2309.836669921875,593.2000122070312
2025-05-08,2005.84765625,526.7506103515625,3327.7060546875,206.9922332763672,158.3800048828125,79.28174591064453,357.0,626.883056640625,299.2934875488281,864.4688720703125,10132.2568359375,1745.8740234375,55.279998779296875,304.98974609375,,74.23390197753906,69.96484375,355.29779052734375,162.434326171875,,2610.46826171875,41.119998931884766,,227.40823364257812,2178.412109375,4093.51611328125,30.946544647216797,7.159378528594971,11.95654582977295,275.15350341796875,,3838.5068359375,52.41621017456055,18200.0,3891.48388671875,1363.45947265625,2875.794677734375,843.1784057617188,30.753358840942383,4190.0986328125,3079.4111328125,282.093994140625,4.493305683135986,84.4901123046875,296.47979736328125,239.24380493164062,72.62873840332031,567.2319946289062,11449.412109375,11248.353515625,50.869998931884766,483.12982177734375,,361.7626953125,134.90249633789062,87.05999755859375,88.41960144042969,485.719482421875,12344.435546875,261.0,375.3500061035156,250.39999389648438,1057.6707763671875,830.4069213867188,4022.784912109375,4442.396484375,5094.130859375,2439.30615234375,252.1817626953125,793.9671630859375,87.8889389038086,260.4459533691406,272.9857482910156,339.8575439453125,80.17325592041016,2435.044677734375,208.7617950439453,200.57803344726562,,1066.0838623046875,223.4545440673828,377.0627136230469,48.17378616333008,,52.049720764160156,5025.78857421875,70.26695251464844,262.79998779296875,92.97189331054688,2403.830078125,583.0
2025-05-09,2009.28076171875,526.7506103515625,3347.692138671875,207.09132385253906,158.44000244140625,79.54084014892578,362.3999938964844,623.2042236328125,297.3100891113281,860.069580078125,10238.23828125,1687.878173828125,55.63999938964844,306.93939208984375,,75.60017395019531,70.4191665649414,372.0882568359375,165.18321228027344,,2604.469482421875,41.66999816894531,,228.15110778808594,2178.412109375,4109.51416015625,31.333980560302734,7.307607173919678,12.194814682006836,276.8294372558594,,3834.507080078125,52.698753356933594,17885.0,3917.758056640625,1376.9541015625,2895.793212890625,848.7756958007812,31.214807510375977,4169.10302734375,3016.44384765625,282.8405456542969,4.532520294189453,86.56987762451172,304.8763732910156,240.5435028076172,73.00867462158203,580.7374877929688,11299.4189453125,11034.654296875,51.06999969482422,491.5075378417969,,357.96307373046875,134.75338745117188,87.6500015258789,88.22550964355469,491.1163635253906,12219.4921875,262.6000061035156,383.20001220703125,252.5,1072.5947265625,835.40576171875,4029.784423828125,4493.8662109375,5076.43212890625,2447.287353515625,249.9500732421875,791.5672607421875,88.99999237060547,259.3062744140625,276.1832275390625,340.6571960449219,80.6353530883789,2457.0361328125,209.59410095214844,201.35585021972656,,1067.08349609375,223.1818084716797,377.5625305175781,48.96646499633789,,52.548133850097656,5045.03271484375,70.32691955566406,264.6000061035156,93.64736938476562,2397.83056640625,581.0
2025-05-12,2120.607666015625,540.7333984375,3287.7333984375,214.91917419433594,158.5800018310547,79.77999877929688,351.70001220703125,663.07421875,306.8303527832031,850.2710571289062,10270.232421875,1665.3797607421875,58.65999984741211,313.2381286621094,,77.34595489501953,71.82754516601562,380.383544921875,163.28399658203125,,2614.467529296875,40.689998626708984,,230.28683471679688,2176.41259765625,4193.50439453125,30.73345375061035,7.257567882537842,12.446213722229004,292.2088623046875,,3897.4990234375,53.5463752746582,18605.0,3870.075439453125,1398.9454345703125,2933.79052734375,881.4594116210938,33.7701416015625,4096.11865234375,2938.48388671875,293.0931091308594,4.560530662536621,88.72962188720703,302.47735595703125,239.64370727539062,73.02867889404297,571.7999877929688,11294.419921875,12273.138671875,52.86000061035156,525.9601440429688,,346.0643310546875,136.19485473632812,86.20999908447266,88.97277069091797,485.2197570800781,11949.6142578125,263.79998779296875,394.54998779296875,260.0,1133.2530517578125,870.99755859375,3912.790771484375,4659.26904296875,5030.62353515625,2533.087158203125,254.1223602294922,784.967529296875,91.13999938964844,260.1486511230469,269.5884094238281,347.25439453125,81.09744262695312,2491.022705078125,217.13380432128906,207.87002563476562,,1169.54345703125,227.5454559326172,368.5657958984375,50.079978942871094,,54.74700164794922,4964.85009765625,69.08750915527344,275.79998779296875,94.89512634277344,2405.829833984375,576.7999877929688
2025-05-13,2194.662109375,544.5286865234375,3315.71435546875,221.55799865722656,161.10000610351562,79.19999694824219,350.8999938964844,679.77783203125,309.1112976074219,851.6708374023438,10178.2490234375,1673.379150390625,58.81999969482422,316.7874755859375,,79.68000793457031,71.85480499267578,382.5323181152344,161.38475036621094,,2605.46923828125,40.47999954223633,,230.1011199951172,2117.428466796875,4259.49609375,30.694711685180664,7.298165798187256,12.639455795288086,294.08197021484375,,3981.48828125,53.82891845703125,18420.0,3850.613037109375,1357.4619140625,2989.786376953125,875.6622314453125,34.39533233642578,4140.109375,2888.509765625,291.9981689453125,4.561931133270264,89.72949981689453,306.7756042480469,239.04385375976562,73.38861846923828,573.7999877929688,11264.4208984375,11884.5947265625,53.939998626708984,532.305419921875,,345.3643798828125,135.15103149414062,85.06999969482422,87.43942260742188,489.3174133300781,12194.5048828125,268.3999938964844,385.1499938964844,257.20001220703125,1147.214111328125,873.596923828125,3948.788818359375,4696.7470703125,4974.404296875,2589.954345703125,251.30848693847656,800.9668579101562,89.70999908447266,260.0,274.184814453125,349.4535217285156,81.7520751953125,2521.5107421875,220.46302795410156,212.4396514892578,,1155.0491943359375,226.0,366.3666076660156,50.40081787109375,,53.93586349487305,4882.5302734375,68.8076400756836,279.3999938964844,98.46013641357422,2443.8271484375,569.7999877929688
2025-05-14,2158.370849609375,545.9269409179688,3333.70166015625,221.55799865722656,159.5,73.16000366210938,350.8999938964844,682.6611328125,305.9378356933594,864.4688720703125,10020.2763671875,1700.877197265625,59.400001525878906,320.23675537109375,,79.68000793457031,72.61805725097656,380.7833557128906,162.2344207763672,,2539.482666015625,40.65999984741211,,230.75111389160156,2121.427490234375,4183.505859375,30.694711685180664,7.311384201049805,12.613189697265625,292.30743408203125,,3867.5029296875,53.7022590637207,18605.0,3886.618408203125,1359.461181640625,2967.7880859375,870.6646728515625,34.39533233642578,4196.09716796875,2678.61767578125,290.4552917480469,4.625888347625732,90.00946807861328,312.8731689453125,240.2435760498047,74.92838287353516,570.5999755859375,11349.4169921875,12452.83984375,53.939998626708984,520.7055053710938,,355.16339111328125,136.19485473632812,85.19000244140625,86.70185852050781,492.7154541015625,12354.431640625,268.29998779296875,372.6000061035156,249.1999969482422,1153.9539794921875,867.7982788085938,3997.7861328125,4681.25634765625,4948.3759765625,2570.0009765625,246.94212341308594,796.967041015625,88.83999633789062,262.3500061035156,277.3822937011719,348.45391845703125,82.11790466308594,2513.51416015625,220.46302795410156,214.48141479492188,,1144.053466796875,226.4545440673828,367.9660339355469,50.11772918701172,,54.97177505493164,4876.1162109375,68.30786895751953,278.20001220703125,98.46013641357422,2417.8291015625,574.2000122070312
2025-05-15,2101.971435546875,554.1168823242188,3264.93408203125,217.0,159.22000122070312,73.12000274658203,348.20001220703125,678.2864379882812,308.6154479980469,872.4677124023438,10140.2548828125,1754.873291015625,59.13999938964844,322.2363586425781,,77.58000183105469,72.3272933959961,368.0975646972656,165.083251953125,,2636.463134765625,40.7599983215332,,234.74400329589844,2157.417724609375,4195.50439453125,31.54707145690918,7.429400444030762,12.498745918273926,291.81451416015625,,3927.495361328125,53.78994369506836,18410.0,3984.90283203125,1362.120361328125,2997.7861328125,879.060546875,33.56671142578125,4019.13525390625,2665.624755859375,292.9935607910156,4.6450276374816895,91.24933624267578,315.9718933105469,241.74322509765625,74.76840209960938,566.4000244140625,11419.4130859375,12462.5537109375,53.22999954223633,502.95867919921875,,356.96319580078125,137.73574829101562,86.58999633789062,87.67233276367188,497.8125,12574.33203125,271.3999938964844,376.8999938964844,244.8000030517578,1145.7698974609375,873.1970825195312,4061.78271484375,4689.25146484375,5030.62353515625,2561.02197265625,249.36788940429688,815.9662475585938,89.87000274658203,263.20001220703125,276.78277587890625,347.65423583984375,83.69672393798828,2472.2900390625,217.2317352294922,212.4396514892578,,1148.5517578125,230.6363525390625,363.6609802246094,49.881813049316406,,54.786094665527344,4917.18212890625,70.06704711914062,277.8999938964844,97.38125610351562,2423.82861328125,579.7999877929688
2025-05-16,2026.44580078125,553.5176391601562,3304.921142578125,219.10000610351562,160.24000549316406,74.87999725341797,351.20001220703125,664.5656127929688,310.4004821777344,878.4667358398438,10328.22265625,1762.372802734375,57.58000183105469,325.43572998046875,,76.91999816894531,72.136474609375,372.6456604003906,166.13284301757812,,2634.46337890625,41.25,,234.1868438720703,2151.41943359375,4203.5029296875,31.96356773376465,7.511540412902832,12.56253433227539,292.30743408203125,,3934.494140625,53.99454116821289,18730.0,3980.037353515625,1394.1114501953125,2999.78564453125,882.35888671875,33.13999557495117,3973.14501953125,2702.60546875,291.6497802734375,4.64642858505249,92.7291488647461,310.6740417480469,242.3430633544922,74.98837280273438,573.5999755859375,11519.408203125,12477.1240234375,52.5,499.5877685546875,,354.8634033203125,139.3760528564453,86.4800033569336,88.76896667480469,505.508056640625,12704.2744140625,271.29998779296875,373.8500061035156,246.6999969482422,1138.5487060546875,869.997802734375,4098.78076171875,4673.26123046875,5049.36376953125,2577.982421875,251.9877166748047,809.5664672851562,91.79000091552734,266.25,278.78118896484375,347.8541564941406,84.13956451416016,2489.784912109375,215.37127685546875,214.8703155517578,,1150.5509033203125,231.1818084716797,362.8610534667969,50.230960845947266,,55.19654846191406,4944.9814453125,71.14653778076172,275.79998779296875,96.48999786376953,2403.830078125,582.5999755859375
2025-05-19,2029.3883056640625,551.9195556640625,3298.923095703125,218.3000030517578,161.89999389648438,74.08000183105469,351.6000061035156,658.6000366210938,309.2104187011719,881.266357421875,10370.2158203125,1776.8717041015625,57.81999969482422,325.6357116699219,,77.55999755859375,74.6022720336914,365.3487243652344,167.73219299316406,,2626.46484375,41.66999816894531,,235.85829162597656,2131.4248046875,4221.5009765625,32.41880798339844,7.566300392150879,12.501357078552246,286.4908752441406,,3940.493408203125,54.13094711303711,18615.0,4007.284423828125,1396.11083984375,2955.788818359375,880.8596801757812,33.23426818847656,4018.135498046875,2754.578857421875,293.192626953125,4.700091361999512,91.22933197021484,313.3729553222656,240.7434539794922,75.82823944091797,574.2000122070312,11524.408203125,12428.5556640625,52.72999954223633,494.3331604003906,,361.062744140625,139.82339477539062,87.25,88.84661102294922,509.30584716796875,12704.2744140625,271.3999938964844,378.54998779296875,245.89999389648438,1132.290283203125,866.19873046875,4105.7802734375,4643.27880859375,5051.44580078125,2553.04052734375,252.27879333496094,819.1661376953125,92.26000213623047,265.45001220703125,280.57977294921875,346.6546936035156,84.71717834472656,2472.2900390625,217.18276977539062,215.16200256347656,,1155.548828125,233.45452880859375,371.0601806640625,49.90068435668945,,55.90018844604492,4973.84912109375,72.42593383789062,276.1000061035156,97.5,2403.830078125,586.4000244140625
2025-05-20,2057.833251953125,555.3153686523438,3316.917236328125,220.6999969482422,161.83999633789062,74.08000183105469,347.79998779296875,656.2137451171875,309.8054504394531,891.264892578125,10416.2080078125,1796.370361328125,57.34000015258789,329.5349426269531,,79.30000305175781,75.07608795166016,365.54864501953125,169.98129272460938,,2669.456298828125,41.61000061035156,,238.64401245117188,2136.42333984375,4859.42578125,32.64158248901367,7.638998508453369,12.549151420593262,284.223388671875,,3924.49560546875,54.43296432495117,18445.0,4012.150146484375,1415.105712890625,2953.7890625,888.7557373046875,33.6312141418457,4028.13330078125,2817.54638671875,294.8847961425781,4.76003885269165,92.96913146972656,313.77276611328125,242.64300537109375,78.00790405273438,564.2000122070312,11509.408203125,12341.1337890625,53.25,500.5792236328125,,367.5621032714844,140.6186981201172,87.94999694824219,90.53522491455078,515.5022583007812,12814.224609375,280.0,381.04998779296875,281.6000061035156,1111.58935546875,862.9994506835938,4098.78076171875,4670.7626953125,5086.84326171875,2544.0615234375,255.57781982421875,817.566162109375,93.5199966430664,265.1000061035156,288.97320556640625,348.45391845703125,84.46688079833984,2485.785888671875,217.62339782714844,217.88433837890625,,1174.5416259765625,235.63636779785156,377.85943603515625,50.023353576660156,,56.515872955322266,5043.34619140625,77.68346405029297,276.20001220703125,98.16000366210938,2401.830078125,586.2000122070312
2025-05-21,2100.009765625,550.321533203125,3318.91650390625,220.3000030517578,162.10000610351562,73.13999938964844,351.5,660.8868408203125,305.9378356933594,891.264892578125,10490.1953125,1818.86865234375,54.560001373291016,327.9352722167969,,79.0199966430664,75.3661880493164,362.1000671386719,169.18161010742188,,2686.452880859375,41.689998626708984,,238.36544799804688,2132.424560546875,4873.42431640625,33.232425689697266,7.629558086395264,12.445914268493652,281.2657775878906,,3880.50146484375,54.39400100708008,18285.0,3998.5263671875,1429.6015625,2973.78759765625,884.157958984375,34.3903694152832,4053.128173828125,2809.550537109375,290.8534851074219,4.787112236022949,83.11028289794922,309.7744140625,241.74322509765625,77.96791076660156,564.5999755859375,11484.41015625,12263.4248046875,53.22999954223633,489.4255065917969,,374.661376953125,138.92869567871094,88.45999908447266,90.99134826660156,519.1002197265625,12789.236328125,277.1000061035156,385.45001220703125,265.70001220703125,1107.738037109375,854.6013793945312,4128.779296875,4648.775390625,5099.3369140625,2490.187255859375,254.8015899658203,824.3659057617188,93.75,265.79998779296875,287.7741394042969,346.2548522949219,83.90852355957031,2476.78857421875,216.3994140625,214.09249877929688,,1162.04638671875,234.72727966308594,380.5591735839844,49.37223815917969,,56.53541564941406,5063.66015625,78.26319122314453,274.29998779296875,97.68000030517578,2401.830078125,586.0
2025-05-22,2079.41162109375,548.5238037109375,3340.909423828125,218.3000030517578,161.25999450683594,71.62000274658203,350.8999938964844,653.0321044921875,299.9876708984375,897.4638671875,10372.2158203125,1841.8670654296875,54.060001373291016,326.58551025390625,,78.16000366210938,74.94071197509766,356.6523132324219,175.27915954589844,,2689.4521484375,41.56999969482422,,236.13685607910156,2060.44384765625,4763.4365234375,33.21305465698242,7.670154571533203,12.254732131958008,275.0549011230469,,3808.510498046875,54.13094711303711,17760.0,3958.628662109375,1428.1019287109375,2905.79248046875,880.159912109375,34.43999099731445,4066.125244140625,2763.96826171875,281.74560546875,4.761005878448486,85.15003967285156,299.961669921875,240.5435028076172,78.46783447265625,560.5999755859375,11474.41015625,12311.9931640625,52.63999938964844,480.94866943359375,,383.96038818359375,138.08367919921875,88.1500015258789,90.25379180908203,523.6975708007812,12889.1904296875,268.3999938964844,379.75,261.8999938964844,1088.0,850.602294921875,4096.78076171875,4584.31298828125,5111.830078125,2431.32470703125,251.5025634765625,838.9652709960938,93.41000366210938,265.5,286.5750732421875,343.8558654785156,82.42597198486328,2439.299072265625,212.5806121826172,212.34242248535156,,1165.5450439453125,230.8181610107422,381.4590759277344,48.59843826293945,,55.968597412109375,5038.0,78.88289642333984,268.3999938964844,96.4000015258789,2367.83251953125,584.4000244140625
2025-05-23,2149.542724609375,541.931884765625,3338.91015625,214.0,157.3000030517578,70.87999725341797,347.0,638.91357421875,296.715087890625,908.2623291015625,10434.205078125,1842.866943359375,53.2400016784668,323.2361755371094,,75.26000213623047,73.33552551269531,356.05255126953125,172.9300994873047,,2690.451904296875,40.970001220703125,,235.3939971923828,2020.4547119140625,4655.44970703125,32.651268005371094,7.627669811248779,12.193553924560547,266.4779052734375,,3787.51318359375,53.14691925048828,17820.0,3986.84912109375,1425.1029052734375,2877.79443359375,868.3658447265625,33.135032653808594,4116.11474609375,2814.94921875,278.41107177734375,4.594699382781982,82.57034301757812,295.2622375488281,239.24380493164062,77.80793762207031,560.0,11529.4072265625,12219.7138671875,50.540000915527344,474.90087890625,,375.16131591796875,136.19485473632812,88.5199966430664,90.0208740234375,522.8980102539062,12889.1904296875,262.1000061035156,372.95001220703125,266.3999938964844,1071.0,826.2079467773438,4112.7802734375,4559.82763671875,5131.611328125,2367.4736328125,252.1817626953125,835.7654418945312,92.13999938964844,260.54998779296875,287.37445068359375,340.85711669921875,82.75328063964844,2419.30517578125,207.8805389404297,212.05075073242188,,1150.5509033203125,230.5454559326172,381.6590576171875,48.098297119140625,,54.307228088378906,5019.82373046875,77.06375122070312,265.0,93.5,2335.8349609375,579.2000122070312
2025-05-26,,549.1229858398438,,218.6999969482422,160.22000122070312,72.4000015258789,352.29998779296875,650.2482299804688,299.9876708984375,,,,53.959999084472656,,,76.80000305175781,74.66996002197266,,,,,41.29999923706055,,235.67257690429688,,,33.05807876586914,7.675820350646973,12.359883308410645,272.0973205566406,,,53.83865737915039,,4021.881103515625,,,,33.78998947143555,,,283.0893859863281,4.673501491546631,,,,,568.0,,12127.4345703125,51.59000015258789,479.31280517578125,,,137.5866241455078,88.63999938964844,91.03987121582031,,,,374.04998779296875,267.70001220703125,1091.0,,,,,2383.4365234375,254.70455932617188,,92.79000091552734,262.29998779296875,,,83.48493194580078,,214.09832763671875,216.62039184570312,,,232.99998474121094,,48.86266326904297,,54.90336608886719,,,270.6000061035156,95.81999969482422,,587.0
2025-05-27,2192.70068359375,556.1143798828125,3338.91015625,220.5,162.1999969482422,71.95999908447266,352.3999938964844,662.2787475585938,303.35943603515625,901.2633666992188,10482.1962890625,1899.8629150390625,54.18000030517578,328.03521728515625,,76.44000244140625,74.86334991455078,359.90093994140625,173.6298065185547,,2683.453369140625,41.31999969482422,,235.02256774902344,2030.4520263671875,4729.44091796875,33.12588119506836,7.619171619415283,12.424883842468262,275.7450256347656,,3741.51904296875,54.08222961425781,17940.0,4054.967041015625,1447.596435546875,2917.791748046875,866.9666137695312,34.4300651550293,4136.10986328125,2818.94775390625,282.4921569824219,4.6846208572387695,83.57022094726562,295.7621765136719,243.44281005859375,78.46783447265625,567.2000122070312,11599.404296875,11738.890625,51.599998474121094,477.77606201171875,,383.66046142578125,137.8351593017578,88.70999908447266,90.91371154785156,523.6975708007812,12884.193359375,264.1000061035156,373.3999938964844,269.29998779296875,1097.5,838.0052490234375,4122.77978515625,4495.86474609375,5132.65185546875,2378.447998046875,253.15206909179688,851.5647583007812,92.80000305175781,265.6499938964844,292.7702331542969,348.45391845703125,83.23462677001953,2445.797607421875,216.3994140625,216.7176055908203,,1158.0479736328125,232.90908813476562,386.75848388671875,48.63618087768555,,55.216094970703125,5036.9306640625,77.46356201171875,268.20001220703125,95.44000244140625,2375.83203125,582.0
2025-05-28,2142.677001953125,553.31787109375,3334.911376953125,218.5,162.33999633789062,70.55999755859375,348.20001220703125,657.0092163085938,302.07025146484375,899.8635864257812,10384.212890625,1910.862060546875,53.439998626708984,323.88604736328125,,79.73999786376953,74.05109405517578,358.1016845703125,174.62939453125,,2655.458984375,41.06999969482422,,233.16542053222656,2005.458740234375,4689.4453125,32.32194519042969,7.586127281188965,12.392383575439453,278.3777770996094,,3698.524658203125,53.66329574584961,18180.0,4002.4189453125,1446.096923828125,2901.792724609375,864.9676513671875,34.1770133972168,4064.12548828125,2785.9599609375,280.5511779785156,4.682687282562256,83.2502670288086,285.2635192871094,242.54302978515625,76.60812377929688,561.2000122070312,11409.4140625,11544.6181640625,53.0,479.5110778808594,,381.06072998046875,137.3380889892578,87.51000213623047,89.99176788330078,519.5,12789.236328125,260.20001220703125,366.45001220703125,268.29998779296875,1093.5,833.0064086914062,4067.782470703125,4448.39306640625,5124.3232421875,2375.455078125,252.47286987304688,857.7645263671875,92.62000274658203,263.29998779296875,283.7772521972656,344.8554382324219,82.57999420166016,2444.297607421875,212.97227478027344,214.38418579101562,,1139.55517578125,233.1818084716797,385.358642578125,48.73054885864258,,55.66564178466797,5004.85498046875,77.02377319335938,267.20001220703125,96.54000091552734,2379.831787109375,576.5999755859375
2025-05-29,2162.78466796875,,3350.906005859375,220.10000610351562,162.55999755859375,,347.70001220703125,661.6822509765625,,798.4788818359375,10396.2109375,1882.3641357421875,,325.9856262207031,,78.4800033569336,74.29283905029297,357.8517761230469,173.8797149658203,,2649.460205078125,41.459999084472656,,,2015.4560546875,4691.62744140625,32.031368255615234,7.577630043029785,12.359883308410645,,,3682.526611328125,53.63405990600586,18315.0,,1455.5943603515625,2903.79248046875,870.964599609375,34.4300651550293,4055.127685546875,2786.959716796875,,4.690422058105469,82.85031127929688,279.1643371582031,246.74205017089844,77.2080307006836,,11364.416015625,,52.779998779296875,477.1316223144531,,373.58697509765625,,,,522.6981201171875,12789.236328125,261.29998779296875,366.1000061035156,,,845.8034057617188,3989.78662109375,4458.38671875,5149.31005859375,2377.450439453125,,850.9647827148438,91.97000122070312,262.45001220703125,282.3783874511719,350.0532531738281,,2440.799072265625,208.17428588867188,,,1159.047607421875,,382.4589538574219,48.51350402832031,,55.177001953125,5001.6484375,76.82386779785156,,95.81999969482422,2407.829833984375,
2025-05-30,2162.78466796875,541.1328735351562,3348.90673828125,219.5,162.0800018310547,70.69999694824219,348.70001220703125,650.1488037109375,301.37603759765625,793.8795776367188,10718.1552734375,1901.36279296875,54.119998931884766,327.43536376953125,,78.0999984741211,74.59259796142578,359.6011047363281,179.3774871826172,,2604.469482421875,41.5099983215332,,,2016.455810546875,4685.6279296875,32.234771728515625,7.633334159851074,12.400031089782715,278.7751770019531,,3692.525390625,53.5366325378418,18745.0,4017.015625,1506.580078125,2905.79248046875,872.7637329101562,34.013275146484375,4071.1240234375,2808.951416015625,280.8995666503906,4.747468948364258,84.11016845703125,277.5645446777344,248.64158630371094,77.18802642822266,569.2000122070312,11274.4208984375,,52.59000015258789,474.15728759765625,,374.3869323730469,138.03399658203125,87.69999694824219,91.25337219238281,524.2971801757812,12859.2041015625,263.20001220703125,372.3999938964844,,1102.0,844.6036376953125,3993.786376953125,4399.42138671875,5238.8447265625,2422.345703125,257.6154479980469,866.1641845703125,87.5199966430664,265.8999938964844,285.1761779785156,355.2510681152344,82.57999420166016,2448.796875,207.3909454345703,213.6063690185547,,1157.548095703125,235.90908813476562,387.9583740234375,48.74941635131836,,55.27473449707031,5032.654296875,76.84385681152344,265.8999938964844,95.36000061035156,2425.82861328125,577.2000122070312
2025-06-02,2219.839111328125,537.936767578125,3372.89892578125,218.10000610351562,162.5800018310547,69.72000122070312,350.6000061035156,642.492919921875,296.21923828125,795.2794189453125,10572.181640625,1919.3614501953125,53.97999954223633,326.98541259765625,,76.19999694824219,74.17680358886719,362.9496765136719,178.92767333984375,,2590.47216796875,41.88999938964844,,241.05831909179688,1987.463623046875,4611.6337890625,32.02168273925781,7.6248369216918945,12.589300155639648,275.1985778808594,,3675.527587890625,53.43920135498047,18210.0,4042.316650390625,1516.577392578125,2911.7919921875,875.4623413085938,33.57167434692383,4061.126220703125,2845.937744140625,278.1622314453125,4.738767147064209,82.55034637451172,279.3642883300781,254.0403289794922,77.7879409790039,568.5999755859375,11309.4189453125,11700.0361328125,51.18000030517578,473.1163024902344,,380.2867126464844,138.8789825439453,87.01000213623047,92.27236938476562,527.29541015625,12964.1572265625,253.10000610351562,371.04998779296875,263.29998779296875,1076.5,845.0036010742188,4003.785888671875,4375.93505859375,5186.78955078125,2389.422607421875,256.8392333984375,868.7640380859375,85.91000366210938,264.29998779296875,286.375244140625,361.0486755371094,82.09864807128906,2467.791015625,209.20242309570312,210.5923614501953,,1140.5548095703125,237.90908813476562,390.55810546875,49.711952209472656,,55.392005920410156,4972.77978515625,76.74390411376953,258.6000061035156,93.5,2407.829833984375,579.4000244140625
2025-06-03,2179.842041015625,544.7284545898438,3332.912109375,216.3000030517578,166.44000244140625,70.23999786376953,350.79998779296875,649.3533325195312,296.8142395019531,800.0787353515625,10636.169921875,1956.8587646484375,53.20000076293945,329.18499755859375,,77.62000274658203,74.66996002197266,365.24871826171875,176.42868041992188,,2579.474609375,42.130001068115234,,237.34400939941406,1989.962890625,4619.63330078125,32.312259674072266,7.616339683532715,12.715479850769043,273.90704345703125,,3671.528076171875,53.64380645751953,18280.0,4035.5048828125,1484.586181640625,2905.79248046875,875.3623657226562,34.097625732421875,4076.123046875,2827.9443359375,278.1124572753906,4.729581832885742,80.87053680419922,282.9638366699219,253.64041137695312,77.02806091308594,564.4000244140625,11244.421875,11389.2001953125,51.790000915527344,469.5470886230469,,374.5869445800781,138.33221435546875,86.77999877929688,92.48587799072266,532.492431640625,12904.18359375,243.5,374.70001220703125,260.20001220703125,1084.0,855.6011352539062,3989.78662109375,4334.95947265625,5220.10498046875,2376.452880859375,255.9659423828125,894.1630249023438,86.7699966430664,269.54998779296875,286.9747619628906,364.6471252441406,81.96387481689453,2509.279296875,209.59410095214844,211.66183471679688,,1145.052978515625,236.09091186523438,389.9581604003906,50.04222869873047,,55.93928146362305,4952.4658203125,76.3440933227539,259.3999938964844,94.0999984741211,2405.829833984375,578.2000122070312
2025-06-04,2233.338134765625,551.5200805664062,3322.915283203125,214.10000610351562,170.17999267578125,70.31999969482422,352.8999938964844,648.6574096679688,302.6652526855469,795.8792724609375,10764.1484375,1962.3583984375,52.5,325.88568115234375,,77.23999786376953,74.10911560058594,358.40155029296875,176.8784942626953,,2578.474853515625,42.349998474121094,,238.64401245117188,2038.4498291015625,4645.63134765625,32.62221145629883,7.6257805824279785,12.596946716308594,275.89404296875,,3721.521728515625,53.95557403564453,18070.0,4110.4345703125,1493.583740234375,2941.7900390625,872.1639404296875,35.53158950805664,4166.103515625,2841.939208984375,281.69586181640625,4.707343101501465,80.73056030273438,280.8641052246094,254.54022216796875,76.56813049316406,562.0,11309.4189453125,11627.18359375,51.540000915527344,472.57098388671875,,366.6872253417969,138.7795867919922,87.12999725341797,93.20401763916016,529.4942016601562,12884.193359375,251.89999389648438,384.8500061035156,266.79998779296875,1086.0,856.8008422851562,4010.78564453125,4338.45703125,5240.9267578125,2376.452880859375,259.2649841308594,891.1631469726562,87.12000274658203,271.29998779296875,283.9771423339844,365.24688720703125,82.13716125488281,2479.287841796875,213.51083374023438,212.6341094970703,,1144.55322265625,232.72726440429688,388.5583190917969,49.325050354003906,,55.264957427978516,4963.15771484375,75.84432220458984,260.79998779296875,93.4000015258789,2425.82861328125,581.5999755859375
2025-06-05,2293.333740234375,549.9219970703125,3354.90478515625,214.10000610351562,165.5,71.76000213623047,353.8999938964844,655.2195434570312,308.8137512207031,789.6802368164062,10698.1591796875,1981.85693359375,52.439998626708984,326.98541259765625,,77.23999786376953,74.94071197509766,357.7518615722656,179.2275390625,,2597.470703125,42.5,,,1952.972900390625,4647.630859375,32.91278839111328,7.5653557777404785,12.625624656677246,278.7751770019531,,3809.51025390625,53.99454116821289,17975.0,4094.86474609375,1511.5787353515625,2955.788818359375,872.963623046875,35.45219802856445,4149.107421875,2899.917724609375,282.7409973144531,4.784211158752441,80.6105728149414,277.9644775390625,257.83941650390625,76.6681137084961,561.5999755859375,11289.419921875,,51.560001373291016,466.0770568847656,,363.08734130859375,138.48133850097656,87.12999725341797,93.81541442871094,521.69873046875,12929.173828125,253.8000030517578,382.25,,1080.0,868.1982421875,3978.787353515625,4388.427734375,5320.05126953125,2334.550537109375,259.7501525878906,876.36376953125,87.48999786376953,270.95001220703125,274.0785217285156,369.2452087402344,81.59805297851562,2478.288330078125,214.68585205078125,212.73133850097656,,1152.05029296875,229.99998474121094,387.2584228515625,48.94758605957031,,56.49633026123047,4961.0185546875,73.484375,263.1000061035156,93.23999786376953,2445.8271484375,580.7999877929688
2025-06-06,2216.83935546875,,3332.912109375,211.39999389648438,165.33999633789062,72.0199966430664,355.29998779296875,663.7701416015625,,789.8801879882812,10780.1455078125,1930.360595703125,52.7599983215332,333.1342468261719,,76.68000030517578,75.55957794189453,361.30035400390625,177.92808532714844,,2595.471435546875,42.709999084472656,,241.61546325683594,1932.4783935546875,4637.6318359375,32.76750183105469,7.581406116485596,12.761363983154297,,,3770.515380859375,54.19914627075195,18435.0,4061.77880859375,1512.5784912109375,2977.787353515625,881.2594604492188,35.6258659362793,4264.08251953125,2874.9267578125,,4.853827953338623,80.55058288574219,276.2646789550781,256.03985595703125,76.90807342529297,573.4000244140625,11389.4150390625,11986.5869140625,51.349998474121094,467.2171936035156,,366.6872253417969,,86.69999694824219,94.21331024169922,527.8951416015625,12904.18359375,256.6000061035156,381.3500061035156,267.29998779296875,1080.0,876.7962036132812,3974.787353515625,4352.94873046875,5317.96875,2314.59716796875,260.23529052734375,884.96337890625,88.41000366210938,272.3500061035156,278.4765625,369.0453186035156,81.84834289550781,2506.780029296875,214.24522399902344,213.21746826171875,,1185.537109375,,390.55810546875,49.353363037109375,,56.877464294433594,4963.15771484375,73.4643783569336,,91.63999938964844,2433.827880859375,581.2000122070312
2025-06-09,2195.8408203125,553.31787109375,3298.923095703125,211.39999389648438,165.5,,355.29998779296875,676.198486328125,305.0453186035156,792.2799072265625,10770.1474609375,1922.3612060546875,,332.3843994140625,,76.68000030517578,75.89801788330078,362.0500793457031,175.87889099121094,,2576.47509765625,42.38999938964844,,,1972.967529296875,4651.630859375,32.76750183105469,7.496434211730957,12.761363983154297,282.6498107910156,,3738.51953125,54.12119674682617,19300.0,,1508.57958984375,3011.784912109375,885.7572021484375,35.6258659362793,4333.06787109375,2857.933349609375,283.1889343261719,4.845126152038574,82.59033966064453,274.36492919921875,257.23956298828125,76.96807098388672,,11219.423828125,,51.349998474121094,467.5146179199219,,359.7874450683594,138.68016052246094,,,526.2960205078125,12834.2158203125,255.0,378.8999938964844,,,879.7954711914062,3920.790283203125,4359.44482421875,5324.21533203125,2319.58544921875,,888.1632690429688,87.47000122070312,272.3500061035156,279.0762939453125,368.8453674316406,,2504.28076171875,214.24522399902344,,,1181.5386962890625,228.99998474121094,384.5587463378906,49.38167190551758,,56.96541976928711,4939.63525390625,73.08445739746094,264.5,91.55999755859375,2455.826416015625,
2025-06-10,2195.3408203125,556.9133911132812,3290.92578125,212.89999389648438,163.9199981689453,73.0199966430664,347.6000061035156,680.5732421875,307.9212341308594,807.87744140625,10870.1298828125,1871.8648681640625,52.779998779296875,323.2861633300781,,77.83999633789062,73.77066802978516,373.6452331542969,176.228759765625,,2607.468994140625,42.20000076293945,,239.201171875,1996.461181640625,4661.6298828125,31.808591842651367,7.512484073638916,13.06916618347168,286.0276794433594,,3774.514892578125,54.04325866699219,19465.0,4075.402587890625,1508.0797119140625,3001.78564453125,874.7626953125,36.702579498291016,4252.0849609375,2867.9296875,284.0350341796875,4.718945503234863,81.930419921875,273.36505126953125,257.5395202636719,75.66826629638672,576.5999755859375,11199.4248046875,11753.4609375,52.119998931884766,470.7864074707031,,373.386962890625,137.48721313476562,86.06999969482422,94.6888427734375,513.50341796875,12489.37109375,266.29998779296875,382.29998779296875,278.0,1082.0,875.596435546875,3909.791015625,4373.9365234375,5347.11962890625,2341.5341796875,261.7877502441406,879.963623046875,87.58999633789062,265.70001220703125,282.47479248046875,369.8449401855469,81.67506408691406,2594.754638671875,214.49002075195312,215.3564453125,,1147.552001953125,228.27272033691406,385.4586486816406,50.57068634033203,,55.48973083496094,4978.12548828125,72.80451965332031,269.6000061035156,92.62000274658203,2487.82421875,574.0
2025-06-11,2142.8447265625,552.5188598632812,3322.915283203125,209.8000030517578,163.6199951171875,73.4800033569336,346.0,686.2406005859375,306.4336853027344,810.8770141601562,10904.1240234375,1866.365234375,53.70000076293945,322.9362487792969,,77.13999938964844,73.7029800415039,373.4453430175781,180.72694396972656,,2615.467041015625,42.099998474121094,,241.52259826660156,1967.468994140625,4717.62548828125,31.266178131103516,7.526647090911865,13.048134803771973,286.4250793457031,,3781.513916015625,53.867889404296875,19990.0,4061.77880859375,1522.57568359375,3019.784423828125,873.5632934570312,36.15678024291992,4237.08837890625,2873.92724609375,282.5917053222656,4.7276482582092285,80.31060791015625,272.9651184082031,255.63995361328125,76.04820251464844,577.0,11204.423828125,11787.4580078125,52.029998779296875,466.57275390625,,367.3871765136719,137.0398712158203,85.16000366210938,94.13567352294922,514.1030883789062,12539.3486328125,263.0,378.29998779296875,280.20001220703125,1072.0,898.5911254882812,3913.790771484375,4348.451171875,5361.69580078125,2354.50390625,261.8847961425781,893.3630981445312,86.70999908447266,263.1499938964844,282.2748718261719,368.24560546875,81.40550994873047,2580.7587890625,215.12648010253906,213.89805603027344,,1161.0467529296875,226.99998474121094,385.2586364746094,50.53293228149414,,55.724281311035156,4957.81201171875,72.34461975097656,265.8999938964844,91.66000366210938,2523.821533203125,573.2000122070312
2025-06-12,2133.345458984375,554.316650390625,3298.923095703125,205.6999969482422,162.8000030517578,72.5999984741211,343.1000061035156,672.7185668945312,302.56610107421875,818.475830078125,11028.1025390625,1884.8638916015625,53.52000045776367,323.88604736328125,,76.76000213623047,73.95439910888672,380.54241943359375,185.37506103515625,,2579.474609375,41.880001068115234,,241.15118408203125,1969.96826171875,4705.62646484375,30.09418296813965,7.576685428619385,13.246964454650879,279.5699462890625,,3768.515625,53.52688980102539,19770.0,4058.859619140625,1549.068115234375,3119.77734375,875.0625610351562,35.29342269897461,4187.09912109375,2890.9208984375,277.4654541015625,4.699124336242676,77.29740905761719,276.964599609375,253.2405242919922,76.80809020996094,583.4000244140625,11084.4306640625,11782.6015625,51.65999984741211,464.8377380371094,,370.78704833984375,137.28839111328125,85.44000244140625,95.174072265625,516.9014892578125,12619.3115234375,263.5,375.75,277.0,1050.5,892.79248046875,3914.790771484375,4299.9794921875,5374.18896484375,2329.562255859375,264.5046081542969,887.3633422851562,87.68000030517578,261.1499938964844,283.6742248535156,368.24560546875,82.19491577148438,2613.7490234375,212.82540893554688,211.27294921875,,1156.0487060546875,227.36363220214844,391.5579833984375,51.6558952331543,,55.68518829345703,4974.91845703125,73.3843994140625,265.8999938964844,90.87999725341797,2501.8232421875,564.0
2025-06-13,2113.346923828125,556.9133911132812,3298.923095703125,200.0,161.5800018310547,70.9000015258789,341.6000061035156,660.7874145507812,299.88848876953125,815.67626953125,10984.1103515625,1938.8599853515625,52.439998626708984,319.2369689941406,,75.30000305175781,72.79402160644531,386.1900634765625,183.9756317138672,,2553.479736328125,41.619998931884766,,237.71543884277344,1949.473876953125,4659.6298828125,29.764860153198242,7.536087512969971,13.384614944458008,273.4102783203125,,3747.518310546875,52.88386535644531,19695.0,4013.123291015625,1511.078857421875,3111.77783203125,866.0670166015625,35.14952850341797,4122.11279296875,2907.914794921875,273.6331787109375,4.660931587219238,76.07744598388672,273.9649963378906,252.84060668945312,76.4881362915039,568.7999877929688,11044.4326171875,12268.28125,50.81999969482422,457.45147705078125,,374.28692626953125,135.2504425048828,84.25,94.29095458984375,513.1036376953125,12764.2470703125,255.0,371.04998779296875,273.5,1014.5,887.3937377929688,3894.791748046875,4285.98779296875,5305.4755859375,2289.6552734375,261.69073486328125,869.9639892578125,86.80000305175781,254.75,286.67291259765625,355.65087890625,81.46327209472656,2630.244384765625,210.47535705566406,203.20315551757812,,1145.052978515625,224.54544067382812,398.15728759765625,51.71250915527344,,54.87405014038086,4955.6728515625,73.684326171875,264.6000061035156,88.83999633789062,2515.822021484375,561.2000122070312
2025-06-16,2128.845703125,567.8998413085938,3334.911376953125,201.3000030517578,162.02000427246094,69.80000305175781,343.8999938964844,666.2557983398438,302.16943359375,812.0768432617188,10816.138671875,1927.86083984375,52.7599983215332,325.5357360839844,,74.05999755859375,74.94071197509766,382.54156494140625,184.9252471923828,,2552.480224609375,42.0,,241.52259826660156,1905.4857177734375,4715.62548828125,30.249156951904297,7.538920879364014,13.376968383789062,280.1660461425781,,3817.509521484375,53.29334259033203,20030.0,3989.7685546875,1485.0860595703125,3151.77490234375,875.1624755859375,35.25373077392578,4117.1142578125,2935.904296875,276.4202880859375,4.770674705505371,75.49746704101562,275.36480712890625,256.33978271484375,77.14804077148438,567.0,11109.4287109375,11991.4443359375,50.41999816894531,463.3505859375,,374.5869445800781,137.2386932373047,83.05000305175781,93.52427673339844,523.097900390625,12584.328125,253.10000610351562,370.20001220703125,281.5,1015.5,903.9898681640625,3946.7890625,4300.4794921875,5295.06396484375,2300.629638671875,255.09266662597656,885.3634033203125,85.87999725341797,257.45001220703125,285.47344970703125,361.0486755371094,81.67506408691406,2624.74609375,211.50350952148438,208.06446838378906,,1179.53955078125,226.36363220214844,394.0577087402344,51.44828796386719,,56.76019287109375,4952.4658203125,75.62391662597656,262.8999938964844,89.30000305175781,2535.82080078125,562.7999877929688
2025-06-17,2116.3466796875,556.3141479492188,3326.9140625,197.5500030517578,160.74000549316406,70.05999755859375,338.79998779296875,662.1793212890625,296.715087890625,801.87841796875,10660.166015625,1930.860595703125,52.20000076293945,321.68646240234375,,73.44000244140625,73.46124267578125,388.8889465332031,188.1239471435547,,2545.481689453125,41.630001068115234,,237.62257385253906,1912.4837646484375,4749.623046875,29.609886169433594,7.522870063781738,13.52800178527832,274.50311279296875,,3810.51025390625,52.79280090332031,19875.0,3995.607177734375,1479.587646484375,3129.776611328125,862.9686279296875,34.668235778808594,4090.119873046875,2925.907958984375,273.3345642089844,4.642077445983887,74.5574951171875,272.5651550292969,253.2405242919922,75.72825622558594,559.7999877929688,10904.439453125,11738.890625,49.525001525878906,456.7574768066406,,371.3870544433594,135.4989776611328,82.77999877929688,92.7479019165039,517.7010498046875,12474.3779296875,244.5,369.0,276.20001220703125,1014.5,897.7913208007812,3905.791259765625,4250.0087890625,5326.2978515625,2288.65771484375,253.83128356933594,890.5631103515625,84.8499984741211,256.04998779296875,285.8732604980469,363.4476623535156,81.61730194091797,2662.2353515625,209.54513549804688,209.62010192871094,,1155.548828125,223.99998474121094,396.1575012207031,52.38250732421875,,54.70791244506836,4937.49658203125,74.924072265625,260.70001220703125,88.45999908447266,2529.821044921875,557.4000244140625
2025-06-18,2089.848388671875,557.1131591796875,3370.899658203125,197.4499969482422,162.97999572753906,69.5,337.70001220703125,661.18505859375,295.3266906738281,808.2774658203125,10546.185546875,1931.860595703125,51.720001220703125,325.0858154296875,,72.54000091552734,74.04142761230469,386.34002685546875,189.27349853515625,,2496.491455078125,41.7599983215332,,237.71543884277344,1898.487548828125,4803.61865234375,29.387109756469727,7.514372825622559,13.549030303955078,274.9998474121094,,3827.508056640625,52.58669662475586,20230.0,3993.660888671875,1449.0960693359375,3121.777099609375,874.262939453125,33.938846588134766,4140.109375,2965.892822265625,274.5788269042969,4.662382125854492,75.13748168945312,273.9649963378906,253.44046020507812,76.58811950683594,559.5999755859375,10884.4404296875,11782.6015625,48.94499969482422,460.07879638671875,,366.4872131347656,136.69192504882812,83.2699966430664,92.16561889648438,521.2988891601562,12569.3349609375,239.1999969482422,370.0,271.6000061035156,1014.5,890.193115234375,3900.79150390625,4238.01611328125,5372.1064453125,2275.68798828125,251.40553283691406,890.963134765625,82.80999755859375,252.9499969482422,286.8728332519531,363.0478210449219,80.6353530883789,2666.234130859375,206.65655517578125,209.81454467773438,,1162.546142578125,225.1818084716797,400.7569885253906,51.52377700805664,,55.20632553100586,4937.49658203125,75.2239990234375,258.1000061035156,87.69999694824219,2509.822509765625,554.5999755859375
2025-06-19,2018.853759765625,553.7174072265625,3398.890380859375,193.3000030517578,161.75999450683594,69.23999786376953,333.3999938964844,649.3533325195312,291.7566223144531,807.277587890625,10550.1845703125,1919.8614501953125,51.439998626708984,319.6868896484375,,71.5,72.17515563964844,392.7873840332031,191.07275390625,,2469.662109375,41.58000183105469,,236.32257080078125,1894.4886474609375,4783.6201171875,29.454910278320312,7.505875587463379,13.62741470336914,272.615478515625,,3766.826171875,51.95855712890625,19745.0,3926.51611328125,1434.6002197265625,3125.77685546875,863.9681396484375,33.78998947143555,4039.545654296875,2968.891845703125,273.832275390625,4.592765808105469,73.65753173828125,271.5653076171875,253.0405731201172,75.46829986572266,558.0,10849.4423828125,11602.8994140625,48.459999084472656,448.6772155761719,,366.187255859375,135.54867553710938,82.5,92.39852905273438,511.7044677734375,12394.4140625,232.5,363.6000061035156,274.70001220703125,990.2000122070312,881.9949951171875,3907.791015625,4135.076171875,5317.96875,2220.816162109375,252.27879333496094,882.7634887695312,83.12000274658203,247.75,286.8728332519531,358.84954833984375,80.86640167236328,2697.225341796875,203.57211303710938,206.5088348388672,,1152.05029296875,223.90908813476562,402.1568603515625,52.62614822387695,,54.092227935791016,4893.66015625,75.98384094238281,257.3999938964844,86.54000091552734,2465.82568359375,552.2000122070312
2025-06-20,2011.8541259765625,,3428.880615234375,195.39999389648438,167.5,70.18000030517578,340.20001220703125,646.6688842773438,,806.8776245117188,10390.212890625,1897.863037109375,51.86000061035156,323.93603515625,,72.0,71.84638977050781,384.540771484375,192.32225036621094,,2484.66015625,42.599998474121094,,236.41543579101562,1880.492431640625,4781.6201171875,29.542085647583008,7.546473503112793,13.675210952758789,,,3767.826171875,52.341331481933594,19985.0,3892.45703125,1402.1092529296875,3117.77734375,866.4668579101562,33.95869445800781,4044.544921875,2951.898193359375,,4.652713298797607,72.91754913330078,274.2649230957031,254.4402313232422,75.54828643798828,560.2000122070312,10834.443359375,11447.482421875,48.630001068115234,446.0994873046875,,361.88739013671875,,81.54000091552734,92.08797454833984,506.3075866699219,12369.4248046875,232.8000030517578,364.95001220703125,272.79998779296875,989.5999755859375,893.9922485351562,3898.79150390625,4146.0703125,5320.05126953125,2251.743896484375,251.59957885742188,887.7632446289062,83.22000122070312,251.14999389648438,286.2731018066406,364.2472839355469,77.9205551147461,2682.2294921875,204.94297790527344,205.63380432128906,,1178.0401611328125,,401.9568786621094,52.396087646484375,,54.52223205566406,4878.69140625,76.563720703125,,87.30000305175781,2443.8271484375,555.4000244140625
2025-06-23,2016.853759765625,546.3264770507812,3362.902099609375,196.9499969482422,167.0,69.26000213623047,336.20001220703125,664.8638305664062,289.07904052734375,812.0768432617188,10418.2080078125,1879.8642578125,51.279998779296875,318.58709716796875,,72.22000122070312,70.66667938232422,386.2400207519531,191.422607421875,,2511.656494140625,41.72999954223633,,233.35113525390625,1848.001220703125,4787.61962890625,30.016695022583008,7.634278297424316,13.59682559967041,275.1985778808594,,3827.823486328125,52.19411087036133,19955.0,3884.672119140625,1402.609130859375,3143.775390625,859.8701171875,34.33578872680664,4021.547607421875,2932.9052734375,271.3437805175781,4.597116470336914,71.81758880615234,271.5653076171875,252.04080200195312,74.8683853149414,561.0,10759.447265625,11583.47265625,48.459999084472656,445.95074462890625,,353.9876708984375,134.3060302734375,81.44000244140625,92.27236938476562,494.0146789550781,12329.443359375,230.10000610351562,359.0,274.70001220703125,985.4000244140625,894.9920043945312,3927.7900390625,4182.54833984375,5257.58447265625,2258.7275390625,252.76394653320312,886.5632934570312,83.06999969482422,249.9499969482422,287.27264404296875,360.44891357421875,78.61369323730469,2683.229248046875,204.45339965820312,206.31439208984375,,1162.04638671875,222.0908966064453,401.0569763183594,52.03182601928711,,53.759952545166016,4894.72900390625,75.76388549804688,256.79998779296875,87.04000091552734,2439.827392578125,552.4000244140625
2025-06-24,2054.85107421875,546.9257202148438,3314.91796875,199.1999969482422,170.60000610351562,69.76000213623047,340.70001220703125,687.4337158203125,291.7566223144531,807.4775390625,10330.22265625,1800.8699951171875,52.20000076293945,333.4341735839844,,73.16000366210938,72.89071655273438,367.7976989746094,191.82244873046875,,2476.6611328125,41.880001068115234,,239.29403686523438,1858.4984130859375,4867.61328125,30.704397201538086,7.668266773223877,13.250788688659668,288.312744140625,,3816.823974609375,52.94983673095703,20280.0,3882.725830078125,1409.607177734375,3161.774169921875,885.9570922851562,35.32319641113281,4029.546630859375,2887.922119140625,275.1760559082031,4.705409049987793,76.67742919921875,275.86474609375,253.5404510498047,76.64811706542969,570.0,10649.453125,11374.6298828125,49.3650016784668,449.66864013671875,,355.28759765625,137.28839111328125,81.9800033569336,92.60232543945312,509.5057373046875,12309.4521484375,239.8000030517578,363.54998779296875,283.0,1000.5,909.5885620117188,3906.791015625,4191.04345703125,5259.66650390625,2270.69970703125,254.31643676757812,909.1624145507812,83.66000366210938,254.9499969482422,289.8714904785156,366.84619140625,79.28758239746094,2583.7578125,210.03472900390625,213.9952850341797,,1190.035400390625,227.45452880859375,402.4568176269531,50.3255500793457,,55.90018844604492,4886.17626953125,76.58370971679688,261.6000061035156,90.13999938964844,2453.826416015625,554.4000244140625
2025-06-25,2005.3546142578125,539.934326171875,3316.917236328125,197.10000610351562,171.5399932861328,70.41999816894531,339.8999938964844,690.515869140625,290.4674072265625,807.277587890625,10246.2373046875,1818.86865234375,52.31999969482422,331.78448486328125,,72.91999816894531,72.72633361816406,364.2491455078125,190.87283325195312,,2461.663330078125,41.7599983215332,,239.47972106933594,1827.5067138671875,4885.6123046875,29.78423309326172,7.586127281188965,13.134166717529297,291.5912780761719,,3833.8232421875,52.46891784667969,19755.0,3808.769287109375,1394.1114501953125,3201.771484375,889.5553588867188,34.68312072753906,3948.555908203125,2828.944091796875,275.97235107421875,4.672050952911377,78.41736602783203,277.1645812988281,252.74063110351562,76.00820922851562,565.7999877929688,10699.4501953125,11340.6328125,48.86000061035156,440.9935302734375,,352.6877136230469,136.84103393554688,79.7300033569336,92.19473266601562,504.3087463378906,12374.4228515625,233.1999969482422,356.1000061035156,282.70001220703125,1001.5,917.9866333007812,3903.791259765625,4121.583984375,5236.76318359375,2260.722900390625,251.6966094970703,916.7620849609375,82.26000213623047,252.5,287.07275390625,364.0473937988281,77.32368469238281,2562.763916015625,209.15347290039062,209.81454467773438,,1188.5360107421875,225.27272033691406,402.0568542480469,50.114662170410156,,55.03041458129883,4813.47119140625,76.42375183105469,258.3999938964844,89.26000213623047,2467.825439453125,555.0
2025-06-26,2143.3447265625,544.129150390625,3288.92626953125,192.1999969482422,176.10000610351562,70.0199966430664,340.29998779296875,673.5140380859375,288.58319091796875,810.8770141601562,10142.2548828125,1887.36376953125,53.040000915527344,331.1346435546875,,72.95999908447266,72.78434753417969,368.9971923828125,192.47219848632812,,2452.66455078125,41.59000015258789,,236.69400024414062,1829.00634765625,4875.61279296875,29.774547576904297,7.609731197357178,13.105489730834961,307.0898132324219,,3778.82568359375,52.42966079711914,19620.0,3774.710205078125,1394.611328125,3247.76806640625,875.0625610351562,35.174339294433594,4137.53466796875,2842.938720703125,273.782470703125,4.651263236999512,81.69725799560547,284.5636291503906,252.94058227539062,75.74826049804688,563.2000122070312,10654.4521484375,11394.0576171875,48.154998779296875,433.8055725097656,,355.9875793457031,137.3380889892578,78.98999786376953,93.18460845947266,499.9112854003906,12404.4091796875,229.3000030517578,349.75,286.0,1009.5,926.9845581054688,3874.792724609375,4265.0,5165.96728515625,2228.79736328125,254.31643676757812,933.7613525390625,82.30000305175781,251.64999389648438,287.27264404296875,365.6466979980469,77.26592254638672,2575.76025390625,210.37745666503906,209.52285766601562,,1185.537109375,224.54544067382812,402.8567810058594,50.33513641357422,,54.88382339477539,4691.583984375,77.62348937988281,258.20001220703125,87.91999816894531,2477.82470703125,553.5999755859375
2025-06-27,2150.843994140625,566.10205078125,3256.936767578125,199.60000610351562,178.1999969482422,70.36000061035156,343.79998779296875,678.584716796875,296.4175720214844,821.0755004882812,10222.2421875,1861.8656005859375,53.81999969482422,338.483154296875,,76.83999633789062,74.36052703857422,370.2466735839844,193.82164001464844,,2499.657958984375,41.959999084472656,,240.9654541015625,1834.0050048828125,4955.6064453125,30.152297973632812,7.614450931549072,13.220198631286621,316.4286804199219,,3856.822021484375,53.2442741394043,20300.0,3801.957275390625,1405.1083984375,3215.770263671875,883.858154296875,35.387699127197266,4160.5322265625,2822.9462890625,280.8995666503906,4.716528415679932,87.87704467773438,288.6631164550781,254.4402313232422,76.60812377929688,566.5999755859375,10699.4501953125,11768.03125,50.4900016784668,445.45501708984375,,357.0875549316406,140.4198760986328,79.29000091552734,93.33988952636719,509.905517578125,12444.3916015625,229.39999389648438,355.1499938964844,282.5,1030.0,920.5859985351562,3938.789306640625,4278.99169921875,5146.1865234375,2269.701904296875,253.83128356933594,954.1605224609375,82.48999786376953,258.0,286.8728332519531,366.84619140625,78.24787139892578,2586.257080078125,218.1129913330078,213.8008270263672,,1218.5242919921875,228.72726440429688,400.85699462890625,50.344722747802734,,55.23564147949219,4738.6279296875,77.52351379394531,269.1000061035156,91.33999633789062,2515.822021484375,555.2000122070312
2025-06-30,2149.843994140625,565.3031005859375,3268.932861328125,197.9499969482422,177.25999450683594,70.19999694824219,344.1000061035156,673.7128295898438,292.7483215332031,824.2750244140625,10118.2587890625,1886.36376953125,53.63999938964844,337.2334289550781,,75.45999908447266,73.7996826171875,365.54864501953125,193.6717071533203,,2466.66259765625,41.66999816894531,,239.8511505126953,1827.5067138671875,4887.61181640625,29.99732208251953,7.605954170227051,13.15328598022461,313.8455810546875,,3751.826904296875,53.028350830078125,20640.0,3737.73193359375,1389.6126708984375,3199.771484375,881.359375,35.83922576904297,4119.53662109375,2875.926513671875,278.4608459472656,4.729581832885742,88.73702239990234,290.7628173828125,254.54022216796875,76.68810272216797,565.0,10634.453125,11437.7685546875,49.689998626708984,440.7952575683594,,354.38763427734375,139.9725341796875,78.83000183105469,93.3301773071289,511.1048278808594,12434.3955078125,226.89999389648438,363.1000061035156,272.0,1035.0,912.387939453125,3936.78955078125,4242.513671875,5158.6796875,2293.64599609375,250.72630310058594,967.5599365234375,82.20999908447266,258.1499938964844,289.67156982421875,361.24853515625,77.49696350097656,2552.7666015625,213.11915588378906,209.42562866210938,,1206.529052734375,227.72726440429688,401.2569274902344,49.942115783691406,,55.61677932739258,4731.14404296875,77.76345825195312,265.3999938964844,89.62000274658203,2489.823974609375,554.5999755859375
2025-07-01,2172.842529296875,558.7112426757812,3260.935546875,206.1999969482422,172.32000732421875,70.69999694824219,342.79998779296875,664.3667602539062,293.34332275390625,821.2754516601562,10400.2109375,1862.865478515625,53.36000061035156,329.6349182128906,,75.30000305175781,72.71665954589844,368.0975646972656,196.37060546875,,2526.654296875,41.060001373291016,,237.2511444091797,1895.98828125,4849.61474609375,30.123241424560547,7.781562805175781,13.181962966918945,310.26898193359375,,3747.8271484375,52.76335525512695,20600.0,3773.737060546875,1412.1065673828125,3195.771728515625,870.1649780273438,35.21403503417969,4100.53857421875,2860.931884765625,278.5105895996094,4.6846208572387695,91.29693603515625,291.9626770019531,255.04010009765625,76.34815979003906,564.0,10649.453125,11340.6328125,49.35499954223633,465.0360107421875,,356.2875671386719,138.33221435546875,79.1500015258789,95.00909423828125,501.110595703125,12534.3515625,240.3000030517578,372.8500061035156,281.29998779296875,1034.0,904.9896850585938,3922.790283203125,4261.50244140625,5205.529296875,2308.611083984375,252.95802307128906,939.5610961914062,83.06999969482422,255.60000610351562,286.4730224609375,364.0473937988281,77.61249542236328,2573.260986328125,211.16078186035156,208.1616973876953,,1181.5386962890625,226.72726440429688,405.9564514160156,50.1817626953125,,54.65904998779297,4789.94921875,79.6630630493164,266.0,89.26000213623047,2467.825439453125,554.2000122070312
2025-07-02,2263.3359375,565.70263671875,3306.92041015625,208.3000030517578,175.17999267578125,70.9000015258789,340.5,673.7128295898438,295.723388671875,810.677001953125,10388.212890625,1849.366455078125,54.08000183105469,325.6856994628906,,79.08000183105469,74.09944152832031,379.242919921875,192.77207946777344,,2513.656005859375,40.63999938964844,,237.9011688232422,1919.48193359375,4829.61669921875,30.09418296813965,7.741909503936768,13.359761238098145,313.7462463378906,,3772.825927734375,53.126502990722656,20540.0,3760.113525390625,1409.107177734375,3161.774169921875,884.8576049804688,35.92853927612305,4049.54443359375,2811.950439453125,280.3520812988281,4.726197719573975,89.99697875976562,287.0633239746094,247.64183044433594,73.52860260009766,558.7999877929688,10804.4453125,11758.3173828125,50.720001220703125,484.319580078125,,338.2881774902344,139.82339477539062,79.08000183105469,95.52344512939453,473.5264892578125,11984.5986328125,240.8000030517578,372.8500061035156,286.29998779296875,1034.0,906.1893920898438,3854.7939453125,4378.43359375,5193.0361328125,2315.5947265625,252.37582397460938,943.3610229492188,83.61000061035156,253.10000610351562,276.6773376464844,362.847900390625,79.26832580566406,2614.7490234375,214.93064880371094,209.03672790527344,,1193.0343017578125,228.0908966064453,395.7575378417969,51.169105529785156,,55.44086837768555,4796.3642578125,78.76325225830078,271.1000061035156,90.94000244140625,2475.824951171875,544.2000122070312
2025-07-03,2243.83740234375,570.4967041015625,3334.911376953125,207.5,176.75999450683594,69.73999786376953,343.8999938964844,673.2156982421875,295.5250549316406,819.4757080078125,10202.2451171875,1876.364501953125,53.91999816894531,332.2843933105469,,78.33999633789062,74.05109405517578,378.59320068359375,195.32102966308594,,2503.657470703125,41.400001525878906,,240.9654541015625,1911.484130859375,4877.61279296875,30.045753479003906,7.70414400100708,13.365496635437012,322.6877136230469,,3830.8232421875,53.381675720214844,20520.0,3769.8447265625,1393.611572265625,3171.7734375,884.35791015625,36.633113861083984,4077.541259765625,2847.93701171875,282.093994140625,4.755687713623047,91.25694274902344,291.4627380371094,250.74110412597656,75.86823272705078,556.7999877929688,10784.4462890625,11573.7587890625,50.59000015258789,481.7418212890625,,345.18798828125,141.9607696533203,79.58999633789062,93.94158172607422,488.7177429199219,12316.072265625,245.8000030517578,372.8500061035156,287.6000061035156,1044.0,913.3876953125,3899.79150390625,4293.4833984375,5286.73583984375,2345.52490234375,249.9500732421875,954.3605346679688,82.47000122070312,258.20001220703125,281.0754089355469,370.84454345703125,80.28878784179688,2619.74755859375,216.69317626953125,204.85598754882812,,1215.0257568359375,230.8181610107422,404.95654296875,51.15951919555664,,55.724281311035156,4798.5029296875,79.22315216064453,267.0,91.0999984741211,2523.821533203125,553.4000244140625
2025-07-04,2201.84033203125,562.706298828125,3346.907470703125,205.3000030517578,175.3800048828125,69.86000061035156,341.70001220703125,655.6171875,293.6408386230469,810.2771606445312,10334.22265625,1879.3643798828125,53.380001068115234,330.43475341796875,,77.83999633789062,72.40723419189453,379.0929870605469,196.62051391601562,,2496.658447265625,41.0,,239.01544189453125,1907.9849853515625,4841.61572265625,29.86172103881836,7.6899824142456055,13.30814266204834,318.1176452636719,,3820.82373046875,52.86150360107422,20170.0,3764.97900390625,1404.6083984375,3181.772705078125,885.4573364257812,36.51899337768555,4041.54541015625,2847.93701171875,280.0036926269531,4.706859588623047,90.03697967529297,286.5633850097656,249.44140625,75.34832000732422,560.2000122070312,10699.4501953125,11403.7705078125,50.08000183105469,473.2649841308594,,343.7879943847656,140.12164306640625,79.2699966430664,95.22260284423828,482.9211120605469,12201.109375,242.6999969482422,369.95001220703125,289.0,1032.5,901.9903564453125,3898.79150390625,4264.0009765625,5267.99609375,2336.5458984375,252.27879333496094,962.5601806640625,83.29000091552734,255.5,283.6742248535156,362.847900390625,80.26952362060547,2627.245361328125,211.50350952148438,202.71701049804688,,1206.529052734375,228.4545440673828,405.45648193359375,50.77608871459961,,55.167232513427734,4816.6787109375,81.60264587402344,262.3999938964844,90.0199966430664,2499.8232421875,551.5999755859375
2025-07-07,2197.8408203125,560.3092041015625,3348.90673828125,209.3000030517578,177.27999877929688,69.63999938964844,349.6000061035156,667.7471923828125,294.9300231933594,819.2757568359375,10216.2421875,1874.36474609375,54.08000183105469,334.2340087890625,,78.05999755859375,73.4322280883789,371.5960998535156,196.22068786621094,,2511.656494140625,41.529998779296875,,242.3583221435547,1899.9871826171875,4835.6162109375,30.02638053894043,7.633334159851074,13.2450532913208,322.78704833984375,,3864.82177734375,53.401309967041016,20790.0,3752.32861328125,1395.1112060546875,3215.770263671875,893.2534790039062,36.82166290283203,4175.5302734375,2848.936279296875,280.7004699707031,4.775025844573975,87.87704467773438,284.1636962890625,249.9412841796875,75.66826629638672,558.0,10799.4453125,11743.7470703125,49.900001525878906,471.2821044921875,,339.18817138671875,140.46958923339844,78.41999816894531,94.7276611328125,487.6183776855469,12151.1259765625,234.1999969482422,372.75,278.1000061035156,1042.5,900.3906860351562,3933.78955078125,4253.50732421875,5240.9267578125,2394.410888671875,249.4649200439453,969.7598876953125,82.44000244140625,261.1499938964844,284.87371826171875,368.04571533203125,79.99996948242188,2552.266845703125,213.80459594726562,202.2308807373047,,1219.024169921875,229.27272033691406,404.056640625,49.64495849609375,,56.04677963256836,4807.056640625,80.94278717041016,263.20001220703125,90.12000274658203,2523.821533203125,553.4000244140625
2025-07-08,2224.838623046875,564.1045532226562,3306.92041015625,209.0,178.9199981689453,69.19999694824219,350.70001220703125,675.00537109375,297.2109375,813.0767211914062,10338.220703125,1876.364501953125,54.7599983215332,334.5839538574219,,79.81999969482422,73.88671112060547,383.5411682128906,195.22108459472656,,2507.656982421875,41.45000076293945,,241.42974853515625,1938.9766845703125,4833.6162109375,30.055438995361328,7.585183143615723,13.493589401245117,323.1844482421875,,3902.81982421875,53.744815826416016,20960.0,3762.059814453125,1413.6060791015625,3193.77197265625,898.9506225585938,37.53120422363281,4199.52783203125,2844.93798828125,282.8405456542969,4.774542808532715,88.41703033447266,282.76385498046875,249.3414306640625,75.64827728271484,555.5999755859375,10869.44140625,12078.8662109375,50.88999938964844,478.5196228027344,,335.8882751464844,140.46958923339844,78.36000061035156,94.82470703125,490.61663818359375,12186.1142578125,233.39999389648438,374.0,277.79998779296875,1056.0,923.9852905273438,3948.788818359375,4308.974609375,5272.16064453125,2398.401611328125,250.04710388183594,966.3600463867188,83.33000183105469,264.1499938964844,282.2748718261719,377.2418518066406,79.845947265625,2603.25244140625,212.53164672851562,202.03643798828125,,1249.51220703125,228.6363525390625,400.05706787109375,50.65147018432617,,57.11201095581055,4795.294921875,80.4428939819336,267.29998779296875,91.26000213623047,2531.821044921875,550.7999877929688
2025-07-09,2169.842529296875,564.5040893554688,3278.9296875,212.3000030517578,182.36000061035156,68.62000274658203,356.20001220703125,675.900146484375,298.3017883300781,812.0768432617188,10360.2177734375,1876.364501953125,54.31999969482422,339.58294677734375,,82.0,76.26547241210938,384.3408508300781,196.92039489746094,,2509.65673828125,42.04999923706055,,244.21546936035156,1914.4832763671875,4855.6142578125,30.14261245727539,7.665434837341309,13.625502586364746,326.76104736328125,,3874.8212890625,54.44165802001953,20980.0,3728.973876953125,1424.6029052734375,3213.7705078125,905.647216796875,37.62051773071289,4175.5302734375,2866.9296875,284.8811340332031,4.900238990783691,88.99701690673828,283.66375732421875,250.841064453125,75.54828643798828,562.5999755859375,10839.443359375,12122.5771484375,52.2599983215332,483.6751403808594,,329.88848876953125,143.40225219726562,78.05999755859375,94.66943359375,497.3127746582031,12176.1171875,235.8000030517578,374.3500061035156,279.3999938964844,1056.5,912.18798828125,3934.78955078125,4273.9951171875,5236.76318359375,2428.331787109375,252.27879333496094,984.3593139648438,83.31999969482422,265.5,282.8746032714844,378.44134521484375,79.0757827758789,2626.245849609375,220.8057403564453,200.96693420410156,,1257.5091552734375,231.6363525390625,402.65679931640625,51.0732421875,,59.731109619140625,4752.52783203125,80.52288055419922,270.3999938964844,92.68000030517578,2543.820068359375,557.4000244140625
2025-07-10,2251.836669921875,572.4942016601562,3236.943359375,212.1999969482422,183.3000030517578,71.26000213623047,348.29998779296875,686.0416259765625,304.6486511230469,820.0756225585938,10624.171875,1876.864501953125,55.060001373291016,343.5821533203125,,85.4000015258789,75.33717346191406,388.5890808105469,195.42100524902344,,2542.652099609375,41.63999938964844,,246.1654815673828,1947.474365234375,4941.607421875,29.600200653076172,7.566300392150879,13.652268409729004,337.68951416015625,,3903.81982421875,54.353328704833984,21320.0,3754.27490234375,1454.0947265625,3237.9111328125,919.5403442382812,37.96288299560547,4204.52685546875,2894.919189453125,292.24700927734375,4.823370933532715,90.61695861816406,281.2640380859375,251.44093322753906,76.02821350097656,569.4000244140625,10879.44140625,12161.431640625,53.11000061035156,500.6783752441406,,331.388427734375,143.55136108398438,77.87999725341797,96.28041076660156,499.7113952636719,12216.1044921875,242.3000030517578,382.25,281.1000061035156,1073.5,923.7852783203125,3991.78662109375,4444.89453125,5309.64013671875,2468.238525390625,255.189697265625,975.3596801757812,84.16000366210938,263.1000061035156,283.6742248535156,386.0381774902344,80.44281005859375,2657.23681640625,222.0786895751953,205.34213256835938,,1286.497802734375,233.54544067382812,401.0569763183594,51.28413391113281,,57.981788635253906,4841.27001953125,80.82280731201172,277.0,94.05999755859375,2623.814453125,554.7999877929688
2025-07-11,2257.83642578125,567.8998413085938,3268.932861328125,208.1999969482422,183.22000122070312,69.87999725341797,346.6000061035156,679.9766845703125,300.7810363769531,824.4749755859375,10448.203125,1899.3629150390625,55.13999938964844,339.932861328125,,85.58000183105469,74.0704345703125,401.883544921875,194.5713348388672,,2519.6552734375,41.689998626708984,,241.9868927001953,1899.9871826171875,4889.61181640625,29.580829620361328,7.539864540100098,13.658003807067871,335.2057800292969,,3852.822265625,53.80370330810547,21430.0,3688.10302734375,1408.1075439453125,3215.91162109375,910.0451049804688,37.68998336791992,4184.529296875,2913.91259765625,287.8673095703125,4.757138252258301,87.65705871582031,276.1647033691406,252.74063110351562,75.66826629638672,564.0,10739.4482421875,12176.001953125,53.11000061035156,483.52642822265625,,327.7885437011719,140.3701629638672,76.98999786376953,93.38841247558594,491.21630859375,12196.111328125,234.89999389648438,373.8500061035156,278.70001220703125,1055.0,918.386474609375,3984.786865234375,4454.38916015625,5222.18701171875,2430.326904296875,249.17381286621094,987.9591064453125,83.02999877929688,258.75,280.2757568359375,383.839111328125,80.34654235839844,2671.23291015625,218.40675354003906,200.28636169433594,,1281.499755859375,227.36363220214844,401.0569763183594,51.6388053894043,,56.62337112426758,4792.08740234375,80.42289733886719,273.0,93.9800033569336,2597.81640625,553.5999755859375
2025-07-14,2234.837890625,572.4942016601562,3282.92822265625,206.60000610351562,183.0,69.72000122070312,345.0,683.357177734375,299.1943359375,829.8741455078125,10660.166015625,1910.362060546875,55.18000030517578,343.93206787109375,,83.45999908447266,74.14778900146484,397.03558349609375,195.6209259033203,,2517.655517578125,41.77000045776367,,240.50115966796875,1889.489990234375,4903.61083984375,29.619571685791016,7.514372825622559,13.571972846984863,334.6096496582031,,3852.822265625,53.66630172729492,21640.0,3670.5869140625,1424.1031494140625,3213.91162109375,922.5387573242188,37.06975555419922,4196.52783203125,2963.8935546875,286.274658203125,4.7668070793151855,86.11711120605469,280.4641418457031,254.8401336669922,76.4881362915039,564.5999755859375,10869.44140625,12122.5771484375,51.81999969482422,475.4461669921875,,331.1884765625,140.96664428710938,77.30000305175781,93.58250427246094,495.4139099121094,12281.083984375,232.6999969482422,373.1000061035156,276.5,1059.0,933.18310546875,4011.785400390625,4423.40771484375,5251.337890625,2403.389892578125,250.04710388183594,998.3587036132812,83.54000091552734,258.04998779296875,283.4743347167969,387.2376403808594,79.74967193603516,2635.742919921875,215.7139892578125,198.1473846435547,,1304.49072265625,229.1818084716797,409.7560119628906,51.130760192871094,,56.91655731201172,4856.23828125,81.52266693115234,269.3999938964844,92.19999694824219,2585.817138671875,554.0
2025-07-15,2221.8388671875,582.2821655273438,3254.9375,207.6999969482422,180.13999938964844,68.94000244140625,339.70001220703125,702.04931640625,299.9876708984375,829.6741333007812,10494.1943359375,1882.3641357421875,55.400001525878906,343.2822265625,,85.05999755859375,73.71265411376953,397.63531494140625,194.5713348388672,,2511.656494140625,41.41999816894531,,237.34400939941406,1887.4906005859375,4927.60888671875,29.261192321777344,7.458669185638428,13.570061683654785,333.2187805175781,,4017.814697265625,53.48963928222656,21860.0,3651.124755859375,1402.1092529296875,3197.912109375,919.1404418945312,37.3724250793457,4149.533203125,2901.9169921875,287.668212890625,4.714594841003418,83.87718200683594,274.96484375,253.14053344726562,76.22817993164062,563.5999755859375,10844.4423828125,12258.568359375,52.59000015258789,473.2649841308594,,330.48846435546875,140.02223205566406,76.58999633789062,93.22342681884766,491.51611328125,12161.1220703125,234.5,367.6000061035156,299.29998779296875,1060.5,924.9850463867188,3982.787109375,4343.45458984375,5205.529296875,2391.417724609375,247.42727661132812,990.3590698242188,82.69999694824219,259.79998779296875,281.8750305175781,388.8370056152344,79.78817749023438,2620.747314453125,213.75563049316406,198.73072814941406,,1314.4869384765625,227.36363220214844,407.7562255859375,51.26496124267578,,56.27155685424805,4777.11865234375,80.78282165527344,271.1000061035156,93.54000091552734,2593.816650390625,550.0
2025-07-16,2224.838623046875,574.6915283203125,3278.9296875,207.6999969482422,181.0,68.77999877929688,339.70001220703125,622.2099609375,299.3926696777344,822.6752319335938,10434.205078125,1860.36572265625,54.619998931884766,342.5323791503906,,85.05999755859375,73.5676040649414,395.8360595703125,196.020751953125,,2494.65869140625,41.34000015258789,,236.50828552246094,1897.9876708984375,4903.61083984375,29.261192321777344,7.424679756164551,13.57770824432373,336.5966491699219,,4003.815185546875,52.95964813232422,21830.0,3658.90966796875,1421.1038818359375,3185.912353515625,917.941162109375,37.3724250793457,4209.5263671875,2924.908203125,287.22027587890625,4.723297119140625,82.81722259521484,272.9651184082031,252.44070434570312,76.3881607055664,569.7999877929688,10854.4423828125,12564.546875,52.59000015258789,471.52996826171875,,330.48846435546875,140.3701629638672,76.87999725341797,92.31118774414062,488.7177429199219,12181.1162109375,235.5,364.0,296.1000061035156,1114.5,914.787353515625,3988.78662109375,4395.923828125,5211.77587890625,2414.3642578125,248.59165954589844,988.359130859375,83.19999694824219,259.79998779296875,284.4739074707031,389.23681640625,79.67266082763672,2607.251220703125,213.75563049316406,195.91116333007812,,1303.4912109375,221.90908813476562,407.5562744140625,50.89111328125,,56.03700637817383,4763.2197265625,81.8825912475586,269.29998779296875,93.54000091552734,2615.815185546875,557.0
2025-07-17,2196.8408203125,629.623779296875,3312.91845703125,206.5,185.27999877929688,69.68000030517578,345.0,646.4700317382812,316.9456787109375,827.0745849609375,10310.2255859375,1898.8629150390625,54.63999938964844,351.13067626953125,,83.83999633789062,74.6022720336914,397.0855712890625,197.77005004882812,,2492.658935546875,41.59000015258789,,235.95115661621094,1912.983642578125,5219.58544921875,29.668001174926758,7.447339057922363,13.524177551269531,332.8213806152344,,4058.812744140625,53.76444625854492,22430.0,3670.5869140625,1412.6063232421875,3243.910888671875,932.2339477539062,37.85868453979492,4243.5224609375,2911.913330078125,291.45068359375,4.762455940246582,84.49716186523438,277.8644714355469,254.8401336669922,78.18787384033203,570.0,10854.4423828125,12530.548828125,51.90999984741211,472.769287109375,,335.58831787109375,136.5428009033203,76.79000091552734,90.58374786376953,496.2134094238281,12171.119140625,279.0,364.04998779296875,292.1000061035156,1124.0,919.1863403320312,3989.78662109375,4426.9052734375,5186.78955078125,2388.4248046875,249.36788940429688,1009.9581909179688,83.54000091552734,265.79998779296875,288.6720275878906,391.83575439453125,80.13475036621094,2608.250732421875,221.2953338623047,197.85569763183594,,1332.4798583984375,222.90907287597656,412.0557861328125,50.77608871459961,,56.64291763305664,4738.6279296875,81.9825668334961,264.1000061035156,90.5999984741211,2673.81103515625,555.7999877929688
2025-07-18,2232.838134765625,631.621337890625,3324.91455078125,205.8000030517578,186.22000122070312,70.13999938964844,345.6000061035156,629.8657836914062,317.34234619140625,827.8744506835938,10292.2294921875,1939.8599853515625,55.68000030517578,349.5809631347656,,83.5199966430664,75.26947784423828,399.73443603515625,197.87001037597656,,2513.656005859375,41.88999938964844,,236.69400024414062,1928.4794921875,5199.5869140625,29.44522476196289,7.4775519371032715,13.539471626281738,332.12591552734375,,4087.8115234375,53.54853057861328,22820.0,3690.04931640625,1347.6243896484375,3251.91064453125,932.5338134765625,37.823951721191406,4339.51171875,2926.907470703125,290.7539367675781,4.76777458190918,85.39713287353516,281.3640441894531,256.83966064453125,77.7879409790039,569.7999877929688,10829.443359375,12603.4013671875,51.33000183105469,468.704345703125,,341.9880676269531,136.69192504882812,77.72000122070312,89.56475830078125,495.9136047363281,12286.08203125,311.0,362.54998779296875,297.5,1122.0,919.9861450195312,3955.78857421875,4484.87109375,5218.0224609375,2361.48779296875,250.82333374023438,1004.9584350585938,83.12000274658203,264.04998779296875,289.4716796875,398.4329528808594,80.4235610961914,2619.24755859375,219.53280639648438,196.5917510986328,,1338.9774169921875,225.90908813476562,416.1553649902344,50.948631286621094,,56.75041961669922,4747.18212890625,82.06255340576172,259.79998779296875,90.31999969482422,2663.811767578125,559.0
2025-07-21,2306.832763671875,630.4227905273438,3344.908203125,205.8000030517578,186.02000427246094,69.9000015258789,345.6000061035156,620.5196533203125,316.25146484375,827.2745971679688,10230.240234375,1900.36279296875,56.5,352.7303466796875,,83.5199966430664,75.17278289794922,400.7840576171875,199.8192138671875,,2523.65478515625,42.0,,236.41543579101562,1896.4881591796875,5169.58935546875,29.348365783691406,7.523402214050293,13.533736228942871,334.5103454589844,,4047.813232421875,53.430747985839844,22300.0,3733.83935546875,1343.62548828125,3239.910888671875,942.029052734375,37.823951721191406,4348.5107421875,2929.906494140625,288.9124450683594,4.76003885269165,86.15711212158203,277.9644775390625,260.138916015625,78.80777740478516,561.5999755859375,10654.4521484375,12608.2578125,51.33000183105469,464.78814697265625,,352.3876953125,136.44338989257812,77.01000213623047,88.84661102294922,502.9095458984375,12246.095703125,315.3999938964844,362.70001220703125,306.3999938964844,1128.0,922.3855590820312,3920.790283203125,4607.2998046875,5263.8310546875,2323.576171875,248.00946044921875,999.9586181640625,82.30000305175781,264.04998779296875,297.4681396484375,402.4313049316406,79.845947265625,2612.249755859375,219.87551879882812,197.17510986328125,,1342.975830078125,227.81817626953125,424.4544677734375,50.6706428527832,,56.721099853515625,4727.9365234375,83.06233978271484,264.3999938964844,90.81999969482422,2669.811279296875,560.2000122070312
2025-07-22,2339.83056640625,618.4375610351562,3320.916015625,203.0,181.32000732421875,69.58000183105469,340.3999938964844,598.9442749023438,312.7805480957031,827.8744506835938,10350.2197265625,1859.36572265625,55.29999923706055,348.68115234375,,83.23999786376953,74.53458404541016,402.5332946777344,200.618896484375,,2659.63623046875,41.5099983215332,,237.34400939941406,1932.4783935546875,5069.59765625,29.464597702026367,7.626810073852539,13.543295860290527,324.1779479980469,,3999.8154296875,52.900760650634766,22210.0,3529.4853515625,1347.1246337890625,3207.911865234375,943.4284057617188,36.871280670166016,4280.5185546875,2924.908203125,285.1299743652344,4.7590718269348145,85.79712677001953,274.7648620605469,254.54022216796875,77.88792419433594,555.0,10549.4580078125,12656.826171875,51.0,461.5659484863281,,350.28778076171875,135.101318359375,77.51000213623047,89.42888641357422,500.1111755371094,12151.1259765625,328.20001220703125,367.95001220703125,315.3999938964844,1101.5,917.7866821289062,3879.79248046875,4710.7392578125,5249.25634765625,2295.641357421875,246.55401611328125,983.1593627929688,82.55000305175781,259.5,301.2664489746094,401.2317810058594,79.67266082763672,2618.248046875,215.76295471191406,194.5500030517578,,1329.9808349609375,228.90908813476562,426.0542907714844,50.61312484741211,,56.76019287109375,4755.7353515625,83.92215728759766,268.29998779296875,89.9800033569336,2653.8125,555.4000244140625
2025-07-23,2346.829833984375,630.62255859375,3324.91455078125,203.0,183.3800048828125,71.9800033569336,345.29998779296875,603.1201171875,318.9290466308594,824.0750122070312,10672.1640625,1858.8658447265625,56.0,351.7805480957031,,83.23999786376953,75.88835144042969,404.38250732421875,199.31942749023438,,2649.637451171875,41.9900016784668,,239.201171875,1934.4779052734375,5099.59521484375,29.52271270751953,7.544864654541016,13.669475555419922,330.5363464355469,,3978.81640625,53.44056701660156,22280.0,3548.94775390625,1371.1177978515625,3237.9111328125,947.7261962890625,35.571285247802734,4343.51123046875,2898.917724609375,290.4552917480469,4.851894378662109,89.77698516845703,276.6646423339844,256.13983154296875,77.62796020507812,570.5999755859375,10374.466796875,13093.9384765625,51.0,475.8427429199219,,351.48773193359375,138.2825164794922,77.75,90.37024688720703,499.211669921875,12076.1494140625,341.1000061035156,374.95001220703125,314.20001220703125,1115.0,920.3860473632812,3894.791748046875,4728.728515625,5247.17333984375,2348.51806640625,253.54017639160156,983.359375,84.6500015258789,248.85000610351562,300.2668762207031,405.8298645019531,79.42235565185547,2652.738037109375,222.95994567871094,198.63351440429688,,1326.482177734375,232.72726440429688,427.9540710449219,51.130760192871094,,58.822242736816406,4752.52783203125,83.14232635498047,286.6000061035156,95.5199966430664,2653.8125,560.0
2025-07-24,2325.831298828125,638.013427734375,3314.91796875,198.5,182.60000610351562,73.41999816894531,344.5,612.3668212890625,321.4082946777344,836.8731079101562,10904.1240234375,1849.866455078125,56.7599983215332,358.3292541503906,,86.62000274658203,76.1881103515625,397.5853576660156,220.11102294921875,,2638.638916015625,42.20000076293945,,241.9868927001953,1953.97265625,5259.58251953125,31.014347076416016,7.474625587463379,13.765066146850586,331.43048095703125,,4049.813232421875,53.53871154785156,22260.0,3516.8349609375,1390.1126708984375,3255.91064453125,960.4198608398438,34.06289291381836,4263.5205078125,2903.916259765625,291.799072265625,4.898305416107178,92.99687957763672,280.26416015625,257.6394958496094,78.02790069580078,566.4000244140625,10244.4736328125,13210.5009765625,54.08000183105469,466.2257385253906,,354.38763427734375,141.1157684326172,74.13999938964844,90.76813507080078,501.31048583984375,12071.1513671875,343.20001220703125,373.6499938964844,314.29998779296875,1124.0,935.382568359375,3971.78759765625,4716.7353515625,5769.80859375,2341.5341796875,257.22735595703125,985.5592041015625,85.22000122070312,246.10000610351562,304.8648681640625,406.2297058105469,80.5390853881836,2661.735595703125,222.51931762695312,200.67526245117188,,1344.9749755859375,234.1818084716797,427.9540710449219,49.3286247253418,,59.848384857177734,4807.056640625,86.001708984375,286.70001220703125,95.9800033569336,2665.8115234375,558.4000244140625
2025-07-25,2294.83349609375,636.015869140625,3340.909423828125,198.9499969482422,180.1999969482422,72.72000122070312,341.5,601.429931640625,322.2016296386719,835.6732788085938,10800.142578125,1846.36669921875,56.29999923706055,360.4288330078125,,89.0199966430664,76.26547241210938,397.63531494140625,222.61000061035156,,2626.640625,42.27000045776367,,241.33688354492188,1975.466796875,5294.57958984375,30.68502426147461,7.526329517364502,14.01551342010498,329.6421813964844,,4055.81298828125,53.53871154785156,22360.0,3445.797607421875,1392.112060546875,3237.9111328125,957.9210815429688,34.23655700683594,4143.53369140625,2895.919189453125,290.7539367675781,4.891537189483643,92.31690216064453,278.8643493652344,256.23980712890625,79.02774810791016,567.0,10089.4814453125,13419.34375,55.4900016784668,484.51788330078125,,354.98760986328125,140.12164306640625,73.31999969482422,90.10821533203125,518.9003295898438,12186.1142578125,347.20001220703125,374.70001220703125,322.5,1121.0,934.1829223632812,3936.78955078125,4677.2587890625,5813.53515625,2379.44580078125,251.5025634765625,977.1596069335938,85.11000061035156,245.0,305.8644104003906,402.8311462402344,80.86640167236328,2666.734130859375,222.5682830810547,202.8142547607422,,1345.474853515625,233.72726440429688,428.45404052734375,49.20401382446289,,59.8386116027832,4774.98046875,85.04191589355469,287.5,100.3499984741211,2653.8125,557.2000122070312
2025-07-28,2262.8359375,633.0195922851562,3302.921875,196.60000610351562,177.63999938964844,72.72000122070312,339.6000061035156,626.3523559570312,320.7140808105469,832.4736938476562,10788.1435546875,1804.8697509765625,55.279998779296875,361.1286926269531,,86.0999984741211,74.82467651367188,406.4316711425781,211.31455993652344,,2610.642822265625,42.150001525878906,,241.2440185546875,1944.97509765625,5234.58447265625,30.200727462768555,7.511695861816406,14.095809936523438,328.5493469238281,,3981.81640625,53.36204528808594,22780.0,3425.362060546875,1397.6104736328125,3219.91162109375,959.3204345703125,34.72777557373047,4111.53759765625,2862.93115234375,289.6092224121094,4.9166765213012695,90.85694885253906,276.8645935058594,255.3400115966797,78.22786712646484,565.2000122070312,10049.4833984375,13137.6494140625,53.709999084472656,485.01361083984375,,345.387939453125,139.77371215820312,72.30999755859375,90.58374786376953,514.302978515625,12111.138671875,320.70001220703125,373.6000061035156,318.5,1120.5,937.3821411132812,3891.7919921875,4636.28271484375,5855.1796875,2382.438720703125,252.86097717285156,981.3594360351562,85.5,244.0500030517578,302.4659118652344,395.23431396484375,80.67386627197266,2686.228515625,220.95262145996094,200.77249145507812,,1333.979248046875,233.1818084716797,423.4545593261719,50.22969436645508,,60.278385162353516,4734.3515625,83.78218841552734,284.20001220703125,96.76000213623047,2627.814208984375,552.7999877929688
2025-07-29,2226.838623046875,619.236572265625,3310.919189453125,197.6999969482422,179.44000244140625,73.62000274658203,344.70001220703125,621.06884765625,324.4825439453125,824.8748779296875,11156.080078125,1820.8685302734375,55.2599983215332,371.1267395019531,,86.16000366210938,75.88835144042969,405.4820556640625,207.71603393554688,,2611.642578125,42.459999084472656,,242.2654571533203,1931.978515625,5289.580078125,30.714080810546875,7.496087074279785,14.153164863586426,336.7953796386719,,3962.817138671875,53.78407669067383,22620.0,3404.9267578125,1396.61083984375,3225.911376953125,969.5153198242188,35.20907211303711,4137.53466796875,2910.913330078125,289.9576110839844,5.025935649871826,89.0570068359375,274.16497802734375,255.24005126953125,79.20771789550781,580.2000122070312,9999.486328125,12894.8095703125,53.209999084472656,470.73681640625,,344.1880187988281,139.17723083496094,72.41999816894531,91.9229965209961,524.6969604492188,12186.1142578125,316.1000061035156,373.6000061035156,313.0,1111.0,941.5811767578125,3901.791259765625,4645.77734375,5884.33056640625,2372.462158203125,251.79364013671875,1005.9583740234375,85.8499984741211,248.4499969482422,302.4659118652344,389.23681640625,80.09624481201172,2696.2255859375,222.323486328125,193.43190002441406,,1364.96728515625,237.27272033691406,424.95440673828125,50.35430908203125,,61.568389892578125,4738.6279296875,83.28229522705078,280.8999938964844,95.5199966430664,2639.8134765625,556.5999755859375
2025-07-30,2230.838134765625,640.6102905273438,3334.911376953125,174.89999389648438,178.86000061035156,72.94000244140625,345.6000061035156,625.5548706054688,323.0941467285156,826.4746704101562,11496.0224609375,1784.8712158203125,55.7599983215332,374.92596435546875,,84.4800033569336,76.45886993408203,405.1322326660156,208.11585998535156,,2643.638427734375,42.61000061035156,,242.82260131835938,1938.9766845703125,5334.57666015625,30.830312728881836,7.573155403137207,14.237284660339355,335.7025146484375,,3993.815673828125,53.94111251831055,22860.0,3354.32470703125,1462.092529296875,3237.9111328125,925.5372924804688,35.60601806640625,4149.533203125,2911.913330078125,288.0166015625,5.246388912200928,85.8971176147461,267.1658630371094,254.8401336669922,78.68779754638672,574.2000122070312,10054.4833984375,12904.5224609375,51.38999938964844,476.6358947753906,,343.18804931640625,142.90518188476562,71.44000244140625,92.2141342163086,529.694091796875,12271.0869140625,312.79998779296875,388.54998779296875,310.6000061035156,1125.0,937.9819946289062,3906.791015625,4585.3125,5905.15283203125,2264.713623046875,251.89068603515625,987.9591064453125,85.5199966430664,253.0,302.06610107421875,389.8365478515625,80.01923370361328,2678.230712890625,224.1839141845703,191.53598022460938,,1369.46533203125,237.81817626953125,423.5545654296875,50.12424850463867,,62.70203399658203,4766.4267578125,83.5222396850586,283.6000061035156,93.5999984741211,2633.813720703125,554.2000122070312
2025-07-31,2147.844482421875,642.208251953125,3416.884521484375,168.0500030517578,176.0399932861328,71.81999969482422,347.20001220703125,611.199462890625,321.11077880859375,837.2730712890625,11322.0517578125,1803.8697509765625,55.220001220703125,371.2266845703125,,83.87999725341797,77.41616821289062,404.5824279785156,207.01632690429688,,2664.635498046875,42.68000030517578,,241.89402770996094,1852.5,5379.57275390625,30.49130630493164,7.543888568878174,14.252578735351562,326.5623779296875,,4003.815185546875,53.23446273803711,23100.0,3319.292724609375,1417.60498046875,3251.91064453125,922.3389282226562,34.370521545410156,4150.533203125,2952.897705078125,283.1889343261719,5.119725227355957,85.4571304321289,270.4654235839844,256.73968505859375,77.80000305175781,572.0,9259.5244140625,12622.828125,50.099998474121094,468.30780029296875,,347.98785400390625,142.1595916748047,71.0999984741211,91.40865325927734,526.69580078125,12306.076171875,315.8999938964844,389.3500061035156,308.29998779296875,1101.5,963.5759887695312,3935.78955078125,4500.8623046875,5905.15283203125,2145.99072265625,249.4649200439453,1071.9556884765625,78.83999633789062,250.8000030517578,303.26556396484375,390.8361511230469,79.71116638183594,2710.2216796875,220.21823120117188,187.25802612304688,,1359.9691162109375,237.36363220214844,425.3543395996094,49.86543273925781,,63.161346435546875,4712.9677734375,82.00255584716797,281.20001220703125,92.12000274658203,2665.8115234375,556.5999755859375
2025-08-01,2067.850341796875,623.8308715820312,3422.882568359375,167.25,169.10000610351562,,334.1000061035156,593.1555786132812,316.05316162109375,826.8745727539062,11102.08984375,1816.368896484375,,356.57958984375,,82.0999984741211,74.00274658203125,398.5350036621094,207.11627197265625,,2650.637451171875,39.33000183105469,,236.69400024414062,1821.5084228515625,5349.5751953125,30.152297973632812,7.501940727233887,14.051837921142578,320.1046447753906,,3927.81884765625,51.713191986083984,22520.0,,1396.11083984375,3215.91162109375,917.4413452148438,33.541900634765625,4130.53515625,2948.899169921875,279.2073669433594,4.8344902992248535,84.41716766357422,269.1656188964844,253.9403533935547,75.73999786376953,,9313.521484375,12355.7041015625,49.099998474121094,457.6993408203125,,342.2880554199219,140.4198760986328,,,511.3047180175781,12326.0703125,330.70001220703125,376.1000061035156,308.20001220703125,,936.38232421875,3888.7919921875,4489.36865234375,5798.9599609375,2073.16064453125,,1064.9559326171875,80.33999633789062,244.64999389648438,299.6671447753906,380.04071044921875,,2706.222412109375,208.51699829101562,,,1354.47119140625,233.8181915283203,423.9544982910156,48.954776763916016,,60.79634094238281,4844.4775390625,82.8423843383789,273.29998779296875,89.16000366210938,2501.8232421875,
2025-08-04,2069.849853515625,633.618896484375,3458.870849609375,166.8000030517578,172.32000732421875,71.0,345.29998779296875,600.53271484375,318.5323791503906,833.2736206054688,11134.0849609375,1835.3675537109375,54.41999816894531,362.37847900390625,,82.58000183105469,75.9076919555664,405.88189697265625,211.41453552246094,,2655.63671875,39.97999954223633,,241.52259826660156,1814.51025390625,5389.572265625,30.53005027770996,7.661930084228516,14.023160934448242,324.1779479980469,,3928.81884765625,52.488548278808594,22620.0,3333.889404296875,1398.1103515625,3253.91064453125,923.7382202148438,33.49724578857422,4112.53759765625,2979.8876953125,281.79541015625,4.991127967834473,84.29717254638672,266.0660095214844,258.9391784667969,82.55999755859375,565.5999755859375,9635.5048828125,12501.408203125,48.77000045776367,458.3437805175781,,343.7879943847656,142.6566619873047,71.30000305175781,91.7871322631836,527.495361328125,12111.138671875,349.1000061035156,379.8500061035156,308.5,1092.0,950.1791381835938,3903.791259765625,4486.8701171875,5801.04150390625,2092.116455078125,247.42727661132812,1089.9549560546875,82.0,244.75,298.4676818847656,387.4375915527344,79.3453369140625,2681.22998046875,212.28684997558594,184.73013305664062,,1367.9659423828125,238.72726440429688,425.2543640136719,49.44365692138672,,63.01476287841797,4807.056640625,82.86237335205078,271.6000061035156,88.68000030517578,2485.82421875,563.5999755859375
2025-08-05,2089.848388671875,634.61767578125,3434.878662109375,166.25,175.1999969482422,70.5999984741211,347.29998779296875,595.2490844726562,319.0282287597656,828.8743286132812,11218.0703125,1838.3673095703125,55.02000045776367,360.7787780761719,,83.73999786376953,75.7916488647461,417.2772216796875,211.01470947265625,,2640.638671875,40.599998474121094,,239.10830688476562,1903.4862060546875,5414.5703125,30.45256233215332,7.599494934082031,14.095809936523438,330.7350158691406,,3858.822021484375,52.54743576049805,22580.0,3335.835693359375,1396.61083984375,3267.91015625,924.5377807617188,35.03044509887695,4028.546875,2978.88818359375,282.4424133300781,4.962120532989502,85.37712860107422,267.3658142089844,261.4385986328125,80.76000213623047,557.5999755859375,9803.49609375,12700.537109375,49.40999984741211,452.5934143066406,,345.387939453125,141.91107177734375,71.9800033569336,92.6508560180664,522.4982299804688,12246.095703125,340.0,373.29998779296875,308.70001220703125,1094.0,958.377197265625,3813.796142578125,4485.37109375,5769.80859375,2090.12109375,247.81539916992188,1072.95556640625,82.02999877929688,246.64999389648438,296.2686462402344,387.6374816894531,79.5763931274414,2690.72705078125,214.24522399902344,184.24400329589844,,1377.962158203125,237.54544067382812,421.7547302246094,49.750404357910156,,62.91702651977539,4818.8173828125,83.34227752685547,272.8999938964844,90.30000305175781,2477.82470703125,568.0
2025-08-06,2124.845947265625,624.6299438476562,3432.87939453125,162.89999389648438,177.89999389648438,68.12000274658203,352.3999938964844,591.0621948242188,318.82989501953125,832.2738037109375,11052.0986328125,1857.8658447265625,55.31999969482422,364.82794189453125,,84.73999786376953,76.6812744140625,430.1718444824219,212.01429748535156,,2649.637451171875,40.7599983215332,,242.54405212402344,1982.96484375,5409.5703125,30.326644897460938,7.622908115386963,14.237284660339355,332.8213806152344,,3834.822998046875,52.704471588134766,22820.0,3320.265869140625,1372.617431640625,3231.9111328125,933.7332763671875,34.0529670715332,4078.541259765625,3010.876220703125,282.19354248046875,5.001763343811035,85.6971206665039,273.7649841308594,256.13983154296875,80.95999908447266,545.4000244140625,10099.4814453125,12753.9619140625,49.91999816894531,453.7831726074219,,334.9883117675781,143.10400390625,71.36000061035156,89.64239501953125,525.2965698242188,12121.134765625,350.3999938964844,374.6499938964844,311.0,1110.0,970.3744506835938,3645.80517578125,4500.3623046875,5757.3154296875,2108.0791015625,241.21734619140625,1087.9549560546875,79.66999816894531,248.85000610351562,295.26910400390625,393.0352478027344,78.94100952148438,2725.717041015625,214.44105529785156,184.43844604492188,,1370.96484375,239.36361694335938,420.954833984375,50.3255500793457,,63.25907897949219,4827.37060546875,85.42183685302734,277.3999938964844,91.05999755859375,2491.82373046875,578.4000244140625
2025-08-07,2144.844482421875,631.821044921875,3410.886474609375,166.5500030517578,177.39999389648438,68.68000030517578,366.8999938964844,608.8069458007812,324.6808776855469,836.673095703125,10948.8759765625,1758.373046875,56.84000015258789,361.9582824707031,,86.36000061035156,76.87466430664062,425.57373046875,205.6727294921875,,2642.638427734375,41.56999969482422,,244.6797637939453,2025.453369140625,5419.56982421875,28.81563949584961,7.5673017501831055,14.153164863586426,334.8083801269531,,3859.822021484375,53.39149475097656,22910.0,3323.18505859375,1382.61474609375,3315.908935546875,933.7332763671875,34.23159408569336,4038.545654296875,3000.8798828125,285.577880859375,5.083949565887451,86.15711212158203,275.46478271484375,254.8401336669922,80.4800033569336,549.7999877929688,9905.4912109375,13409.6298828125,51.040000915527344,457.154052734375,,328.68853759765625,144.59519958496094,72.06999969482422,90.30231475830078,514.9957275390625,11786.2412109375,380.0,382.1499938964844,308.8999938964844,1128.5,970.1744995117188,3666.0,4496.36474609375,5691.5537109375,2117.058349609375,241.70249938964844,1077.0,80.83999633789062,254.75,293.6697998046875,396.4338073730469,80.82788848876953,2650.238525390625,222.3724365234375,186.7718963623047,,1373.0872802734375,241.5454559326172,410.85589599609375,50.21052169799805,,64.6761245727539,4836.99365234375,83.5622329711914,285.1000061035156,93.26000213623047,2483.824462890625,577.7999877929688
2025-08-08,2171.842529296875,636.8148803710938,3348.90673828125,167.5,176.22000122070312,69.0999984741211,365.0,614.98779296875,325.6725769042969,818.8758544921875,10920.87890625,1737.3746337890625,57.380001068115234,367.9076232910156,,87.44000244140625,78.80862426757812,423.0248107910156,206.97256469726562,,2577.6474609375,41.38999938964844,,246.07261657714844,2020.4547119140625,5414.5703125,28.5734920501709,7.591690540313721,14.147428512573242,334.4109802246094,,3803.824462890625,53.479827880859375,21060.0,3304.696044921875,1395.1112060546875,3279.909912109375,938.8306274414062,35.18922424316406,4074.541748046875,3009.87646484375,286.623046875,5.15936803817749,87.69705200195312,276.1647033691406,255.93988037109375,80.94000244140625,544.5999755859375,9961.48828125,13560.19140625,52.119998931884766,457.40191650390625,,331.9884338378906,145.93727111816406,72.0999984741211,91.28248596191406,522.5926513671875,11726.2607421875,395.6000061035156,384.3500061035156,308.6000061035156,1141.0,962.1763916015625,3577.0,4570.3212890625,5658.23291015625,2109.076904296875,239.08267211914062,1071.5,80.93000030517578,250.10000610351562,294.8692932128906,396.4338073730469,78.7677230834961,2652.238037109375,227.56210327148438,187.6469268798828,,1387.0830078125,243.0908966064453,406.8563232421875,50.52685546875,,65.99544525146484,4812.40234375,84.56201934814453,288.8999938964844,95.37999725341797,2491.82373046875,574.0
2025-08-11,2158.843505859375,631.0220336914062,3368.900146484375,164.1999969482422,175.8000030517578,69.05999755859375,363.8999938964844,625.0564575195312,323.3916931152344,816.6761474609375,11034.8671875,1715.8760986328125,57.97999954223633,370.9572448730469,,86.58000183105469,78.85697174072266,423.3246765136719,208.2723846435547,,2564.649169921875,41.619998931884766,,247.558349609375,2058.4443359375,5374.5732421875,29.01904296875,7.620956897735596,14.122575759887695,332.9207458496094,,3730.827880859375,53.34241485595703,21200.0,3272.583251953125,1403.6087646484375,3257.910400390625,949.0255737304688,35.015560150146484,4108.5380859375,3027.869873046875,286.17510986328125,5.148731708526611,85.81712341308594,275.46478271484375,259.5390319824219,82.44000244140625,541.2000122070312,9901.4912109375,13526.193359375,51.720001220703125,454.0805969238281,,341.7880554199219,146.2852020263672,72.12000274658203,93.18460845947266,532.7886352539062,11731.259765625,373.3999938964844,380.3999938964844,217.10000610351562,1140.0,968.5748291015625,3583.0,4584.31298828125,5672.81103515625,2032.2562255859375,238.9856414794922,1082.0,81.33999633789062,249.35000610351562,297.0683288574219,398.2330322265625,79.03727722167969,2643.74072265625,223.3026580810547,184.82736206054688,,1394.580810546875,243.6363525390625,411.4558410644531,50.344722747802734,,65.81954193115234,4817.748046875,85.76176452636719,287.8999938964844,96.76000213623047,2461.825927734375,571.2000122070312
2025-08-12,2174.84228515625,639.6115112304688,3354.90478515625,166.60000610351562,180.86000061035156,69.19999694824219,363.79998779296875,631.93505859375,326.6642761230469,812.6767578125,11084.8623046875,1727.875244140625,57.86000061035156,373.9569091796875,,87.5,79.05036163330078,423.87445068359375,210.17213439941406,,2563.649169921875,42.119998931884766,,251.64407348632812,2061.443603515625,5444.56787109375,29.36773681640625,7.650223255157471,14.262137413024902,334.0135803222656,,3763.826416015625,53.39149475097656,21150.0,3275.502685546875,1404.1087646484375,3275.909912109375,954.2230224609375,36.49418640136719,4087.540283203125,3045.86328125,286.9216613769531,5.166136264801025,87.93704986572266,274.8648681640625,259.9389343261719,83.04000091552734,546.0,9379.517578125,14249.8564453125,52.2400016784668,453.23785400390625,,344.98797607421875,146.88168334960938,71.69000244140625,93.38841247558594,536.38720703125,11681.275390625,358.6000061035156,379.3500061035156,213.89999389648438,1133.5,975.7731323242188,3534.0,4650.2744140625,5672.81103515625,2041.2352294921875,239.08267211914062,1090.5,81.6500015258789,232.0,298.26776123046875,397.63330078125,79.38385009765625,2675.231689453125,226.28916931152344,185.02182006835938,,1424.57177734375,245.63636779785156,412.7557067871094,50.96780014038086,,66.85545349121094,4800.64111328125,85.9217300415039,290.20001220703125,97.86000061035156,2497.823486328125,573.5999755859375
2025-08-13,2158.843505859375,637.8136596679688,3366.90087890625,168.0,179.55999755859375,70.05999755859375,368.70001220703125,638.6141967773438,326.86260986328125,811.6768798828125,11442.8251953125,1731.375,57.7400016784668,373.45697021484375,,88.68000030517578,80.2010726928711,418.17681884765625,213.47169494628906,,2572.64794921875,42.66999816894531,,252.20123291015625,2034.450927734375,5444.56787109375,29.416168212890625,7.749728679656982,14.281255722045898,336.7953796386719,,3786.8251953125,53.901851654052734,21350.0,3245.3359375,1434.6002197265625,3285.90966796875,954.9226684570312,36.33540725708008,4084.54052734375,3029.869140625,288.3152160644531,5.250256061553955,88.97702026367188,274.4649353027344,259.2391052246094,83.44000244140625,550.5999755859375,9145.5302734375,14259.5703125,52.720001220703125,465.5813293457031,,346.4879150390625,148.32315063476562,72.19000244140625,94.64031219482422,541.7850952148438,11801.236328125,353.79998779296875,388.1499938964844,207.8000030517578,1122.0,984.1712646484375,3499.0,4665.76513671875,5699.8837890625,2070.167724609375,242.28466796875,1081.5,83.18000030517578,239.0,298.26776123046875,398.2330322265625,79.76892852783203,2668.7333984375,225.4568634033203,184.24400329589844,,1405.5775146484375,247.1818084716797,414.5555114746094,50.33513641357422,,66.82613372802734,4886.17626953125,86.20166778564453,290.1000061035156,98.66000366210938,2469.825439453125,581.7999877929688
2025-08-14,2122.84619140625,641.20947265625,3590.827880859375,168.0,183.77999877929688,69.44000244140625,368.70001220703125,640.9071655273438,329.4410400390625,812.4767456054688,11584.810546875,1774.871826171875,56.97999954223633,374.8568115234375,,88.68000030517578,81.16804504394531,413.93988037109375,213.9716339111328,,2577.6474609375,42.88999938964844,,253.96551513671875,2025.453369140625,5289.580078125,29.687374114990234,7.822895050048828,14.311845779418945,339.17974853515625,,3803.824462890625,54.38277053833008,21350.0,3230.7392578125,1414.7635498046875,3231.9111328125,953.4967651367188,36.33540725708008,4066.54248046875,3046.86279296875,291.89862060546875,5.326641082763672,88.09703826904297,271.5653076171875,262.938232421875,83.58000183105469,551.5999755859375,9300.0,13856.4560546875,52.720001220703125,468.8530578613281,,351.98773193359375,151.90200805664062,72.06999969482422,95.65930938720703,553.1806030273438,11851.220703125,371.0,388.75,203.39999389648438,1103.0,993.169189453125,3529.0,4479.4169921875,5691.5537109375,2074.158447265625,242.6728057861328,1101.5,83.54000091552734,239.0,296.2686462402344,399.8323974609375,79.845947265625,2627.50732421875,228.3944091796875,183.8551025390625,,1406.5771484375,249.99998474121094,414.0555725097656,50.39265441894531,,67.3831787109375,4827.80517578125,86.0217056274414,292.1000061035156,98.86000061035156,2455.826416015625,590.0
2025-08-15,2169.842529296875,638.4129638671875,3564.836181640625,166.1999969482422,186.8800048828125,70.54000091552734,377.5,634.7263793945312,329.63934326171875,803.8781127929688,11590.810546875,1759.8729248046875,57.65999984741211,371.10723876953125,,90.13999938964844,80.93596649169922,421.2879333496094,212.171875,,2590.6455078125,43.400001525878906,,253.0369415283203,2031.45166015625,5304.57861328125,29.87140655517578,,,341.8622131347656,,3800.82470703125,54.55943298339844,21680.0,3236.577880859375,1424.7618408203125,3209.911865234375,938.5031127929688,36.375099182128906,3970.553466796875,3048.86181640625,293.889404296875,,87.51705932617188,269.6655578613281,262.4383544921875,82.77999877929688,554.4000244140625,9262.0,13691.32421875,53.5099983215332,472.02569580078125,,349.08782958984375,152.49847412109375,72.33999633789062,96.55213928222656,543.7843017578125,11751.2529296875,359.8999938964844,392.8999938964844,208.89999389648438,1106.0,987.5704345703125,3525.0,4512.4052734375,5683.22314453125,2060.19091796875,248.3975830078125,1074.0,84.94999694824219,237.0,296.2686462402344,395.6341247558594,79.11429595947266,2638.50537109375,229.37359619140625,183.8551025390625,,1305.107666015625,249.54544067382812,413.1556701660156,51.255374908447266,,,4794.658203125,86.14168548583984,293.6000061035156,99.41999816894531,2435.827880859375,591.0
2025-08-18,2130.845458984375,635.2168579101562,3574.8330078125,166.89999389648438,184.22000122070312,71.5199966430664,373.5,636.7201538085938,329.34185791015625,811.6768798828125,11736.794921875,1790.3707275390625,57.540000915527344,371.1572570800781,,89.31999969482422,79.5725326538086,419.3384704589844,213.87164306640625,,2574.647705078125,42.779998779296875,,249.04408264160156,2034.450927734375,5344.57568359375,30.10386848449707,7.783873081207275,14.28890323638916,336.7953796386719,,3814.823974609375,54.343509674072266,21830.0,3255.067138671875,1438.759521484375,3235.9111328125,939.5027465820312,36.380062103271484,4009.549072265625,3073.8525390625,293.0931091308594,5.307302951812744,87.79705810546875,270.1654968261719,258.6392517089844,82.9800033569336,555.7999877929688,9238.0,13249.35546875,52.79999923706055,471.77783203125,,346.5879211425781,150.0628662109375,72.20999908447266,97.26058959960938,546.7830810546875,11776.2451171875,353.29998779296875,393.29998779296875,211.5,1106.5,979.9722290039062,3540.0,4446.92822265625,5676.9755859375,2068.17236328125,248.3975830078125,1082.0,85.58000183105469,236.64999389648438,299.4672546386719,394.8345031738281,78.59443664550781,2632.50634765625,228.68817138671875,182.88284301757812,,1339.5972900390625,246.4545440673828,415.555419921875,50.824012756347656,,66.96295166015625,4827.80517578125,87.02149200439453,288.79998779296875,98.87999725341797,2415.8291015625,588.0
2025-08-19,2170.842529296875,643.0072631835938,3588.828369140625,169.3000030517578,183.83999633789062,72.36000061035156,374.3999938964844,640.3089599609375,336.5812072753906,818.2759399414062,11780.791015625,1720.875732421875,58.79999923706055,372.05712890625,,91.41999816894531,80.12371063232422,420.38818359375,210.4720916748047,,2600.644287109375,42.93000030517578,,252.7583770751953,2093.43505859375,5379.57275390625,30.268529891967773,7.8404541015625,14.340521812438965,342.5576477050781,,3843.82275390625,54.8342399597168,21760.0,3284.260498046875,1451.2574462890625,3253.91064453125,944.3007202148438,36.717464447021484,4037.5458984375,3054.859619140625,296.6267395019531,5.419463634490967,93.8968505859375,277.46453857421875,258.5392761230469,82.87999725341797,560.2000122070312,9326.0,13395.0595703125,54.18000030517578,485.70758056640625,,358.5874938964844,150.60963439941406,73.5199966430664,97.9205093383789,546.7830810546875,12126.1337890625,355.5,400.0,214.5,1124.5,988.3702392578125,3539.0,4485.4150390625,5697.80126953125,2101.095458984375,252.47286987304688,1059.5,86.48999786376953,236.89999389648438,302.06610107421875,395.6341247558594,79.71116638183594,2652.502685546875,233.2903289794922,186.7718963623047,,1343.09619140625,246.63633728027344,421.9547119140625,51.47584915161133,,67.9109115600586,4858.8154296875,87.16146850585938,297.1000061035156,100.9000015258789,2457.826171875,588.5999755859375
2025-08-20,2150.843994140625,638.4129638671875,3660.804931640625,170.1999969482422,179.13999938964844,65.55999755859375,375.5,636.2217407226562,333.5069580078125,826.6746215820312,11974.7705078125,1726.8753662109375,58.439998626708984,372.6570739746094,,90.80000305175781,80.55884552001953,418.7886047363281,212.77178955078125,,2625.640869140625,43.310001373291016,,253.0369415283203,2118.42822265625,5379.57275390625,30.549423217773438,7.899962425231934,14.420818328857422,337.9875793457031,,3895.8203125,54.726280212402344,21560.0,3366.975341796875,1482.252197265625,3265.91015625,963.6924438476562,36.122047424316406,4090.539794921875,3139.827880859375,294.2875671386719,5.388522624969482,93.3168716430664,277.5645446777344,260.538818359375,83.45999908447266,572.2000122070312,9550.0,13259.0693359375,54.06999969482422,489.32635498046875,,356.08758544921875,150.75875854492188,76.13999938964844,99.33739471435547,553.5803833007812,12251.09375,357.70001220703125,406.70001220703125,209.6999969482422,1114.0,991.7694702148438,3625.0,4489.41357421875,5826.91796875,2098.1025390625,254.60751342773438,1026.0,87.02999877929688,233.75,305.0647888183594,397.8332214355469,81.42476654052734,2665.500244140625,228.6392059326172,185.50794982910156,,1358.0916748046875,248.36363220214844,427.1541748046875,51.773006439208984,,67.22682189941406,5017.068359375,88.40119934082031,296.5,101.19999694824219,2469.825439453125,596.4000244140625
2025-08-21,2180.894287109375,635.2168579101562,3676.7998046875,168.64999389648438,180.9199981689453,63.880001068115234,374.8999938964844,632.5331420898438,332.2177734375,823.275146484375,12046.763671875,1759.373046875,58.560001373291016,373.90692138671875,,90.41999816894531,79.98833465576172,419.388427734375,211.97189331054688,,2609.64306640625,43.04999923706055,,256.0083923339844,2115.428955078125,5374.5732421875,30.617223739624023,7.928253650665283,14.489645004272461,334.2122802734375,,3845.822509765625,54.64776611328125,21940.0,3320.265869140625,1492.25048828125,3245.910888671875,966.89111328125,35.873958587646484,4074.541748046875,3120.2333984375,292.2967834472656,5.423331260681152,91.93692016601562,279.1643371582031,254.39999389648438,83.69999694824219,567.0,9470.0,13429.0576171875,54.189998626708984,480.8495178222656,,355.7875671386719,148.47227478027344,75.87000274658203,99.8226318359375,562.5767822265625,12196.111328125,360.1000061035156,400.70001220703125,210.0,1105.0,1006.7659301757812,3600.0,4529.3994140625,5864.4033203125,2065.179443359375,254.70455932617188,1040.5,87.47000122070312,232.14999389648438,306.6640319824219,390.5000915527344,80.2117691040039,2676.998046875,228.78607177734375,183.41757202148438,,1359.59130859375,250.272705078125,431.4537048339844,52.041412353515625,,67.60795593261719,5019.20703125,88.46118927001953,293.6000061035156,101.05000305175781,2481.824462890625,596.2000122070312
2025-08-22,2200.893310546875,641.8087158203125,3654.806884765625,171.4499969482422,180.72000122070312,65.80000305175781,373.0,644.1968994140625,339.0604553222656,824.0750122070312,11966.771484375,1763.8726806640625,59.63999938964844,376.4066467285156,,91.41999816894531,80.62653350830078,423.33740234375,213.07176208496094,,2616.64208984375,42.59000015258789,,255.82266235351562,2120.427734375,5429.56884765625,30.4428768157959,7.913620948791504,14.556557655334473,345.0413818359375,,3868.821533203125,54.912757873535156,22110.0,3337.781982421875,1479.2528076171875,3259.910400390625,966.89111328125,36.56861114501953,4109.53759765625,3122.23291015625,296.8258361816406,5.4552388191223145,93.25687408447266,281.1640625,256.5,84.0999984741211,566.5999755859375,9464.0,13453.341796875,55.13999938964844,490.86309814453125,,358.38751220703125,149.4167022705078,75.36000061035156,98.94920349121094,562.177001953125,12226.1015625,358.70001220703125,399.0,214.10000610351562,1132.5,998.56787109375,3584.0,4599.37451171875,5826.91796875,2090.12109375,253.7342529296875,1043.0,87.33999633789062,232.60000610351562,304.0652160644531,396.4985656738281,80.30803680419922,2691.495361328125,231.9684295654297,185.1676483154297,,1416.5740966796875,252.0,426.2542419433594,52.36732864379883,,67.61772918701172,4984.990234375,88.62115478515625,300.0,102.4000015258789,2511.822509765625,593.0
2025-08-25,,638.2131958007812,,168.9499969482422,180.5399932861328,65.4800033569336,370.70001220703125,644.6953735351562,334.0028076171875,,,,59.7599983215332,,,90.94000244140625,77.77395629882812,,,,,40.959999084472656,,254.98695373535156,,,30.471933364868164,7.869721412658691,14.573763847351074,343.6504821777344,,,54.422027587890625,,3312.48095703125,,,,36.375099182128906,,,295.282958984375,5.448470592498779,,,,,572.7999877929688,,13084.224609375,54.599998474121094,483.8734130859375,,,148.42257690429688,74.87999725341797,98.2504653930664,,,,397.1000061035156,179.10000610351562,1128.0,,,,,2076.15380859375,252.1817626953125,,86.26000213623047,233.0,,,79.78817749023438,,230.5975799560547,184.43844604492188,,,250.4545440673828,,51.85927963256836,,67.3538589477539,,,296.1000061035156,101.6500015258789,,590.0
2025-08-26,2209.892822265625,642.6077880859375,3632.814208984375,167.6999969482422,179.8800048828125,65.26000213623047,364.5,648.5831909179688,332.9119567871094,821.4754028320312,11870.78125,1771.3720703125,58.79999923706055,373.7569274902344,,90.4800033569336,74.4862289428711,424.2371520996094,216.47129821777344,,2551.65087890625,39.310001373291016,,251.36550903320312,2059.444091796875,5434.568359375,30.6075382232666,7.816066265106201,14.520232200622559,339.7758483886719,,3806.824462890625,53.86259460449219,21940.0,3313.4541015625,1469.25439453125,3311.908935546875,960.2939453125,36.01288604736328,4099.5390625,3122.23291015625,292.7447204589844,5.345012187957764,94.01683807373047,268.96563720703125,255.0,83.04000091552734,578.2000122070312,9512.0,13205.64453125,54.02000045776367,482.0888366699219,,357.18756103515625,147.5775604248047,74.47000122070312,98.2892837524414,558.3784790039062,12201.109375,344.3999938964844,396.70001220703125,189.39999389648438,1107.0,974.3734741210938,3538.0,4575.3828125,5768.607421875,2067.1748046875,251.5025634765625,1057.5,86.27999877929688,231.85000610351562,305.66448974609375,387.9007568359375,78.67145538330078,2706.492431640625,230.0100555419922,182.6397705078125,,1392.5814208984375,247.99998474121094,431.9536437988281,50.718570709228516,,64.92044830322266,4912.279296875,88.20124816894531,294.5,101.44999694824219,2469.825439453125,579.7999877929688
2025-08-27,2200.893310546875,641.0097045898438,3644.810302734375,168.64999389648438,178.25999450683594,65.54000091552734,364.0,658.1535034179688,332.4161071777344,817.4760131835938,11874.78125,1766.3724365234375,58.779998779296875,371.3572082519531,,89.4800033569336,74.00274658203125,428.9358825683594,215.87136840820312,,2549.651123046875,39.91999816894531,,244.95831298828125,2053.44580078125,5419.56982421875,30.704397201538086,7.786799430847168,14.552733421325684,341.3654479980469,,3828.8232421875,53.970558166503906,22500.0,3288.153076171875,1476.7530517578125,3281.909912109375,953.7966918945312,35.6258659362793,4094.539306640625,3122.23291015625,293.0931091308594,5.209646701812744,97.35673522949219,266.0660095214844,254.1999969482422,82.62000274658203,572.4000244140625,9386.0,13118.2216796875,53.27000045776367,497.70404052734375,,351.8877258300781,145.7384490966797,74.1500015258789,98.96862030029297,544.1841430664062,12191.11328125,343.8999938964844,401.25,189.0500030517578,1113.5,957.7774047851562,3565.0,4568.3857421875,5797.7626953125,2114.065185546875,254.8015899658203,1056.5,86.54000091552734,236.39999389648438,299.4672546386719,387.5008850097656,79.03727722167969,2714.990966796875,228.1496124267578,181.57028198242188,,1381.0848388671875,243.90907287597656,427.0541687011719,51.006141662597656,,64.72499084472656,4943.2880859375,89.32099914550781,291.70001220703125,100.3499984741211,2453.826416015625,580.7999877929688
2025-08-28,2264.89013671875,641.8087158203125,3610.8212890625,169.6999969482422,178.6199951171875,63.7599983215332,361.6000061035156,652.2717895507812,333.2094421386719,804.7478637695312,11808.7880859375,1766.8724365234375,58.70000076293945,368.6075134277344,,90.18000030517578,74.36052703857422,428.9858703613281,217.17120361328125,,2535.653076171875,39.900001525878906,,244.6797637939453,2062.443359375,5429.56884765625,30.394445419311523,7.773141860961914,14.510674476623535,341.26611328125,,3801.82470703125,53.999996185302734,22750.0,3290.099365234375,1459.256103515625,3299.909423828125,955.3959350585938,36.03769302368164,4038.545654296875,3098.239013671875,292.04791259765625,5.22995138168335,100.09664154052734,263.2663269042969,252.1999969482422,82.30000305175781,569.5999755859375,9236.0,12957.947265625,53.720001220703125,508.70904541015625,,350.3877868652344,144.34666442871094,74.9000015258789,98.54161071777344,536.38720703125,12021.1669921875,340.0,402.3500061035156,199.6999969482422,1115.0,966.1754760742188,3495.0,4635.36181640625,5731.12158203125,2120.05126953125,253.2490997314453,1058.5,85.36000061035156,236.35000610351562,296.4685974121094,384.9015197753906,78.78697204589844,2714.990966796875,231.9194793701172,182.29946899414062,,1374.5867919921875,242.1818084716797,422.4546813964844,50.900699615478516,,64.65658569335938,4929.3876953125,88.20124816894531,292.29998779296875,100.25,2495.823486328125,579.5999755859375
2025-08-29,2277.8896484375,635.6163940429688,3624.816650390625,166.35000610351562,179.05999755859375,63.65999984741211,361.20001220703125,634.6266479492188,331.32525634765625,803.14794921875,11788.7900390625,1757.3731689453125,57.70000076293945,360.35845947265625,,89.45999908447266,74.29283905029297,431.9850769042969,216.47129821777344,,2511.656494140625,39.790000915527344,,243.56546020507812,2048.447021484375,5399.5712890625,30.394445419311523,7.691195964813232,14.569940567016602,337.7888488769531,,3831.8232421875,53.51908493041992,22640.0,3279.39501953125,1452.2572021484375,3287.90966796875,946.2998657226562,34.69304275512695,4018.5478515625,3121.2333984375,290.00738525390625,5.197076797485352,96.01677703857422,257.3670959472656,247.5,79.5199966430664,567.0,9168.0,12758.818359375,53.349998474121094,499.78607177734375,,345.387939453125,143.79989624023438,75.38999938964844,98.17283630371094,510.39752197265625,11951.189453125,336.6000061035156,397.8999938964844,193.14999389648438,1097.5,988.3702392578125,3446.0,4640.35986328125,5758.1943359375,2086.13037109375,252.5698699951172,1070.0,84.48999786376953,231.6999969482422,299.267333984375,379.9028015136719,78.51741790771484,2723.489501953125,231.6746826171875,180.35494995117188,,1385.58349609375,242.0,422.6546630859375,51.28413391113281,,64.539306640625,4974.29736328125,88.34121704101562,290.8999938964844,100.25,2463.825927734375,584.4000244140625
2025-09-01,2263.890380859375,627.6262817382812,3602.823974609375,166.0,182.0,64.0199966430664,359.8999938964844,634.128173828125,332.2177734375,799.9481811523438,11848.7841796875,1790.8707275390625,57.41999816894531,367.2576599121094,,90.5199966430664,74.50557708740234,430.93536376953125,212.171875,,2516.65576171875,39.779998779296875,,244.49403381347656,2039.4495849609375,5469.56591796875,30.500991821289062,7.673636436462402,14.642589569091797,340.2726135253906,,3821.82373046875,53.744815826416016,22280.0,3300.803466796875,1447.2581787109375,3269.91015625,953.1968994140625,34.40029525756836,3961.554443359375,3096.239501953125,291.9483947753906,5.221249580383301,96.6967544555664,256.7671813964844,245.5,80.05999755859375,571.0,9218.0,13016.2294921875,53.7400016784668,499.3894958496094,,344.2879943847656,146.0366668701172,75.48999786376953,98.54161071777344,516.7949829101562,11876.2138671875,328.70001220703125,396.95001220703125,200.0,1096.5,991.5695190429688,3427.0,4600.8740234375,5747.78173828125,2058.195556640625,252.47286987304688,1100.0,84.69000244140625,233.89999389648438,301.0665588378906,374.7041320800781,77.95906066894531,2716.49072265625,234.22055053710938,180.11187744140625,,1376.586181640625,244.27273559570312,430.9537658691406,51.236202239990234,,65.18431091308594,4987.12841796875,87.86131286621094,288.5,99.9800033569336,2465.82568359375,577.7999877929688
2025-09-02,2235.8916015625,619.4363403320312,3564.836181640625,164.10000610351562,179.16000366210938,63.0,354.20001220703125,615.2868041992188,324.6808776855469,770.7500610351562,11902.7783203125,1767.3724365234375,56.86000061035156,359.6585693359375,,88.5999984741211,73.4322280883789,434.08453369140625,209.6721954345703,,2531.653564453125,39.20000076293945,,240.77972412109375,2040.44921875,5384.572265625,30.413818359375,7.585837364196777,14.493467330932617,329.84088134765625,,3743.827392578125,52.989097595214844,22400.0,3306.642333984375,1442.2589111328125,3217.91162109375,946.0999145507812,32.86213302612305,3886.562744140625,3079.24365234375,284.5327453613281,5.137129306793213,95.13681030273438,248.5682373046875,234.5,78.5,563.5999755859375,9094.0,13079.3671875,53.02000045776367,508.60992431640625,,330.6884765625,145.29107666015625,74.93000030517578,98.2116470336914,506.5990295410156,11646.2861328125,311.3999938964844,396.79998779296875,200.39999389648438,1061.0,974.973388671875,3394.0,4579.88134765625,5720.708984375,2035.249267578125,254.2194061279297,1069.0,84.51000213623047,227.25,294.8692932128906,361.1076354980469,77.01561737060547,2729.988037109375,223.9391326904297,175.8825225830078,,1369.08837890625,241.0,424.8544006347656,51.31289291381836,,63.6793098449707,5055.56298828125,87.4614028930664,278.8999938964844,98.5,2463.825927734375,573.5999755859375
2025-09-03,2287.88916015625,627.8259887695312,3522.85009765625,172.0,184.6999969482422,62.84000015258789,353.0,623.3616943359375,327.0609436035156,775.94970703125,12208.7470703125,1777.3717041015625,56.779998779296875,362.208251953125,,88.27999877929688,73.6739730834961,427.2363586425781,206.07269287109375,,2524.654541015625,39.33000183105469,,240.77972412109375,2037.4500732421875,5339.576171875,30.13292694091797,7.6238837242126465,14.231549263000488,332.12591552734375,,3804.824462890625,53.332603454589844,22060.0,3347.512939453125,1467.2547607421875,3227.911376953125,954.3963623046875,31.274349212646484,3904.560791015625,3083.24267578125,287.56866455078125,5.141963481903076,94.3768310546875,248.2682647705078,234.60000610351562,78.80000305175781,570.5999755859375,9282.0,12899.666015625,53.150001525878906,516.3431396484375,,335.78826904296875,144.39637756347656,74.70999908447266,100.0361328125,510.1976013183594,11826.2294921875,307.29998779296875,399.6000061035156,197.64999389648438,1072.5,971.9740600585938,3412.0,4611.8701171875,5837.3310546875,2042.23291015625,261.4966735839844,1082.0,86.12000274658203,231.35000610351562,298.26776123046875,364.9066467285156,78.40190124511719,2693.494873046875,224.6735076904297,177.34092712402344,,1359.59130859375,240.90908813476562,431.0537414550781,50.59395217895508,,64.35362243652344,5091.91845703125,87.06148529052734,276.8999938964844,99.04000091552734,2459.826171875,569.5999755859375
2025-09-04,2259.890380859375,647.40185546875,3444.0,173.14999389648438,186.86000061035156,63.459999084472656,354.1000061035156,645.592529296875,333.0111083984375,794.5485229492188,12186.7490234375,1760.8729248046875,57.380001068115234,370.20733642578125,,88.5999984741211,74.99872589111328,426.7864685058594,204.37289428710938,,2555.650390625,39.810001373291016,,243.8440399169922,2029.4522705078125,5329.57666015625,30.84000015258789,7.657052040100098,14.26978588104248,328.9467468261719,,3846.822509765625,53.55834197998047,21740.0,3389.35693359375,1468.7545166015625,3217.91162109375,960.99365234375,31.036182403564453,3907.560546875,3117.234375,288.6636047363281,5.185473918914795,95.67678833007812,251.96780395507812,235.1999969482422,80.4800033569336,578.2000122070312,9322.0,13137.6494140625,53.11000061035156,494.828857421875,,339.5881652832031,146.73257446289062,75.88999938964844,100.85132598876953,517.7946166992188,12096.1435546875,306.70001220703125,404.3999938964844,199.0,1068.5,978.0304565429688,3495.0,4602.37353515625,5912.3017578125,2014.298095703125,267.5125732421875,1069.5,78.95999908447266,233.1999969482422,304.8648681640625,368.5057373046875,79.09504699707031,2687.49609375,225.2610321044922,179.04238891601562,,1363.590087890625,242.0908966064453,438.7528991699219,50.57477951049805,,64.9986343383789,5133.62060546875,87.88130950927734,277.1000061035156,99.0999984741211,2503.822998046875,579.2000122070312
2025-09-05,2276.8896484375,646.403076171875,3342.0,175.6999969482422,183.83999633789062,64.08000183105469,351.3999938964844,658.1535034179688,339.2587890625,803.7479248046875,12088.7587890625,1776.8717041015625,57.02000045776367,361.0083923339844,,88.44000244140625,73.99307250976562,415.5394592285156,204.67286682128906,,2556.650146484375,39.5099983215332,,240.40830993652344,2033.451171875,5404.57080078125,30.65596580505371,7.649247646331787,13.981101036071777,329.6421813964844,,3920.819091796875,53.29334259033203,21760.0,3409.792236328125,1475.7532958984375,3241.910888671875,962.5929565429688,31.333890914916992,3921.558837890625,3143.22802734375,289.2110595703125,5.115857124328613,94.45683288574219,253.16763305664062,234.89999389648438,79.36000061035156,577.4000244140625,9270.0,13113.365234375,52.91999816894531,492.0032653808594,,342.1880798339844,145.7384490966797,75.41000366210938,100.90956115722656,505.7993469238281,12196.111328125,312.3999938964844,402.6499938964844,204.5,1068.0,975.4308471679688,3482.0,4679.34619140625,5945.6220703125,2034.2515869140625,266.0570983886719,1075.5,79.5,228.25,312.46148681640625,367.7059326171875,82.19491577148438,2627.00732421875,221.2953338623047,180.25772094726562,,1365.5894775390625,241.09091186523438,440.95269775390625,49.67371368408203,,63.444759368896484,5099.4033203125,87.84132385253906,276.8999938964844,99.91999816894531,2531.821044921875,575.4000244140625
2025-09-08,2282.889404296875,658.1885375976562,3308.0,182.0500030517578,187.82000732421875,63.20000076293945,352.70001220703125,674.502685546875,341.2421875,804.5478515625,11968.771484375,1795.370361328125,57.400001525878906,366.50775146484375,,87.91999816894531,74.16712951660156,417.4389343261719,203.57301330566406,,2547.6513671875,39.7599983215332,,241.52259826660156,1958.9713134765625,5494.56396484375,29.493656158447266,7.620956897735596,14.040367126464844,329.1454162597656,,3981.81640625,53.715370178222656,21190.0,3402.98046875,1464.2552490234375,3283.90966796875,969.3900146484375,31.830074310302734,3979.55224609375,3103.23779296875,287.1705017089844,5.171937465667725,95.47679901123047,254.4674835205078,233.60000610351562,80.12000274658203,570.2000122070312,9260.0,13113.365234375,52.5,491.90411376953125,,352.0877380371094,147.7266845703125,74.72000122070312,99.29857635498047,511.7969665527344,12261.0908203125,313.79998779296875,402.1499938964844,112.66093444824219,1066.0,982.229736328125,3484.0,4694.8408203125,6045.58349609375,2039.2398681640625,262.078857421875,1092.5,79.12999725341797,230.4499969482422,312.0616760253906,369.7054138183594,83.23462677001953,2638.50537109375,225.84852600097656,182.00779724121094,,1390.5819091796875,245.8181610107422,439.9527893066406,49.750404357910156,,64.26567077636719,5021.345703125,87.24144744873047,274.1000061035156,102.5999984741211,2575.81787109375,573.2000122070312
2025-09-09,2489.87939453125,655.79150390625,3290.0,178.10000610351562,187.5399932861328,63.040000915527344,353.29998779296875,681.0822143554688,337.2754211425781,813.3473510742188,11974.7705078125,1792.37060546875,57.58000183105469,373.5069580078125,,84.26000213623047,75.29850006103516,422.78753662109375,203.27305603027344,,2544.65185546875,39.849998474121094,,242.45118713378906,1945.474853515625,5429.56884765625,29.648630142211914,7.5702290534973145,14.285079956054688,325.4695129394531,,3936.818359375,53.73500061035156,21510.0,3434.1201171875,1490.750732421875,3251.91064453125,978.586181640625,31.839996337890625,3922.558837890625,3100.238525390625,285.47833251953125,5.244454860687256,93.39686584472656,249.96804809570312,233.6999969482422,81.58000183105469,568.4000244140625,8826.0,12783.1025390625,51.75,487.78961181640625,,352.6877136230469,148.32315063476562,73.54000091552734,99.04624938964844,521.992919921875,12166.12109375,307.0,396.3500061035156,112.82767486572266,1059.0,993.427734375,3483.0,4604.87255859375,6026.8408203125,2090.12109375,261.69073486328125,1087.0,80.7699966430664,230.3000030517578,306.0643310546875,373.7043762207031,81.36699676513672,2664.00048828125,223.7432861328125,180.5007781982422,,1401.078857421875,245.4545440673828,438.8529052734375,50.55561065673828,,64.74453735351562,4946.49609375,88.1612548828125,274.1000061035156,102.55000305175781,2575.81787109375,576.0
2025-09-10,2530.87744140625,661.7841186523438,3302.0,178.35000610351562,188.55999755859375,63.20000076293945,351.70001220703125,678.0914916992188,336.7795715332031,788.14892578125,11912.77734375,1831.8677978515625,57.880001068115234,375.00677490234375,,84.04000091552734,75.57891845703125,423.6373291015625,201.6732635498047,,2539.652587890625,39.970001220703125,,245.05117797851562,1919.48193359375,5439.56787109375,29.648630142211914,7.626810073852539,14.298462867736816,323.68121337890625,,3894.8203125,53.646671295166016,21460.0,3313.4541015625,1487.751220703125,3295.909423828125,996.378662109375,31.586944580078125,3810.5712890625,3123.23291015625,285.1797180175781,5.257991790771484,92.27690124511719,245.76858520507812,234.8000030517578,81.62000274658203,556.5999755859375,8742.0,12787.9599609375,51.88999938964844,485.5588684082031,,342.08807373046875,148.6710968017578,73.55999755859375,97.76522827148438,521.992919921875,11946.1904296875,306.1000061035156,388.1499938964844,113.43905639648438,1063.0,1026.822021484375,3337.0,4582.88037109375,6003.93310546875,2088.125732421875,258.1976623535156,1099.5,80.27999877929688,223.6999969482422,302.8657531738281,371.30499267578125,80.98192596435547,2655.502197265625,223.64537048339844,179.188232421875,,1419.5732421875,247.0908966064453,435.1533203125,50.57477951049805,,64.46112823486328,4936.87255859375,86.8415298461914,272.70001220703125,102.55000305175781,2557.819091796875,573.5999755859375
2025-09-11,2535.877197265625,663.9813842773438,3304.0,178.8000030517578,194.0,62.47999954223633,352.3999938964844,683.87353515625,337.5729064941406,783.3492431640625,11954.7724609375,1947.359375,58.02000045776367,379.5062561035156,,84.33999633789062,76.78764343261719,424.8370056152344,204.37289428710938,,2609.64306640625,40.25,,243.8440399169922,1905.4857177734375,5539.56005859375,29.028730392456055,7.626810073852539,14.264050483703613,333.61614990234375,,3831.8232421875,53.94111251831055,21180.0,3329.02392578125,1517.246337890625,3331.908447265625,1011.372314453125,31.67625617980957,3852.566650390625,3185.2177734375,284.13458251953125,5.29183292388916,92.51689147949219,245.26866149902344,236.60000610351562,82.18000030517578,558.4000244140625,8738.0,12909.3798828125,52.060001373291016,483.1794128417969,,342.8880310058594,148.12432861328125,73.6500015258789,98.77452087402344,525.9913330078125,12116.13671875,300.0,383.8500061035156,112.54977416992188,1074.0,1029.8214111328125,3396.0,4589.8779296875,5991.43798828125,2105.086181640625,260.4293212890625,1123.5,80.73999786376953,219.8000030517578,306.4641418457031,375.5039367675781,81.65580749511719,2644.504150390625,224.28184509277344,180.30633544921875,,1423.0721435546875,246.5454559326172,437.6530456542969,50.02838897705078,,65.10613250732422,4955.05029296875,87.52139282226562,274.70001220703125,102.80000305175781,2579.817626953125,569.7999877929688
2025-09-12,2554.876220703125,665.179931640625,3308.0,177.0,193.22000122070312,62.65999984741211,354.5,687.6617431640625,336.6803894042969,787.948974609375,11792.7890625,1980.8570556640625,57.70000076293945,380.05621337890625,,83.81999969482422,76.6812744140625,420.4381408691406,205.6727294921875,,2598.64453125,40.209999084472656,,245.60833740234375,1868.4957275390625,5539.56005859375,29.067474365234375,7.666807651519775,14.225812911987305,331.52984619140625,,3848.822509765625,53.96074295043945,20870.0,3319.292724609375,1503.2486572265625,3305.9091796875,1006.5743408203125,31.512516021728516,3808.571533203125,3189.216796875,284.3336486816406,5.292799949645996,90.51696014404297,244.06881713867188,239.3000030517578,82.5999984741211,547.5999755859375,8632.0,12996.8017578125,51.689998626708984,486.451171875,,338.188232421875,149.01904296875,72.9800033569336,95.93103790283203,528.9901733398438,12056.1552734375,240.3000030517578,381.04998779296875,111.32701110839844,1075.5,1024.3223876953125,3440.0,4600.3740234375,6008.09814453125,2085.1328125,256.6451721191406,1130.0,80.69999694824219,220.89999389648438,307.06390380859375,375.5039367675781,82.23342895507812,2636.505859375,223.79225158691406,179.82020568847656,,1434.06884765625,249.54544067382812,438.8529052734375,49.96128845214844,,65.18431091308594,4950.7734375,87.78133392333984,273.6000061035156,102.0,2605.815673828125,571.2000122070312
2025-09-15,2559.8759765625,662.1836547851562,3322.0,178.3000030517578,196.3000030517578,62.02000045776367,355.5,727.1389770507812,337.4737243652344,788.14892578125,11412.828125,2015.8544921875,57.7400016784668,384.6056823730469,,83.55999755859375,77.67726135253906,418.93853759765625,201.77325439453125,,2567.648681640625,40.400001525878906,,248.9512176513672,1846.001708984375,5499.5634765625,28.902812957763672,7.726315975189209,14.20478343963623,343.3524475097656,,3819.82373046875,54.43589782714844,20620.0,3302.749755859375,1478.7528076171875,3327.908447265625,1012.771728515625,32.40068435668945,3861.565673828125,3165.22265625,283.1391906738281,5.42719841003418,92.17691040039062,243.26890563964844,243.39999389648438,84.45999908447266,547.2000122070312,8742.0,13161.93359375,51.33000183105469,499.8852233886719,,347.1878967285156,150.26168823242188,71.95999908447266,94.77618408203125,537.5867309570312,12066.1533203125,230.3000030517578,388.6000061035156,110.13203430175781,1091.0,1029.8214111328125,3453.0,4629.86376953125,5958.1171875,2116.060546875,252.6669158935547,1145.5,79.51000213623047,214.64999389648438,317.6591796875,377.703369140625,81.0589370727539,2626.0078125,225.40789794921875,178.6534881591797,,1445.5654296875,250.8181610107422,439.65283203125,50.40224075317383,,66.0052261352539,4904.7939453125,87.22145080566406,272.79998779296875,101.4000015258789,2615.815185546875,569.5999755859375
2025-09-16,2575.875244140625,653.7939453125,3300.0,175.75,192.9199981689453,61.31999969482422,346.6000061035156,730.628173828125,331.32525634765625,778.9495239257812,11344.8359375,1996.3558349609375,56.18000030517578,374.80682373046875,,83.12000274658203,76.5555648803711,421.68780517578125,198.47369384765625,,2567.648681640625,39.70000076293945,,245.51547241210938,1840.5032958984375,5434.568359375,28.46694564819336,7.634614944458008,14.300374031066895,334.8083801269531,,3760.826416015625,53.769371032714844,20250.0,3265.771484375,1462.7554931640625,3285.90966796875,1001.1765747070312,31.978925704956055,3783.574462890625,3108.236572265625,279.75482177734375,5.302468776702881,91.85691833496094,245.96856689453125,238.10000610351562,82.94000244140625,548.7999877929688,8560.0,13613.6162109375,51.29999923706055,503.35528564453125,,343.3880310058594,149.31727600097656,71.88999938964844,94.01921081542969,524.1920776367188,11971.18359375,225.5,377.3500061035156,106.21363830566406,1067.5,1002.3262329101562,3425.0,4647.857421875,5928.9619140625,2114.065185546875,250.72630310058594,1130.5,78.83999633789062,210.9499969482422,322.6569519042969,373.7043762207031,79.73042297363281,2636.505859375,221.34429931640625,177.583984375,,1412.0755615234375,248.54544067382812,438.5529479980469,50.25844955444336,,65.10613250732422,4856.67626953125,86.40162658691406,274.5,99.9000015258789,2611.8154296875,556.7999877929688
2025-09-17,2517.8779296875,649.1996459960938,3354.0,178.8000030517578,191.6999969482422,61.220001220703125,344.5,734.7153930664062,331.22607421875,774.9497680664062,11394.830078125,1955.35888671875,55.7599983215332,378.35638427734375,,82.9800033569336,75.10509490966797,418.93853759765625,199.62353515625,,2539.652587890625,39.56999969482422,,245.88690185546875,1836.0045166015625,5409.5703125,28.26354217529297,7.605348110198975,14.20478343963623,329.5428466796875,,3776.82568359375,53.739532470703125,20300.0,3214.1962890625,1473.2537841796875,3271.91015625,1014.3710327148438,32.40068435668945,3830.569091796875,3100.238525390625,280.9493103027344,5.232852458953857,92.29690551757812,248.5682373046875,239.3000030517578,83.12000274658203,545.7999877929688,8540.0,13676.75390625,51.0099983215332,506.9244384765625,,357.7875061035156,149.96347045898438,71.5,93.72807312011719,524.9917602539062,11996.1748046875,227.6999969482422,377.1499938964844,106.5,1088.0,1019.8231811523438,3450.0,4608.37158203125,5945.6220703125,2116.060546875,252.6669158935547,1116.0,79.44000244140625,217.6999969482422,323.6565246582031,376.70361328125,79.21056365966797,2605.511474609375,220.56094360351562,176.4658966064453,,1415.0745849609375,250.63636779785156,439.65283203125,49.58744430541992,,62.770442962646484,4874.85400390625,86.04170227050781,275.0,99.04000091552734,2579.817626953125,557.0
2025-09-18,2525.877685546875,658.5880737304688,3316.0,181.3000030517578,191.6999969482422,61.20000076293945,347.20001220703125,791.5387573242188,327.5567932128906,782.9492797851562,11246.845703125,1949.8592529296875,55.18000030517578,384.50567626953125,,83.41999816894531,75.80132293701172,425.48681640625,200.8733673095703,,2507.656982421875,39.58000183105469,,247.37261962890625,1815.0101318359375,5459.56640625,28.31197166442871,7.5585222244262695,14.239195823669434,341.9615478515625,,3857.822021484375,54.624908447265625,20620.0,3230.7392578125,1472.7537841796875,3381.906982421875,1018.369384765625,33.42778015136719,3907.560546875,3066.2470703125,283.78619384765625,5.262825965881348,91.95691680908203,248.9681854248047,238.0,83.80000305175781,543.7999877929688,8636.0,13419.34375,51.560001373291016,513.1705322265625,,359.887451171875,149.51609802246094,71.87999725341797,93.84452819824219,525.5914916992188,11571.310546875,230.89999389648438,378.20001220703125,105.05000305175781,1102.5,1038.8199462890625,3540.0,4570.384765625,5918.54931640625,2140.004638671875,253.7342529296875,1129.5,80.1500015258789,229.5,319.6582946777344,378.7030944824219,78.36339569091797,2622.00830078125,223.2537078857422,177.53538513183594,,1427.57080078125,249.0908966064453,433.2535095214844,49.87501525878906,,63.11248779296875,4865.23046875,84.5820083618164,276.20001220703125,97.45999908447266,2621.814697265625,560.4000244140625
2025-09-19,2541.876708984375,661.1848754882812,3312.0,179.35000610351562,193.86000061035156,61.279998779296875,347.5,791.2396850585938,326.5650939941406,770.1500854492188,11302.83984375,1951.359130859375,55.41999816894531,381.60601806640625,,83.26000213623047,76.97135925292969,420.4381408691406,197.77378845214844,,2515.65576171875,39.88999938964844,,250.4369354248047,1815.0101318359375,5429.56884765625,28.166683197021484,7.56632661819458,14.13404655456543,340.66998291015625,,3812.823974609375,54.63485336303711,20950.0,3225.873779296875,1496.2498779296875,3381.906982421875,1027.3656005859375,32.73808670043945,3877.563720703125,3082.242919921875,282.6414794921875,5.287965297698975,88.41703033447266,251.26788330078125,238.3000030517578,82.13999938964844,543.2000122070312,8138.0,12632.5419921875,51.47999954223633,506.23046875,,354.2876281738281,152.29965209960938,72.41999816894531,94.8829345703125,512.396728515625,11866.2158203125,221.8000030517578,369.6499938964844,105.4000015258789,1076.5,1026.822021484375,3481.0,4597.37548828125,5935.20947265625,2124.0419921875,257.22735595703125,1150.0,80.45999908447266,227.5500030517578,323.8564453125,378.30322265625,78.69070434570312,2612.01025390625,223.64537048339844,175.0074920654297,,1431.5697021484375,252.99998474121094,434.7533264160156,49.4340705871582,,63.444759368896484,4869.5078125,85.3018569946289,275.3999938964844,97.27999877929688,2643.81298828125,562.4000244140625
2025-09-22,2549.87646484375,667.3772583007812,3290.0,179.35000610351562,195.13999938964844,61.619998931884766,347.5,808.2866821289062,323.7883605957031,772.7499389648438,11498.8193359375,1967.3580322265625,54.459999084472656,383.30584716796875,,83.26000213623047,76.08174896240234,424.3871154785156,197.07388305664062,,2488.659423828125,40.04999923706055,,248.76548767089844,1779.5196533203125,5444.56787109375,28.166683197021484,7.655101299285889,14.196319580078125,335.40447998046875,,3769.826171875,54.445838928222656,20800.0,3185.0029296875,1510.7474365234375,3377.9072265625,1031.1639404296875,32.73808670043945,3929.557861328125,3087.24169921875,285.3788146972656,5.271528244018555,87.1570816040039,252.1677703857422,240.1999969482422,81.9800033569336,540.7999877929688,8166.0,12574.259765625,51.47999954223633,502.6612548828125,,352.2876892089844,150.85816955566406,71.6500015258789,95.39728546142578,512.396728515625,11906.2041015625,221.8000030517578,362.0,110.80000305175781,1064.5,1029.8214111328125,3468.0,4691.841796875,5891.4765625,2109.076904296875,263.0491638183594,1149.0,80.2300033569336,227.5500030517578,321.257568359375,378.30322265625,77.84353637695312,2614.009765625,223.64537048339844,172.86851501464844,,1442.5662841796875,251.36363220214844,432.05364990234375,49.58744430541992,,63.542484283447266,4791.4501953125,84.62200164794922,272.79998779296875,97.27999877929688,2663.811767578125,559.7999877929688
2025-09-23,2550.87646484375,671.5720825195312,3230.0,185.25,194.25999450683594,60.7400016784668,348.20001220703125,817.2587280273438,325.7717590332031,768.7501831054688,11256.8447265625,1950.859130859375,55.08000183105469,389.255126953125,,83.62000274658203,76.32349395751953,431.6851806640625,196.4739532470703,,2448.6650390625,40.02000045776367,,255.82266235351562,1778.52001953125,5384.572265625,27.508039474487305,7.671685218811035,14.439574241638184,338.0869140625,,3759.826416015625,54.80397415161133,21130.0,3181.110595703125,1493.750244140625,3385.906982421875,1036.36181640625,33.541900634765625,3934.557373046875,3080.243408203125,291.1023254394531,5.270561218261719,88.5970230102539,289.06304931640625,237.39999389648438,82.08000183105469,539.0,8182.0,12792.81640625,51.970001220703125,518.72265625,,360.28741455078125,152.24993896484375,71.62000274658203,94.64031219482422,514.7957763671875,12041.16015625,223.39999389648438,374.70001220703125,115.19999694824219,1080.0,1027.3218994140625,3435.0,4689.3427734375,5818.587890625,2128.03271484375,257.3243713378906,1164.0,79.26000213623047,226.1999969482422,325.055908203125,378.103271484375,78.53668212890625,2644.504150390625,224.23287963867188,173.06297302246094,,1454.0628662109375,253.90907287597656,434.7533264160156,50.22010803222656,,62.67271041870117,4762.57958984375,84.16210174560547,278.0,93.22000122070312,2695.809326171875,559.7999877929688
2025-09-24,2670.87060546875,669.3748168945312,3192.0,184.75,193.82000732421875,59.79999923706055,346.0,805.495361328125,318.5323791503906,766.150390625,11208.849609375,1993.3560791015625,54.119998931884766,385.005615234375,,84.81999969482422,75.6369400024414,438.2334289550781,196.87388610839844,,2463.662841796875,39.79999923706055,,250.7154998779297,1771.5218505859375,5319.57763671875,27.663013458251953,7.7653374671936035,14.702288627624512,330.03961181640625,,3731.827880859375,54.67464828491211,20960.0,3147.051513671875,1484.7518310546875,3337.908203125,1036.7615966796875,33.24915313720703,3870.564697265625,3125.232421875,284.98065185546875,5.237686634063721,87.93704986572266,291.9626770019531,237.1999969482422,82.36000061035156,524.5999755859375,8256.0,12802.5302734375,52.54999923706055,504.7432861328125,,360.4874267578125,153.59201049804688,71.27999877929688,94.941162109375,515.595458984375,12026.1650390625,231.10000610351562,367.1000061035156,118.0999984741211,1050.5,1034.820556640625,3454.0,4746.32275390625,5822.7529296875,2061.188720703125,252.1817626953125,1173.5,79.5,228.0,325.4557189941406,376.1037902832031,77.74726867675781,2672.4990234375,221.6380615234375,169.028076171875,,1452.0634765625,252.27272033691406,433.1535339355469,51.28413391113281,,62.84861755371094,4764.71826171875,84.40204620361328,272.5,93.12000274658203,2663.811767578125,553.7999877929688
2025-09-25,2678.8701171875,664.18115234375,3182.0,180.3000030517578,193.86000061035156,58.84000015258789,349.29998779296875,809.1838989257812,315.9539794921875,760.95068359375,10954.875,1998.355712890625,53.2599983215332,376.306640625,,84.81999969482422,75.84000396728516,440.0329284667969,195.8240509033203,,2473.66162109375,39.93000030517578,,250.90122985839844,1765.5234375,5314.578125,27.730815887451172,7.762410640716553,14.74704647064209,314.8390808105469,,3653.83154296875,54.465736389160156,20930.0,3100.342041015625,1470.2542724609375,3371.9072265625,1024.7666015625,33.060604095458984,3946.55615234375,3158.22412109375,282.6414794921875,5.258958339691162,88.5770263671875,292.7625732421875,234.8000030517578,81.37999725341797,518.0,8234.0,12535.40625,52.18000030517578,502.46295166015625,,354.2876281738281,152.29965209960938,71.0,95.10614013671875,504.9996643066406,12026.1650390625,230.6999969482422,366.1000061035156,117.6500015258789,1031.0,1029.8214111328125,3461.0,4914.26318359375,5785.267578125,2057.197998046875,247.42727661132812,1170.5,77.5199966430664,225.1999969482422,324.65606689453125,369.9053649902344,77.68950653076172,2698.493896484375,219.14112854003906,168.25025939941406,,1425.0716552734375,251.5454559326172,434.5533752441406,51.169105529785156,,62.96589660644531,4757.23291015625,84.88195037841797,267.0,92.22000122070312,2637.8134765625,553.4000244140625
2025-09-26,2694.869384765625,668.17626953125,3198.0,180.3000030517578,195.72000122070312,58.939998626708984,358.1000061035156,810.2804565429688,319.62322998046875,766.150390625,10998.87109375,2011.854736328125,53.65999984741211,382.5559387207031,,85.73999786376953,77.54000091552734,445.38153076171875,195.57408142089844,,2522.65478515625,40.65999984741211,,255.7298126220703,1748.528076171875,5269.58154296875,27.750186920166016,7.778995037078857,14.931920051574707,317.9189453125,,3691.82958984375,55.052677154541016,20770.0,3114.938720703125,1485.751708984375,3351.907958984375,1038.3609619140625,32.41556930541992,4021.547607421875,3174.22021484375,286.7723693847656,5.37595272064209,88.99701690673828,300.9615478515625,238.1999969482422,83.0,522.2000122070312,8300.0,12418.8427734375,53.31999969482422,511.28680419921875,,356.8875427246094,155.58026123046875,71.13999938964844,95.49433135986328,520.1936645507812,12186.1142578125,231.39999389648438,366.8999938964844,115.0999984741211,1032.5,1034.820556640625,3490.0,4829.79296875,5756.1123046875,2064.181640625,245.97183227539062,1182.5,78.31999969482422,225.14999389648438,330.25360107421875,372.1048278808594,77.97831726074219,2732.987548828125,223.9880828857422,169.66004943847656,,1448.5645751953125,256.1817932128906,441.3526306152344,52.00306701660156,,63.952945709228516,4717.66943359375,85.74176788330078,276.0,90.62000274658203,2705.80859375,562.0
2025-09-29,2754.866455078125,672.5708618164062,3314.0,181.10000610351562,195.77999877929688,59.040000915527344,356.3999938964844,822.9411010742188,321.5074768066406,776.9496459960938,11086.8623046875,2045.852294921875,54.31999969482422,380.756103515625,,85.55999755859375,77.44999694824219,434.4844055175781,193.32437133789062,,2517.655517578125,40.560001373291016,,253.59408569335938,1767.52294921875,5269.58154296875,27.87610626220703,7.786799430847168,14.675044059753418,324.9727478027344,,3705.8291015625,55.15215301513672,21080.0,3130.508544921875,1517.746337890625,3389.90673828125,1039.5604248046875,32.78770446777344,4024.54736328125,3150.22607421875,289.65899658203125,5.3720855712890625,93.01687622070312,303.86114501953125,238.8000030517578,82.80000305175781,519.7999877929688,8400.0,12365.41796875,53.88999938964844,518.6234741210938,,358.6875,156.3755645751953,72.08999633789062,96.12513732910156,518.794189453125,12316.072265625,223.5,365.04998779296875,116.8499984741211,1036.5,1048.3182373046875,3519.0,4913.263671875,5733.2041015625,2114.065185546875,248.49461364746094,1163.5,78.27999877929688,225.5500030517578,329.8537902832031,374.50421142578125,78.69070434570312,2695.49462890625,221.4911651611328,172.1393280029297,,1441.0667724609375,258.09088134765625,440.6527404785156,50.85276794433594,,62.19384765625,4690.93798828125,85.64179229736328,269.8999938964844,91.76000213623047,2679.810546875,563.7999877929688
2025-09-30,2784.864990234375,676.3661499023438,3352.0,181.10000610351562,197.39999389648438,59.2599983215332,356.3999938964844,825.5330200195312,323.8875427246094,788.14892578125,11180.8525390625,2058.851318359375,54.959999084472656,379.5562744140625,,85.55999755859375,77.33000183105469,425.63677978515625,191.12464904785156,,2528.654052734375,40.63999938964844,,251.55120849609375,1775.0208740234375,5304.57861328125,27.87610626220703,7.86874532699585,14.464872360229492,323.4825134277344,,3721.828369140625,55.3013801574707,19340.0,3145.105224609375,1574.23681640625,3449.9052734375,1044.5582275390625,32.78770446777344,4088.5400390625,3157.224609375,292.6949157714844,5.428165435791016,95.29680633544922,308.6605529785156,238.0,83.81999969482422,527.2000122070312,8516.0,12108.0068359375,53.88999938964844,516.0457153320312,,364.4873046875,153.3931884765625,73.06999969482422,97.16354370117188,521.3931274414062,12371.0556640625,225.0,368.5,113.55000305175781,1033.5,1040.819580078125,3557.0,4885.7734375,5953.9521484375,2078.149169921875,252.1817626953125,1190.0,78.55000305175781,225.5500030517578,333.85198974609375,375.9038391113281,79.40310668945312,2646.00390625,221.4911651611328,172.1879425048828,,1435.068603515625,257.4545593261719,445.45220947265625,49.58744430541992,,63.00498580932617,4704.83837890625,86.14168548583984,269.5,91.76000213623047,2731.806884765625,566.5999755859375
2025-10-01,2772.86572265625,675.1676025390625,3376.0,186.5500030517578,199.0800018310547,59.41999816894531,363.29998779296875,838.7918701171875,320.3174133300781,773.9498291015625,12434.7236328125,2036.85302734375,55.040000915527344,380.1562194824219,,85.80000305175781,78.33999633789062,427.63623046875,191.474609375,,2512.65625,40.63999938964844,,254.8012237548828,1789.5169677734375,5259.58251953125,28.27322769165039,7.949715614318848,14.581634521484375,320.998779296875,,3674.83056640625,55.91815948486328,19250.0,3128.562255859375,1671.220703125,3459.905029296875,1050.35595703125,33.29380798339844,4141.5341796875,3090.240966796875,294.13824462890625,5.50551700592041,101.79658508300781,308.5605773925781,235.89999389648438,83.41999816894531,534.5999755859375,8636.0,12277.9951171875,54.150001525878906,519.5157470703125,,366.187255859375,152.64759826660156,73.87999725341797,100.94837188720703,526.591064453125,12346.0634765625,231.60000610351562,366.3500061035156,117.0,1028.5,1041.8193359375,3498.0,4889.77197265625,5918.54931640625,2083.137451171875,273.9165344238281,1177.0,85.18000030517578,227.8000030517578,330.0537109375,377.303466796875,79.90370178222656,2679.99755859375,226.6318817138672,173.20880126953125,,1466.55908203125,259.45452880859375,429.6539001464844,50.27940368652344,,63.40566635131836,4674.8984375,86.18167114257812,270.0,92.91999816894531,2771.803955078125,570.2000122070312
2025-10-02,2764.865966796875,687.9518432617188,3332.0,186.25,202.0500030517578,59.939998626708984,362.29998779296875,874.8795776367188,326.4659423828125,776.3497314453125,12452.7216796875,2059.851318359375,55.34000015258789,380.25616455078125,,87.13999938964844,77.52999877929688,422.38763427734375,185.67538452148438,,2523.65478515625,40.560001373291016,,246.4440460205078,1794.515625,5254.5830078125,28.205427169799805,7.95751953125,14.474602699279785,329.7415466308594,,3519.837646484375,56.56478500366211,18775.0,3148.997802734375,1646.7247314453125,3501.90380859375,1043.1588134765625,33.97357940673828,4309.51513671875,3058.2490234375,300.3096923828125,5.39432430267334,102.89654541015625,310.7602844238281,236.5,83.76000213623047,542.4000244140625,8610.0,12248.8544921875,55.0099983215332,538.2540893554688,,368.087158203125,152.00140380859375,74.62999725341797,100.94837188720703,527.5906982421875,12431.0361328125,226.5,374.20001220703125,117.0,1033.0,1019.8231811523438,3467.0,4871.2783203125,5924.796875,2140.004638671875,275.8571472167969,1167.5,85.04000091552734,232.10000610351562,333.6520690917969,379.5029296875,80.5390853881836,2669.99951171875,236.1789093017578,173.35464477539062,,1442.0665283203125,256.0,452.3514709472656,49.68490219116211,,61.96907424926758,4687.72998046875,85.00192260742188,274.29998779296875,93.4000015258789,2816.0,569.4000244140625
2025-10-03,2812.86376953125,690.5487060546875,3268.0,187.60000610351562,203.5500030517578,61.34000015258789,361.5,877.371826171875,329.14349365234375,781.7493286132812,12648.701171875,2054.8515625,55.20000076293945,385.30560302734375,,86.41999816894531,78.0,423.6373291015625,184.52554321289062,,2539.652587890625,40.380001068115234,,250.6226348876953,1793.01611328125,5374.5732421875,28.15699577331543,8.007272720336914,14.503792762756348,338.0869140625,,3548.836181640625,56.594627380371094,18945.0,3156.78271484375,1628.2279052734375,3501.90380859375,1061.351318359375,33.879302978515625,4425.501953125,3039.25341796875,302.0018310546875,5.423331260681152,103.29653930664062,307.66070556640625,236.89999389648438,84.36000061035156,553.5999755859375,8606.0,12360.560546875,55.40999984741211,548.36669921875,,370.4870910644531,152.39906311035156,74.19999694824219,102.11294555664062,547.78271484375,12426.037109375,231.8000030517578,376.54998779296875,120.5999984741211,1049.0,1010.3248291015625,3455.0,4929.2578125,5897.72412109375,2155.967529296875,278.28289794921875,1168.5,86.80000305175781,230.14999389648438,334.8515625,393.69927978515625,80.86640167236328,2701.993408203125,236.1789093017578,175.5908660888672,,1466.55908203125,257.7272644042969,448.6518859863281,49.76287078857422,,62.38930130004883,4696.2841796875,84.40204620361328,275.79998779296875,93.27999877929688,2848.0,568.4000244140625
2025-10-06,2819.86328125,694.343994140625,3330.0,187.60000610351562,201.10000610351562,61.5,363.0,894.5184936523438,328.9451904296875,781.7493286132812,12724.693359375,2015.8544921875,55.63999938964844,381.05609130859375,,89.27999877929688,75.5,432.68487548828125,183.42567443847656,,2531.653564453125,39.439998626708984,,251.36550903320312,1759.525146484375,5329.57666015625,28.060136795043945,7.993615627288818,14.700342178344727,341.56414794921875,,3542.83642578125,56.365821838378906,18545.0,3143.158935546875,1615.7298583984375,3523.903076171875,1056.55322265625,33.81976318359375,4355.51025390625,3003.262451171875,305.4359436035156,5.339210510253906,104.54649353027344,301.6614685058594,236.60000610351562,84.33999633789062,557.2000122070312,8576.0,12311.9931640625,55.400001525878906,535.7754516601562,,374.9869384765625,152.39906311035156,74.37000274658203,102.67581939697266,545.7835083007812,12441.0322265625,225.39999389648438,374.0,122.3499984741211,1057.5,1038.8199462890625,3463.0,4989.23681640625,5866.48583984375,2103.0908203125,279.83538818359375,1154.5,85.77999877929688,231.60000610351562,334.4517517089844,392.69952392578125,81.28998565673828,2736.487060546875,238.1862335205078,174.61859130859375,,1448.064697265625,260.6363525390625,449.4517822265625,50.00651931762695,,62.07657241821289,4637.4736328125,84.06212615966797,275.70001220703125,92.86000061035156,2840.0,574.4000244140625
2025-10-07,2808.86376953125,688.151611328125,3314.0,187.0,202.4499969482422,60.599998474121094,364.29998779296875,872.0882568359375,328.0526428222656,787.7489624023438,12778.6884765625,1992.356201171875,55.7400016784668,378.70635986328125,,87.4800033569336,74.62999725341797,431.4852294921875,182.17584228515625,,2514.656005859375,39.13999938964844,,248.76548767089844,1778.0201416015625,5349.5751953125,28.137624740600586,7.967275142669678,14.764561653137207,338.5836486816406,,3531.837158203125,56.23649597167969,17390.0,3211.277099609375,1614.230224609375,3533.90283203125,1049.55615234375,33.28388595581055,4362.50927734375,3104.237548828125,302.9474792480469,5.327608108520508,101.99657440185547,299.6617126464844,235.5,83.30000305175781,540.2000122070312,8570.0,12277.9951171875,55.16999816894531,555.2077026367188,,378.7867736816406,151.40493774414062,74.48999786376953,102.05471801757812,538.3864135742188,12406.044921875,225.8000030517578,379.25,121.25,1040.5,1041.3194580078125,3396.0,4953.74951171875,5874.81640625,2110.074462890625,279.93243408203125,1153.5,84.83999633789062,235.0,332.45263671875,393.0994567871094,81.73282623291016,2778.47900390625,237.25601196289062,174.5213623046875,,1443.066162109375,259.5454406738281,448.3518981933594,49.577693939208984,,61.724754333496094,4657.7900390625,84.18209838867188,269.6000061035156,93.04000091552734,2780.0,574.7999877929688
2025-10-08,2899.859375,692.9456787109375,3312.0,187.0,205.3000030517578,61.34000015258789,371.1000061035156,849.1595458984375,330.0360107421875,778.9495239257812,12804.685546875,2028.853515625,56.040000915527344,382.7558898925781,,80.26000213623047,75.19999694824219,432.13507080078125,184.57553100585938,,2547.6513671875,39.83000183105469,,252.0155029296875,1792.5162353515625,5429.56884765625,28.331342697143555,8.023857116699219,14.873539924621582,343.7498474121094,,3584.834716796875,56.614524841308594,18050.0,3296.9111328125,1620.2291259765625,3567.90185546875,1065.5494384765625,32.807552337646484,4384.5068359375,3120.2333984375,305.23687744140625,5.358548641204834,101.09660339355469,297.36199951171875,236.5,86.37999725341797,544.7999877929688,8618.0,12146.861328125,53.560001373291016,570.5750732421875,,387.1865234375,151.05699157714844,74.95999908447266,103.35514831542969,549.9818115234375,12555.99609375,234.5,383.1000061035156,122.19999694824219,1038.5,1046.318603515625,3424.0,5045.216796875,5899.806640625,2149.9814453125,282.6492614746094,1152.5,84.58999633789062,237.1999969482422,333.4521789550781,392.69952392578125,82.79179382324219,2763.48193359375,240.1446075439453,168.29888916015625,,1479.055419921875,259.45452880859375,447.4519958496094,49.82134246826172,,62.96589660644531,4675.9677734375,84.62200164794922,269.5,91.31999969482422,2802.0,579.7999877929688
2025-10-09,2962.8564453125,696.341552734375,3330.0,191.39999389648438,204.64999389648438,60.619998931884766,369.0,847.165771484375,330.13519287109375,775.94970703125,12938.671875,2014.8546142578125,56.02000045776367,374.5068359375,,80.30000305175781,75.54000091552734,432.4849548339844,184.97547912597656,,2526.654296875,39.79999923706055,,250.9940643310547,1791.0166015625,5449.5673828125,28.331342697143555,8.06190299987793,14.963056564331055,350.4062805175781,,3535.8369140625,56.355873107910156,18425.0,3286.206787109375,1639.725830078125,3569.90185546875,1008.1736450195312,32.9266357421875,4388.50634765625,3093.240234375,304.9880065917969,5.325674057006836,97.85671997070312,296.5,236.1999969482422,83.5,544.2000122070312,8744.0,11690.322265625,53.16999816894531,554.41455078125,,386.7864990234375,152.24993896484375,74.9800033569336,103.47160339355469,542.78466796875,12501.0146484375,236.6999969482422,376.1499938964844,119.0,1034.5,1024.8223876953125,3380.0,5047.21630859375,5974.77783203125,2092.116455078125,284.8809814453125,1155.0,84.81999969482422,237.8000030517578,335.65118408203125,398.89794921875,82.77253723144531,2775.9794921875,241.3196258544922,168.44471740722656,,1454.562744140625,259.9090881347656,445.5,49.84083557128906,,62.06679916381836,4727.29345703125,85.40184020996094,268.0,91.31999969482422,2860.0,574.5999755859375
2025-10-10,2879.8603515625,691.14794921875,3388.0,187.5,202.0,58.119998931884766,367.3999938964844,811.3770751953125,328.15179443359375,767.5502319335938,12780.6884765625,1982.35693359375,56.18000030517578,372.45709228515625,,78.4800033569336,75.5,420.38818359375,184.62551879882812,,2548.6513671875,39.560001373291016,,256.5655212402344,1800.01416015625,5334.57666015625,28.709095001220703,8.122386932373047,14.550498008728027,335.40447998046875,,3529.837158203125,55.380958557128906,17940.0,3251.1748046875,1624.7283935546875,3493.904052734375,993.4799194335938,31.775493621826172,4327.51318359375,3142.22802734375,302.1511535644531,5.250256061553955,95.03681182861328,296.29998779296875,235.3000030517578,82.9000015258789,527.4000244140625,8780.0,11680.6083984375,53.20000076293945,541.3275146484375,,387.4864807128906,153.2937774658203,75.61000061035156,101.8606185913086,541.3851928710938,12461.0263671875,234.0,369.6499938964844,122.55000305175781,1008.5,1010.8247680664062,3378.0,4981.7392578125,6003.93310546875,2030.2608642578125,281.58197021484375,1138.5,83.33999633789062,230.5500030517578,332.45263671875,395.2988586425781,82.92656707763672,2695.49462890625,237.25601196289062,166.4029541015625,,1455.5623779296875,262.6363525390625,446.5,48.72979736328125,,60.982025146484375,4795.72705078125,85.42183685302734,267.0,89.16000366210938,2834.0,573.4000244140625
2025-10-13,2998.854736328125,694.343994140625,3350.0,188.75,202.35000610351562,58.599998474121094,368.6000061035156,841.3837890625,328.15179443359375,765.5503540039062,12722.6943359375,1951.359130859375,55.779998779296875,374.6568298339844,,79.13999938964844,75.44000244140625,421.88775634765625,183.2757110595703,,2556.650146484375,39.5099983215332,,252.38693237304688,1797.0150146484375,5364.57421875,28.515377044677734,8.144824981689453,14.568012237548828,335.6031494140625,,3522.83740234375,55.79878234863281,18690.0,3276.4755859375,1627.22802734375,3471.904541015625,991.6806030273438,32.336177825927734,4310.51513671875,3116.234375,302.6986389160156,5.298601150512695,95.61679077148438,296.8999938964844,238.6999969482422,83.68000030517578,529.4000244140625,8884.0,11850.5966796875,53.439998626708984,535.7754516601562,,396.586181640625,152.64759826660156,75.30000305175781,101.41419982910156,543.7843017578125,12381.0517578125,236.6999969482422,370.0,124.0,1009.5,1012.3245239257812,3400.0,5080.20458984375,5956.03515625,2037.2445068359375,281.48492431640625,1128.5,84.16000366210938,231.39999389648438,334.4517517089844,400.49755859375,82.6185073852539,2696.494384765625,240.97691345214844,168.1044158935547,,1449.564208984375,262.09088134765625,445.79998779296875,48.5787353515625,,61.12861633300781,4786.10400390625,84.362060546875,265.70001220703125,89.04000091552734,2848.0,568.7999877929688
2025-10-14,2914.858642578125,695.1430053710938,3370.0,187.0,203.3000030517578,58.880001068115234,369.70001220703125,843.9757080078125,328.5484924316406,769.150146484375,12736.6923828125,1954.35888671875,53.5,380.95611572265625,,78.5999984741211,75.75,416.2392883300781,183.2757110595703,,2556.650146484375,40.18000030517578,,252.85121154785156,1770.022216796875,5319.57763671875,28.525062561035156,8.239452362060547,14.303351402282715,333.318115234375,,3536.8369140625,55.659507751464844,18780.0,3289.126220703125,1637.226318359375,3455.905029296875,995.7788696289062,31.87969207763672,4351.5107421875,3092.240478515625,303.0967712402344,5.2898993492126465,94.67682647705078,298.8999938964844,241.39999389648438,84.18000030517578,523.4000244140625,8822.0,12108.0068359375,52.290000915527344,528.240478515625,,398.78607177734375,154.18849182128906,74.98999786376953,100.96778869628906,546.9830322265625,12630.97265625,234.39999389648438,368.5,119.4000015258789,1004.0,1025.8221435546875,3415.0,5080.20458984375,5943.5400390625,2021.2818603515625,277.70074462890625,1124.0,83.94000244140625,232.6999969482422,334.4517517089844,395.8987121582031,82.98432922363281,2685.49658203125,233.38824462890625,167.5210723876953,,1441.0667724609375,262.6363525390625,448.5,48.97344970703125,,61.49998092651367,4873.78466796875,85.14189910888672,264.20001220703125,90.08000183105469,2794.0,577.5999755859375
2025-10-15,2944.857177734375,707.3280029296875,3328.0,189.3000030517578,203.0,59.7599983215332,366.1000061035156,870.2938842773438,334.7961730957031,774.9497680664062,12642.7021484375,1900.86279296875,54.02000045776367,379.206298828125,,78.87999725341797,76.83000183105469,415.7893981933594,184.82550048828125,,2526.654296875,40.16999816894531,,252.7583770751953,1775.0208740234375,5279.58056640625,28.46694564819336,8.230672836303711,14.32475757598877,336.7953796386719,,3547.83642578125,56.13701629638672,18855.0,3349.459228515625,1627.7279052734375,3467.90478515625,988.2821044921875,32.261749267578125,4301.51611328125,3018.2587890625,307.62579345703125,5.2057785987854,95.01680755615234,301.8999938964844,240.5,84.86000061035156,536.7999877929688,8790.0,12282.8525390625,52.36000061035156,592.7833862304688,,397.7861022949219,154.8346710205078,76.12999725341797,100.96778869628906,545.9833984375,12850.90234375,238.39999389648438,380.04998779296875,120.69999694824219,1009.0,1023.822509765625,3373.0,5139.18359375,5974.77783203125,2169.934814453125,275.6631164550781,1112.5,84.27999877929688,234.1999969482422,337.05059814453125,394.6990051269531,83.75448608398438,2690.995361328125,235.64036560058594,170.7295379638672,,1436.0682373046875,262.09088134765625,444.8999938964844,50.78619384765625,,61.26543426513672,4819.251953125,85.42183685302734,265.20001220703125,90.19999694824219,2824.0,576.4000244140625
2025-10-16,2934.857666015625,697.7398071289062,3248.0,192.64999389648438,205.4499969482422,60.2400016784668,364.0,874.6802368164062,340.4488220214844,776.1497192382812,12552.7119140625,1907.8623046875,54.2400016784668,379.206298828125,,79.58000183105469,77.9800033569336,412.9401550292969,181.9758758544922,,2514.656005859375,40.20000076293945,,253.68695068359375,1802.0,5329.57666015625,28.709095001220703,8.330177307128906,14.367569923400879,327.0591125488281,,3560.835693359375,56.654319763183594,18680.0,3443.851318359375,1633.7269287109375,3479.904296875,988.6819458007812,33.00602340698242,4263.5205078125,2987.266357421875,306.6802062988281,5.288931846618652,96.23677062988281,303.1000061035156,238.60000610351562,84.4800033569336,548.2000122070312,8662.0,12375.130859375,52.72999954223633,597.0465698242188,,397.7861022949219,159.85499572753906,83.20999908447266,101.25892639160156,547.9826049804688,13105.8212890625,239.5,386.3500061035156,120.75,1002.0,1007.3253784179688,3356.0,5136.18505859375,6043.50146484375,2156.965087890625,276.82745361328125,1140.0,86.33000183105469,233.1999969482422,337.4504089355469,389.7002868652344,83.98552703857422,2675.998291015625,239.16542053222656,171.65318298339844,,1427.57080078125,261.1817932128906,443.1000061035156,51.2345085144043,,61.81270980834961,4908.001953125,85.9817123413086,268.20001220703125,89.94000244140625,2842.0,558.7999877929688
2025-10-17,2833.862548828125,693.34521484375,3256.0,191.39999389648438,200.39999389648438,59.52000045776367,347.79998779296875,872.9855346679688,337.9695739746094,773.9498291015625,12556.7109375,1831.3677978515625,52.68000030517578,357.7587585449219,,80.22000122070312,74.88999938964844,410.940673828125,184.4755401611328,,2536.653076171875,39.40999984741211,,253.1298065185547,1826.5,5304.57861328125,28.883441925048828,8.309691429138184,14.443465232849121,311.95794677734375,,3476.839599609375,56.17680740356445,18785.0,3474.017822265625,1624.7283935546875,3453.905029296875,963.8923950195312,32.21213150024414,4271.51953125,3005.261962890625,305.2866516113281,5.170970916748047,95.43679809570312,303.70001220703125,235.1999969482422,82.44000244140625,553.5999755859375,8534.0,12681.109375,53.369998931884766,600.5166015625,,401.9859924316406,157.76731872558594,84.83000183105469,101.14247131347656,532.1889038085938,13215.7861328125,242.3000030517578,390.6499938964844,119.75,966.2000122070312,991.2282104492188,3356.0,5048.2158203125,6153.875,2185.8974609375,275.2749938964844,1103.0,86.43000030517578,230.9499969482422,337.8502197265625,374.10430908203125,84.25508117675781,2690.49560546875,232.94760131835938,170.14617919921875,,1377.0860595703125,257.9999694824219,442.1000061035156,51.37095260620117,,60.1904296875,4988.1982421875,86.90151977539062,247.39999389648438,91.19999694824219,2786.0,555.2000122070312
2025-10-20,2894.859619140625,699.3378295898438,3244.0,194.89999389648438,203.6999969482422,59.91999816894531,351.1000061035156,896.2132568359375,340.34967041015625,781.9493408203125,12562.7099609375,1861.8656005859375,53.060001373291016,361.75830078125,,81.16000366210938,69.0999984741211,410.3408508300781,185.87535095214844,,2548.6513671875,39.119998931884766,,253.1298065185547,1834.0,5359.57421875,29.067474365234375,8.338958740234375,14.474602699279785,317.32281494140625,,3518.837646484375,56.932861328125,18580.0,3469.15234375,1633.22705078125,3475.904541015625,969.3900146484375,33.83960723876953,4298.5166015625,2984.26708984375,310.7613220214844,5.2811970710754395,95.47679901123047,303.0,234.3000030517578,83.0,553.0,8628.0,12797.6728515625,53.83000183105469,606.86181640625,,397.7861022949219,158.96026611328125,83.94999694824219,101.06483459472656,535.1876831054688,13075.8310546875,246.1999969482422,395.3500061035156,120.19999694824219,981.2000122070312,1006.3255615234375,3405.0,5128.1875,6133.0498046875,2212.834716796875,272.752197265625,1127.0,86.58000183105469,238.60000610351562,336.6507568359375,377.303466796875,84.54389953613281,2710.491943359375,238.1372833251953,170.68092346191406,,1389.582275390625,260.6363525390625,443.29998779296875,51.166290283203125,,61.900665283203125,4981.7822265625,86.76155090332031,255.89999389648438,91.62000274658203,2850.0,555.5999755859375
2025-10-21,2825.863037109375,691.5474853515625,3254.0,194.75,207.35000610351562,60.2599983215332,352.70001220703125,887.041748046875,359.4893798828125,796.9483642578125,12472.7197265625,1870.364990234375,52.52000045776367,364.2080383300781,,81.44000244140625,67.93000030517578,413.68994140625,186.22531127929688,,2574.647705078125,39.33000183105469,,254.33694458007812,1835.5,5424.5693359375,29.028730392456055,8.355542182922363,14.497955322265625,322.1909484863281,,3547.83642578125,56.9925537109375,18750.0,3488.614501953125,1645.2249755859375,3465.90478515625,984.5836181640625,34.97090530395508,4325.513671875,2952.27490234375,309.6663818359375,5.302468776702881,98.3366928100586,298.79998779296875,236.3000030517578,83.33999633789062,558.4000244140625,8656.0,12428.5556640625,54.16999816894531,611.5216064453125,,398.2861022949219,159.55674743652344,82.56999969482422,101.47242736816406,537.3867797851562,12945.8720703125,250.5,398.0,119.5,988.0,1014.3241577148438,3465.0,5095.19921875,6118.47216796875,2244.76025390625,272.4610900878906,1134.5,86.29000091552734,240.39999389648438,337.8502197265625,376.903564453125,84.67867279052734,2716.49072265625,236.8643341064453,171.36151123046875,,1387.5828857421875,260.6363525390625,442.79998779296875,51.312477111816406,,61.60748291015625,4957.18896484375,86.66156768798828,258.3999938964844,91.30000305175781,2874.0,561.2000122070312
2025-10-22,2814.863525390625,679.9617309570312,3296.0,189.1999969482422,205.8000030517578,60.91999816894531,351.70001220703125,867.4027709960938,356.91094970703125,809.947509765625,12538.712890625,1870.864990234375,52.540000915527344,381.95599365234375,,80.4800033569336,68.37000274658203,421.2879333496094,187.87509155273438,,2621.641357421875,39.34000015258789,,253.3155059814453,1851.0,5459.56640625,29.08684730529785,8.27359676361084,14.717857360839844,320.1046447753906,,3558.835693359375,56.45535659790039,18885.0,3472.071533203125,1652.2237548828125,3481.904296875,990.6810302734375,33.948768615722656,4363.50927734375,2992.26513671875,310.6119689941406,5.268627166748047,100.14663696289062,307.5,242.1999969482422,84.4800033569336,560.0,8720.0,12506.2646484375,52.959999084472656,617.8668823242188,,405.8858337402344,159.35792541503906,81.83999633789062,101.7635726928711,544.5839233398438,13235.7802734375,247.8000030517578,371.3500061035156,117.94999694824219,986.0,1017.8235473632812,3508.0,5203.1611328125,6118.47216796875,2193.87890625,272.1700134277344,1102.5,86.72000122070312,236.85000610351562,342.6481018066406,378.903076171875,85.2947998046875,2760.482421875,236.96226501464844,171.99346923828125,,1396.080322265625,263.2727355957031,448.20001220703125,51.682823181152344,,60.180660247802734,4975.36669921875,88.2412338256836,256.3999938964844,89.30000305175781,2856.0,565.4000244140625
2025-10-23,2864.861083984375,690.7484130859375,3304.0,189.85000610351562,207.25,60.939998626708984,350.20001220703125,884.9483032226562,358.795166015625,815.9471435546875,12494.7177734375,1871.5,52.900001525878906,386.65545654296875,,80.37999725341797,68.72000122070312,436.83380126953125,186.87521362304688,,2589.645751953125,39.38999938964844,,254.61553955078125,1826.0,5554.55908203125,28.38945770263672,8.313593864440918,15.165444374084473,320.50201416015625,,3637.832275390625,56.7537956237793,18885.0,3448.716796875,1646.224853515625,3517.9033203125,992.3803100585938,33.16480255126953,4353.51025390625,3020.25830078125,311.80645751953125,5.269594192504883,100.24663543701172,311.1000061035156,238.39999389648438,85.45999908447266,574.0,9346.0,12812.2431640625,53.20000076293945,615.4873657226562,,404.3858947753906,159.00997924804688,80.63999938964844,101.43360900878906,545.3836059570312,13150.806640625,247.0,375.25,117.55000305175781,978.7999877929688,1020.3231201171875,3448.0,5299.12744140625,6143.462890625,2188.890625,263.5343017578125,1108.5,86.61000061035156,242.0,340.64898681640625,371.90484619140625,87.12391662597656,2839.967529296875,234.6611785888672,172.04208374023438,,1401.57861328125,262.6363525390625,445.6000061035156,52.72563934326172,,60.95270538330078,5009.583984375,87.94129943847656,258.0,89.36000061035156,2926.0,568.2000122070312
2025-10-24,2862.861328125,696.341552734375,3324.0,187.39999389648438,208.4499969482422,61.119998931884766,352.79998779296875,891.6275634765625,358.6960144042969,814.1472778320312,12530.7138671875,1861.5,53.34000015258789,388.2552490234375,,81.16000366210938,68.4800033569336,434.8343505859375,186.9252166748047,,2636.63916015625,39.400001525878906,,252.7583770751953,1811.0,5649.55126953125,28.089195251464844,8.280425071716309,15.408699035644531,325.27081298828125,,3653.83154296875,,18865.0,3441.905029296875,1619.729248046875,3577.901611328125,1003.5756225585938,33.239227294921875,4436.5009765625,3005.261962890625,314.1456298828125,5.2811970710754395,100.69661712646484,316.8999938964844,240.6999969482422,85.86000061035156,586.5999755859375,9796.0,12700.537109375,53.75,607.2584228515625,,407.7857666015625,158.1152801513672,80.11000061035156,101.00660705566406,572.1730346679688,13430.7177734375,245.89999389648438,374.70001220703125,118.69999694824219,997.2000122070312,1037.3201904296875,3506.0,5323.11865234375,6130.96728515625,2188.890625,263.1462097167969,1121.0,88.79000091552734,233.35000610351562,343.8475646972656,377.303466796875,87.89408111572266,2850.465576171875,238.52896118164062,171.11843872070312,,1424.57177734375,260.81817626953125,455.3999938964844,52.540470123291016,,59.93634033203125,5013.86083984375,88.76112365722656,260.5,90.5199966430664,2958.0,567.7999877929688
2025-10-27,2831.86279296875,700.736083984375,3300.0,187.35000610351562,208.60000610351562,60.5,356.29998779296875,905.2850341796875,359.5885314941406,809.947509765625,12544.7119140625,1863.5,53.2400016784668,,,81.5199966430664,69.19000244140625,435.884033203125,186.72525024414062,,2612.642578125,39.61000061035156,,255.5441131591797,1785.0,5634.552734375,28.089195251464844,8.346761703491211,15.511838912963867,332.5233459472656,,3678.830322265625,57.18156433105469,18315.0,3377.6796875,1639.725830078125,3585.9013671875,1003.5756225585938,34.028160095214844,4458.49853515625,3004.26220703125,316.7834167480469,5.376919746398926,99.37666320800781,311.6000061035156,243.6999969482422,87.83999633789062,578.5999755859375,9842.0,13025.9423828125,53.9900016784668,606.2669677734375,,408.2857360839844,159.6561737060547,79.9000015258789,100.11377716064453,582.96875,13405.7255859375,240.0,375.6499938964844,119.80000305175781,999.7999877929688,1045.3187255859375,3510.0,,6133.0498046875,2201.8603515625,259.45904541015625,,88.12999725341797,235.5500030517578,346.4464416503906,381.70233154296875,87.72079467773438,2831.46923828125,241.66233825683594,163.8264617919922,,1470.05810546875,262.272705078125,458.79998779296875,52.40402603149414,,61.314300537109375,4991.4052734375,89.04106140136719,261.1000061035156,91.36000061035156,2954.0,574.0
2025-10-28,2890.85986328125,702.533935546875,3292.0,184.39999389648438,207.75,59.459999084472656,357.3999938964844,906.183837890625,359.6877136230469,809.3475952148438,12404.7265625,1882.5,52.97999954223633,404.4034118652344,,81.23999786376953,66.73999786376953,433.58465576171875,184.1755828857422,,2597.64453125,39.70000076293945,,257.86553955078125,1777.5,5629.55322265625,28.098880767822266,8.453096389770508,15.45734977722168,327.8538818359375,,3634.832275390625,57.16167068481445,18065.0,3321.239013671875,1643.7252197265625,3587.9013671875,1049.7559814453125,34.0083122253418,4446.5,3018.2587890625,315.1410217285156,5.42429780960083,99.09667205810547,312.3999938964844,241.60000610351562,87.86000061035156,570.2000122070312,9662.0,13278.49609375,54.650001525878906,609.3404541015625,,402.9859619140625,159.4076385498047,79.36000061035156,95.95045471191406,581.9691162109375,13400.7275390625,231.60000610351562,370.45001220703125,119.9000015258789,992.0,1055.8170166015625,3498.0,5406.08935546875,6126.80224609375,2195.874267578125,253.34613037109375,1146.0,87.25,234.10000610351562,345.8466796875,381.70233154296875,86.91212463378906,2832.468994140625,241.12379455566406,154.15243530273438,,1499.5491943359375,262.9999694824219,459.0,52.12139129638672,,61.724754333496094,4951.84228515625,92.980224609375,260.70001220703125,91.44000244140625,2982.0,573.0
2025-10-29,2953.85693359375,699.3378295898438,3268.0,165.25,208.39999389648438,59.41999816894531,354.29998779296875,918.1677856445312,358.39849853515625,793.548583984375,12558.7109375,1869.5,53.619998931884766,405.0033264160156,,82.0999984741211,66.94000244140625,441.43255615234375,183.2757110595703,,2535.653076171875,39.22999954223633,,259.8155212402344,1755.5,5599.55517578125,27.25620460510254,8.49699592590332,15.531299591064453,325.7675476074219,,3565.83544921875,57.16167068481445,18095.0,3252.14794921875,1751.707275390625,3553.90234375,1072.9462890625,34.112510681152344,4445.5,3043.25244140625,313.299560546875,5.484245300292969,98.31670379638672,313.1000061035156,240.6999969482422,88.58000183105469,565.5999755859375,9468.0,13497.052734375,57.040000915527344,613.5045166015625,,406.28582763671875,160.55087280273438,78.47000122070312,95.59137725830078,585.1679077148438,14575.3525390625,231.5,368.29998779296875,119.0,990.0,1058.81640625,3396.0,5544.04052734375,6101.8115234375,2176.91845703125,252.6669158935547,1159.5,87.91999816894531,224.3000030517578,344.24737548828125,380.9025573730469,87.31645202636719,2874.961181640625,240.6342010498047,153.7149200439453,,1515.54443359375,263.2727355957031,457.1000061035156,52.76462173461914,,62.22316360473633,4929.3876953125,90.92066955566406,262.29998779296875,92.0,2990.0,569.0
2025-10-30,2909.85888671875,703.53271484375,3298.0,167.4499969482422,212.6999969482422,59.7400016784668,356.1000061035156,936.2434692382812,357.90264892578125,808.74755859375,12544.7119140625,1860.5,54.02000045776367,405.8032531738281,,81.37999725341797,66.47000122070312,447.7309265136719,183.3756866455078,,2535.653076171875,39.34000015258789,,260.6512756347656,1733.0,5594.5556640625,26.58787727355957,8.580892562866211,15.490432739257812,325.3701477050781,,3554.8359375,57.10198211669922,17865.0,3235.60498046875,1782.701904296875,3555.90234375,1069.347900390625,34.16212844848633,4441.50048828125,3031.25537109375,314.8921813964844,5.514219284057617,95.0,313.1000061035156,239.89999389648438,88.81999969482422,558.4000244140625,9468.0,12977.375,56.43000030517578,604.8789672851562,,401.7859802246094,162.29058837890625,77.44999694824219,95.96015167236328,588.1666870117188,14515.3720703125,220.0,367.3500061035156,116.5999984741211,987.7999877929688,1062.3157958984375,3374.0,5481.06298828125,6068.49169921875,2172.927734375,253.92832946777344,1168.0,88.06999969482422,225.85000610351562,347.8457946777344,381.9023132324219,87.52825164794922,2882.459716796875,241.85816955566406,152.74266052246094,,1570.52783203125,264.2727355957031,462.8999938964844,52.27732467651367,,61.71498107910156,4925.11083984375,91.30058288574219,261.3999938964844,90.23999786376953,2980.0,568.7999877929688
2025-10-31,2874.860595703125,704.5314331054688,3276.0,163.8000030517578,213.39999389648438,59.79999923706055,348.20001220703125,916.8694458007812,355.720947265625,780.3494873046875,12468.7197265625,1871.0,54.20000076293945,406.9530944824219,,80.72000122070312,67.05999755859375,442.182373046875,185.72537231445312,,2520.655029296875,37.630001068115234,,268.6369934082031,1750.0,5609.5546875,26.04546356201172,8.557480812072754,15.513785362243652,327.4565124511719,,3546.83642578125,56.76374816894531,17535.0,3209.330810546875,1780.202392578125,3545.902587890625,1062.9505615234375,34.05792999267578,4399.5048828125,3024.25732421875,312.1050720214844,5.39142370223999,93.18000030517578,308.79998779296875,237.8000030517578,89.08000183105469,554.2000122070312,9486.0,12972.517578125,56.209999084472656,606.86181640625,,397.7861022949219,161.34617614746094,76.87999725341797,96.33863830566406,583.7684326171875,14295.4423828125,219.10000610351562,362.6499938964844,115.80000305175781,982.4000244140625,1054.817138671875,3357.0,5484.06201171875,6055.99658203125,2143.995361328125,251.21145629882812,1167.0,87.5999984741211,224.4499969482422,341.4486389160156,379.3029479980469,87.23944854736328,2846.96630859375,240.43836975097656,152.83987426757812,,1559.0313720703125,262.7272644042969,459.3999938964844,52.57945251464844,,62.574981689453125,4906.9326171875,92.12040710449219,262.0,90.22000122070312,2960.0,559.0
2025-11-03,2798.8642578125,695.7422485351562,3256.0,162.14999389648438,214.14999389648438,58.959999084472656,353.0,925.2582397460938,356.216796875,778.74951171875,12362.7314453125,1863.5,54.119998931884766,406.55316162109375,,81.54000091552734,66.0,447.2810363769531,182.97573852539062,,2499.657958984375,37.77000045776367,,269.5655822753906,1776.5,5599.55517578125,25.81300163269043,8.598453521728516,15.521568298339844,324.07861328125,,3543.83642578125,56.89306640625,17635.0,3166.513671875,1756.706298828125,3579.901611328125,1068.5482177734375,34.3457145690918,4384.5068359375,3057.2490234375,313.4488525390625,5.3633832931518555,90.08000183105469,304.8999938964844,241.39999389648438,89.4000015258789,539.2000122070312,9512.0,13069.654296875,57.310001373291016,611.5216064453125,,388.4864501953125,161.4952850341797,77.69999694824219,96.56185150146484,584.7680053710938,14305.4384765625,209.39999389648438,361.8500061035156,115.19999694824219,971.0,1070.8143310546875,3351.0,5358.1064453125,6049.7490234375,2111.072265625,251.79364013671875,1165.0,86.94000244140625,228.85000610351562,335.4512939453125,385.7013244628906,87.72079467773438,2840.96728515625,242.05401611328125,147.0063018798828,,1580.52490234375,263.5454406738281,454.0,52.423519134521484,,62.81930160522461,4915.48681640625,87.3414306640625,258.20001220703125,92.30000305175781,2920.0,555.2000122070312
2025-11-04,2750.86669921875,686.9530639648438,3202.0,157.75,212.85000610351562,60.720001220703125,353.79998779296875,916.7696533203125,353.5391845703125,769.5501098632812,12526.7138671875,1850.0,53.720001220703125,406.253173828125,,80.30000305175781,66.0,453.02947998046875,179.9261474609375,,2518.655517578125,37.869998931884766,,268.6369934082031,1787.0,5529.56103515625,25.783945083618164,8.737956047058105,15.480701446533203,323.3831481933594,,3569.835205078125,56.76374816894531,16980.0,3185.97607421875,1789.200927734375,3543.902587890625,1074.5455322265625,33.92892074584961,4362.50927734375,3076.244384765625,312.7023010253906,5.389489650726318,85.80000305175781,307.0,239.89999389648438,88.9000015258789,540.0,9648.0,12855.955078125,56.2400016784668,605.9695434570312,,384.4866027832031,161.19705200195312,78.9000015258789,98.48338317871094,585.967529296875,14180.478515625,210.89999389648438,364.04998779296875,113.0999984741211,959.0,1068.814697265625,3377.0,5270.1376953125,6118.47216796875,2079.146728515625,256.1600036621094,1147.5,86.30999755859375,226.0500030517578,332.8524475097656,385.10150146484375,88.37542724609375,2837.468017578125,239.116455078125,145.35345458984375,,1593.52099609375,265.7272644042969,460.5,52.238338470458984,,62.79975891113281,4952.91162109375,86.58158874511719,257.70001220703125,91.18000030517578,2880.0,562.2000122070312
2025-11-05,2794.864501953125,681.5597534179688,3242.0,159.25,212.35000610351562,59.84000015258789,356.29998779296875,905.3848876953125,353.5391845703125,773.9498291015625,12448.7216796875,1848.5,54.2400016784668,405.7032470703125,,85.80000305175781,65.9800033569336,461.17730712890625,179.9261474609375,,2541.65234375,38.11000061035156,,269.84417724609375,1797.5,5559.55859375,25.774259567260742,8.717469215393066,15.537137031555176,320.4026794433594,,3605.833740234375,56.8333854675293,16385.0,3230.7392578125,1787.701171875,3571.90185546875,1085.341064453125,33.98846435546875,4357.509765625,3139.22900390625,315.0414733886719,5.4213972091674805,84.5999984741211,309.79998779296875,241.6999969482422,89.55999755859375,538.4000244140625,9734.0,13181.3603515625,58.22999954223633,607.5558471679688,,384.986572265625,155.92820739746094,79.04000091552734,98.58042907714844,588.1666870117188,14370.41796875,208.39999389648438,362.5,113.0999984741211,961.4000244140625,1082.3123779296875,3417.0,5276.13525390625,6130.96728515625,2093.1142578125,257.22735595703125,1157.0,85.2300033569336,227.9499969482422,337.05059814453125,388.5006103515625,88.66423034667969,2862.963134765625,239.89981079101562,148.31886291503906,,1583.52392578125,265.0909118652344,466.29998779296875,52.31631088256836,,62.93657684326172,4972.15869140625,86.90151977539062,263.5,93.4000015258789,2894.0,567.5999755859375
2025-11-06,2813.863525390625,669.9739990234375,3216.0,159.35000610351562,208.64999389648438,59.36000061035156,353.29998779296875,894.1000366210938,352.9441833496094,798.5482177734375,12832.6826171875,1811.0,54.20000076293945,409.7527770996094,,84.30000305175781,65.33999633789062,458.5780334472656,181.4259490966797,,2492.658935546875,37.779998779296875,,271.88702392578125,1680.0,5364.57421875,25.522424697875977,8.674545288085938,15.517677307128906,319.01177978515625,,3515.837890625,56.2066535949707,16350.0,3225.873779296875,1778.2027587890625,3427.90576171875,1088.4150390625,33.66098403930664,4244.5224609375,3172.220703125,313.20001220703125,5.39142370223999,83.76000213623047,310.5,241.5,91.13999938964844,531.5999755859375,9478.0,12477.1240234375,58.189998626708984,594.8654174804688,,389.08642578125,159.45733642578125,78.88999938964844,98.91038513183594,600.561767578125,14385.4130859375,199.1999969482422,354.25,115.4000015258789,942.2000122070312,1079.3128662109375,3316.0,5257.14208984375,6083.06884765625,2038.2421875,257.3243713378906,1131.5,85.61000061035156,217.9499969482422,355.642333984375,387.9007568359375,87.41272735595703,2849.4658203125,236.57058715820312,148.12440490722656,,1608.5164794921875,266.6363525390625,474.3999938964844,51.887489318847656,,62.05702590942383,4911.646484375,87.14147186279297,261.20001220703125,92.81999969482422,2904.0,565.2000122070312
2025-11-07,2764.865966796875,667.177490234375,3244.0,159.35000610351562,208.0500030517578,59.02000045776367,353.29998779296875,869.6328735351562,352.25,751.1513671875,12898.67578125,1807.0,54.36000061035156,404.65338134765625,,84.30000305175781,65.48999786376953,458.5780334472656,179.32623291015625,,2504.6572265625,37.5099983215332,,270.2156066894531,1726.5,5319.57763671875,25.522424697875977,8.64723014831543,15.502108573913574,317.0247802734375,,3404.843017578125,55.78883743286133,16670.0,3263.8251953125,1768.2044677734375,3391.90673828125,1070.42138671875,33.66098403930664,4206.52685546875,3170.22119140625,312.6000061035156,5.3875555992126465,84.45999908447266,310.0,241.1999969482422,90.5999984741211,530.4000244140625,9270.0,12535.40625,58.189998626708984,598.0380249023438,,382.38665771484375,158.2146759033203,79.12000274658203,98.98802947998047,598.5625610351562,14280.447265625,197.0,354.45001220703125,117.55000305175781,942.5999755859375,1068.3148193359375,3194.0,5224.15380859375,6101.8115234375,2053.207275390625,260.4293212890625,1138.5,85.44000244140625,217.9499969482422,349.0452880859375,383.30194091796875,87.12391662597656,2848.466064453125,236.57058715820312,147.9785614013672,,1599.5191650390625,263.2727355957031,474.29998779296875,52.21885299682617,,61.55862045288086,4938.380859375,88.34121704101562,261.1000061035156,92.81999969482422,2888.0,566.5999755859375
2025-11-10,2799.8642578125,671.7717895507812,3254.0,157.6999969482422,211.10000610351562,59.5,356.79998779296875,885.5115966796875,352.8999938964844,750.9513549804688,13124.65234375,1822.0,56.0,417.2019348144531,,86.91999816894531,67.0,464.02655029296875,177.07652282714844,,2478.660888671875,37.939998626708984,,271.794189453125,1816.5,5389.572265625,25.85174560546875,8.68527603149414,15.714225769042969,326.2642822265625,,3454.840576171875,56.78364562988281,17595.0,3280.3681640625,1771.703857421875,3409.90625,1088.614990234375,33.09037780761719,4301.51611328125,3178.21923828125,315.45001220703125,5.579001426696777,84.76000213623047,312.3999938964844,243.8000030517578,92.91999816894531,534.0,9072.0,12375.130859375,58.45000076293945,612.6122436523438,,389.98638916015625,159.9543914794922,79.41999816894531,99.18212127685547,608.9584350585938,14470.3857421875,207.10000610351562,353.95001220703125,122.4000015258789,953.0,1076.8133544921875,3180.0,5299.12744140625,6112.224609375,2081.14208984375,270.6175231933594,1161.0,86.80999755859375,216.25,350.844482421875,389.1004638671875,87.22018432617188,2868.962158203125,240.58523559570312,148.0271759033203,,1633.5089111328125,266.1817932128906,475.6000061035156,52.66716384887695,,64.10930633544922,4907.36865234375,88.90109252929688,264.1000061035156,95.69999694824219,2904.0,570.0
2025-11-11,2861.861328125,675.567138671875,3250.0,162.3000030517578,211.0,61.70000076293945,359.0,885.7113647460938,358.5,729.352783203125,13464.6181640625,1799.0,57.86000061035156,422.8013000488281,,87.31999969482422,67.55000305175781,476.02337646484375,180.37608337402344,,2526.654296875,38.189998626708984,,275.8799133300781,1851.0,5444.56787109375,26.219810485839844,8.736004829406738,16.019752502441406,336.497314453125,,3478.839599609375,57.420318603515625,17570.0,3343.62060546875,1824.195068359375,3429.90576171875,1099.0113525390625,33.62129211425781,4210.5263671875,3223.208251953125,320.3500061035156,5.6534528732299805,86.31999969482422,307.29998779296875,246.10000610351562,94.62000274658203,552.7999877929688,9186.0,12379.98828125,58.77000045776367,627.48388671875,,372.1870422363281,162.439697265625,81.26000213623047,101.00660705566406,617.5549926757812,14575.3525390625,213.0,356.70001220703125,121.4000015258789,980.5999755859375,1089.3111572265625,3227.0,5322.119140625,6143.462890625,2157.962890625,280.1264953613281,1152.5,89.05000305175781,217.0500030517578,343.8475646972656,392.29962158203125,88.2791519165039,2930.950439453125,242.24984741210938,152.74266052246094,,1630.5098876953125,268.18182373046875,461.8999938964844,53.934139251708984,,65.12567138671875,4928.75634765625,96.29952239990234,267.79998779296875,97.63999938964844,2900.0,575.5999755859375
2025-11-12,2891.85986328125,680.3612670898438,3218.0,164.8000030517578,212.0,64.05999755859375,361.0,890.604736328125,361.79998779296875,702.554443359375,13516.6123046875,1792.0,58.13999938964844,429.00054931640625,,89.05999755859375,69.29000091552734,467.7255859375,178.72630310058594,,2490.6591796875,38.540000915527344,,281.2656555175781,1855.0,5459.56640625,26.452272415161133,8.719420433044434,15.98667049407959,338.48431396484375,,3322.8466796875,58.06694030761719,17810.0,3353.351806640625,1823.1951904296875,3465.90478515625,1117.0048828125,35.94838333129883,4068.542236328125,3229.206787109375,321.6499938964844,5.743374347686768,85.26000213623047,310.20001220703125,243.6999969482422,95.16000366210938,554.5999755859375,8916.0,12219.7138671875,59.439998626708984,641.6614990234375,,364.88726806640625,164.52735900878906,81.6500015258789,101.60829162597656,624.1524047851562,14200.47265625,217.10000610351562,356.8999938964844,126.94999694824219,975.0,1094.8101806640625,3136.0,5408.0888671875,6135.13232421875,2194.876708984375,281.7760009765625,1152.5,90.12999725341797,218.39999389648438,340.64898681640625,394.6990051269531,89.18408966064453,2908.454833984375,245.18739318847656,153.42324829101562,,1641.506591796875,271.81817626953125,452.70001220703125,53.89515686035156,,66.5134048461914,4927.68701171875,94.85982513427734,268.3999938964844,98.5999984741211,2906.0,577.5999755859375
2025-11-13,2861.861328125,664.7803955078125,3150.0,164.8000030517578,210.25,62.880001068115234,361.0,880.3185424804688,356.5,691.9551391601562,13492.615234375,1806.5,59.119998931884766,427.2007751464844,,89.05999755859375,69.58999633789062,459.9889831542969,179.42620849609375,,2459.66357421875,38.95000076293945,,279.68707275390625,1818.0,5324.5771484375,26.413530349731445,8.736980438232422,16.013916015625,331.1324157714844,,3356.84521484375,57.59938430786133,15540.0,3366.002197265625,1810.356201171875,3381.906982421875,1119.60400390625,35.94838333129883,3359.6220703125,3199.21435546875,320.6000061035156,5.782050132751465,84.0999984741211,308.0,241.10000610351562,94.12000274658203,552.5999755859375,8786.0,12088.580078125,59.439998626708984,631.3504638671875,,362.5873718261719,164.67648315429688,81.08999633789062,102.61758422851562,622.952880859375,14265.4521484375,218.5,359.1000061035156,124.44999694824219,959.7999877929688,1086.8116455078125,3140.0,5409.08837890625,6076.8212890625,2158.96044921875,281.2908630371094,1120.5,90.44000244140625,218.39999389648438,326.6000061035156,397.4983215332031,88.66423034667969,2859.22802734375,222.27452087402344,151.28427124023438,,1646.005126953125,270.45452880859375,451.29998779296875,54.762542724609375,,65.94658660888672,4880.63427734375,95.3597183227539,267.70001220703125,98.9800033569336,2818.0,578.4000244140625
2025-11-14,2849.86181640625,670.7730102539062,3154.0,161.64999389648438,206.5,61.70000076293945,367.6000061035156,872.928466796875,355.70001220703125,690.9552001953125,13530.611328125,1807.0,57.5,413.4523620605469,,88.73999786376953,68.83000183105469,460.7388916015625,176.4766082763672,,2420.6689453125,38.4900016784668,,273.8370361328125,1793.5,5274.5810546875,26.384471893310547,8.759418487548828,16.02948570251465,332.8213806152344,,3341.845703125,57.10198211669922,15230.0,3305.669189453125,1783.8583984375,3363.907470703125,1104.009521484375,35.025482177734375,3334.625,3150.22607421875,319.1000061035156,5.603174209594727,82.4000015258789,295.6000061035156,237.6999969482422,91.5,544.4000244140625,8764.0,12316.849609375,59.560001373291016,631.5487670898438,,353.68768310546875,162.191162109375,80.30999755859375,101.33656311035156,600.561767578125,14135.4931640625,225.0,359.0,123.94999694824219,952.2000122070312,1081.8125,3126.0,5392.09423828125,6091.3994140625,2150.97900390625,277.60369873046875,1106.0,89.58999633789062,211.10000610351562,322.0,394.29913330078125,88.20214080810547,2857.72802734375,225.55479431152344,150.9439697265625,,1612.5152587890625,266.45452880859375,438.3999938964844,54.80152893066406,,63.01476287841797,4780.11279296875,93.92002868652344,266.5,97.66000366210938,2814.0,572.2000122070312
2025-11-17,2793.864501953125,670.7730102539062,3176.0,160.0,207.3000030517578,61.400001525878906,362.20001220703125,875.2254028320312,351.6000061035156,676.55615234375,13590.6044921875,1805.0,57.58000183105469,410.7526550292969,,87.0,68.30000305175781,463.53851318359375,178.6763153076172,,2443.665771484375,38.2400016784668,,271.9798889160156,1777.5,5259.58251953125,26.384471893310547,8.859898567199707,16.087865829467773,324.8734130859375,,3288.84814453125,56.614524841308594,14730.0,3232.685546875,1799.357177734375,3351.907958984375,1093.013427734375,34.11747360229492,3398.61767578125,3152.2255859375,315.20001220703125,5.5374250411987305,78.5,293.79998779296875,237.39999389648438,90.83999633789062,539.4000244140625,8662.0,12195.4296875,58.52000045776367,618.6600341796875,,343.18804931640625,160.40176391601562,79.87000274658203,102.65640258789062,597.9627685546875,13815.5947265625,217.8000030517578,354.54998779296875,131.0,932.4000244140625,1067.31494140625,3086.0,5396.0927734375,6135.13232421875,2120.05126953125,278.6710510253906,1094.5,89.88999938964844,207.0,318.20001220703125,387.1009826660156,87.45123291015625,2857.72802734375,218.3577880859375,147.73548889160156,,1597.519775390625,264.2727355957031,437.5,55.09390640258789,,62.55543899536133,4775.83544921875,93.60009765625,263.8999938964844,96.36000061035156,2796.0,568.2000122070312
2025-11-18,2721.8681640625,641.4092407226562,3168.0,153.89999389648438,204.14999389648438,59.939998626708984,359.6000061035156,864.4398193359375,343.20001220703125,672.556396484375,13564.607421875,1805.0,56.0,399.7539367675781,,84.66000366210938,66.69000244140625,458.4891662597656,176.97653198242188,,2449.664794921875,37.86000061035156,,264.55126953125,1731.5,5289.580078125,26.064836502075195,8.784782409667969,15.889369010925293,315.4351806640625,,3289.84814453125,55.530181884765625,14670.0,3211.277099609375,1786.858154296875,3333.908447265625,1055.6265869140625,32.733123779296875,3275.631591796875,3228.20703125,307.8999938964844,5.374019145965576,77.0,291.29998779296875,234.8000030517578,89.08000183105469,529.2000122070312,8518.0,12098.2939453125,56.529998779296875,606.0686645507812,,342.2880554199219,157.81703186035156,79.26000213623047,98.98802947998047,584.1682739257812,13820.5927734375,179.89999389648438,351.75,126.3499984741211,916.0,1044.81884765625,3057.0,5286.1318359375,6060.1611328125,2075.156005859375,297.5919494628906,1073.5,87.58000183105469,205.35000610351562,318.3999938964844,378.103271484375,85.79540252685547,2817.23193359375,213.60874938964844,144.08950805664062,,1562.0303955078125,259.0909118652344,441.1000061035156,54.06083679199219,,61.35338592529297,4781.1826171875,93.02021789550781,261.0,94.69999694824219,2738.0,557.7999877929688
2025-11-19,2756.866455078125,645.8038330078125,3160.0,152.89999389648438,203.25,60.5,359.29998779296875,885.4116821289062,345.3999938964844,660.7572021484375,13594.6044921875,1724.5,57.459999084472656,399.553955078125,,85.19999694824219,67.06999969482422,455.5395812988281,174.5768585205078,,2442.665771484375,37.79999923706055,,265.1084289550781,1702.0,5209.58642578125,26.306983947753906,8.518458366394043,15.78039264678955,317.2234802246094,,3268.84912109375,55.59981918334961,14705.0,3173.32568359375,1772.3592529296875,3311.908935546875,1047.2296142578125,32.52473068237305,3319.62646484375,3238.20458984375,308.6499938964844,5.40786075592041,80.4000015258789,289.20001220703125,234.0,87.62000274658203,529.5999755859375,8390.0,12190.5732421875,56.959999084472656,604.3832397460938,,337.8882141113281,157.9661407470703,79.41999816894531,99.20153045654297,581.1694946289062,13820.5927734375,184.0,350.6499938964844,125.75,910.7999877929688,1035.320556640625,3016.0,5305.125,6016.42822265625,2105.086181640625,300.9880065917969,1066.5,85.94000244140625,205.5,318.79998779296875,380.7026062011719,85.67987823486328,2793.734130859375,214.0493927001953,145.5965118408203,,1559.5311279296875,258.81817626953125,439.5,53.992618560791016,,60.55202102661133,4788.66796875,91.76048278808594,267.79998779296875,94.77999877929688,2722.0,559.0
2025-11-20,2735.867431640625,658.1885375976562,3160.0,152.25,204.39999389648438,60.880001068115234,362.70001220703125,888.607421875,346.8999938964844,657.557373046875,13648.5986328125,1755.0,58.040000915527344,397.70416259765625,,84.41999816894531,70.0199966430664,458.1892395019531,176.2266387939453,,2443.665771484375,37.779998779296875,,267.70843505859375,1704.0,5319.57763671875,26.229496002197266,8.574064254760742,15.85628604888916,318.91241455078125,,3238.8505859375,55.8286247253418,14950.0,3159.701904296875,1760.3602294921875,3617.900634765625,1044.03076171875,32.658695220947266,3296.629150390625,3259.199462890625,312.8999938964844,5.459105968475342,77.27999877929688,288.3999938964844,235.8000030517578,87.41999816894531,530.0,8330.0,11904.021484375,56.61000061035156,614.2976684570312,,333.38836669921875,160.30233764648438,79.2300033569336,97.45468139648438,576.7711791992188,13865.5791015625,187.60000610351562,352.1499938964844,130.10000610351562,917.5999755859375,1049.318115234375,3028.0,5335.11474609375,6064.326171875,2103.0908203125,302.5404968261719,1079.0,85.31999969482422,206.60000610351562,319.79998779296875,382.30218505859375,85.89167022705078,2813.232421875,216.49734497070312,146.1798858642578,,1574.526611328125,261.7272644042969,446.20001220703125,54.25575256347656,,61.412025451660156,4792.9453125,89.81999969482422,266.1000061035156,93.76000213623047,2720.0,558.4000244140625
2025-11-21,2709.86865234375,646.403076171875,3152.0,151.60000610351562,202.75,61.47999954223633,363.1000061035156,832.8822021484375,348.29998779296875,659.3572998046875,13818.5810546875,1713.0,58.5,392.1548156738281,,85.08000183105469,70.47000122070312,453.2898864746094,176.62657165527344,,2457.663818359375,38.13999938964844,,265.3869934082031,1768.0,5364.57421875,26.752538681030273,8.56918716430664,15.661684036254883,311.95794677734375,,3352.84521484375,55.43070602416992,14810.0,3218.0888671875,1787.8580322265625,3539.90283203125,1041.0318603515625,31.452974319458008,3272.6318359375,3223.208251953125,312.5,5.433000087738037,72.87999725341797,291.5,237.3000030517578,87.12000274658203,534.7999877929688,8602.0,12239.140625,57.02000045776367,617.6685791015625,,333.08837890625,160.74969482421875,80.7699966430664,99.842041015625,578.9703369140625,13920.5615234375,185.39999389648438,361.5,126.5,917.7999877929688,1046.8184814453125,3105.0,5306.125,6151.79248046875,2119.0537109375,306.2276611328125,1038.0,86.31999969482422,205.0,322.6000061035156,379.9028015136719,86.8351058959961,2784.735107421875,214.58792114257812,146.61740112304688,,1559.5311279296875,260.6363525390625,452.5,54.548133850097656,,61.42179870605469,4903.09130859375,90.0199966430664,269.3999938964844,94.72000122070312,2712.0,563.7999877929688
2025-11-24,2734.867431640625,659.1873168945312,3144.0,152.35000610351562,200.0500030517578,61.58000183105469,362.8999938964844,857.6489868164062,352.29998779296875,652.9577026367188,13932.5703125,1652.0,55.91999816894531,400.5538635253906,,87.04000091552734,70.41999816894531,453.7898254394531,175.12677001953125,,2448.6650390625,38.2400016784668,,268.07989501953125,1729.0,5389.572265625,26.345727920532227,8.643327713012695,15.537070274353027,318.5150451660156,,3313.84716796875,55.54013442993164,14670.0,3252.14794921875,1793.8575439453125,3571.90185546875,1047.62939453125,32.61404037475586,3235.635986328125,3157.224609375,315.8500061035156,5.445000171661377,73.55999755859375,292.3999938964844,238.89999389648438,87.37999725341797,534.7999877929688,8642.0,12190.5732421875,57.4900016784668,616.3796997070312,,324.4886779785156,163.0361785888672,80.54000091552734,99.95849609375,582.768798828125,13695.6328125,175.0,365.29998779296875,129.14999389648438,927.4000244140625,1046.8184814453125,3071.0,5353.1083984375,6089.31640625,2105.086181640625,301.6672058105469,1029.0,85.94999694824219,207.5,325.0,378.7030944824219,86.64257049560547,2771.736328125,218.3577880859375,147.68687438964844,,1606.0172119140625,264.2727355957031,448.29998779296875,54.47016525268555,,61.439998626708984,4835.72021484375,90.37999725341797,274.1000061035156,95.55999755859375,2730.0,565.2000122070312
2025-11-25,2777.865478515625,657.1898193359375,3130.0,154.1999969482422,201.75,63.540000915527344,367.0,859.14697265625,354.70001220703125,645.3582153320312,14098.552734375,1621.0,56.91999816894531,409.9527587890625,,87.63999938964844,71.7699966430664,449.4403991699219,178.02639770507812,,2407.670654296875,38.29999923706055,,271.60845947265625,1733.5,5409.5703125,26.752538681030273,8.562357902526855,15.507401466369629,321.09814453125,,3355.84521484375,56.01763916015625,14755.0,3243.389892578125,1794.8575439453125,3589.9013671875,1050.228515625,33.29380798339844,3243.63525390625,3217.209716796875,320.29998779296875,5.508999824523926,73.83999633789062,309.8999938964844,241.0,90.68000030517578,538.7999877929688,8828.0,12020.5849609375,58.220001220703125,614.000244140625,,329.3885192871094,165.02442932128906,79.93000030517578,101.4918441772461,604.5601806640625,13920.5615234375,175.1999969482422,367.20001220703125,132.64999389648438,928.5999755859375,1059.8162841796875,3059.0,5398.09228515625,6112.224609375,2121.048828125,304.28704833984375,1045.0,86.38999938964844,204.85000610351562,322.0,381.70233154296875,86.46928405761719,2765.73681640625,222.27452087402344,153.47186279296875,,1600.518798828125,266.272705078125,445.1000061035156,54.7430534362793,,63.150001525878906,4867.8017578125,92.5199966430664,281.70001220703125,97.19999694824219,2750.0,568.7999877929688
2025-11-26,2846.862060546875,669.9739990234375,3186.0,158.85000610351562,204.85000610351562,63.959999084472656,373.3999938964844,908.081298828125,356.70001220703125,642.3583984375,14146.5478515625,1644.0,57.400001525878906,422.9012756347656,,87.4000015258789,72.33999633789062,452.6399841308594,181.3259735107422,,2370.67578125,38.7400016784668,,274.3941955566406,1716.5,5479.56494140625,26.78159523010254,8.61406135559082,15.810032844543457,327.7545471191406,,3312.84716796875,56.8333854675293,15125.0,3238.524169921875,1813.85595703125,3609.90087890625,1064.023681640625,34.52434158325195,3245.635009765625,3276.1953125,321.6000061035156,5.584000110626221,76.73999786376953,303.20001220703125,245.5,93.80000305175781,541.0,8890.0,12103.150390625,57.5,620.0480346679688,,344.1880187988281,166.76414489746094,79.58000183105469,102.19058227539062,618.15478515625,14115.4990234375,181.60000610351562,373.8999938964844,132.85000610351562,935.0,1080.8126220703125,3028.0,5459.07080078125,6135.13232421875,2145.99072265625,303.6078186035156,1058.0,86.2300033569336,206.6999969482422,327.20001220703125,385.10150146484375,86.91212463378906,2766.23681640625,223.35162353515625,153.61769104003906,,1644.505615234375,271.3636169433594,453.3999938964844,55.22060775756836,,63.83000183105469,4834.6513671875,94.08000183105469,283.0,97.05999755859375,2754.0,574.4000244140625
2025-11-27,2825.863037109375,674.1688842773438,3182.0,159.60000610351562,204.14999389648438,63.939998626708984,371.79998779296875,895.9974975585938,358.6000061035156,642.7583618164062,14010.5615234375,1654.0,58.099998474121094,429.9004821777344,,87.9000015258789,73.38999938964844,446.9407043457031,180.57606506347656,,2374.675048828125,38.93000030517578,,275.6941833496094,1742.0,5449.5673828125,26.66536521911621,8.68234920501709,15.75464916229248,328.45001220703125,,3323.8466796875,56.80353546142578,15460.0,3240.470458984375,1801.85693359375,3569.90185546875,1064.6234130859375,35.43731689453125,3196.0,3199.60546875,322.8999938964844,5.576000213623047,77.16000366210938,307.1000061035156,246.5,96.5999984741211,546.7999877929688,8862.0,12336.27734375,58.130001068115234,622.0309448242188,,350.0,167.1617889404297,79.91999816894531,101.5500717163086,632.1492309570312,14110.5,182.89999389648438,372.6000061035156,133.60000610351562,952.5999755859375,1090.8109130859375,3035.0,5353.1083984375,6116.3896484375,2108.0791015625,300.1147155761719,1058.5,85.88999938964844,207.0,329.20001220703125,390.1002197265625,87.2779541015625,2752.738037109375,222.8130645751953,153.6663055419922,,1665.499267578125,272.1817932128906,455.20001220703125,55.01594161987305,,64.12000274658203,4833.58203125,94.26000213623047,284.5,97.18000030517578,2748.0,576.7999877929688
2025-11-28,2850.86181640625,680.56103515625,3172.0,160.39999389648438,204.4499969482422,63.86000061035156,372.29998779296875,902.189208984375,358.6000061035156,638.9586181640625,13972.5654296875,1650.5,57.400001525878906,430.200439453125,,88.04000091552734,73.69000244140625,454.1397705078125,180.92601013183594,,2371.675537109375,38.900001525878906,,274.8584899902344,1735.5,5464.56591796875,26.888139724731445,8.690154075622559,15.954424858093262,327.0,,3322.8466796875,56.97265625,15745.0,3295.93798828125,1790.8577880859375,3559.902099609375,1069.821533203125,36.052581787109375,3158.0,3207.6044921875,321.3999938964844,5.585999965667725,77.26000213623047,305.6000061035156,246.89999389648438,96.13999938964844,550.0,8908.0,12506.2646484375,58.15999984741211,630.0615844726562,,347.70001220703125,166.06825256347656,79.83000183105469,101.3947982788086,631.9493408203125,14115.4990234375,184.35000610351562,375.6000061035156,136.75,952.7999877929688,1093.3104248046875,3031.0,5420.08447265625,6093.48193359375,2095.109375,298.2711486816406,1068.0,85.76000213623047,208.5500030517578,322.20001220703125,388.3006591796875,88.72200012207031,2783.235107421875,223.54745483398438,153.8607635498047,,1672.9970703125,272.9999694824219,450.29998779296875,55.357051849365234,,64.08999633789062,4859.2470703125,94.0199966430664,282.79998779296875,98.37999725341797,2772.0,577.2000122070312
2025-12-01,2891.85986328125,672.9703369140625,3166.0,161.14999389648438,192.5800018310547,63.7400016784668,369.70001220703125,925.4580078125,356.5,634.3589477539062,13834.580078125,1609.5,57.380001068115234,429.5505065917969,,89.37999725341797,73.44000244140625,457.48931884765625,176.97653198242188,,2340.6796875,38.619998931884766,,276.06561279296875,1747.5,5509.5625,26.752538681030273,8.691130638122559,15.999917984008789,320.1000061035156,,3310.84716796875,56.9527587890625,15735.0,3293.99169921875,1799.8570556640625,3531.90283203125,1079.21826171875,35.12968444824219,3044.0,3234.601318359375,319.0,5.574999809265137,77.72000122070312,305.70001220703125,244.39999389648438,95.5,555.2000122070312,8794.0,12836.52734375,59.06999969482422,637.2000122070312,,347.5,167.65884399414062,80.05999755859375,101.18128967285156,631.5494384765625,14095.5048828125,177.64999389648438,377.95001220703125,136.64999389648438,943.0,1090.31103515625,2998.0,5463.0693359375,6241.34130859375,2142.0,299.8236389160156,1037.0,86.58999633789062,208.89999389648438,323.6000061035156,385.9012756347656,86.64257049560547,2800.233642578125,221.4911651611328,152.791259765625,,1680.494873046875,276.3636169433594,453.0,55.26933670043945,,64.83000183105469,4875.287109375,92.36000061035156,282.8999938964844,99.54000091552734,2776.0,576.7999877929688
2025-12-02,2855.861572265625,675.1676025390625,3148.0,160.5,190.5,63.540000915527344,371.79998779296875,937.84130859375,353.5,620.759765625,13798.583984375,1624.0,57.540000915527344,436.3497009277344,,89.55999755859375,75.08000183105469,457.8892822265625,178.3263702392578,,2335.680419921875,38.59000015258789,,280.89422607421875,1724.5,5429.56884765625,26.655677795410156,8.734053611755371,16.009809494018555,321.1000061035156,,3307.847412109375,57.1915168762207,15960.0,3246.30908203125,1818.8555908203125,3573.90185546875,1087.4154052734375,35.506778717041016,3008.0,3259.59814453125,319.8500061035156,5.60099983215332,77.81999969482422,309.1000061035156,248.0,97.36000061035156,554.0,8744.0,12977.375,59.22999954223633,636.2000122070312,,340.1000061035156,168.90150451660156,79.0,103.06400299072266,639.9461669921875,14115.4990234375,172.75,371.75,140.85000610351562,929.5999755859375,1097.8096923828125,2997.0,5415.08642578125,6226.763671875,2113.067626953125,303.9959411621094,1046.0,86.1500015258789,207.85000610351562,326.0,387.1009826660156,86.89287567138672,2788.234619140625,222.5682830810547,152.1593017578125,,1699.989013671875,279.0909118652344,456.79998779296875,55.084163665771484,,65.37000274658203,4794.01513671875,93.94000244140625,282.6000061035156,101.19999694824219,2792.0,579.0
2025-12-03,2926.858154296875,666.9777221679688,3124.0,159.75,198.1199951171875,63.900001525878906,365.20001220703125,962.1088256835938,355.0,622.1597290039062,13692.5947265625,1643.5,56.47999954223633,433.3000793457031,,89.18000030517578,74.25,463.9384765625,176.7265625,,2326.681640625,38.189998626708984,,278.3870544433594,1750.0,5429.56884765625,26.345727920532227,8.626744270324707,16.1720027923584,320.79998779296875,,3284.848388671875,57.23130416870117,15715.0,3219.06201171875,1832.8544921875,3563.902099609375,1069.821533203125,36.464412689208984,2999.0,3270.596923828125,318.3999938964844,5.581999778747559,78.41999816894531,311.1000061035156,250.0,95.95999908447266,553.5999755859375,8868.0,12676.2529296875,57.650001525878906,630.2999877929688,,332.5,168.4541473388672,78.5199966430664,104.22856903076172,621.7533569335938,14285.4443359375,172.3000030517578,369.25,137.64999389648438,925.7999877929688,1100.3092041015625,3013.0,5502.0556640625,6168.453125,2099.10009765625,304.4810791015625,1063.0,85.63999938964844,206.5,312.3999938964844,384.7015686035156,87.02764892578125,2798.733642578125,223.9880828857422,150.84674072265625,,1660.0009765625,275.5454406738281,450.8999938964844,55.5909538269043,,65.41999816894531,4761.93359375,95.04000091552734,279.6000061035156,102.8499984741211,2852.0,569.5999755859375
2025-12-04,2949.85693359375,681.959228515625,3122.0,161.64999389648438,197.02000427246094,63.439998626708984,366.79998779296875,956.0169677734375,359.29998779296875,608.360595703125,13512.61328125,1686.5,57.15999984741211,439.1494140625,,93.18000030517578,75.69000244140625,464.9383239746094,179.42620849609375,,2359.67724609375,38.560001373291016,,279.4084777832031,1682.0,5499.5634765625,26.529760360717773,8.606256484985352,16.170026779174805,324.0,,3314.84716796875,57.49990463256836,15535.0,3252.14794921875,1825.85498046875,3617.900634765625,1074.0201416015625,36.221282958984375,3153.0,3299.59326171875,320.79998779296875,5.618000030517578,80.5,310.70001220703125,250.5,96.95999908447266,548.4000244140625,8690.0,12841.384765625,60.41999816894531,633.0999755859375,,338.29998779296875,168.0067901611328,79.2699966430664,103.72392272949219,625.5518188476562,14196.337890625,184.25,368.79998779296875,138.0,938.7999877929688,1095.31005859375,3035.0,5492.05908203125,6149.71044921875,2116.060546875,300.8909912109375,1091.0,84.56999969482422,210.14999389648438,311.0,389.3003845214844,87.7015380859375,2799.233642578125,225.40789794921875,152.1593017578125,,1661.50048828125,275.0909118652344,452.0,55.727394104003906,,65.70999908447266,4735.19921875,95.30000305175781,288.5,105.44999694824219,2882.0,573.5999755859375
2025-12-05,2979.855712890625,684.95556640625,3116.0,164.3000030517578,196.6999969482422,65.4000015258789,366.70001220703125,950.3245849609375,360.8999938964844,607.9606323242188,13590.6044921875,1673.0,57.97999954223633,434.3499450683594,,96.45999908447266,75.38999938964844,452.7899475097656,177.92640686035156,,2369.67578125,38.54999923706055,,280.8013610839844,1670.5,5484.564453125,26.694421768188477,8.558455467224121,15.924755096435547,329.79998779296875,,3323.8466796875,57.52975082397461,15790.0,3257.986572265625,1804.856689453125,3657.8994140625,1061.62451171875,37.21860885620117,3231.0,3249.599365234375,322.79998779296875,5.61299991607666,82.72000122070312,312.0,248.60000610351562,95.76000213623047,543.2000122070312,8652.0,12880.23828125,61.599998474121094,628.0999755859375,,334.70001220703125,167.90737915039062,78.81999969482422,103.91802215576172,617.3550415039062,14071.3701171875,184.75,372.75,137.85000610351562,956.7999877929688,1077.8131103515625,3035.0,5498.05712890625,6214.2685546875,2159.9580078125,301.6672058105469,1084.5,85.0,213.25,312.0,389.1004638671875,87.20093536376953,2759.737548828125,228.59024047851562,155.80528259277344,,1634.0087890625,275.5454406738281,453.0,54.96721267700195,,65.05000305175781,4765.1416015625,93.91999816894531,296.6000061035156,106.9000015258789,2880.0,575.4000244140625
2025-12-08,2929.85791015625,689.7496337890625,3072.0,160.35000610351562,198.0800018310547,64.23999786376953,369.6000061035156,961.9090576171875,358.1000061035156,596.3613891601562,13576.6064453125,1691.0,58.400001525878906,436.94964599609375,,97.13999938964844,76.41999816894531,450.34027099609375,176.97653198242188,,2354.677734375,38.81999969482422,,281.5442199707031,1644.5,5444.56787109375,26.694421768188477,8.547724723815918,15.891130447387695,327.8999938964844,,3274.848876953125,57.50985336303711,15820.0,3213.22314453125,1820.35546875,3651.899658203125,1064.2235107421875,37.32280731201172,3194.0,3261.597900390625,320.1499938964844,5.623000144958496,79.5999984741211,307.1000061035156,249.5,95.69999694824219,548.5999755859375,8500.0,12996.8017578125,61.5,625.2000122070312,,325.79998779296875,168.15589904785156,78.33000183105469,103.49101257324219,620.7537231445312,13931.40625,188.5,365.3500061035156,138.1999969482422,953.0,1097.309814453125,2972.0,5474.0654296875,6145.544921875,2127.034912109375,308.2652893066406,1107.0,83.5999984741211,210.10000610351562,308.3999938964844,390.1002197265625,86.31526184082031,2749.73828125,229.4715118408203,153.8607635498047,,1655.5023193359375,276.81817626953125,449.79998779296875,54.889244079589844,,65.16999816894531,4679.64892578125,94.13999938964844,296.20001220703125,106.9000015258789,2870.0,576.0
2025-12-09,2915.858642578125,680.7607421875,3070.0,159.89999389648438,195.44000244140625,64.16000366210938,380.70001220703125,951.6228637695312,353.1000061035156,596.161376953125,13590.6044921875,1726.5,59.439998626708984,439.9493103027344,,97.41999816894531,77.54000091552734,446.1408386230469,178.92626953125,,2348.6787109375,39.029998779296875,,280.24420166015625,1602.5,5474.5654296875,26.00672149658203,8.507726669311523,15.930688858032227,329.70001220703125,,3242.850341796875,57.48000717163086,16140.0,3227.820068359375,1782.8583984375,3625.900390625,1067.6224365234375,37.21860885620117,3159.0,3311.591796875,317.6000061035156,5.671000003814697,79.18000030517578,305.8999938964844,246.3000030517578,94.31999969482422,541.5999755859375,8466.0,13249.35546875,61.08000183105469,616.2999877929688,,321.0,167.46002197265625,77.94999694824219,103.66569519042969,618.7545166015625,13661.4755859375,194.75,368.20001220703125,137.75,955.0,1094.8101806640625,2976.0,5526.046875,6162.20556640625,2114.065185546875,305.9365539550781,1111.0,83.2300033569336,210.0,312.0,390.7000427246094,83.56195068359375,2734.239990234375,229.17776489257812,152.88848876953125,,1668.4984130859375,277.4545593261719,440.0,55.07441329956055,,65.73999786376953,4846.13671875,94.55999755859375,290.0,106.8499984741211,2856.0,584.4000244140625
2025-12-10,2879.8603515625,681.5597534179688,3068.0,161.39999389648438,193.97999572753906,64.0199966430664,379.1000061035156,944.7321166992188,351.6000061035156,599.1611938476562,13512.61328125,1706.5,59.18000030517578,442.19903564453125,,95.66000366210938,77.01000213623047,443.19122314453125,176.02667236328125,,2318.682861328125,39.2400016784668,,284.6085205078125,1602.0,5479.56494140625,26.016407012939453,8.468705177307129,15.837723731994629,328.0,,3273.848876953125,57.380523681640625,16200.0,3215.16943359375,1803.3568115234375,3541.902587890625,1101.8101806640625,36.42967987060547,3122.0,3282.59521484375,323.3500061035156,5.633999824523926,78.91999816894531,302.29998779296875,242.10000610351562,94.83999633789062,537.7999877929688,8366.0,13701.0380859375,60.7400016784668,618.7999877929688,,321.20001220703125,167.80796813964844,77.80999755859375,102.30703735351562,619.1544189453125,13576.498046875,235.0,370.79998779296875,136.25,953.7999877929688,1084.31201171875,3005.0,5605.01904296875,6199.69091796875,2124.0419921875,312.4375915527344,1106.0,82.68000030517578,210.9499969482422,317.0,386.5011291503906,84.35135650634766,2708.7421875,226.7787628173828,153.3260040283203,,1702.988037109375,279.45452880859375,447.1000061035156,54.401947021484375,,66.76000213623047,4819.638671875,94.5,290.0,106.80000305175781,2896.0,579.7999877929688
2025-12-11,2896.859619140625,683.1577758789062,3066.0,164.25,193.27999877929688,63.0,384.0,939.6389770507812,358.0,594.761474609375,13594.6044921875,1691.0,60.36000061035156,446.8485107421875,,95.5,78.66999816894531,441.9913635253906,176.7265625,,2336.680419921875,39.90999984741211,,289.065673828125,1645.5,5449.5673828125,26.074522018432617,8.501873970031738,15.728935241699219,326.8999938964844,,3311.84716796875,57.838138580322266,16245.0,2967.025390625,1820.85546875,3529.903076171875,1112.20654296875,36.290748596191406,3175.0,3264.59765625,320.45001220703125,5.723999977111816,81.72000122070312,304.29998779296875,247.0,95.0199966430664,524.2000122070312,8396.0,14429.55859375,61.150001525878906,625.2000122070312,,319.70001220703125,169.6470947265625,77.91999816894531,102.85050201416016,620.1539916992188,13571.4990234375,220.1999969482422,371.95001220703125,136.8000030517578,944.4000244140625,1086.8116455078125,3004.0,5682.99169921875,6276.744140625,2126.037353515625,308.4593505859375,1100.0,83.63999938964844,209.3000030517578,323.6000061035156,386.1012268066406,83.69672393798828,2706.742431640625,233.87783813476562,154.8816375732422,,1716.4840087890625,285.18182373046875,446.0,54.42144012451172,,68.36000061035156,4853.13623046875,94.26000213623047,296.0,107.1500015258789,2936.0,583.4000244140625
2025-12-12,2816.863525390625,678.5634765625,3100.0,167.5,194.02000427246094,62.5,380.3999938964844,924.059814453125,357.6000061035156,601.9609985351562,13442.6201171875,1700.5,60.34000015258789,444.2987976074219,,96.13999938964844,78.08999633789062,439.1917419433594,180.4260711669922,,2323.68212890625,40.380001068115234,,283.6799621582031,1664.0,5314.578125,25.967975616455078,8.506752014160156,15.762560844421387,331.8999938964844,,3343.845703125,57.440216064453125,16695.0,2987.460693359375,1824.3551025390625,3471.904541015625,1111.406982421875,36.01288604736328,3128.0,3178.608154296875,321.0,5.669000148773193,80.86000061035156,302.8999938964844,245.89999389648438,93.72000122070312,514.7999877929688,8464.0,14225.5732421875,61.689998626708984,624.5,,318.3999938964844,167.11209106445312,77.94999694824219,102.38467407226562,611.75732421875,13366.5517578125,225.5,370.04998779296875,138.3000030517578,951.4000244140625,1072.3140869140625,3016.0,5587.025390625,6247.5888671875,2129.0302734375,307.3919982910156,1096.5,83.31999969482422,208.1999969482422,321.79998779296875,384.50164794921875,84.04329681396484,2686.244384765625,233.87783813476562,155.31915283203125,,1726.48095703125,281.0,440.79998779296875,54.17778778076172,,67.4800033569336,4835.13720703125,94.62000274658203,296.3999938964844,108.5999984741211,2856.0,583.7999877929688
2025-12-15,2851.86181640625,686.7532958984375,3140.0,167.5,196.1199951171875,63.2400016784668,380.3999938964844,929.752197265625,359.0,620.9597778320312,13610.6025390625,1693.5,60.79999923706055,454.1976623535156,,96.13999938964844,79.08000183105469,437.3919982910156,184.92547607421875,,2339.679931640625,40.7400016784668,,284.42279052734375,1662.5,5389.572265625,25.967975616455078,8.64723014831543,15.703221321105957,337.0,,3383.843994140625,57.77306365966797,16405.0,3041.955078125,1833.3544921875,3529.903076171875,1124.40234375,36.01288604736328,3155.0,3214.603759765625,323.0,5.789000034332275,81.04000091552734,306.0,249.3000030517578,95.13999938964844,523.2000122070312,8620.0,14215.859375,61.689998626708984,626.0999755859375,,324.79998779296875,167.11209106445312,78.94999694824219,104.07328796386719,629.9501342773438,13406.541015625,231.6999969482422,373.20001220703125,137.75,962.2000122070312,1106.3082275390625,3077.0,5630.01025390625,6222.5986328125,2146.98828125,312.3405456542969,1114.0,80.5999984741211,208.1999969482422,322.6000061035156,389.3003845214844,85.2947998046875,2698.243408203125,233.87783813476562,158.04148864746094,,1759.970947265625,282.3636169433594,439.0,54.0900764465332,,69.02999877929688,4844.63671875,95.5999984741211,295.20001220703125,108.5999984741211,2856.0,590.4000244140625
2025-12-16,2837.862548828125,680.3612670898438,3142.0,168.5500030517578,192.9600067138672,62.47999954223633,383.29998779296875,907.3822021484375,358.29998779296875,609.3605346679688,13504.61328125,1664.5,60.220001220703125,450.3981018066406,,94.26000213623047,78.86000061035156,422.4439697265625,182.3758087158203,,2331.680908203125,40.54999923706055,,285.9085388183594,1682.5,5364.57421875,25.900175094604492,8.563333511352539,15.428281784057617,336.3999938964844,,3387.84375,57.45398712158203,16330.0,3024.439208984375,1819.3555908203125,3549.90234375,1111.406982421875,35.725101470947266,3210.0,3190.606689453125,321.0,5.7829999923706055,83.18000030517578,307.5,252.6999969482422,95.0199966430664,519.0,8704.0,14147.8642578125,60.529998779296875,636.5,,329.1000061035156,168.15589904785156,78.44000244140625,104.30621337890625,633.3486938476562,13386.546875,234.89999389648438,373.70001220703125,136.0,959.2000122070312,1104.8084716796875,3040.0,5660.99951171875,6201.77294921875,2153.97216796875,310.8851013183594,1098.0,80.94000244140625,206.64999389648438,321.6000061035156,391.0999450683594,85.94943237304688,2626.250244140625,232.55593872070312,158.47900390625,,1753.472900390625,280.7272644042969,440.5,53.115478515625,,69.5,4793.140625,94.95999908447266,292.0,106.69999694824219,2858.0,589.0
2025-12-17,2889.85986328125,669.3748168945312,3126.0,168.5500030517578,190.39999389648438,63.36000061035156,383.29998779296875,872.82861328125,350.8999938964844,613.1602783203125,13552.6083984375,1681.0,60.400001525878906,458.0971984863281,,94.26000213623047,80.08000183105469,425.4935607910156,185.07546997070312,,2364.676513671875,40.9900016784668,,287.1156921386719,1679.5,5299.5791015625,25.900175094604492,8.410173416137695,15.465862274169922,333.29998779296875,,3371.844482421875,57.09502410888672,16490.0,3033.197021484375,1833.3544921875,3501.90380859375,1141.3963623046875,35.725101470947266,3213.0,3180.60791015625,319.04998779296875,5.829999923706055,84.63999938964844,310.5,253.3000030517578,95.94000244140625,523.7999877929688,8774.0,13997.302734375,60.529998779296875,631.7000122070312,,327.79998779296875,168.2553253173828,79.36000061035156,104.77203369140625,637.5470581054688,13416.5390625,240.10000610351562,375.70001220703125,135.4499969482422,948.5999755859375,1119.805908203125,3043.0,5750.9677734375,6247.5888671875,2111.072265625,307.68310546875,1102.0,82.12000274658203,206.64999389648438,323.79998779296875,391.8997497558594,85.62211608886719,2657.247314453125,232.55593872070312,156.87478637695312,,1762.47021484375,282.09088134765625,438.8999938964844,53.72947311401367,,70.5,4881.1337890625,95.66000366210938,290.79998779296875,106.69999694824219,2814.0,592.5999755859375
2025-12-18,2906.859130859375,677.764404296875,3146.0,168.5500030517578,194.0399932861328,63.68000030517578,383.29998779296875,891.5035400390625,355.0,609.96044921875,13546.609375,1715.5,61.91999816894531,463.2466125488281,,94.26000213623047,80.23999786376953,420.3942565917969,185.72537231445312,,2407.670654296875,40.83000183105469,,287.0228271484375,1677.0,5339.576171875,25.900175094604492,8.411148071289062,15.548938751220703,345.0,,3407.8427734375,57.723209381103516,16380.0,3060.4443359375,1812.3560791015625,3544.0,1149.9932861328125,35.725101470947266,3271.0,3196.60595703125,321.04998779296875,5.883999824523926,86.68000030517578,310.3999938964844,255.0,96.33999633789062,530.2000122070312,8890.0,14050.7275390625,60.529998779296875,637.4000244140625,,332.1000061035156,169.59739685058594,79.87999725341797,104.55852508544922,640.5458984375,13641.48046875,252.6999969482422,375.8999938964844,135.3000030517578,977.4000244140625,1132.3037109375,3056.0,5788.9541015625,6272.57958984375,2139.007080078125,310.0118408203125,1144.0,82.0999984741211,206.64999389648438,324.3999938964844,395.6987609863281,86.73883819580078,2661.746826171875,232.55593872070312,159.1595916748047,,1772.967041015625,283.7272644042969,440.5,54.0218505859375,,70.9000015258789,4889.63330078125,96.4800033569336,294.3999938964844,106.69999694824219,2850.0,592.4000244140625
2025-12-19,2921.8583984375,682.1589965820312,3186.0,165.10000610351562,195.83999633789062,63.540000915527344,389.5,900.3916015625,355.79998779296875,600.9610595703125,13670.5966796875,1724.0,62.47999954223633,468.89599609375,,93.62000274658203,80.5999984741211,424.7936706542969,183.32569885253906,,2400.671630859375,41.20000076293945,,291.1085510253906,1678.5,5374.5732421875,26.52007484436035,8.524311065673828,15.723000526428223,351.79998779296875,,3389.843505859375,57.87277603149414,16575.0,3055.578857421875,1821.8553466796875,3582.0,1166.58740234375,35.53655242919922,3275.0,3175.6083984375,323.1000061035156,5.914000034332275,84.44000244140625,310.3999938964844,255.1999969482422,97.41999816894531,532.7999877929688,8918.0,14021.5869140625,59.84000015258789,631.7000122070312,,326.6000061035156,170.84005737304688,78.79000091552734,105.31549072265625,644.5443115234375,13616.4873046875,248.5,371.0,134.1999969482422,966.5999755859375,1144.801513671875,3048.0,5835.9375,6330.89013671875,2097.104736328125,315.8336486816406,1170.0,82.37999725341797,208.8000030517578,322.20001220703125,398.298095703125,86.87361907958984,2702.742919921875,231.087158203125,157.9928741455078,,1787.9625244140625,287.0,442.1000061035156,54.3922004699707,,70.45999908447266,4889.63330078125,96.58000183105469,294.20001220703125,104.05000305175781,2866.0,597.4000244140625
2025-12-22,2904.859130859375,684.1565551757812,3190.0,166.8000030517578,195.72000122070312,63.84000015258789,390.3999938964844,894.7991333007812,356.0,595.9613647460938,13630.6005859375,1717.5,62.70000076293945,467.8960876464844,,92.86000061035156,80.25,427.5932922363281,182.22584533691406,,2411.670166015625,41.099998474121094,,291.47998046875,1617.0,5394.57177734375,26.539445877075195,8.490167617797852,15.875306129455566,357.6000061035156,,3377.84423828125,57.70326614379883,16620.0,3042.92822265625,1809.8563232421875,3602.0,1166.7872314453125,36.389984130859375,3240.0,3144.6123046875,324.1000061035156,5.881999969482422,83.54000091552734,309.8999938964844,256.3999938964844,97.08000183105469,531.5999755859375,8872.0,14070.1552734375,59.439998626708984,627.7000122070312,,322.6000061035156,170.79034423828125,78.02999877929688,105.50959014892578,645.7438354492188,13606.490234375,244.39999389648438,366.45001220703125,117.19999694824219,977.7999877929688,1148.3009033203125,3046.0,5928.90478515625,6255.91943359375,2102.09326171875,315.4455261230469,1155.0,81.58000183105469,208.5500030517578,322.20001220703125,400.2975769042969,87.50900268554688,2704.74267578125,231.7236328125,157.8470458984375,,1793.960693359375,287.272705078125,439.0,54.518898010253906,,69.83999633789062,4840.13720703125,96.04000091552734,292.79998779296875,104.1500015258789,2858.0,598.2000122070312
2025-12-23,2992.85498046875,687.15283203125,3180.0,164.39999389648438,196.72000122070312,63.400001525878906,391.0,901.989501953125,355.3999938964844,590.5617065429688,13734.58984375,1710.0,62.7599983215332,471.5456848144531,,92.66000366210938,80.61000061035156,427.44329833984375,185.0254669189453,,2383.673828125,41.11000061035156,,293.2442626953125,1588.0,5329.57666015625,26.616933822631836,8.554553985595703,15.784318923950195,356.0,,3390.843505859375,57.77306365966797,16105.0,3046.82080078125,1814.35595703125,3560.0,1174.784423828125,36.439605712890625,3235.0,3134.613525390625,325.1000061035156,5.870999813079834,82.9000015258789,310.8999938964844,259.1000061035156,97.5199966430664,533.0,8852.0,14157.5771484375,59.29999923706055,627.2999877929688,,322.0,171.7844696044922,77.83000183105469,106.84883880615234,648.3427734375,13586.4951171875,241.89999389648438,362.54998779296875,118.69999694824219,976.4000244140625,1151.80029296875,3029.0,5994.88134765625,6233.01123046875,2077.1513671875,319.8118896484375,1160.0,82.22000122070312,207.6999969482422,323.0,400.09765625,87.37422180175781,2701.742919921875,232.84970092773438,157.21507263183594,,1805.9571533203125,289.7272644042969,438.29998779296875,54.431182861328125,,69.94000244140625,4857.1357421875,96.95999908447266,291.8999938964844,103.75,2840.0,601.2000122070312
2025-12-24,3011.85400390625,,3154.0,,195.9600067138672,,,897.7951049804688,,586.5619506835938,13672.5966796875,1711.5,,469.6958923339844,,,80.5199966430664,425.79351806640625,184.7755126953125,,2369.67578125,41.13999938964844,,,1589.5,5324.5771484375,,,,,,3386.84375,,16065.0,,1805.356689453125,3568.0,1174.984375,,3224.0,3125.61474609375,,,83.08000183105469,311.79998779296875,257.79998779296875,97.0,,8874.0,,,632.0999755859375,,321.0,,,,646.5435180664062,13541.5068359375,241.8000030517578,363.79998779296875,,,1149.8006591796875,3025.0,5979.88671875,6224.68115234375,2090.12109375,,1149.5,81.61000061035156,,323.20001220703125,407.2958068847656,,2697.743408203125,,,,1804.9573974609375,,438.0,54.19728088378906,,,4837.63720703125,97.26000213623047,,,2852.0,
2025-12-29,2984.85546875,686.7532958984375,3176.0,168.25,196.0,63.5,388.79998779296875,905.5846557617188,357.70001220703125,584.7620849609375,13746.5888671875,1698.5,62.119998931884766,469.1959228515625,,93.54000091552734,80.22000122070312,426.99334716796875,182.89999389648438,,2362.6767578125,40.86000061035156,,293.2442626953125,1589.5,5309.57861328125,26.83002471923828,8.598453521728516,15.800142288208008,362.5,,3430.841796875,57.82292175292969,16075.0,3056.5517578125,1822.855224609375,3520.0,1165.5877685546875,36.45945358276367,3230.0,3107.616943359375,327.8999938964844,5.8379998207092285,83.73999786376953,312.20001220703125,259.0,97.26000213623047,535.7999877929688,8892.0,14186.71875,59.779998779296875,633.2000122070312,,321.6000061035156,170.939453125,78.73999786376953,106.65474700927734,645.7438354492188,13506.515625,239.8000030517578,365.29998779296875,122.55000305175781,978.7999877929688,1144.801513671875,3049.0,5947.89794921875,6245.50634765625,2096.107177734375,317.96832275390625,1137.0,82.23999786376953,208.4499969482422,325.0,406.09613037109375,87.47048950195312,2705.74267578125,232.1153106689453,158.1387176513672,,1804.45751953125,289.0909118652344,440.29998779296875,54.52864456176758,,69.33000183105469,4859.6357421875,97.5,293.79998779296875,103.05000305175781,2838.0,599.4000244140625
2025-12-30,3055.851806640625,686.9530639648438,3194.0,169.0500030517578,198.94000244140625,63.279998779296875,390.5,917.1691284179688,358.8999938964844,587.1619873046875,13748.5888671875,1714.0,62.400001525878906,476.74505615234375,,93.13999938964844,81.0999984741211,430.8928527832031,183.6999969482422,,2369.67578125,41.13999938964844,,295.84429931640625,1602.5,5354.57470703125,26.79128074645996,8.659912109375,15.962336540222168,363.79998779296875,,3408.8427734375,58.23174285888672,16155.0,3061.41748046875,1830.3546142578125,3544.0,1175.184326171875,37.441890716552734,3244.0,3129.6142578125,330.3999938964844,5.921000003814697,85.27999877929688,314.70001220703125,262.0,98.33999633789062,537.7999877929688,8962.0,14220.7158203125,60.06999969482422,639.2999877929688,,327.5,172.92770385742188,78.73999786376953,106.36360168457031,652.9409790039062,13646.4794921875,240.39999389648438,366.95001220703125,122.3499984741211,982.4000244140625,1152.30029296875,3047.0,6023.87109375,6260.083984375,2117.058349609375,318.4534606933594,1153.0,83.0,208.35000610351562,326.6000061035156,410.8948669433594,87.47048950195312,2731.240234375,234.1715850830078,158.09011840820312,,1825.4512939453125,291.9090881347656,443.6000061035156,54.96721267700195,,70.91999816894531,4855.6357421875,98.54000091552734,295.8999938964844,103.55000305175781,2844.0,601.7999877929688
2025-12-31,3084.8505859375,,3176.0,,198.39999389648438,,,920.1651000976562,,586.362060546875,13788.5849609375,1714.0,,475.8951721191406,,,80.79000091552734,432.7425842285156,184.0500030517578,,2363.676513671875,40.959999084472656,,,1603.5,5294.57958984375,,,,,,3362.844970703125,,16130.0,,1824.3551025390625,3538.0,1173.385009765625,,3263.0,3118.615478515625,,,84.45999908447266,312.70001220703125,261.8999938964844,98.23999786376953,,8952.0,,,645.0,,330.0,,,,651.54150390625,13676.4716796875,236.0,366.6000061035156,,,1144.3016357421875,3020.0,5991.88232421875,6249.671875,2117.058349609375,,1150.0,82.72000122070312,,325.0,406.8959045410156,,2739.7392578125,,,,1821.452392578125,,441.79998779296875,55.00679016113281,,,4859.1357421875,98.87999725341797,,,2846.0,
2026-01-02,3039.852783203125,680.7607421875,3148.0,167.39999389648438,203.6999969482422,,387.70001220703125,984.9780883789062,354.79998779296875,575.4000244140625,13590.6044921875,1754.0,,479.44476318359375,,96.31999969482422,81.91999816894531,437.8419189453125,183.75,,2333.6806640625,40.95000076293945,,296.6800231933594,1607.5,5294.57958984375,26.94625473022461,8.77990436553955,16.18189239501953,358.20001220703125,,3331.84619140625,58.80009841918945,16120.0,,1831.3546142578125,3500.0,1191.378662109375,37.97280502319336,3210.0,3124.61474609375,325.95001220703125,5.955999851226807,85.72000122070312,316.3999938964844,262.3999938964844,99.23999786376953,,8804.0,14269.2841796875,61.93000030517578,641.7999877929688,,328.29998779296875,175.76095581054688,,,657.3392333984375,13531.5087890625,235.3000030517578,364.70001220703125,128.0,,1154.7998046875,2983.0,5983.88525390625,6228.84619140625,2099.10009765625,,1197.0,82.31999969482422,201.9499969482422,328.0,408.4955139160156,,2759.237548828125,236.0810089111328,,,1843.44580078125,295.81817626953125,442.20001220703125,55.51144027709961,,71.04000091552734,4822.13818359375,99.23999786376953,297.79998779296875,106.44999694824219,2872.0,
2026-01-05,3141.84765625,699.53759765625,3054.0,169.89999389648438,208.0,63.540000915527344,392.70001220703125,1051.788330078125,353.70001220703125,584.7999877929688,13382.6259765625,1851.0,65.77999877929688,486.59393310546875,,93.62000274658203,81.87000274658203,435.1922912597656,181.25,,2315.68310546875,40.81999969482422,,299.9300231933594,1634.0,5389.572265625,26.607248306274414,8.843314170837402,16.417274475097656,356.8999938964844,,3426.841796875,59.508052825927734,16435.0,3022.492919921875,1820.35546875,3556.0,1206.7730712890625,39.60524368286133,3250.0,3046.62451171875,330.04998779296875,6.039999961853027,87.4000015258789,319.20001220703125,265.5,99.95999908447266,535.5999755859375,9040.0,14672.3984375,60.439998626708984,642.7999877929688,,322.70001220703125,175.26390075683594,76.44000244140625,105.29608917236328,665.3360595703125,13586.4951171875,236.5,363.29998779296875,129.3000030517578,1030.0,1178.2957763671875,3090.0,6088.84814453125,6235.09375,2108.0791015625,315.8336486816406,1231.5,81.19000244140625,206.1999969482422,328.0,419.292724609375,89.53065490722656,2737.739501953125,239.50814819335938,159.1595916748047,,1854.9423828125,295.0909118652344,442.6000061035156,55.20469284057617,,71.4000015258789,4698.6474609375,99.80000305175781,298.70001220703125,103.3499984741211,2922.0,599.5999755859375
2026-01-06,3256.84228515625,,3024.0,163.75,209.39999389648438,65.22000122070312,391.29998779296875,1059.5780029296875,,573.0,14036.5595703125,1881.5,64.73999786376953,488.3437194824219,,93.04000091552734,80.56999969482422,431.792724609375,181.64999389648438,,2304.684814453125,40.540000915527344,,296.4942932128906,1644.0,5499.5634765625,26.539445877075195,8.97501277923584,16.274858474731445,,,3383.843994140625,59.62770462036133,16600.0,3052.659423828125,1899.3492431640625,3618.0,1216.9696044921875,41.50562286376953,3244.0,3041.625,,5.979000091552734,83.55999755859375,321.3999938964844,265.6000061035156,100.30000305175781,537.5999755859375,9102.0,15182.36328125,61.45000076293945,644.4000244140625,,327.6000061035156,,76.16000366210938,108.2269058227539,660.3380126953125,14261.3212890625,263.8999938964844,368.70001220703125,132.4499969482422,1034.0,1195.292724609375,3078.0,6288.77734375,6310.06494140625,2137.01171875,320.10296630859375,1244.5,82.29000091552734,202.0500030517578,332.6000061035156,414.89385986328125,89.58841705322266,2746.73876953125,242.396728515625,158.81930541992188,,1835.9481201171875,,455.0,54.462562561035156,,71.02999877929688,4743.64404296875,100.5,,103.0999984741211,2950.0,605.5999755859375
2026-01-07,3149.847412109375,702.1343994140625,3050.0,160.9499969482422,213.75,64.63999938964844,384.79998779296875,1050.390380859375,361.0,568.5999755859375,14222.5400390625,1926.0,65.36000061035156,479.4947509765625,,93.05999755859375,79.69999694824219,418.1445617675781,182.0,,2332.680908203125,40.29999923706055,,291.5728454589844,1577.0,5614.55419921875,26.44258689880371,9.043301582336426,15.517290115356445,365.8999938964844,,3443.841064453125,59.52799606323242,15710.0,3036.116455078125,1901.3489990234375,3660.0,1190.3790283203125,41.81325149536133,3181.0,3003.629638671875,340.6000061035156,5.9070000648498535,82.95999908447266,329.70001220703125,262.0,98.9000015258789,549.5999755859375,8890.0,15182.36328125,60.36000061035156,629.2999877929688,,328.5,173.02711486816406,74.52999877929688,110.2454833984375,632.1492309570312,14276.3173828125,274.1000061035156,356.0,133.1999969482422,1033.0,1163.7982177734375,3142.0,6255.7890625,6303.8173828125,2096.107177734375,328.156494140625,1259.0,82.75,208.39999389648438,336.6000061035156,413.69415283203125,91.47529602050781,2655.247314453125,250.91561889648438,158.81930541992188,,1789.4620361328125,294.0909118652344,452.6000061035156,52.948612213134766,,70.3499984741211,4630.65283203125,103.30000305175781,305.0,102.19999694824219,2970.0,585.5999755859375
2026-01-08,3131.84814453125,683.1577758789062,3052.0,165.39999389648438,215.1999969482422,64.55999755859375,390.20001220703125,1011.642333984375,358.29998779296875,571.7999877929688,14174.544921875,2023.0,64.9800033569336,484.6441650390625,,92.5999984741211,82.5,415.5948791503906,182.89999389648438,,2355.677734375,40.439998626708984,,292.0371398925781,1602.0,5524.5615234375,27.420866012573242,9.04427719116211,15.556849479675293,351.6000061035156,,3408.0,59.29865646362305,15955.0,3077.96044921875,1890.849853515625,3628.0,1194.9774169921875,40.250282287597656,3150.0,3019.627685546875,337.1000061035156,5.945000171661377,84.0999984741211,326.5,265.0,100.05000305175781,552.0,8856.0,14672.3984375,59.959999084472656,634.5,,344.79998779296875,174.07095336914062,74.36000061035156,110.40076446533203,643.944580078125,14261.3212890625,267.0,362.8999938964844,129.6999969482422,1003.5,1160.298828125,3148.0,6191.81201171875,6424.60400390625,2132.0234375,329.32086181640625,1272.5,82.88999938964844,206.5,329.0,408.6954345703125,91.09022521972656,2561.75634765625,246.55825805664062,157.9928741455078,,1805.9571533203125,296.0,422.1000061035156,52.819976806640625,,70.73999786376953,4664.650390625,103.6500015258789,306.70001220703125,101.80000305175781,2950.0,589.4000244140625
2026-01-09,3215.84423828125,689.5499267578125,3054.0,166.64999389648438,215.10000610351562,63.70000076293945,382.29998779296875,1080.150390625,364.70001220703125,593.5999755859375,14214.541015625,2053.0,65.08000183105469,484.8441162109375,,92.0199966430664,87.19999694824219,425.5435485839844,181.14999389648438,,2344.67919921875,39.9900016784668,,291.2942810058594,1630.0,5659.55078125,27.508039474487305,9.025741577148438,15.889151573181152,360.5,,3478.0,60.26586151123047,16080.0,3102.288330078125,1885.8502197265625,3666.0,1193.7777099609375,41.23271942138672,3122.0,3010.62890625,340.6000061035156,5.928999900817871,84.23999786376953,322.6000061035156,266.8999938964844,100.30000305175781,553.5999755859375,8952.0,14672.3984375,60.369998931884766,652.0999755859375,,353.0,174.22006225585938,75.41000366210938,110.67249298095703,642.3451538085938,14331.302734375,271.70001220703125,385.8500061035156,130.4499969482422,1022.5,1160.298828125,3178.0,6003.87841796875,6430.8515625,2211.8369140625,330.67926025390625,1293.5,84.44000244140625,212.35000610351562,311.6000061035156,417.693115234375,92.03366088867188,2639.748779296875,248.90829467773438,160.4235382080078,,1793.960693359375,297.81817626953125,415.3999938964844,54.54172134399414,,70.70999908447266,4743.64404296875,101.19999694824219,309.29998779296875,103.8499984741211,3000.0,577.7999877929688
2026-01-12,3251.842529296875,696.9407958984375,3084.0,165.64999389648438,216.14999389648438,64.41999816894531,380.0,1084.9439697265625,365.20001220703125,581.7999877929688,14118.55078125,2093.0,64.9800033569336,472.9954833984375,,90.4800033569336,86.9800033569336,426.5434265136719,180.1999969482422,,2363.676513671875,39.75,,292.1300048828125,1674.5,5589.55615234375,27.78893280029297,9.04622745513916,15.902997970581055,361.8999938964844,,3399.0,60.45531463623047,15675.0,3110.0732421875,1876.8509521484375,3666.0,1201.974853515625,41.34684371948242,3127.0,3024.627197265625,341.45001220703125,5.991000175476074,83.4000015258789,324.8999938964844,263.70001220703125,101.0,565.7999877929688,9066.0,15799.1767578125,59.779998779296875,648.2999877929688,,344.1000061035156,174.22006225585938,74.98999786376953,110.47840118408203,639.9461669921875,14426.2783203125,288.5,392.3999938964844,127.6500015258789,1038.5,1165.7978515625,3155.0,6132.83251953125,6484.99755859375,2212.834716796875,332.32879638671875,1287.0,82.41000366210938,213.10000610351562,311.3999938964844,416.2934875488281,91.74485778808594,2661.246826171875,252.97190856933594,160.1804656982422,,1823.4517822265625,297.4545593261719,417.0,54.72972869873047,,71.16000366210938,4770.14208984375,101.30000305175781,310.20001220703125,102.5,3030.0,576.2000122070312
2026-01-13,3219.843994140625,698.9382934570312,3004.0,162.75,220.1999969482422,64.45999908447266,379.79998779296875,1101.1221923828125,361.0,573.4000244140625,14006.5625,2072.0,66.77999877929688,477.2950134277344,,88.45999908447266,86.9000015258789,436.842041015625,180.39999389648438,,2313.683349609375,39.0,,296.587158203125,1664.0,5599.55517578125,27.10123062133789,8.945747375488281,16.245189666748047,360.0,,3337.0,60.584938049316406,14985.0,3110.0732421875,1857.8525390625,3634.0,1212.3712158203125,42.210201263427734,3063.0,3008.629150390625,341.29998779296875,5.989999771118164,84.80000305175781,312.79998779296875,261.0,101.3499984741211,560.5999755859375,8974.0,15274.6416015625,59.86000061035156,646.5999755859375,,346.0,176.0592041015625,75.19999694824219,110.28430938720703,628.5506591796875,14181.341796875,288.70001220703125,391.3999938964844,134.60000610351562,1014.5,1167.797607421875,3124.0,6211.8046875,6445.42919921875,2232.7880859375,330.77630615234375,1305.0,80.5,213.4499969482422,308.79998779296875,412.8943786621094,91.76410675048828,2721.740966796875,256.3011169433594,144.9645538330078,,1831.449462890625,301.272705078125,420.0,55.936927795410156,,71.44999694824219,4774.14208984375,98.66000366210938,307.3999938964844,102.0999984741211,3030.0,574.0
2026-01-14,3273.84130859375,691.3477172851562,3000.0,160.14999389648438,215.4499969482422,63.7400016784668,378.8999938964844,1082.746826171875,358.8999938964844,574.2000122070312,14344.52734375,2038.0,67.16000366210938,479.7447204589844,,90.86000061035156,87.0,443.4411926269531,183.64999389648438,,2320.6826171875,39.09000015258789,,301.1371765136719,1691.5,5554.55908203125,27.227148056030273,9.09305477142334,16.535951614379883,353.3999938964844,,3325.0,60.38551712036133,15080.0,3133.427978515625,1880.3507080078125,3614.0,1212.5711669921875,41.08386993408203,3035.0,3023.627197265625,342.45001220703125,5.9730000495910645,83.27999877929688,317.20001220703125,263.6000061035156,101.0,558.0,9000.0,15342.6376953125,60.70000076293945,637.9000244140625,,355.6000061035156,177.30184936523438,76.55000305175781,112.63284301757812,629.7501831054688,14046.3759765625,278.8999938964844,391.45001220703125,133.14999389648438,1012.5,1179.79541015625,3091.0,6352.7548828125,6439.181640625,2234.783447265625,333.88128662109375,1275.0,82.55000305175781,206.10000610351562,311.0,417.2932434082031,91.30200958251953,2738.739501953125,253.65731811523438,146.7632293701172,,1835.9481201171875,303.1817932128906,421.29998779296875,56.46137237548828,,71.4000015258789,4831.1376953125,99.81999969482422,308.0,103.69999694824219,3044.0,577.5999755859375
2026-01-15,3319.839111328125,707.3280029296875,3014.0,162.35000610351562,214.85000610351562,63.7400016784668,382.1000061035156,1147.8594970703125,369.3999938964844,580.4000244140625,14024.560546875,2041.0,67.62000274658203,484.24420166015625,,90.08000183105469,87.37999725341797,437.8419189453125,180.89999389648438,,2281.0,39.36000061035156,,300.3943176269531,1678.5,5665.0,26.985000610351562,9.067689895629883,16.262990951538086,363.8999938964844,,3330.0,60.704593658447266,15120.0,3130.508544921875,1847.853271484375,3676.0,1236.36279296875,41.28730010986328,3341.0,3062.62255859375,347.79998779296875,6.004000186920166,83.44000244140625,315.0,266.1000061035156,102.19999694824219,564.2000122070312,9086.0,14526.6943359375,59.34000015258789,625.7000122070312,,363.5,179.5386199951172,76.5199966430664,111.09950256347656,638.74658203125,13956.3994140625,285.70001220703125,387.1499938964844,131.0500030517578,1090.0,1184.7945556640625,3123.0,6465.71484375,6399.61376953125,2230.792724609375,335.43377685546875,1273.0,81.62999725341797,205.60000610351562,316.0,458.2827453613281,92.49575805664062,2746.23876953125,255.41986083984375,149.92308044433594,,1849.94384765625,314.2727355957031,428.5,56.14472961425781,,72.36000061035156,4780.1416015625,100.75,315.5,102.8499984741211,3068.0,578.7999877929688
2026-01-16,3239.843017578125,708.926025390625,3030.0,159.85000610351562,217.39999389648438,63.959999084472656,380.6000061035156,1165.6356201171875,374.79998779296875,583.0,14050.5576171875,2088.0,67.9800033569336,488.8936767578125,,88.72000122070312,87.20999908447266,440.1916198730469,178.9499969482422,,2291.0,39.27000045776367,,300.1157531738281,1655.5,5685.0,26.200437545776367,9.175000190734863,16.38958168029785,367.1000061035156,,3296.0,60.584938049316406,14455.0,3098.395751953125,1816.3558349609375,3698.0,1231.564453125,41.60982131958008,3361.0,3043.624755859375,349.3500061035156,5.940000057220459,81.66000366210938,318.20001220703125,265.79998779296875,102.0999984741211,559.2000122070312,9184.0,14468.4130859375,58.81999969482422,609.2000122070312,,366.79998779296875,178.89244079589844,75.23999786376953,112.18643188476562,652.5411376953125,13760.0,282.0,384.8500061035156,135.5,1096.0,1182.2950439453125,3094.0,6344.7578125,6368.3759765625,2184.89990234375,338.5387268066406,1285.5,80.77999877929688,202.14999389648438,314.79998779296875,466.88055419921875,92.16844177246094,2752.238037109375,254.8323516845703,146.03402709960938,,1877.9354248046875,316.45452880859375,422.0,56.204097747802734,,72.62999725341797,4761.14306640625,100.80000305175781,312.3999938964844,101.4000015258789,3088.0,577.2000122070312
2026-01-19,3247.842529296875,694.5437622070312,3076.0,151.5500030517578,210.39999389648438,61.18000030517578,379.29998779296875,1118.8984375,369.0,569.4000244140625,13888.57421875,2086.0,66.76000213623047,482.9443359375,,85.68000030517578,86.8499984741211,437.6419677734375,185.39999389648438,,2283.0,39.369998931884766,,294.8228454589844,1625.0,5460.0,26.71379280090332,9.0600004196167,16.286727905273438,362.70001220703125,,3249.0,59.54793930053711,13585.0,3051.686279296875,1815.8558349609375,3596.0,1238.362060546875,40.32470703125,3252.0,3098.617919921875,336.54998779296875,5.89900016784668,79.58000183105469,317.20001220703125,267.70001220703125,102.30000305175781,546.0,9082.0,14274.140625,57.540000915527344,582.7999877929688,,361.3999938964844,175.51242065429688,74.69000244140625,112.1476058959961,645.7438354492188,13950.0,262.0,380.95001220703125,129.8000030517578,1074.5,1194.7928466796875,3014.0,6336.7607421875,6368.3759765625,2108.0791015625,336.5010986328125,1267.0,78.98999786376953,195.9600067138672,317.3999938964844,456.28326416015625,91.05171966552734,2729.740234375,250.6708221435547,144.13812255859375,,1872.4371337890625,310.9090881347656,425.79998779296875,55.52133560180664,,71.5199966430664,4755.6435546875,102.0,306.5,98.5999984741211,3080.0,574.0
2026-01-20,3242.8427734375,691.3477172851562,3076.0,153.0,207.9499969482422,62.540000915527344,373.70001220703125,1138.4720458984375,362.70001220703125,558.4000244140625,13518.6123046875,2066.0,66.13999938964844,479.54473876953125,,86.08000183105469,86.41999816894531,437.5919494628906,185.1999969482422,,2253.0,38.880001068115234,,290.9228210449219,1630.5,5500.0,25.977663040161133,8.937000274658203,16.19573974609375,357.29998779296875,,3227.0,59.278717041015625,13680.0,3039.035888671875,1795.357421875,3590.0,1228.5654296875,40.16592788696289,3222.0,3032.626220703125,338.8999938964844,5.755000114440918,78.27999877929688,317.1000061035156,262.29998779296875,102.4000015258789,543.5999755859375,8980.0,14434.4150390625,56.849998474121094,570.0,,363.29998779296875,174.7171173095703,73.94000244140625,110.88600158691406,651.54150390625,13695.0,269.20001220703125,384.3500061035156,126.19999694824219,1065.0,1167.297607421875,3009.0,6311.76953125,6357.962890625,2083.137451171875,335.724853515625,1281.0,78.02999877929688,194.0,314.6000061035156,450.0848693847656,89.85797119140625,2721.740966796875,248.418701171875,142.1449737548828,,1837.4476318359375,310.5454406738281,426.6000061035156,56.30305099487305,,71.22000122070312,4774.64208984375,100.94999694824219,304.8999938964844,97.36000061035156,3080.0,568.4000244140625
2026-01-21,3400.835205078125,682.1589965820312,2948.0,152.4499969482422,207.39999389648438,65.0199966430664,368.1000061035156,1153.2523193359375,363.3999938964844,561.0,13336.630859375,2062.0,66.16000366210938,475.5451965332031,,86.73999786376953,85.76000213623047,445.1409606933594,184.0500030517578,,2221.0,38.0,,291.5728454589844,1672.0,5440.0,25.483680725097656,8.838000297546387,16.330242156982422,361.0,,3070.0,59.13911819458008,13540.0,3079.906494140625,1787.3580322265625,3710.0,1230.564697265625,40.76631164550781,3272.0,2992.631103515625,337.6000061035156,5.78000020980835,82.05999755859375,321.0,260.8999938964844,101.4000015258789,557.4000244140625,8782.0,14419.8447265625,57.7599983215332,585.2000122070312,,359.5,174.9656524658203,72.9800033569336,110.96363067626953,649.3424072265625,13625.0,262.5,385.3999938964844,129.25,1069.0,1166.7977294921875,2970.0,6638.65380859375,6289.2392578125,2093.1142578125,334.4634704589844,1255.0,78.4000015258789,191.0399932861328,315.0,452.8841247558594,89.80020904541016,2733.239990234375,247.83119201660156,143.55474853515625,,1832.948974609375,313.9090576171875,422.20001220703125,57.14413070678711,,70.38999938964844,4784.64111328125,101.0,311.5,98.86000061035156,3132.0,555.0
2026-01-22,3341.838134765625,677.3649291992188,2812.0,152.4499969482422,206.75,64.68000030517578,370.0,1174.8233642578125,366.0,567.5999755859375,13558.6083984375,1985.0,67.37999725341797,485.3940734863281,,87.91999816894531,88.3499984741211,436.7420654296875,186.85000610351562,,2255.0,38.290000915527344,,299.6514587402344,1695.0,5550.0,26.00672149658203,9.032999992370605,16.286727905273438,374.70001220703125,,3016.0,59.886959075927734,13350.0,3079.906494140625,1804.356689453125,3696.0,1243.760009765625,42.25981521606445,3273.0,3012.628662109375,339.5,5.84499979019165,84.62000274658203,323.6000061035156,258.1000061035156,101.9000015258789,555.2000122070312,8724.0,14439.2724609375,58.810001373291016,595.7000122070312,,361.20001220703125,178.44508361816406,73.19000244140625,111.7011947631836,653.1409301757812,13490.0,254.60000610351562,387.25,135.5500030517578,1082.5,1171.2969970703125,2925.0,6483.70849609375,6366.29296875,2126.037353515625,337.56842041015625,1244.0,79.76000213623047,189.83999633789062,316.0,461.8818359375,90.78216552734375,2673.74560546875,252.62918090820312,144.67286682128906,,1853.942626953125,317.5454406738281,416.29998779296875,56.63948059082031,,72.47000122070312,4815.638671875,103.5999984741211,315.79998779296875,105.30000305175781,3210.0,554.7999877929688
2026-01-23,3377.83642578125,681.1602172851562,2650.0,143.75,206.8000030517578,63.18000030517578,363.8999938964844,1176.620849609375,366.1000061035156,568.4000244140625,13578.6064453125,2027.0,67.23999786376953,480.2446594238281,,87.62000274658203,88.13999938964844,443.5911560058594,188.25,,2239.0,37.709999084472656,,296.4942932128906,1675.0,5525.0,26.210124969482422,9.017000198364258,16.60913848876953,366.1000061035156,,3029.0,59.817161560058594,12990.0,3072.12158203125,1800.8570556640625,3638.0,1230.564697265625,41.97203063964844,3289.0,3023.627197265625,338.8500061035156,5.789000034332275,82.63999938964844,319.20001220703125,258.20001220703125,101.6500015258789,555.4000244140625,8768.0,13997.302734375,58.29999923706055,591.4000244140625,,361.0,175.3135986328125,72.47000122070312,112.22525024414062,646.3435668945312,13440.0,246.39999389648438,386.25,137.75,1069.0,1149.30078125,2921.0,6573.6767578125,6266.33154296875,2125.03955078125,337.76251220703125,1253.0,79.30999755859375,197.9199981689453,313.0,456.68316650390625,91.0132064819336,2687.244384765625,249.1041259765625,143.3116912841797,,1828.4503173828125,311.3636169433594,413.20001220703125,57.3717155456543,,71.76000213623047,4863.63525390625,104.05000305175781,315.1000061035156,105.5,3178.0,545.5999755859375
2026-01-26,3447.8330078125,691.7471923828125,2644.0,146.9499969482422,202.39999389648438,62.65999984741211,365.3999938964844,1176.421142578125,360.8999938964844,549.0,13750.5888671875,1973.0,66.12000274658203,480.6946105957031,,87.4800033569336,88.54000091552734,444.791015625,182.8000030517578,,2224.0,37.90999984741211,,298.81573486328125,1655.0,5530.0,26.05514907836914,9.11400032043457,16.59133529663086,352.79998779296875,,2932.0,59.926841735839844,12720.0,3076.9873046875,1828.3548583984375,3640.0,1241.7607421875,41.53539276123047,3129.0,3010.62890625,338.04998779296875,5.866000175476074,83.76000213623047,323.6000061035156,256.8999938964844,103.0,552.0,8578.0,14380.990234375,57.91999816894531,588.0,,364.0,177.15272521972656,71.8499984741211,112.45816040039062,650.14208984375,13440.0,242.1999969482422,384.8999938964844,140.0,1051.5,1165.7978515625,2867.0,6673.6416015625,6199.69091796875,2135.016357421875,340.0912170410156,1235.5,79.87999725341797,200.9499969482422,316.6000061035156,458.48272705078125,90.1660385131836,2672.245849609375,249.25100708007812,142.77696228027344,,1832.948974609375,313.6363525390625,416.6000061035156,58.282066345214844,,72.33999633789062,4861.13525390625,104.55000305175781,315.6000061035156,104.1500015258789,3228.0,541.4000244140625
2026-01-27,3448.832763671875,706.5289916992188,2660.0,147.0500030517578,199.39999389648438,61.97999954223633,365.29998779296875,1215.968017578125,362.6000061035156,548.7999877929688,13878.5751953125,2012.0,67.18000030517578,489.7435607910156,,86.80000305175781,90.1500015258789,451.99005126953125,187.10000610351562,,2181.0,37.7599983215332,,302.3443298339844,1609.5,5490.0,26.142322540283203,9.251999855041504,16.7634220123291,350.20001220703125,,2785.0,60.26586151123047,12405.0,3048.766845703125,1862.3521728515625,3654.0,1276.7484130859375,41.99684143066406,3135.0,3020.627685546875,341.3500061035156,5.954999923706055,84.54000091552734,331.6000061035156,260.70001220703125,105.25,558.4000244140625,8258.0,14701.5390625,56.93000030517578,589.2999877929688,,365.29998779296875,178.7433319091797,72.8499984741211,113.07926177978516,667.3352661132812,13555.0,244.8000030517578,380.0,144.4499969482422,1050.5,1180.7952880859375,2720.0,6725.623046875,6208.02099609375,2125.03955078125,339.6060791015625,1240.0,79.75,195.5399932861328,317.6000061035156,452.6841735839844,90.91693878173828,2696.743408203125,248.12493896484375,143.3603057861328,,1853.44287109375,319.0909118652344,420.0,58.71744918823242,,73.87999725341797,4864.13525390625,105.5999984741211,315.3999938964844,102.30000305175781,3276.0,542.4000244140625
2026-01-28,3475.83154296875,704.3316650390625,2694.0,144.5500030517578,195.05999755859375,61.79999923706055,367.8999938964844,1192.7991943359375,358.1000061035156,556.7999877929688,13506.61328125,1995.5,64.26000213623047,479.7447204589844,,87.0,90.38999938964844,455.989501953125,189.64999389648438,,2198.0,38.060001373291016,,297.4228515625,1622.5,5405.0,26.39415740966797,9.22700023651123,16.88803482055664,349.20001220703125,,2719.0,59.67755889892578,12175.0,3053.632568359375,1817.355712890625,3568.0,1258.1549072265625,43.08843994140625,3147.0,3027.626708984375,339.5,5.869999885559082,82.55999755859375,336.79998779296875,264.79998779296875,104.5,546.7999877929688,8296.0,14837.5302734375,57.40999984741211,542.7999877929688,,369.8999938964844,176.20831298828125,72.54000091552734,110.82776641845703,656.9393920898438,13590.0,245.6999969482422,380.45001220703125,146.1999969482422,1066.0,1198.792236328125,2692.0,6748.615234375,6185.11328125,2045.2259521484375,328.2535095214844,1208.0,77.54000091552734,196.13999938964844,316.6000061035156,449.0851135253906,89.33811950683594,2732.239990234375,245.67698669433594,143.99227905273438,,1840.946533203125,315.272705078125,419.3999938964844,59.37052536010742,,72.26000213623047,4815.13916015625,106.30000305175781,323.70001220703125,102.8499984741211,3258.0,545.4000244140625
2026-01-29,3499.830322265625,763.259033203125,2734.0,143.5,194.0,61.86000061035156,369.29998779296875,1190.40234375,360.20001220703125,535.2000122070312,13458.6181640625,1973.5,64.08000183105469,479.54473876953125,,87.12000274658203,90.04000091552734,462.588623046875,189.64999389648438,,2172.0,38.119998931884766,,295.5657043457031,1638.0,5340.0,26.607248306274414,9.25,17.2005558013916,343.29998779296875,,2695.0,59.278717041015625,12200.0,2847.332275390625,1851.8529052734375,3542.0,1269.5509033203125,41.480812072753906,3423.0,3023.627197265625,342.95001220703125,5.840000152587891,81.94000244140625,331.5,265.70001220703125,105.44999694824219,534.0,8118.0,15192.076171875,57.29999923706055,542.4000244140625,,363.8999938964844,170.19386291503906,73.4800033569336,110.90541076660156,653.1409301757812,13235.0,223.0,388.1000061035156,142.10000610351562,1052.5,1195.792724609375,2594.0,6846.58056640625,6239.2587890625,2022.279541015625,336.6951599121094,1201.0,77.08000183105469,164.6199951171875,316.0,448.08538818359375,89.14557647705078,2797.23388671875,250.62185668945312,144.47842407226562,,1837.947509765625,314.2727355957031,420.6000061035156,60.181922912597656,,72.23999786376953,4867.13525390625,106.4000015258789,323.0,103.55000305175781,3264.0,548.4000244140625
2026-01-30,3407.8349609375,766.4551391601562,2750.0,149.14999389648438,193.39999389648438,62.41999816894531,371.79998779296875,1213.970703125,359.8999938964844,538.0,13598.6044921875,1974.0,64.62000274658203,486.14398193359375,,87.41999816894531,91.19999694824219,463.73846435546875,191.35000610351562,,2187.0,38.43000030517578,,298.53717041015625,1675.5,5320.0,27.285263061523438,9.307999610900879,17.0363826751709,338.0,,2758.0,59.85704040527344,11965.0,2907.665283203125,1876.35107421875,3544.0,1284.945556640625,41.29226303100586,3351.0,3065.6220703125,343.20001220703125,5.966000080108643,81.77999877929688,337.5,265.1000061035156,108.94999694824219,525.0,8122.0,15182.36328125,57.790000915527344,546.9000244140625,,366.1000061035156,170.88973999023438,73.43000030517578,111.2353744506836,664.9362182617188,13265.0,218.1999969482422,387.0,141.60000610351562,1050.0,1204.291259765625,2579.0,6735.61962890625,6343.3857421875,2024.2747802734375,340.2853088378906,1211.0,79.19999694824219,170.55999755859375,320.3999938964844,451.4844970703125,89.33811950683594,2793.734130859375,250.96456909179688,144.18673706054688,,1861.4404296875,315.18182373046875,425.20001220703125,60.508460998535156,,73.44999694824219,4940.12939453125,107.4000015258789,324.0,102.6500015258789,3226.0,549.0
2026-02-02,3449.832763671875,775.0444946289062,2784.0,150.14999389648438,193.8000030517578,61.959999084472656,379.20001220703125,1223.158447265625,364.29998779296875,531.7999877929688,14038.55859375,1922.0,65.33999633789062,499.492431640625,,88.0,92.37999725341797,461.78875732421875,192.60000610351562,,2248.0,38.93000030517578,,304.9443359375,1669.5,5375.0,27.837360382080078,9.317999839782715,17.03044891357422,338.8999938964844,,2740.0,60.405460357666016,12125.0,2896.961181640625,1924.84716796875,3554.0,1304.53857421875,41.560203552246094,3333.0,3081.6201171875,348.8999938964844,5.979000091552734,86.77999877929688,340.29998779296875,267.6000061035156,111.44999694824219,529.5999755859375,8234.0,15420.345703125,58.41999816894531,538.2999877929688,,370.0,176.357421875,75.51000213623047,113.77799987792969,683.728759765625,13445.0,211.6999969482422,388.70001220703125,143.5500030517578,1046.5,1205.791015625,2585.0,6799.59716796875,6182.0,2027.267822265625,343.9724426269531,1230.5,80.44999694824219,175.10000610351562,323.0,455.4834899902344,90.64738464355469,2779.235595703125,254.93026733398438,145.98541259765625,,1905.42724609375,321.0,431.3999938964844,59.99391555786133,,75.08999633789062,4991.62548828125,109.25,330.3999938964844,102.75,3246.0,558.2000122070312
2026-02-03,3699.82080078125,779.8385620117188,2748.0,149.0,190.24000549316406,60.47999954223633,382.3999938964844,1188.8045654296875,370.0,506.20001220703125,13814.58203125,1931.5,67.26000213623047,501.5422058105469,,87.63999938964844,91.91999816894531,466.4381408691406,194.0,,2164.0,39.310001373291016,,307.4515075683594,1697.0,5325.0,27.92453384399414,9.40999984741211,17.133302688598633,304.0,,2555.0,60.31571960449219,11355.0,2879.445068359375,1945.3455810546875,3546.0,1300.5400390625,40.761348724365234,3249.0,3160.6103515625,352.70001220703125,6.072000026702881,82.30000305175781,337.8999938964844,269.0,112.5999984741211,521.7999877929688,7180.0,15119.224609375,58.529998779296875,529.0,,375.20001220703125,176.90419006347656,76.08000183105469,113.42862701416016,693.9247436523438,12800.0,232.1999969482422,386.45001220703125,142.8000030517578,977.5999755859375,1219.78857421875,2214.0,7035.513671875,6127.0,1997.3377685546875,342.0318298339844,1235.5,81.08000183105469,167.0,326.0,458.08282470703125,88.41392517089844,2789.234619140625,255.2729949951172,147.05491638183594,,1878.435302734375,324.18182373046875,435.3999938964844,60.834999084472656,,76.70999908447266,5044.62158203125,111.4000015258789,340.5,102.25,3354.0,556.4000244140625
2026-02-04,3559.827392578125,779.2393188476562,2840.0,151.9499969482422,188.25999450683594,61.41999816894531,387.3999938964844,1139.0712890625,380.6000061035156,497.8999938964844,13794.583984375,1874.5,67.31999969482422,483.1943359375,,91.04000091552734,90.93000030517578,477.6866455078125,205.0,,2222.0,40.130001068115234,,308.5657653808594,1774.0,5370.0,29.425851821899414,9.529000282287598,17.374618530273438,295.70001220703125,,2546.0,60.06644058227539,11605.0,3002.057373046875,2079.8349609375,3502.0,1307.1376953125,39.99722671508789,3357.0,3259.59814453125,356.75,6.127999782562256,83.27999877929688,347.8999938964844,271.8999938964844,112.05000305175781,526.0,7170.0,15522.3388671875,60.95000076293945,536.0999755859375,,391.20001220703125,177.9977264404297,78.08999633789062,115.19488525390625,691.3257446289062,12965.0,233.6999969482422,399.3999938964844,141.60000610351562,1001.0,1215.289306640625,2185.0,7002.525390625,6274.0,2030.2608642578125,349.89129638671875,1217.5,81.83999633789062,167.1999969482422,335.20001220703125,461.0820617675781,89.78096008300781,2866.727294921875,236.96226501464844,151.28427124023438,,1856.44189453125,328.45452880859375,450.3999938964844,61.90366744995117,,76.20999908447266,5177.61181640625,114.3499984741211,349.29998779296875,106.0,3342.0,575.5999755859375
2026-02-05,3460.832275390625,771.648681640625,2832.0,151.85000610351562,189.52000427246094,61.34000015258789,384.0,1148.0592041015625,388.0,484.79998779296875,13978.5654296875,1856.5,66.5,466.3962707519531,,88.94000244140625,91.9800033569336,469.03778076171875,206.5,,2179.0,39.459999084472656,,306.9872131347656,1786.5,5405.0,29.638944625854492,9.486000061035156,17.297475814819336,284.5,,2621.0,59.6675910949707,11180.0,3000.111328125,2179.826904296875,3522.0,1277.148193359375,41.088829040527344,3302.0,3291.59423828125,358.8500061035156,5.900000095367432,80.44000244140625,339.8999938964844,266.6000061035156,105.80000305175781,518.2000122070312,7586.0,14944.3798828125,58.9900016784668,538.2000122070312,,385.0,174.76683044433594,78.43000030517578,115.75775909423828,649.7422485351562,12820.0,229.89999389648438,394.70001220703125,139.35000610351562,966.5999755859375,1175.2962646484375,2249.0,6823.58837890625,6414.0,2044.228271484375,348.0477294921875,1207.5,81.08999633789062,170.47999572753906,334.79998779296875,455.68341064453125,92.1491928100586,2769.236572265625,239.41021728515625,150.4092254638672,,1846.4449462890625,319.0909118652344,449.29998779296875,61.30006790161133,,73.01000213623047,5249.6064453125,109.0,346.29998779296875,102.0999984741211,3374.0,574.0
2026-02-06,3434.83349609375,778.0408325195312,2800.0,152.85000610351562,191.3000030517578,60.7400016784668,387.20001220703125,1192.2000732421875,394.6000061035156,485.79998779296875,14102.552734375,1879.0,66.81999969482422,479.0447998046875,,88.44000244140625,93.18000030517578,477.9866027832031,206.60000610351562,,2125.0,39.65999984741211,,315.994384765625,1760.0,5410.0,29.309621810913086,9.477999687194824,17.641645431518555,285.29998779296875,,2499.0,60.375545501708984,11280.0,3011.78857421875,2197.825439453125,3548.0,1305.33837890625,41.71401596069336,3353.0,3340.588134765625,362.1499938964844,5.966000080108643,81.31999969482422,347.0,267.20001220703125,106.75,517.2000122070312,7502.0,14852.1005859375,58.779998779296875,536.2000122070312,,386.3999938964844,177.05331420898438,78.88999938964844,116.41767883300781,659.1385498046875,12900.0,231.5,394.04998779296875,144.1999969482422,968.0,1181.295166015625,2145.0,6840.58251953125,6400.0,2050.21435546875,345.8160095214844,1229.0,80.36000061035156,171.22000122070312,336.0,456.88311767578125,91.80261993408203,2774.236083984375,245.28530883789062,151.67315673828125,,1880.9345703125,322.9090881347656,452.1000061035156,61.923458099365234,,73.94000244140625,5249.6064453125,110.5999984741211,345.70001220703125,100.75,3402.0,573.0
2026-02-09,3545.828125,795.41943359375,2796.0,153.60000610351562,193.13999938964844,60.08000183105469,387.3999938964844,1204.800048828125,392.20001220703125,474.3999938964844,13886.57421875,1943.5,67.83999633789062,486.4939270019531,,88.23999786376953,94.38999938964844,477.5866394042969,201.39999389648438,,2081.0,39.540000915527344,,318.3158264160156,1755.5,5480.0,29.55177116394043,9.494999885559082,17.673294067382812,298.1000061035156,,2501.0,60.93393325805664,11295.0,2976.756591796875,2158.82861328125,3608.0,1318.333740234375,41.66936492919922,3314.0,3294.59375,363.79998779296875,6.048999786376953,80.0199966430664,346.20001220703125,263.1000061035156,105.25,515.7999877929688,7522.0,14774.3916015625,58.310001373291016,535.4000244140625,,377.79998779296875,177.8983154296875,78.38999938964844,116.65058898925781,619.754150390625,12765.0,229.3000030517578,387.95001220703125,149.14999389648438,978.5999755859375,1186.7943115234375,2133.0,7048.50927734375,6310.0,2067.1748046875,343.293212890625,1275.0,80.29000091552734,174.9199981689453,334.20001220703125,464.6811218261719,92.726806640625,2822.7314453125,250.62185668945312,150.99258422851562,,1898.4293212890625,323.9090576171875,452.8999938964844,61.97293472290039,,78.63999938964844,5164.61279296875,113.3499984741211,342.8999938964844,100.9000015258789,3476.0,570.2000122070312
2026-02-10,3580.826416015625,793.2221069335938,2742.0,155.89999389648438,191.6199951171875,61.02000045776367,377.3999938964844,1193.0,389.5,478.70001220703125,14162.5458984375,1924.0,65.77999877929688,474.3453369140625,,89.27999877929688,93.02999877929688,448.2905578613281,199.0,,2103.0,38.459999084472656,,318.8729553222656,1814.0,5520.0,29.251506805419922,9.585000038146973,17.746479034423828,303.5,,2477.0,60.80430603027344,11380.0,3031.2509765625,2167.827880859375,3626.0,1305.5382080078125,42.537681579589844,3291.0,3261.597900390625,364.3999938964844,6.047999858856201,80.94000244140625,351.6000061035156,265.79998779296875,102.80000305175781,516.5999755859375,7368.0,14784.10546875,58.36000061035156,537.7000122070312,,381.8999938964844,176.85447692871094,78.91999816894531,117.42697143554688,604.7600708007812,12765.0,226.60000610351562,391.3999938964844,153.14999389648438,986.0,1170.7969970703125,2146.0,7080.49755859375,6316.0,2119.0537109375,340.67340087890625,1243.5,82.19999694824219,178.27999877929688,337.79998779296875,467.08050537109375,93.16964721679688,2831.730712890625,252.72711181640625,152.6454315185547,,1789.4620361328125,321.1817932128906,458.3999938964844,61.854190826416016,,76.55000305175781,5243.60693359375,111.55000305175781,343.3999938964844,104.55000305175781,3482.0,552.2000122070312
2026-02-11,3667.822265625,799.81396484375,2730.0,153.8000030517578,187.24000549316406,60.119998931884766,366.79998779296875,1207.800048828125,386.70001220703125,470.0,14816.4794921875,1925.5,63.7400016784668,477.4449768066406,,89.45999908447266,92.69999694824219,472.68731689453125,204.0,,2046.0,37.790000915527344,,315.0657958984375,1836.5,5525.0,29.416168212890625,9.75100040435791,18.0649356842041,295.79998779296875,,2375.0,60.704593658447266,10695.0,2998.1650390625,2149.829345703125,3672.0,1304.9384765625,43.17775344848633,3343.0,3302.5927734375,363.75,5.888999938964844,81.33999633789062,353.3999938964844,267.3999938964844,103.05000305175781,506.79998779296875,7382.0,14769.5341796875,57.95000076293945,525.0999755859375,,389.5,175.71124267578125,78.25,119.46495819091797,610.3578491210938,12725.0,217.1999969482422,391.8999938964844,152.0,951.4000244140625,1161.2987060546875,2013.0,7276.4287109375,6314.0,2115.06298828125,346.2041320800781,1248.0,82.55999755859375,169.0,347.3999938964844,456.88311767578125,89.58841705322266,2913.722900390625,250.91561889648438,153.13156127929688,,1813.9547119140625,320.3636169433594,470.20001220703125,63.5462532043457,,74.58999633789062,5319.60107421875,114.55000305175781,348.3999938964844,103.55000305175781,3502.0,548.5999755859375
2026-02-12,3583.826416015625,805.007568359375,2824.0,153.5500030517578,190.4199981689453,60.599998474121094,367.0,1179.800048828125,382.6000061035156,457.1000061035156,14904.4697265625,1925.0,63.439998626708984,463.5466003417969,,87.72000122070312,91.58999633789062,457.93927001953125,210.1999969482422,,2035.0,37.91999816894531,,313.6729431152344,1849.0,5460.0,31.208065032958984,9.583999633789062,17.902740478515625,290.29998779296875,,2408.0,60.53508377075195,10495.0,2965.0791015625,2140.830078125,3742.0,1266.152099609375,42.42355728149414,3269.0,3283.59521484375,361.0,5.8480000495910645,79.58000183105469,356.6000061035156,269.0,102.4000015258789,498.0,7520.0,14283.8544921875,57.11000061035156,524.5,,397.70001220703125,173.12652587890625,79.33999633789062,120.14429473876953,594.7640380859375,12740.0,220.1999969482422,391.6499938964844,146.35000610351562,938.7999877929688,1082.3123779296875,2052.0,7208.45263671875,6394.0,2168.937255859375,349.0180358886719,1226.0,79.0999984741211,169.6999969482422,350.20001220703125,587.3497314453125,88.760498046875,2887.725341796875,251.65000915527344,152.25653076171875,,1729.4801025390625,314.8181457519531,475.6000061035156,63.62541580200195,,74.13999938964844,5354.5986328125,114.5,348.20001220703125,102.30000305175781,3472.0,548.5999755859375
2026-02-13,3585.826171875,815.394775390625,2814.0,154.9499969482422,192.4199981689453,61.0,366.8999938964844,1190.4000244140625,380.70001220703125,459.1000061035156,15116.4482421875,1968.0,63.939998626708984,453.94769287109375,,88.9000015258789,89.4000015258789,460.9388732910156,210.3000030517578,,2058.0,37.459999084472656,,302.6228942871094,1824.0,5410.0,31.217750549316406,9.305999755859375,17.983837127685547,290.1000061035156,,2538.0,60.255889892578125,9352.0,2996.21875,2164.828125,3876.0,1238.1619873046875,43.17775344848633,3436.0,3287.5947265625,358.79998779296875,5.697000026702881,78.87999725341797,362.5,268.6000061035156,100.4000015258789,521.0,7570.0,14890.955078125,57.619998931884766,514.2000122070312,,399.1000061035156,170.59152221679688,79.58000183105469,121.44471740722656,579.9699096679688,12735.0,223.8000030517578,372.3500061035156,146.75,948.0,1068.814697265625,2257.0,7184.4609375,6468.0,2142.0,349.3091125488281,1271.0,77.62000274658203,171.72000122070312,352.20001220703125,585.3502807617188,90.78216552734375,2872.226806640625,251.0500030517578,151.96484375,,1717.9835205078125,309.5454406738281,488.70001220703125,63.70457077026367,,71.33000183105469,5431.5927734375,114.1500015258789,343.70001220703125,103.0999984741211,3468.0,552.0
2026-02-16,3577.82666015625,817.392333984375,2846.0,154.0500030517578,197.1999969482422,60.119998931884766,369.20001220703125,1195.0,379.1000061035156,457.29998779296875,15158.4443359375,2029.0,64.45999908447266,460.9968566894531,,89.4800033569336,90.83999633789062,465.688232421875,206.6999969482422,,2053.0,37.72999954223633,,310.42291259765625,1802.0,5365.0,31.934511184692383,9.180000305175781,17.94823455810547,293.6000061035156,,2471.0,60.20603561401367,9340.0,2958.267333984375,2183.82666015625,3870.0,1250.757568359375,42.885005950927734,3497.0,3218.603271484375,361.25,5.6519999504089355,79.12000274658203,358.79998779296875,269.6000061035156,101.4000015258789,527.2000122070312,7612.0,14691.826171875,57.650001525878906,518.2999877929688,,402.70001220703125,173.72300720214844,80.16999816894531,122.72573852539062,607.5589599609375,12790.0,220.0,385.04998779296875,153.35000610351562,935.2000122070312,1085.811767578125,2174.0,7108.48779296875,6420.0,2080.0,350.6675109863281,1298.0,77.37000274658203,168.36000061035156,353.0,584.8504028320312,90.22380065917969,2865.227294921875,234.9499969482422,149.82586669921875,,1740.476806640625,313.7272644042969,489.29998779296875,63.48688507080078,,71.72000122070312,5419.59375,114.19999694824219,343.20001220703125,102.30000305175781,3510.0,557.5999755859375
2026-02-17,3498.830322265625,814.1962280273438,2842.0,156.4499969482422,196.5,61.900001525878906,372.3999938964844,1199.199951171875,376.1000061035156,463.1000061035156,15520.4072265625,2029.0,64.30000305175781,473.8954162597656,,90.55999755859375,92.37000274658203,460.3889465332031,208.39999389648438,,2111.0,38.7599983215332,,313.2086486816406,1796.0,5500.0,32.312259674072266,9.22599983215332,17.926475524902344,294.70001220703125,,2530.0,60.64476776123047,9212.0,2969.944580078125,2238.822265625,3904.0,1269.7508544921875,44.239585876464844,3430.0,3234.601318359375,362.0,5.723999977111816,79.54000091552734,361.1000061035156,275.29998779296875,102.75,536.2000122070312,7572.0,14920.095703125,58.86000061035156,527.7000122070312,,394.79998779296875,175.1644744873047,79.0199966430664,124.58905029296875,613.9564208984375,12995.0,223.3000030517578,390.45001220703125,152.4499969482422,943.4000244140625,1101.8089599609375,2225.0,7113.48583984375,6446.0,2072.0,358.23590087890625,1297.0,78.12999725341797,169.63999938964844,354.0,585.85009765625,90.85917663574219,2866.727294921875,235.75,149.68002319335938,,1765.9691162109375,316.5454406738281,494.5,63.892578125,,73.16000366210938,5412.59423828125,115.6500015258789,341.0,103.94999694824219,3430.0,564.0
2026-02-18,3660.822509765625,822.1864013671875,2842.0,157.0500030517578,200.64999389648438,63.040000915527344,372.5,1244.800048828125,377.20001220703125,471.5,15540.404296875,2110.0,66.0,485.9939880371094,,91.80000305175781,94.25,469.437744140625,203.3000030517578,,2180.0,38.75,,315.8086853027344,1761.0,5620.0,31.353351593017578,9.291000366210938,18.179658889770508,305.8999938964844,,2551.0,61.46240234375,9416.0,2920.31591796875,2267.81982421875,3962.0,1297.3411865234375,45.73805236816406,3421.0,3250.599365234375,367.75,5.8379998207092285,79.33999633789062,361.0,271.70001220703125,104.5999984741211,533.0,7790.0,15143.5087890625,59.400001525878906,533.9000244140625,,397.1000061035156,176.9539031982422,78.4000015258789,123.61857604980469,629.7501831054688,13020.0,228.0,394.54998779296875,154.0,959.7999877929688,1124.3050537109375,2234.0,7386.3896484375,6474.0,2069.0,358.3329162597656,1324.5,77.72000122070312,173.3800048828125,354.6000061035156,585.3502807617188,90.4740982055664,2928.721435546875,244.8000030517578,148.22161865234375,,1808.9561767578125,319.5454406738281,494.20001220703125,64.65449523925781,,74.66000366210938,5327.6005859375,116.0999984741211,345.70001220703125,104.0999984741211,3460.0,568.0
2026-02-19,3577.82666015625,817.1925659179688,2830.0,155.25,187.10000610351562,63.91999816894531,373.3999938964844,1238.199951171875,377.5,473.29998779296875,15290.0,2163.0,65.45999908447266,467.95001220703125,,90.08000183105469,93.83999633789062,479.0,203.10000610351562,,2195.0,39.119998931884766,,312.00152587890625,1781.5,5625.0,31.605188369750977,8.956999778747559,18.43284034729004,294.0,,2576.0,60.963844299316406,9040.0,2909.611572265625,2226.0,3924.0,1281.1468505859375,45.48500061035156,3388.0,3200.0,365.54998779296875,5.748000144958496,78.41999816894531,357.1000061035156,272.3999938964844,102.0,538.2000122070312,7778.0,15347.494140625,58.75,531.5,,396.79998779296875,175.4130096435547,81.43000030517578,122.74515533447266,616.9552612304688,12990.0,234.89999389648438,395.0,152.39999389648438,910.7999877929688,1113.806884765625,2293.0,7115.4853515625,6456.0,2039.0,357.2655944824219,1324.0,79.0,170.74000549316406,354.6000061035156,585.85009765625,90.28155517578125,2944.0,240.5500030517578,148.5133056640625,,1783.4638671875,315.7272644042969,496.79998779296875,65.83201599121094,,72.8499984741211,5319.60107421875,115.44999694824219,347.20001220703125,102.5999984741211,3460.0,558.7999877929688
2026-02-20,3616.82470703125,817.9915771484375,2880.0,158.6999969482422,189.74000549316406,64.27999877929688,379.20001220703125,1255.5999755859375,382.70001220703125,481.0,15270.0,2165.0,65.94000244140625,473.79998779296875,,90.31999969482422,94.7300033569336,467.6000061035156,203.10000610351562,,2213.0,39.79999923706055,,319.5229797363281,1851.0,5635.0,31.69236183166504,9.081999778747559,18.373498916625977,295.8999938964844,,2592.0,61.74159622192383,9014.0,2948.5361328125,2213.0,3934.0,1289.5439453125,45.20000076293945,3399.0,3230.0,368.0,5.870999813079834,78.18000030517578,354.8999938964844,274.79998779296875,104.1500015258789,536.4000244140625,7904.0,15556.3369140625,59.2400016784668,554.7000122070312,,397.1000061035156,178.0474395751953,80.91000366210938,122.72573852539062,615.3558349609375,12980.0,235.0,401.1499938964844,155.0,928.2000122070312,1132.8035888671875,2322.0,7119.48388671875,6416.0,2112.0,356.87744140625,1336.0,79.58000183105469,173.8000030517578,355.20001220703125,585.85009765625,90.33931732177734,2940.5,245.14999389648438,153.76351928710938,,1801.45849609375,317.0,494.6000061035156,64.75345611572266,,73.93000030517578,5379.5966796875,115.5,351.1000061035156,102.5,3468.0,567.7999877929688
2026-02-23,3649.8232421875,815.7942504882812,2828.0,158.60000610351562,183.13999938964844,63.779998779296875,378.79998779296875,1249.199951171875,381.5,471.8999938964844,15344.0,2137.0,64.54000091552734,463.0,,87.69999694824219,95.8499984741211,474.1000061035156,206.5,,2155.0,39.81999969482422,,317.2015380859375,1858.0,5575.0,32.20571517944336,9.699999809265137,18.478334426879883,269.70001220703125,,2524.0,61.572086334228516,8620.0,2971.890869140625,2206.0,3972.0,1292.3428955078125,45.88999938964844,3354.0,3300.0,368.04998779296875,5.86299991607666,80.81999969482422,358.8999938964844,269.1000061035156,103.80000305175781,520.5999755859375,7706.0,14963.806640625,58.29999923706055,558.0,,406.8999938964844,177.79891967773438,81.4000015258789,124.20085906982422,610.157958984375,13130.0,232.60000610351562,397.1000061035156,152.3000030517578,850.0,1117.3062744140625,2251.0,7159.4697265625,6398.0,2106.0,359.4002380371094,1333.0,80.76000213623047,167.86000061035156,357.20001220703125,585.85009765625,90.6858901977539,2965.0,240.64999389648438,151.62454223632812,,1814.954345703125,317.272705078125,499.0,65.44610595703125,,73.69999694824219,5461.59033203125,116.5,350.1000061035156,99.9000015258789,3488.0,575.4000244140625
2026-02-24,3667.822265625,825.7819213867188,2822.0,160.1999969482422,182.83999633789062,64.26000213623047,378.5,1263.4000244140625,385.79998779296875,471.5,15326.0,2141.0,64.12000274658203,459.95001220703125,,88.4800033569336,94.4800033569336,471.20001220703125,209.3000030517578,,2184.0,40.0,,309.30865478515625,1874.0,5635.0,32.27351760864258,9.798999786376953,18.543607711791992,271.79998779296875,,2561.0,61.61197280883789,8654.0,3031.2509765625,2201.0,4062.0,1290.943359375,46.68000030517578,3288.0,3243.0,370.70001220703125,5.761000156402588,81.26000213623047,364.8999938964844,266.20001220703125,102.5999984741211,523.7999877929688,7678.0,15172.6494140625,58.93000030517578,561.7999877929688,,403.70001220703125,176.30772399902344,82.94000244140625,125.77302551269531,604.1603393554688,13260.0,234.3000030517578,403.1000061035156,157.10000610351562,852.5999755859375,1106.3082275390625,2273.0,7266.43212890625,6392.0,2080.0,362.8933410644531,1310.0,80.61000061035156,165.83999633789062,359.3999938964844,585.85009765625,90.72439575195312,2971.5,239.5,153.81214904785156,,1788.46240234375,314.5454406738281,501.20001220703125,66.02002716064453,,72.72000122070312,5471.58984375,116.25,353.20001220703125,101.5999984741211,3480.0,576.4000244140625
2026-02-25,3828.814453125,834.3713989257812,2888.0,158.5,184.47999572753906,67.05999755859375,381.5,1288.4000244140625,378.3999938964844,473.5,15218.0,2106.0,65.0,470.3500061035156,,88.12000274658203,96.37000274658203,470.25,213.1999969482422,,2225.0,40.209999084472656,,311.1658020019531,1636.0,5585.0,32.60283660888672,9.994999885559082,18.678110122680664,274.3999938964844,,2662.0,62.1603889465332,8898.0,2963.1328125,2214.0,4076.0,1393.507080078125,47.07500076293945,3240.0,3272.0,372.45001220703125,5.811999797821045,80.16000366210938,365.20001220703125,269.1000061035156,104.5,526.5999755859375,7794.0,14895.8115234375,58.9900016784668,553.0,,407.0,177.15272521972656,82.9000015258789,125.96711730957031,615.156005859375,13290.0,235.0,398.5,155.25,852.0,1133.803466796875,2415.0,7458.3642578125,6346.0,2062.0,358.13885498046875,1310.0,80.79000091552734,166.77999877929688,358.6000061035156,585.85009765625,91.167236328125,3011.0,244.10000610351562,156.04835510253906,,1811.955322265625,319.7272644042969,492.20001220703125,66.6632080078125,,74.13999938964844,5401.5947265625,117.75,349.79998779296875,99.94000244140625,3546.0,576.0
2026-02-26,3692.821044921875,829.976806640625,2934.0,162.5,186.74000549316406,66.76000213623047,384.70001220703125,1232.4000244140625,383.1000061035156,485.70001220703125,15110.0,2118.0,65.77999877929688,472.6499938964844,,88.83999633789062,96.30000305175781,474.29998779296875,207.89999389648438,,2253.0,40.86000061035156,,308.7514953613281,1586.0,5650.0,31.876394271850586,10.163999557495117,19.144914627075195,284.29998779296875,,2778.0,62.03076171875,9072.0,2973.837158203125,2167.0,4124.0,1397.5057373046875,46.77000045776367,3272.0,3287.0,374.8999938964844,5.885000228881836,82.04000091552734,370.5,274.1000061035156,104.9000015258789,532.0,8500.0,14881.2412109375,59.0,551.5999755859375,,399.70001220703125,176.4568328857422,82.72000122070312,124.31732177734375,627.551025390625,13265.0,220.0,397.45001220703125,153.89999389648438,875.2000122070312,1144.801513671875,2525.0,7279.42724609375,6366.0,2060.0,352.80218505859375,1352.5,80.87999725341797,172.22000122070312,352.79998779296875,585.85009765625,92.4572525024414,3024.0,248.64999389648438,153.08294677734375,,1837.4476318359375,318.1817932128906,485.0,66.84131622314453,,73.76000213623047,5361.0,114.5999984741211,350.3999938964844,101.55000305175781,3536.0,578.7999877929688
2026-02-27,3700.820556640625,842.5612182617188,2964.0,158.1999969482422,184.24000549316406,66.86000061035156,382.20001220703125,1233.4000244140625,385.6000061035156,492.8999938964844,15542.0,2112.0,65.5999984741211,452.8500061035156,,89.45999908447266,95.5,477.6499938964844,216.8000030517578,,2278.0,41.459999084472656,,306.5229187011719,1656.5,5675.0,33.01933288574219,10.194000244140625,19.439634323120117,280.1000061035156,,2786.0,61.79145431518555,7712.0,3008.869384765625,2201.0,4184.0,1393.107177734375,45.82500076293945,3322.0,3325.0,377.75,5.835000038146973,81.9800033569336,370.5,271.29998779296875,102.44999694824219,536.2000122070312,8860.0,15226.07421875,59.0,544.0999755859375,,396.5,174.46859741210938,83.9800033569336,126.64644622802734,618.7545166015625,13520.0,210.10000610351562,397.3999938964844,150.0,857.4000244140625,1137.3028564453125,2584.0,7332.40869140625,6512.0,2049.0,356.1012268066406,1333.5,82.19999694824219,170.9600067138672,349.0,585.85009765625,93.38143920898438,3073.5,247.39999389648438,155.07608032226562,,1831.449462890625,316.1817932128906,480.6000061035156,66.57415008544922,,72.41000366210938,5467.0,114.5,351.79998779296875,101.19999694824219,3522.0,580.5999755859375
2026-03-02,3589.825927734375,827.3800048828125,2972.0,151.35000610351562,180.27999877929688,65.33999633789062,370.3999938964844,1210.4000244140625,382.3999938964844,484.6000061035156,15252.0,2241.0,64.44000244140625,437.3500061035156,,85.0,92.08000183105469,487.8500061035156,211.39999389648438,,2253.0,40.529998779296875,,300.30145263671875,1609.0,5595.0,32.166969299316406,9.984999656677246,20.145776748657227,278.3999938964844,,2727.0,60.26586151123047,7742.0,2980.64892578125,2180.0,4122.0,1331.529052734375,44.415000915527344,3233.0,3296.0,368.04998779296875,5.605000019073486,77.87999725341797,361.79998779296875,266.8999938964844,99.91999816894531,530.2000122070312,8776.0,16425.705078125,56.630001068115234,520.5,,382.0,171.3371124267578,83.20999908447266,126.12239837646484,600.7616577148438,13235.0,202.1999969482422,380.95001220703125,150.85000610351562,841.5999755859375,1116.3065185546875,2575.0,7333.408203125,6360.0,1967.0,352.12298583984375,1354.0,81.44999694824219,167.10000610351562,344.0,586.3499755859375,92.97711181640625,3132.0,238.1999969482422,153.03433227539062,,1734.4786376953125,312.7272644042969,476.70001220703125,68.63232421875,,70.19999694824219,5326.0,112.75,344.5,96.73999786376953,3508.0,575.0
2026-03-03,3451.832763671875,798.4157104492188,2882.0,147.10000610351562,175.4199981689453,63.959999084472656,355.3999938964844,1161.800048828125,377.70001220703125,474.5,14932.0,2220.0,62.81999969482422,422.54998779296875,,82.5199966430664,88.30999755859375,493.0,209.0,,2229.0,38.959999084472656,,294.2657165527344,1565.0,5390.0,31.595500946044922,9.470999717712402,19.819408416748047,273.29998779296875,,2675.0,58.20182418823242,8120.0,2881.391357421875,2122.0,3960.0,1262.353515625,41.68000030517578,3120.0,3197.0,358.45001220703125,5.324999809265137,74.41999816894531,344.1000061035156,255.8000030517578,96.94000244140625,518.2000122070312,8552.0,16862.81640625,55.7400016784668,502.20001220703125,,372.20001220703125,167.0623779296875,81.25,122.66751861572266,585.967529296875,12960.0,192.5500030517578,363.75,144.60000610351562,820.0,1078.81298828125,2596.0,7097.49169921875,6130.0,1897.5,344.845703125,1303.0,79.86000061035156,165.47999572753906,343.20001220703125,584.8504028320312,90.12753295898438,3113.0,226.4499969482422,147.34658813476562,,1680.494873046875,303.9090576171875,472.1000061035156,67.38554382324219,,66.94999694824219,5134.0,110.80000305175781,333.0,93.58000183105469,3402.0,536.5999755859375
2026-03-04,3517.82958984375,799.4144897460938,2860.0,141.8000030517578,177.1999969482422,65.23999786376953,359.0,1199.800048828125,374.20001220703125,472.1000061035156,15088.0,2269.0,63.959999084472656,430.6000061035156,,82.63999938964844,89.31999969482422,481.25,206.5,,2235.0,38.7599983215332,,303.55145263671875,1520.0,5390.0,31.96356773376465,9.569000244140625,19.74028778076172,285.5,,2685.0,59.1889762878418,8362.0,2847.332275390625,2115.0,4022.0,1290.943359375,43.94499969482422,3187.0,3270.0,365.0,5.421999931335449,75.63999938964844,347.0,260.0,98.27999877929688,525.5999755859375,8660.0,16532.5546875,56.52000045776367,507.3999938964844,,378.5,169.84593200683594,80.58000183105469,123.90972137451172,594.5641479492188,13335.0,201.0,374.29998779296875,145.8000030517578,833.0,1098.8095703125,2553.0,7187.4599609375,6050.0,1930.0,348.14471435546875,1363.0,79.2300033569336,167.3800048828125,348.20001220703125,585.3502807617188,91.09022521972656,3063.5,232.89999389648438,147.492431640625,,1713.9847412109375,308.81817626953125,476.20001220703125,66.15855407714844,,68.79000091552734,5115.0,111.5,340.0,94.44000244140625,3040.0,545.0
2026-03-05,3378.836181640625,786.6301879882812,3078.0,145.10000610351562,175.8800048828125,64.37999725341797,353.20001220703125,1186.0,365.5,472.70001220703125,14774.0,2150.0,63.560001373291016,417.0,,81.41999816894531,87.02999877929688,491.95001220703125,207.39999389648438,,2306.0,38.04999923706055,,301.0443420410156,1544.0,5360.0,32.02168273925781,9.461999893188477,19.997425079345703,287.5,,2755.0,58.261653900146484,8540.0,2822.03125,2076.0,3956.0,1278.347900390625,42.29999923706055,2929.0,3176.0,362.5,5.315000057220459,76.9800033569336,343.3999938964844,257.8999938964844,96.9000015258789,514.5999755859375,8744.0,16454.845703125,55.650001525878906,505.79998779296875,,378.1000061035156,168.55355834960938,80.13999938964844,121.13417053222656,585.7676391601562,13245.0,196.3000030517578,371.45001220703125,143.5,832.5999755859375,1090.31103515625,2623.0,6787.0,5700.0,1899.5,341.0615234375,1290.0,77.7300033569336,170.97999572753906,347.79998779296875,585.3502807617188,89.70394134521484,3108.0,224.8000030517578,143.02001953125,,1679.9949951171875,305.0909118652344,469.29998779296875,66.06949615478516,,66.93000030517578,5056.0,109.80000305175781,335.5,92.80000305175781,3094.0,535.2000122070312
2026-03-06,3230.843505859375,784.2332153320312,3082.0,142.6999969482422,175.5,62.79999923706055,347.6000061035156,1147.0,359.3999938964844,494.79998779296875,14500.0,2214.0,62.91999816894531,404.1499938964844,,79.80000305175781,86.3499984741211,498.8999938964844,206.39999389648438,,2287.0,37.88999938964844,,294.1728515625,1525.5,5280.0,31.827964782714844,9.404999732971191,20.299068450927734,285.6000061035156,,2759.0,57.68332290649414,8290.0,2802.569091796875,2038.0,3862.0,1244.559814453125,39.41999816894531,3014.0,3162.0,356.1000061035156,5.203999996185303,76.44000244140625,325.70001220703125,254.39999389648438,95.41999816894531,504.20001220703125,8792.0,16605.40625,54.779998779296875,502.20001220703125,,364.0,165.47177124023438,80.23999786376953,119.6202392578125,575.3717041015625,13025.0,195.4499969482422,370.8999938964844,142.4499969482422,819.7999877929688,1059.8162841796875,2640.0,6749.0,5580.0,1905.5,331.0674133300781,1265.0,76.38999938964844,172.74000549316406,340.6000061035156,585.3502807617188,89.62692260742188,3133.0,224.8000030517578,137.8184051513672,,1639.507080078125,302.09088134765625,466.5,67.2865982055664,,66.12000274658203,4935.0,108.30000305175781,329.20001220703125,89.9800033569336,3008.0,529.7999877929688
2026-03-09,3126.848388671875,768.0531005859375,3120.0,139.6999969482422,175.4199981689453,62.70000076293945,344.20001220703125,1147.5999755859375,347.3999938964844,483.20001220703125,14442.0,2259.0,61.52000045776367,397.3999938964844,,78.76000213623047,85.33000183105469,510.0,203.8000030517578,,2283.0,37.47999954223633,,294.91571044921875,1521.0,5115.0,31.479270935058594,9.390000343322754,20.763896942138672,278.79998779296875,,2775.0,57.35427474975586,8122.0,2779.21435546875,2046.0,3800.0,1250.5576171875,38.95000076293945,2927.0,3143.0,350.54998779296875,5.204999923706055,73.54000091552734,314.70001220703125,249.89999389648438,95.16000366210938,498.70001220703125,8662.0,16095.44140625,54.25,497.70001220703125,,353.29998779296875,165.22325134277344,80.05000305175781,121.5999984741211,575.5716552734375,12765.0,195.1999969482422,362.8999938964844,141.9499969482422,812.0,1064.3154296875,2646.0,6635.0,5472.0,1904.0,322.5287170410156,1238.5,75.80999755859375,171.8800048828125,336.3999938964844,584.8504028320312,88.3369140625,3207.0,221.10000610351562,134.70716857910156,,1628.0106201171875,303.09088134765625,466.0,68.1672592163086,,65.08999633789062,4903.5,106.8499984741211,321.20001220703125,87.81999969482422,2928.0,529.5999755859375
2026-03-10,3331.838623046875,802.4107666015625,3160.0,141.85000610351562,177.89999389648438,63.060001373291016,354.3999938964844,1200.0,354.20001220703125,489.29998779296875,14654.0,2249.0,62.2400016784668,417.79998779296875,,80.4000015258789,88.37000274658203,499.54998779296875,205.89999389648438,,2260.0,38.16999816894531,,302.25146484375,1528.0,5195.0,31.789220809936523,9.60099983215332,20.64027214050293,283.0,,2826.0,58.83000946044922,7946.0,2752.940185546875,2064.0,3922.0,1279.54736328125,41.314998626708984,2930.0,3157.0,361.95001220703125,5.36299991607666,76.0,317.20001220703125,258.5,99.0199966430664,496.5,8550.0,15872.0283203125,55.04999923706055,504.5,,357.5,169.100341796875,79.58999633789062,122.0,590.3657836914062,12780.0,202.5,363.04998779296875,148.89999389648438,818.0,1100.8092041015625,2626.0,6837.0,5482.0,1948.0,325.24560546875,1311.0,76.30999755859375,169.60000610351562,334.79998779296875,585.85009765625,88.93378448486328,3180.5,232.14999389648438,136.99197387695312,,1684.49365234375,307.4545593261719,472.1000061035156,68.01882934570312,,68.80999755859375,4907.0,107.8499984741211,333.70001220703125,90.30000305175781,3024.0,534.2000122070312
2026-03-11,3302.83984375,799.81396484375,3160.0,140.0500030517578,176.9199981689453,62.560001373291016,351.8999938964844,1198.800048828125,351.29998779296875,486.20001220703125,14484.0,2228.0,61.119998931884766,410.25,,80.81999969482422,89.44000244140625,514.0,207.1999969482422,,2253.0,37.91999816894531,,300.1157531738281,1492.0,5150.0,31.663301467895508,9.456000328063965,21.050703048706055,274.20001220703125,,2772.0,58.4311637878418,8050.0,2673.144775390625,2066.0,3908.0,1272.3499755859375,41.54999923706055,2950.0,3094.0,355.95001220703125,5.321000099182129,75.63999938964844,313.20001220703125,241.0,98.37999725341797,489.6000061035156,8424.0,15915.740234375,54.88999938964844,500.29998779296875,,358.70001220703125,169.100341796875,79.52999877929688,121.23999786376953,587.766845703125,12780.0,201.39999389648438,361.8999938964844,146.5,806.7999877929688,1097.309814453125,2594.0,6791.0,5388.0,1920.5,320.20001220703125,1300.5,76.25,165.44000244140625,334.3999938964844,586.3499755859375,87.56675720214844,3244.0,228.1999969482422,135.53358459472656,,1660.0009765625,307.3636169433594,468.70001220703125,69.26560974121094,,67.5999984741211,4846.0,107.5999984741211,331.70001220703125,91.72000122070312,3010.0,529.7999877929688
2026-03-12,3253.0,805.8065795898438,3218.0,141.1999969482422,172.0399932861328,61.599998474121094,350.5,1180.4000244140625,350.3999938964844,487.5,14364.0,2298.0,60.720001220703125,389.3500061035156,,81.68000030517578,85.80000305175781,529.2000122070312,210.89999389648438,,2276.0,38.13999938964844,,294.4514465332031,1437.5,5195.0,31.769847869873047,9.486000061035156,21.525419235229492,271.20001220703125,,2755.0,57.962520599365234,8224.0,2711.09619140625,2031.0,3948.0,1195.800048828125,40.27000045776367,2932.0,3127.0,354.75,5.215000152587891,74.44000244140625,307.6000061035156,241.39999389648438,95.5,484.5,8586.0,15765.1787109375,55.25,495.0,,361.3999938964844,168.354736328125,80.0199966430664,120.83999633789062,572.7727661132812,12765.0,202.0,359.25,146.75,807.0,1077.313232421875,2587.0,6845.0,5316.0,1901.0,318.20001220703125,1283.5,76.5199966430664,167.02000427246094,341.79998779296875,570.5,87.25869750976562,3328.0,224.6999969482422,133.34597778320312,,1597.519775390625,301.9090881347656,475.5,69.66141510009766,,65.06999969482422,4827.5,107.80000305175781,334.1000061035156,92.37999725341797,2968.0,534.4000244140625
2026-03-13,3109.0,789.4268188476562,3280.0,138.89999389648438,168.3800048828125,60.84000015258789,354.1000061035156,1179.5999755859375,342.8999938964844,494.79998779296875,14380.0,2307.0,59.400001525878906,386.25,,81.30000305175781,84.88999938964844,534.2999877929688,214.39999389648438,,2271.0,38.29999923706055,,293.9871520996094,1467.5,5045.0,32.283203125,9.710000038146973,22.103981018066406,279.29998779296875,,2738.0,57.56367111206055,8242.0,2720.827392578125,2031.0,3878.0,1180.4000244140625,39.834999084472656,2969.0,3201.0,351.6499938964844,5.144000053405762,72.83999633789062,308.6000061035156,246.3000030517578,94.18000030517578,481.0,8746.0,16338.28125,54.849998474121094,473.70001220703125,,358.5,167.80796813964844,80.87000274658203,121.36000061035156,564.9758911132812,12845.0,198.35000610351562,353.6499938964844,146.5,811.5999755859375,1070.8143310546875,2570.0,6665.0,5356.0,1873.0,320.70001220703125,1215.5,76.38999938964844,166.44000244140625,346.3999938964844,570.5,86.37301635742188,3367.5,220.35000610351562,130.38058471679688,,1546.0352783203125,301.0909118652344,488.8999938964844,71.5711669921875,,63.5,4834.5,109.19999694824219,324.0,89.5,2842.0,538.2000122070312
2026-03-16,3116.0,789.0272827148438,3264.0,141.0500030517578,169.9600067138672,61.15999984741211,359.5,1197.4000244140625,345.1000061035156,486.29998779296875,14364.0,2322.0,59.20000076293945,388.1499938964844,,79.08000183105469,84.87999725341797,540.2999877929688,214.60000610351562,,2291.0,38.400001525878906,,299.00146484375,1450.0,5015.0,31.934511184692383,9.652000427246094,22.286943435668945,278.8999938964844,,2752.0,57.79999923706055,8228.0,2737.370361328125,2026.0,3838.0,1195.800048828125,39.435001373291016,2935.0,3254.0,353.3500061035156,5.114999771118164,71.58000183105469,312.5,247.89999389648438,94.9000015258789,482.29998779296875,8758.0,16867.673828125,53.75,479.0,,359.8999938964844,169.1500244140625,80.61000061035156,121.44000244140625,573.1726684570312,12865.0,204.1999969482422,352.04998779296875,149.0500030517578,808.0,1089.81103515625,2581.0,6694.0,5484.0,1879.0,322.29998779296875,1230.0,76.51000213623047,165.4600067138672,350.20001220703125,572.0,85.21778106689453,3415.0,220.3000030517578,130.04029846191406,,1549.5341796875,303.9090576171875,490.6000061035156,71.64043426513672,,63.84000015258789,4881.0,109.5999984741211,320.29998779296875,88.08000183105469,2830.0,547.5999755859375
2026-03-17,3135.0,786.6301879882812,3302.0,140.60000610351562,170.32000732421875,61.20000076293945,362.1000061035156,1193.800048828125,344.29998779296875,491.79998779296875,14402.0,2331.0,59.31999969482422,393.75,,79.36000061035156,85.87999725341797,551.9000244140625,220.0,,2267.0,39.18000030517578,,300.4871826171875,1451.0,5030.0,32.39943313598633,9.916000366210938,23.08802604675293,283.79998779296875,,2774.0,58.06999969482422,8242.0,2731.53173828125,2013.0,3794.0,1207.199951171875,39.6349983215332,3020.0,3215.0,352.04998779296875,5.171000003814697,71.0,313.8999938964844,251.10000610351562,96.19999694824219,488.29998779296875,8844.0,17484.486328125,53.709999084472656,472.25,,359.70001220703125,169.24945068359375,80.83999633789062,121.77999877929688,581.3693237304688,12800.0,210.60000610351562,352.3999938964844,150.0500030517578,824.0,1094.8101806640625,2632.0,6757.0,5430.0,1842.5,323.8999938964844,1247.0,76.88999938964844,166.24000549316406,351.79998779296875,572.0,85.66062927246094,3474.0,219.14999389648438,131.54730224609375,,1603.01806640625,307.81817626953125,491.20001220703125,73.69861602783203,,64.13999938964844,4880.0,111.1500015258789,319.6000061035156,88.63999938964844,2862.0,556.2000122070312
2026-03-18,3098.0,799.2147216796875,3296.0,138.0500030517578,170.3000030517578,59.900001525878906,358.6000061035156,1191.0,342.0,483.5,14276.0,2330.0,58.97999954223633,399.04998779296875,,79.0199966430664,87.30000305175781,555.7999877929688,218.6999969482422,,2164.0,39.2400016784668,,305.0372009277344,1427.0,5925.0,31.518014907836914,9.583999633789062,22.81605339050293,285.29998779296875,,2733.0,57.7599983215332,8120.0,2704.284423828125,1972.5,3834.0,1209.199951171875,39.970001220703125,2875.0,3127.0,350.3999938964844,5.214000225067139,70.44000244140625,311.3999938964844,249.60000610351562,96.54000091552734,481.5,8644.0,18091.587890625,53.470001220703125,468.54998779296875,,356.70001220703125,170.54180908203125,77.97000122070312,119.5,579.77001953125,12670.0,203.0,350.20001220703125,144.0,828.0,1070.314453125,2567.0,6663.0,5328.0,1849.5,314.79998779296875,1255.5,76.12000274658203,161.44000244140625,348.0,573.0,85.12151336669922,3461.5,218.10000610351562,131.49868774414062,,1630.010009765625,309.2727355957031,486.3999938964844,74.62874603271484,,63.88999938964844,4712.5,109.19999694824219,312.3999938964844,88.41999816894531,2920.0,551.2000122070312
2026-03-19,2957.0,775.0444946289062,3258.0,133.25,163.9600067138672,59.47999954223633,353.20001220703125,1168.5999755859375,321.8999938964844,480.6000061035156,14112.0,2308.0,56.58000183105469,381.6000061035156,,76.33999633789062,84.48999786376953,583.2000122070312,217.60000610351562,,2103.0,38.439998626708984,,295.2871398925781,1402.0,5815.0,31.1402645111084,9.437000274658203,23.671531677246094,276.20001220703125,,2667.0,56.58000183105469,7900.0,2628.381591796875,1956.0,3690.0,1171.5999755859375,37.095001220703125,2764.0,3090.0,342.20001220703125,5.078000068664551,67.91999816894531,295.70001220703125,241.3000030517578,92.77999877929688,473.29998779296875,8618.0,17853.603515625,51.63999938964844,460.25,,339.5,167.26119995117188,76.62999725341797,116.87999725341797,533.5999755859375,12205.0,195.75,345.29998779296875,141.8000030517578,803.2000122070312,1067.81494140625,2512.0,6338.0,5138.0,1742.0,305.70001220703125,1190.0,78.1500015258789,160.0,341.79998779296875,572.5,82.69552612304688,3461.0,210.3000030517578,122.84553527832031,,1517.5,303.5454406738281,475.79998779296875,77.76548767089844,,62.0099983215332,4574.0,107.6500015258789,294.79998779296875,85.68000030517578,2740.0,545.0
2026-03-20,2867.0,762.4600219726562,3208.0,133.5,160.9199981689453,58.220001220703125,347.6000061035156,1128.199951171875,321.0,473.20001220703125,13896.0,2250.0,55.619998931884766,373.8999938964844,,75.76000213623047,82.12999725341797,562.2999877929688,212.3000030517578,,2111.0,37.70000076293945,,289.52996826171875,1400.0,5725.0,30.626909255981445,9.135000228881836,23.360000610351562,269.79998779296875,,2647.0,55.470001220703125,7888.0,2606.0,1950.5,3618.0,1144.199951171875,37.64500045776367,2701.0,3059.0,337.95001220703125,4.966000080108643,67.83999633789062,289.1000061035156,236.3000030517578,90.77999877929688,466.70001220703125,8662.0,16726.826171875,50.86000061035156,457.95001220703125,,330.6000061035156,164.6267852783203,75.86000061035156,115.5999984741211,519.5999755859375,12130.0,191.64999389648438,347.70001220703125,138.0,793.2000122070312,1061.81591796875,2494.0,6246.0,5096.0,1656.0,300.8999938964844,1161.0,77.79000091552734,153.82000732421875,333.0,572.5,81.92536163330078,3434.0,203.75,123.38028717041016,,1518.5,297.81817626953125,468.8999938964844,76.15259552001953,,59.630001068115234,4595.5,107.94999694824219,288.1000061035156,85.37999725341797,2658.0,540.7999877929688
2026-03-23,3025.0,769.5999755859375,3102.0,133.25,166.39999389648438,58.31999969482422,349.70001220703125,1175.4000244140625,328.5,462.20001220703125,13742.0,2140.0,56.91999816894531,382.25,,77.83999633789062,83.3499984741211,538.5999755859375,199.6999969482422,,21.09000015258789,37.869998931884766,,,1378.5,5830.0,30.549423217773438,9.067000389099121,22.520000457763672,272.6000061035156,,2636.0,56.18000030517578,8196.0,2656.0,1937.0,3740.0,1183.0,38.4900016784668,2692.0,3019.0,338.04998779296875,5.123000144958496,69.33999633789062,296.3999938964844,236.6999969482422,92.68000030517578,467.3999938964844,8436.0,,51.93000030517578,466.6000061035156,,332.70001220703125,166.16766357421875,74.8499984741211,116.12000274658203,530.2000122070312,12005.0,193.10000610351562,344.8999938964844,,805.0,1063.315673828125,2461.0,6375.0,5080.0,1649.5,303.8999938964844,1183.0,76.83000183105469,153.86000061035156,325.20001220703125,572.0,81.71356964111328,3354.5,211.3000030517578,124.83867645263672,,1566.0,299.18182373046875,452.70001220703125,75.20266723632812,,61.619998931884766,4535.0,107.75,297.29998779296875,86.0999984741211,2758.0,537.2000122070312
2026-03-24,3054.0,774.4000244140625,3156.0,132.14999389648438,164.55999755859375,58.70000076293945,349.5,1201.5999755859375,329.79998779296875,459.79998779296875,13810.0,2127.0,57.31999969482422,384.04998779296875,,77.83999633789062,82.94000244140625,557.5,206.60000610351562,,21.200000762939453,37.900001525878906,,292.50140380859375,1362.5,5865.0,31.421154022216797,9.208000183105469,22.969999313354492,273.79998779296875,,2566.0,56.22999954223633,8150.0,2627.0,1977.0,3758.0,1181.4000244140625,38.314998626708984,2750.0,3026.0,342.04998779296875,5.085000038146973,67.30000305175781,289.6000061035156,239.3000030517578,93.19999694824219,476.70001220703125,8474.0,16372.279296875,51.65999984741211,460.75,,334.20001220703125,162.38999938964844,76.4800033569336,117.4800033569336,533.7999877929688,12040.0,187.64999389648438,348.3999938964844,140.1999969482422,804.4000244140625,1064.3154296875,2430.0,6481.0,5110.0,1649.5,305.79998779296875,1165.5,77.7699966430664,147.6199951171875,329.79998779296875,573.5,81.46327209472656,3460.0,209.1999969482422,126.97766876220703,,1576.0,297.9999694824219,458.5,76.39997100830078,,61.529998779296875,4528.0,110.0999984741211,299.79998779296875,86.66000366210938,2776.0,541.7999877929688
2026-03-25,3173.0,789.5999755859375,3152.0,132.64999389648438,168.4600067138672,59.52000045776367,353.79998779296875,1211.5999755859375,336.6000061035156,470.3999938964844,13990.0,2152.0,58.599998474121094,394.8999938964844,,78.87999725341797,84.30999755859375,565.4000244140625,203.3000030517578,,21.639999389648438,38.099998474121094,,295.2871398925781,1368.5,5930.0,31.30492401123047,9.295000076293945,23.18000030517578,288.79998779296875,,2532.0,57.029998779296875,7888.0,2657.0,2054.0,3842.0,1205.199951171875,39.65999984741211,2775.0,3040.0,350.1000061035156,5.166999816894531,69.08000183105469,289.31201171875,244.3000030517578,95.36000061035156,485.6000061035156,8516.0,16280.0,52.279998779296875,462.3500061035156,,332.1000061035156,156.0500030517578,76.77999877929688,119.62000274658203,543.0,12035.0,187.39999389648438,352.0,145.10000610351562,830.4000244140625,1089.81103515625,2414.0,6532.0,5104.0,1668.5,312.0,1194.0,80.05999755859375,146.89999389648438,332.3999938964844,574.0,82.34895324707031,3433.0,211.8000030517578,129.6999969482422,,1628.5,304.3999938964844,462.5,76.06353759765625,,62.40999984741211,4523.5,110.6500015258789,303.79998779296875,87.68000030517578,2809.2529296875,549.2000122070312
2026-03-26,3050.0,770.7999877929688,3070.0,134.10000610351562,163.39999389648438,59.880001068115234,350.8999938964844,1165.800048828125,332.70001220703125,464.79998779296875,13830.0,2093.0,58.08000183105469,385.45001220703125,,78.18000030517578,81.87000274658203,583.0999755859375,204.6999969482422,,20.850000381469727,37.900001525878906,,295.3800048828125,1393.0,5920.0,30.946544647216797,9.208999633789062,23.639999389648438,289.0,,2545.0,56.13999938964844,7728.0,2646.0,2047.0,3768.0,1197.5999755859375,38.8849983215332,2299.0,3047.0,346.6000061035156,5.073999881744385,69.9000015258789,278.79998779296875,241.5,92.31999969482422,494.20001220703125,8354.0,16405.0,51.97999954223633,458.29998779296875,,331.0,155.35000610351562,76.19999694824219,119.5199966430664,535.0,12540.0,188.0,350.8500061035156,145.0500030517578,831.4000244140625,1057.5,2398.0,6430.0,5074.0,1641.0,312.79998779296875,1150.0,81.1500015258789,144.63999938964844,330.79998779296875,573.0,81.86760711669922,3472.5,209.75,129.9499969482422,,1554.5,304.20001220703125,455.1000061035156,78.26024627685547,,61.15999984741211,4485.0,111.19999694824219,300.3999938964844,86.87999725341797,2784.0,548.0
2026-03-27,3061.0,749.4000244140625,3060.0,132.0500030517578,160.4199981689453,59.060001373291016,350.8999938964844,1146.4000244140625,330.6000061035156,447.29998779296875,14302.0,2067.0,57.380001068115234,382.20001220703125,,77.77999877929688,81.08000183105469,584.0999755859375,204.1999969482422,,20.3799991607666,37.95000076293945,,301.29998779296875,1402.5,5845.0,30.694711685180664,9.145999908447266,23.924999237060547,277.29998779296875,,2503.0,55.540000915527344,7602.0,2653.0,2049.0,3720.0,1200.0,37.43000030517578,2323.0,3075.0,345.45001220703125,5.0980000495910645,67.9800033569336,274.8999938964844,240.60000610351562,90.44000244140625,491.79998779296875,8246.0,16095.0,51.630001068115234,455.75,,326.0,155.85000610351562,76.37000274658203,119.13999938964844,539.7999877929688,12385.0,185.8000030517578,350.0,142.9499969482422,824.5999755859375,1036.0,2393.0,6545.0,5164.0,1621.5,312.5,1108.5,81.98999786376953,142.55999755859375,332.0,572.5,80.693115234375,3482.0,204.89999389648438,128.5,,1535.0,307.8999938964844,459.6000061035156,77.66654205322266,,60.220001220703125,4479.5,110.30000305175781,300.1000061035156,86.4800033569336,2754.0,547.7999877929688
2026-03-30,3093.0,744.5999755859375,3154.0,133.64999389648438,159.17999267578125,59.400001525878906,357.29998779296875,1112.0,333.20001220703125,458.1000061035156,14702.0,2132.0,57.70000076293945,384.8999938964844,,78.05999755859375,80.91999816894531,602.0,208.5,,20.799999237060547,38.810001373291016,,305.0,1419.0,5870.0,31.246807098388672,9.404000282287598,24.55500030517578,283.6000061035156,,2585.0,55.88999938964844,7640.0,2702.0,2063.0,3740.0,1212.0,37.31999969482422,2358.0,3097.0,349.29998779296875,5.104000091552734,68.0999984741211,277.70001220703125,244.0,91.27999877929688,498.3999938964844,8602.0,16440.0,51.63999938964844,463.6499938964844,,333.5,159.10000610351562,78.08000183105469,119.81999969482422,545.4000244140625,12475.0,181.85000610351562,351.25,153.0,836.5999755859375,1030.5,2469.0,6772.0,5102.0,1622.0,314.1000061035156,1106.5,81.9000015258789,147.02000427246094,335.0,573.5,81.21297454833984,3553.5,205.39999389648438,130.0500030517578,,1541.0,316.70001220703125,466.20001220703125,80.16999816894531,,59.84000015258789,4528.5,112.5999984741211,300.20001220703125,86.33999633789062,2748.0,557.0
2026-03-31,3179.0,751.7999877929688,3150.0,136.64999389648438,160.82000732421875,59.2599983215332,359.29998779296875,1119.199951171875,336.3999938964844,469.5,14690.0,2200.0,58.15999984741211,389.45001220703125,,78.0,80.98999786376953,606.2999877929688,210.5,,20.850000381469727,39.2400016784668,,312.29998779296875,1396.0,5965.0,30.946544647216797,9.375,24.850000381469727,286.5,,2598.0,56.13999938964844,7706.0,2684.0,2064.0,3802.0,1221.5999755859375,38.0,2438.0,3057.0,354.29998779296875,5.160999774932861,70.66000366210938,283.79998779296875,246.3000030517578,92.33999633789062,504.79998779296875,8864.0,16055.0,52.38999938964844,463.1000061035156,,339.20001220703125,161.0500030517578,78.41999816894531,120.86000061035156,553.2000122070312,12675.0,180.0500030517578,349.3500061035156,156.0,846.2000122070312,1038.0,2476.0,6944.0,5088.0,1609.0,314.70001220703125,1132.0,82.72000122070312,146.89999389648438,339.0,574.5,80.9626693725586,3583.0,205.6999969482422,129.89999389648438,,1555.0,318.8999938964844,473.1000061035156,80.91000366210938,,60.86000061035156,4199.0,113.30000305175781,305.5,86.4000015258789,2798.0,561.4000244140625
2026-04-01,3344.0,781.2000122070312,3158.0,136.89999389648438,167.89999389648438,60.08000183105469,367.70001220703125,1187.5999755859375,344.5,469.20001220703125,15022.0,2295.0,60.18000030517578,409.1000061035156,,79.0199966430664,85.37999725341797,576.0,211.60000610351562,,29.549999237060547,40.16999816894531,,319.0,1395.0,6160.0,30.84000015258789,9.692000389099121,23.674999237060547,292.6000061035156,,2639.0,57.810001373291016,7728.0,2705.0,2107.0,3854.0,1286.5999755859375,40.150001525878906,2584.0,3041.0,363.70001220703125,5.388000011444092,70.5,288.70001220703125,254.89999389648438,97.69999694824219,514.0,8822.0,16005.0,52.880001068115234,471.1000061035156,,349.5,165.89999389648438,78.38999938964844,122.9000015258789,583.2000122070312,12970.0,185.35000610351562,357.1499938964844,158.25,868.2000122070312,1083.5,2492.0,7118.0,5184.0,1669.5,318.29998779296875,1207.0,82.87000274658203,148.86000061035156,341.6000061035156,577.0,82.57999420166016,3443.5,215.35000610351562,132.1999969482422,,1612.0,323.70001220703125,473.5,77.55999755859375,,64.29000091552734,4187.0,113.6500015258789,314.70001220703125,88.5,2930.0,567.7999877929688
2026-04-02,3308.0,768.2000122070312,3214.0,134.89999389648438,165.13999938964844,60.31999969482422,367.8999938964844,1161.0,345.1000061035156,474.8999938964844,15316.0,2289.0,59.7400016784668,408.75,,79.23999786376953,83.30000305175781,591.2000122070312,216.10000610351562,,29.170000076293945,40.5099983215332,,,1391.5,6225.0,30.770000457763672,9.753000259399414,24.684999465942383,286.70001220703125,,2592.0,57.470001220703125,7888.0,2714.0,2144.0,3888.0,1272.800048828125,38.959999084472656,2687.0,3077.0,354.6499938964844,5.321000099182129,70.5199966430664,282.8999938964844,255.0,97.94000244140625,512.2000122070312,8920.0,,52.709999084472656,471.04998779296875,,353.8999938964844,165.4499969482422,78.37000274658203,123.19999694824219,575.4000244140625,12950.0,182.0,358.20001220703125,,866.0,1079.5,2525.0,7102.0,5188.0,1667.5,318.0,1188.5,82.58000183105469,148.89999389648438,346.79998779296875,578.5,84.08000183105469,3543.5,213.35000610351562,131.39999389648438,,1590.5,320.70001220703125,487.0,79.41999816894531,,62.65999984741211,4172.5,115.05000305175781,308.6000061035156,87.30000305175781,2886.0,570.7999877929688
